image_name,blue_cast,green_cast,low_light,blur,mean_a,mean_b,color_variance,mean_v,laplacian_var,edge_density
100_img_.png,1,0,0,0,-14.163941383361816,-29.648197174072266,94.67144012451172,175.35342407226562,664.334502531821,0.08265
10139.png,1,0,0,1,-21.39755630493164,-14.522256851196289,189.93409729003906,166.39263916015625,55.64071281821169,0.027760416666666666
10151.png,0,1,0,0,-18.23038101196289,2.358311653137207,251.02960205078125,114.23011016845703,94.50900938577534,0.04717881944444444
101_img_.png,0,1,0,1,-27.58069610595703,17.81423568725586,46.923797607421875,156.6265106201172,68.93496844933178,0.018447282744803405
102_img_.png,0,1,0,1,-28.740575790405273,5.277385711669922,275.3531799316406,114.37532806396484,116.44038882882549,0.02402135231316726
104_img_.png,1,0,0,1,-7.017634868621826,-30.384075164794922,237.90914916992188,166.65045166015625,54.36467723764622,0.006276
105_img_.png,0,1,0,1,-46.973304748535156,29.22671890258789,73.13482666015625,146.20059204101562,97.3966147554519,0.023525435186750043
106_img_.png,1,0,0,0,0.12930302321910858,-11.381757736206055,240.5575714111328,88.60319519042969,1056.3390213484274,0.18743181818181817
107_img_.png,1,0,0,1,-2.4311399459838867,-40.71591567993164,185.6981201171875,177.39903259277344,21.886569991512175,0.001081081081081081
108_img_.png,1,0,0,1,-16.6671085357666,-12.272574424743652,51.59040832519531,181.34271240234375,156.28093553542723,0.02005184331797235
10909.png,0,0,0,1,-4.744635581970215,-1.4285807609558105,424.2358703613281,118.0031967163086,44.93103119906201,0.024157986111111113
10945.png,1,0,0,1,-7.267226696014404,-22.78017807006836,162.5147705078125,150.93783569335938,10.9720703102206,0.0038237847222222223
109_img_.png,0,0,0,0,-34.15038299560547,-0.40878334641456604,181.25173950195312,145.0145263671875,283.63413260065744,0.05435196078431372
10_img_.png,1,0,0,1,-5.086611747741699,-39.33278274536133,191.81936645507812,181.94879150390625,82.61617362539343,0.011444388231631382
11052.png,0,0,0,0,1.228832483291626,6.9525651931762695,455.3069152832031,112.2446517944336,95.02619923591143,0.055677083333333335
11064.png,1,0,0,0,-1.4346354007720947,-5.588059902191162,638.6829223632812,125.95403289794922,82.22759656965468,0.037578125
111_img_.png,1,0,0,1,-2.9751129150390625,-36.33570861816406,614.923828125,169.5806427001953,36.74096740478668,0.028887096774193547
112_img_.png,1,0,0,1,-16.540761947631836,-6.934004306793213,44.9623908996582,163.31732177734375,45.892857586203924,0.004493793103448276
11374.png,1,0,0,0,-18.043142318725586,-5.9827775955200195,285.48382568359375,151.07000732421875,196.29269216125866,0.09022135416666667
11398.png,0,1,0,0,-20.98814582824707,2.1448957920074463,896.0762329101562,158.41493225097656,106.12653210809026,0.055998263888888886
113_img_.png,1,0,0,1,-19.100406646728516,-14.808147430419922,147.9784393310547,128.9216766357422,37.085836752516954,0.004764434349355217
114_img_.png,1,0,0,0,-11.35079288482666,-19.76272964477539,177.80995178222656,161.94924926757812,1713.0564496444026,0.1025204128689236
115_img_.png,1,0,0,0,13.121225357055664,-51.361270904541016,615.7095947265625,180.6643524169922,565.2491800364779,0.054828201695671576
116_img_.png,1,0,0,0,-24.665618896484375,-6.024856090545654,160.33489990234375,150.03372192382812,265.4578024406642,0.09282715532440057
117_img_.png,0,0,0,0,0.41027018427848816,1.8817936182022095,71.81023406982422,125.5892562866211,478.3981033058061,0.13166666666666665
118_img_.png,1,0,0,0,-1.5405371189117432,-7.5971808433532715,162.77249145507812,149.21421813964844,204.5580300137732,0.05981119791666667
11_img_.png,0,0,0,0,-23.721933364868164,-2.731733560562134,587.3001098632812,136.1331329345703,555.626192420865,0.08454338972431077
120_img_.png,1,0,0,0,-3.0754330158233643,-12.662903785705566,142.3024444580078,155.63638305664062,130.2480492594401,0.038098958333333335
121_img_.png,1,0,0,0,-6.772331714630127,-17.40972328186035,512.4448852539062,136.70376586914062,416.78368562589503,0.09354074074074074
1225.png,0,1,0,0,-11.90105152130127,3.743089199066162,376.3847961425781,105.36026000976562,297.3590592447163,0.110302734375
12290.png,0,0,1,1,-0.21499131619930267,-1.279366374015808,8.91987419128418,29.256391525268555,14.131556996888289,0.008342013888888888
12299.png,0,0,1,1,-2.8221333026885986,-1.2393815517425537,30.737682342529297,46.562496185302734,34.26283308348361,0.02370334201388889
122_img_.png,1,0,0,0,-2.438652276992798,-11.326318740844727,126.47047424316406,151.40127563476562,144.59515552262198,0.03765625
12324.png,0,0,1,0,-1.4965754747390747,2.1802008152008057,86.76318359375,46.92230224609375,111.94812824927318,0.04440646701388889
12336.png,0,0,1,1,-0.61763995885849,4.604470252990723,86.09767150878906,70.62982940673828,36.44994464896756,0.017084418402777777
12348.png,0,0,1,1,-3.652301549911499,0.6525943875312805,42.212547302246094,37.82257843017578,9.343606770715596,0.006108940972222222
123_img_.png,0,0,0,0,0.95992511510849,-1.5380403995513916,83.77182006835938,150.28253173828125,559.3053803649901,0.12335611979166666
12422.png,1,0,0,1,-8.513113975524902,-11.077519416809082,68.04505920410156,101.86116027832031,12.8350046942393,0.008515625
12433.png,1,0,0,0,-8.576581001281738,-8.250511169433594,46.68343734741211,100.87505340576172,96.95050186020534,0.05172526041666667
12445.png,1,0,0,0,-6.352923393249512,-9.428357124328613,49.41908264160156,97.71184539794922,271.49451230349104,0.07839668843283581
124_img_.png,1,0,0,0,-2.420992851257324,-15.088984489440918,184.7314453125,161.0300750732422,220.96909761826197,0.057320963541666665
125_img_.png,0,0,0,0,1.9056836366653442,0.06416340917348862,60.572635650634766,142.253173828125,797.7163473280165,0.1646484375
12900.png,1,0,0,1,-8.125018119812012,-7.534789562225342,70.26996612548828,95.01728820800781,31.48901144731192,0.018518880208333335
129_img_.png,1,0,0,0,-26.205322265625,-8.746219635009766,197.90328979492188,127.19820404052734,85.73165277643598,0.040070588235294115
130_img_.png,1,0,0,0,-1.5437467098236084,-9.407500267028809,126.597412109375,144.32098388671875,254.81841426822876,0.07154296875
131_img_.png,1,0,0,0,-3.674889326095581,-21.802661895751953,172.670654296875,162.95184326171875,127.54868116886352,0.03234375
133_img_.png,1,0,0,0,-1.6147981882095337,-6.367506504058838,46.406917572021484,146.91552734375,248.88796465042958,0.071357421875
135_img_.png,1,0,0,0,-13.486530303955078,-23.846067428588867,203.9064178466797,179.2165069580078,184.05951168785094,0.040716145833333335
136_img_.png,1,0,0,0,-4.526849269866943,-20.783464431762695,98.05845642089844,98.43046569824219,184.7073268823819,0.03971338250790306
137_img_.png,1,0,0,0,-0.83642578125,-9.227311134338379,50.87021255493164,151.49786376953125,271.1682531940036,0.0665234375
138_img_.png,1,0,0,1,-4.500377655029297,-28.984582901000977,221.49131774902344,181.09408569335938,91.73166005448235,0.021748046875
139_img_.png,1,0,0,1,-17.808134078979492,-28.312000274658203,112.13018798828125,178.25010681152344,22.102737343935985,0.0011598039215686274
13_img_.png,1,0,0,0,-30.496877670288086,-6.5721435546875,89.44287872314453,158.98013305664062,248.06838938348588,0.07582379293180687
1407.png,0,0,0,0,-0.721068799495697,-3.989558458328247,493.9710388183594,112.1097412109375,85.91539966022702,0.05924913194444444
140_img_.png,1,0,0,1,-15.006324768066406,-13.000558853149414,151.90769958496094,117.5853500366211,125.64412810361324,0.020697958277851754
141_img_.png,1,0,0,0,-2.5666861534118652,-13.489886283874512,145.35711669921875,145.56040954589844,258.5652690767818,0.07203776041666667
142_img_.png,0,1,0,1,-43.35276412963867,10.829607963562012,122.15229797363281,152.3681182861328,17.309848014934744,0.006472661384500176
143_img_.png,0,0,0,0,-38.24166488647461,1.8975685834884644,79.63519287109375,157.4259490966797,265.76040080184447,0.033216666666666665
144_img_.png,1,0,0,0,-4.235361099243164,-14.360215187072754,120.96180725097656,161.10601806640625,239.0668767537011,0.055540364583333335
145_img_.png,1,0,0,0,-3.48496413230896,-13.323099136352539,112.96038055419922,149.95999145507812,202.70773033137854,0.045927734375
146_img_.png,1,0,0,0,-28.752349853515625,-11.854270935058594,86.14534759521484,147.904052734375,310.54893634028963,0.06710286458333334
148_img_.png,1,0,0,0,-1.894801378250122,-10.5719633102417,56.508880615234375,150.3812713623047,279.41824572139313,0.06928385416666667
1491.png,1,0,1,1,-10.318184852600098,-5.971017837524414,186.97183227539062,80.93739318847656,46.344324479166666,0.026954210069444446
149_img_.png,1,0,0,0,-11.346055030822754,-25.192787170410156,561.2233276367188,173.80038452148438,162.94487899171963,0.029041684059872383
14_img_.png,1,0,0,0,-19.677648544311523,-6.289990425109863,305.7494201660156,126.5018539428711,335.7136400851236,0.05585402397260274
15001.png,0,1,0,1,-17.019086837768555,48.928550720214844,103.12609100341797,118.46820831298828,127.1005175572984,0.011437717013888888
15003.png,0,1,0,1,-17.52286148071289,51.53242874145508,92.68043518066406,127.7921142578125,76.6825769657547,0.008935546875
15045.png,0,0,0,1,-13.62265396118164,-0.971764326095581,33.991615295410156,160.56446838378906,58.444166601091545,0.05054470486111111
15094.png,0,0,0,1,-9.679840087890625,-2.129680871963501,48.93685531616211,150.41455078125,69.66704534571966,0.07006510416666667
150_img_.png,1,0,0,0,-4.425025939941406,-20.624921798706055,172.01609802246094,169.37451171875,248.3788529560937,0.057529296875
15113.png,0,0,0,1,-14.110743522644043,-2.7182867527008057,58.4866943359375,153.5449676513672,22.640068340385106,0.009146050347222223
15136.png,1,0,0,1,-7.857008457183838,-4.7908172607421875,77.97171020507812,136.0240020751953,25.118435430728066,0.014889322916666666
151_img_.png,1,0,0,1,-11.68758773803711,-26.505455017089844,151.4712371826172,175.86083984375,121.96248690791661,0.023955078125
152_img_.png,1,0,0,0,1.8085170984268188,-24.381540298461914,131.3525390625,162.4212188720703,269.15502861659274,0.0616622691292876
1539.png,0,1,0,0,-13.906736373901367,3.5192067623138428,312.5105895996094,109.92057800292969,119.51286894813701,0.06673719618055556
153_img_.png,1,0,0,0,-10.049951553344727,-21.766565322875977,198.09353637695312,160.4530487060547,196.53186451253893,0.038291015625
15418.png,0,1,0,1,-12.199284553527832,38.625389099121094,53.01299285888672,100.58333587646484,21.918664211130732,0.002711588541666667
15426.png,0,1,0,1,-18.611841201782227,33.6040153503418,159.23648071289062,111.29830169677734,20.7041937932038,0.0047428385416666665
154_img_.png,1,0,0,0,-1.1747266054153442,-7.309287071228027,75.0865478515625,149.34303283691406,450.54177648379004,0.10205729166666666
15544.png,0,1,0,1,-12.497671127319336,24.3983154296875,106.21268463134766,124.13326263427734,233.41610025497246,0.022473958333333332
155_img_.png,0,1,0,0,-13.104804992675781,5.35407018661499,87.4889144897461,125.78067779541016,787.4695159707028,0.13317801445416508
156_img_.png,0,0,0,0,1.8973339796066284,-1.221337914466858,150.38375854492188,142.9821319580078,878.1328338415781,0.146162109375
15704.png,0,0,0,1,-13.115787506103516,-2.517930746078491,84.55752563476562,164.17568969726562,14.792351335736262,0.01002712673611111
1573.png,0,1,0,1,-15.130651473999023,4.992400169372559,919.494873046875,128.12954711914062,56.71607443402608,0.020166015625
157_img_.png,1,0,0,0,-3.5703840255737305,-12.933818817138672,237.63658142089844,146.73593139648438,338.30104241926404,0.063466796875
158_img_.png,0,0,0,0,2.246689558029175,0.13135741651058197,150.4291534423828,140.37216186523438,989.4369855534871,0.14324869791666667
159_img_.png,1,0,0,0,-2.7641372680664062,-7.8774542808532715,87.50909423828125,143.38079833984375,279.4428411508242,0.06995442708333334
15_img_.png,0,0,0,0,-19.565393447875977,-2.197404146194458,258.1219787597656,130.4298095703125,1978.6048511510733,0.16970009596928984
160_img_.png,1,0,0,1,-23.440799713134766,-16.357316970825195,60.824951171875,171.33029174804688,155.14565105400635,0.02056195652173913
161_img_.png,0,0,0,0,1.0306413173675537,0.4581412672996521,181.25628662109375,137.88453674316406,1068.2221030271742,0.17135416666666667
162_img_.png,0,0,0,0,-0.15000976622104645,-3.5509636402130127,73.55410766601562,135.2412109375,859.1001285204464,0.13826171875
163_img_.png,0,0,0,0,-0.9568066596984863,1.626295566558838,174.40106201171875,135.25161743164062,1941.0052679517958,0.22964518229166667
164_img_.png,1,0,0,0,-0.3019954562187195,-7.517477035522461,171.31121826171875,147.9783935546875,524.9398361134423,0.09764973958333334
165_img_.png,1,0,0,0,0.00146484375,-10.386038780212402,182.50643920898438,144.94789123535156,589.8917643091837,0.08823893229166667
1660.png,1,0,0,1,-25.319948196411133,-4.138312816619873,81.70614624023438,117.32623291015625,31.1498100554843,0.02024848090277778
166_img_.png,0,1,0,0,-19.45149803161621,2.989072322845459,170.0600128173828,110.76583099365234,671.7700073546409,0.13743815104166668
168_img_.png,1,0,0,1,-6.546705722808838,-37.012638092041016,127.31222534179688,173.26133728027344,83.54748986569675,0.008589858343711083
169_img_.png,0,1,0,0,-34.41569519042969,5.42227840423584,77.80640411376953,171.48561096191406,945.7869779290235,0.2314526710402999
16_img_.png,0,0,0,0,0.13931965827941895,-3.6404621601104736,122.91867065429688,141.08322143554688,134.71600163777669,0.06250651041666666
170_img_.png,1,0,0,0,-5.3607096672058105,-20.830312728881836,164.4928436279297,161.27044677734375,223.40079687956705,0.043160807291666665
171_img_.png,0,1,0,1,-29.001211166381836,3.7287240028381348,17.9686222076416,157.8882598876953,74.60907863590451,0.016328125
172_img_.png,0,1,0,0,-32.37546157836914,8.823633193969727,67.48757934570312,165.53553771972656,1648.0221832028428,0.277172
173_img_.png,1,0,0,0,-9.394084930419922,-20.232908248901367,585.88427734375,175.04541015625,375.895863969483,0.04821580167033774
1742.png,1,0,0,1,-23.271133422851562,-7.816676616668701,90.99099731445312,147.10293579101562,32.91404616927041,0.024638671875
174_img_.png,1,0,0,1,-14.941360473632812,-22.524930953979492,18.52690315246582,203.55984497070312,45.68490276666218,0.0024576822916666666
175_img_.png,0,0,0,1,-0.6308398246765137,3.7862207889556885,49.541072845458984,148.4711151123047,17.951109470356837,0.005494791666666667
176_img_.png,1,0,0,0,-6.193850040435791,-4.741370677947998,218.77142333984375,150.0794677734375,3564.2725678708166,0.19688333333333333
177_img_.png,1,0,0,0,6.295689105987549,-46.79385757446289,616.8311157226562,190.13455200195312,766.27869462088,0.1240169701986755
178_img_.png,0,1,0,1,-8.086725234985352,8.494759559631348,83.28600311279297,135.8759307861328,112.63734144893223,0.024801432291666668
179_img_.png,0,1,0,0,-10.722721099853516,15.221038818359375,34.046974182128906,126.75792694091797,321.01761658976875,0.096162109375
17_img_.png,1,0,0,0,-4.448004245758057,-11.620041847229004,263.15924072265625,145.59335327148438,1019.480991166389,0.20945833333333333
180_img_.png,0,1,0,0,-24.66933250427246,3.370537042617798,151.89956665039062,125.53500366210938,286.8456509836409,0.09439778645833333
182_img_.png,1,0,0,0,-13.498513221740723,-10.971284866333008,702.44580078125,138.57752990722656,2004.1252283862464,0.16491413043478262
183_img_.png,0,1,0,0,-7.565654277801514,9.0329008102417,61.022666931152344,123.04796600341797,235.85232086384033,0.063271484375
184_img_.png,0,1,0,1,-6.464923858642578,24.32756233215332,99.51739501953125,95.5684814453125,130.20860655685695,0.011459923664122138
185_img_.png,0,1,0,0,-11.839814186096191,17.35236358642578,58.2952995300293,132.58091735839844,781.2828116044363,0.20916666666666667
186_img_.png,1,0,0,0,-11.403496742248535,-19.716001510620117,130.72634887695312,142.91848754882812,623.7424139733332,0.07130458279290965
187_img_.png,0,1,0,0,-6.787841796875,6.116643905639648,77.19807434082031,133.3063507080078,272.02537099198236,0.06378255208333333
188_img_.png,0,1,0,0,-10.752727508544922,14.82941722869873,65.3545913696289,130.8319091796875,766.912597197808,0.17315104166666667
189_img_.png,1,0,0,1,-18.91414451599121,-16.80490493774414,120.59698486328125,129.03475952148438,69.97317592408805,0.011099175347222223
18_img_.png,0,1,0,1,-54.49174880981445,26.814655303955078,20.12100601196289,176.9622039794922,109.82752775039064,0.02468412094159857
190_img_.png,0,1,0,0,-4.806302070617676,4.837421894073486,53.69888687133789,124.72254180908203,325.87017426719666,0.11681966145833333
191_img_.png,1,0,0,0,-0.8680533766746521,-4.673418045043945,127.77555084228516,137.28453063964844,367.299024033006,0.08622395833333334
192_img_.png,0,1,0,0,-8.547476768493652,2.643691301345825,149.63711547851562,116.21318054199219,1030.2758182796479,0.170625
193_img_.png,0,1,0,0,-12.083932876586914,3.7419826984405518,367.5284729003906,124.81444549560547,1108.367674658081,0.15423593328726848
194_img_.png,0,1,0,0,-9.69930362701416,12.63704776763916,102.11660766601562,126.32576751708984,525.7248036458334,0.14943359375
1957.png,0,1,0,1,-7.500881195068359,9.095372200012207,114.20933532714844,96.00901794433594,61.03896731362048,0.040895182291666665
195_img_.png,0,0,0,0,-7.099628925323486,1.3706510066986084,109.85838317871094,138.32577514648438,269.8121109534264,0.06435872395833334
196_img_.png,0,1,0,0,-9.96590805053711,12.57991886138916,98.48857116699219,118.33492279052734,750.2396711674903,0.18154947916666667
197_img_.png,1,0,0,0,-18.60628890991211,-9.426807403564453,75.40554809570312,168.22811889648438,392.10613499419367,0.11817469879518072
198_img_.png,0,1,0,0,-8.547174453735352,8.497529029846191,121.38533020019531,123.67475128173828,522.1196961805555,0.11938802083333333
199_img_.png,0,0,0,0,-5.891712188720703,0.7567708492279053,155.5417022705078,131.65090942382812,364.5213475048383,0.06318359375
19_img_.png,1,0,0,0,-16.60162353515625,-7.668239593505859,414.08880615234375,121.5315933227539,912.5612676956432,0.12603240698313783
20.png,0,0,0,0,-9.08881664276123,0.20645399391651154,368.2236328125,129.56378173828125,214.61224948035346,0.1338726128472222
200_img_.png,0,1,0,0,-11.464876174926758,29.020849227905273,145.57144165039062,136.505859375,912.378903650463,0.19812868949232584
201_img_.png,0,0,0,0,-9.138648986816406,1.4039713144302368,265.526611328125,130.697998046875,1353.7031334082283,0.15352213541666668
202_img_.png,0,1,0,0,-16.79686164855957,31.92877769470215,95.5679931640625,187.15953063964844,205.13794416124153,0.06937775816416593
203_img_.png,1,0,0,0,-23.660320281982422,-8.93025016784668,370.92095947265625,127.39569091796875,418.68678132070005,0.029215965580394777
204_img_.png,0,1,0,1,-47.50761413574219,32.39109420776367,24.67338752746582,141.1935577392578,75.31563761641512,0.017650658678777336
205_img_.png,0,0,0,0,-3.032177686691284,-0.6397753953933716,70.00160217285156,145.56414794921875,110.27144677797953,0.029899088541666667
206_img_.png,0,1,0,0,-8.676383018493652,11.073541641235352,93.63702392578125,119.07122039794922,831.2659276346736,0.177841796875
207_img_.png,0,1,0,0,-10.079631805419922,14.847704887390137,70.53912353515625,129.30548095703125,771.7424480705155,0.169150390625
208_img_.png,0,0,0,1,-23.6608829498291,-3.3293325901031494,11.802835464477539,164.26287841796875,55.430785574148885,0.04458698372966208
209_img_.png,0,1,0,0,-4.395911693572998,7.360905170440674,64.81446075439453,127.08794403076172,638.0695568956905,0.13712565104166666
210_img_.png,0,1,0,0,-6.551403045654297,5.6270670890808105,123.48771667480469,136.05055236816406,423.5728843368424,0.09983072916666667
211_img_.png,0,1,0,0,-6.901129722595215,9.923095703125,65.68215942382812,120.61698150634766,958.1477027789647,0.19391927083333332
212_img_.png,0,1,0,0,-9.305566787719727,14.666467666625977,103.37312316894531,136.32456970214844,1212.3587235429127,0.22789713541666667
213_img_.png,0,0,0,0,0.4927050769329071,-1.1229231357574463,146.83535766601562,146.86880493164062,384.46309144270157,0.066845703125
214_img_.png,0,0,0,0,0.21280598640441895,-0.751624345779419,114.20858764648438,148.1983642578125,347.2793836046749,0.063994140625
215_img_.png,0,1,0,0,-3.163564443588257,4.9709930419921875,73.884033203125,133.65611267089844,611.1005261474609,0.14843424479166667
216_img_.png,0,1,0,0,-5.761617660522461,8.737903594970703,59.955101013183594,131.73233032226562,595.7785977744951,0.16434244791666666
217_img_.png,0,1,0,0,-10.665635108947754,13.714795112609863,43.45659637451172,141.23190307617188,402.2231740162743,0.14445963541666668
219_img_.png,0,1,0,0,-12.502903938293457,24.795616149902344,247.40704345703125,126.229736328125,1730.6555721974266,0.28826822916666667
220_img_.png,0,1,0,0,-5.6002960205078125,8.008264541625977,114.70166015625,130.84254455566406,1439.6755351837053,0.19137044270833334
221_img_.png,1,0,0,0,3.2259764671325684,-38.00544738769531,289.3392333984375,156.7059326171875,1088.5740524597063,0.145888671875
222_img_.png,1,0,0,1,-16.659013748168945,-18.39606475830078,70.07648468017578,130.49757385253906,129.23603255216025,0.019679574275362318
223_img_.png,0,0,0,0,-4.224316596984863,1.931337833404541,175.3902130126953,145.2721405029297,836.6066348671808,0.112294921875
224_img_.png,0,1,0,0,-3.4234538078308105,2.04248046875,160.4774627685547,147.3778839111328,600.3989157340897,0.104453125
225_img_.png,1,0,0,0,-15.756500244140625,-12.806099891662598,319.42620849609375,126.79756927490234,7340.51729919,0.18503571428571428
226_img_.png,0,0,0,0,-3.414921760559082,1.1237012147903442,122.65276336669922,148.0267791748047,219.57856696980792,0.05014973958333333
227_img_.png,1,0,0,0,-6.780759334564209,-21.104995727539062,160.86489868164062,164.56573486328125,1298.9577991918588,0.04720575022461815
228_img_.png,1,0,0,0,-17.533884048461914,-17.281213760375977,463.14501953125,141.04429626464844,333.0833251595394,0.08320597627737226
229_img_.png,1,0,1,0,-4.824909687042236,-10.442749977111816,92.7348403930664,72.10369873046875,94.35647192463075,0.03471583946078431
22_img_.png,1,0,0,1,-1.084069013595581,-4.3957390785217285,104.95249938964844,153.87107849121094,31.00487475518121,0.018792317708333332
230_img_.png,0,1,0,0,-6.416686058044434,10.282639503479004,79.04815673828125,121.6183090209961,1633.2622050475125,0.22335286458333334
231_img_.png,0,0,0,0,-0.8621321320533752,-1.782483696937561,103.70712280273438,155.50209045410156,150.4273103508843,0.02578125
232_img_.png,0,1,0,0,-2.4844889640808105,2.0296874046325684,116.34528350830078,143.29505920410156,260.1685753439903,0.046318359375
233_img_.png,0,1,0,0,-2.902503252029419,4.848837852478027,98.34684753417969,142.71359252929688,444.11543581538734,0.06796223958333333
234_img_.png,0,1,0,0,-5.616432189941406,7.736367225646973,63.602088928222656,129.3810272216797,1258.9332041477521,0.23642578125
236_img_.png,0,1,0,0,-4.4932780265808105,4.138375759124756,94.6197509765625,141.6454620361328,433.7481594868872,0.069931640625
238_img_.png,1,0,0,1,-6.342142105102539,-7.868010997772217,100.11042785644531,157.04605102539062,142.91051694196068,0.024873046875
23_img_.png,1,0,0,1,-0.6277148723602295,-5.432877540588379,128.37045288085938,144.7995147705078,75.25562403361003,0.040963541666666665
240_img_.png,1,0,0,1,-1.0872994661331177,-17.35967445373535,550.2103271484375,131.75784301757812,47.464911011765736,0.028837778376436782
241_img_.png,0,0,0,1,-0.42192381620407104,-2.8901138305664062,66.66950988769531,148.69100952148438,129.5905557799339,0.022542317708333332
242_img_.png,0,0,0,0,-1.8212662935256958,5.749645233154297,45.05873489379883,142.81671142578125,700.9187547929446,0.18762044270833333
243_img_.png,0,0,0,0,1.6291210651397705,-0.9898632764816284,78.1661605834961,149.29417419433594,366.3361970591121,0.07727864583333334
244_img_.png,1,0,0,0,-17.55216407775879,-6.976583480834961,347.189697265625,129.2163848876953,2014.5598788668412,0.12471595330739299
245_img_.png,0,0,0,0,1.3947103023529053,-1.8943815231323242,59.906944274902344,145.72543334960938,330.6985469807942,0.046552734375
246_img_.png,1,0,0,0,-1.130292534828186,-20.80068588256836,713.6112060546875,130.17852783203125,1217.4085307151195,0.15347860227718885
247_img_.png,0,1,0,0,-2.3726301193237305,5.78390645980835,55.84986877441406,126.97427368164062,606.8535917171479,0.13952473958333333
248_img_.png,1,0,0,1,-1.2199479341506958,-5.542477130889893,45.27433395385742,146.67726135253906,59.13319982566834,0.008463541666666666
24_img_.png,1,0,0,1,-7.09525728225708,-7.553561210632324,82.6179428100586,152.16175842285156,16.483751639429727,0.00630859375
251_img_.png,0,1,0,0,-6.259749412536621,11.317502975463867,70.76005554199219,126.44489288330078,838.9686366949718,0.18997395833333333
252_img_.png,0,0,0,0,0.8976464867591858,0.10474609583616257,57.628292083740234,141.25611877441406,321.0753357855479,0.06435221354166666
253_img_.png,0,1,0,0,-8.107783317565918,11.785426139831543,85.04704284667969,132.0670623779297,1066.6133670043841,0.21234049479166667
2546.png,0,0,0,0,-0.7994650602340698,7.821742534637451,326.87066650390625,106.09336853027344,169.0006428900401,0.09553602430555555
254_img_.png,1,0,0,1,-0.7372428178787231,-5.734638690948486,31.392742156982422,145.06640625,43.71012689352035,0.004505208333333333
255_img_.png,1,0,0,1,-10.561790466308594,-40.52359390258789,90.08999633789062,219.3990936279297,13.428284209685856,0.00681640625
257_img_.png,1,0,0,1,-6.8153581619262695,-5.38545560836792,190.1158905029297,120.10916900634766,66.30728836100897,0.049088541666666666
258_img_.png,1,0,0,0,-6.773618221282959,-19.739486694335938,258.5216979980469,120.53445434570312,867.1160852026404,0.08939697265625
259_img_.png,1,0,0,0,-0.9050549864768982,-9.965980529785156,324.6318054199219,146.26666259765625,3757.273906785494,0.17505787037037038
25_img_.png,1,0,0,1,-5.371159076690674,-6.350719451904297,67.19427490234375,152.32879638671875,39.69991468979517,0.018037109375
260_img_.png,1,0,0,0,-8.7939453125,-17.93390655517578,246.84027099609375,123.40079498291016,366.28750704183574,0.046969401041666664
261_img_.png,0,0,0,0,-1.9876530170440674,5.522942543029785,39.285377502441406,137.40670776367188,473.20019539717566,0.09861002604166667
2629.png,0,0,1,1,-15.22613525390625,1.128845453262329,59.168548583984375,70.45458984375,34.26393876953008,0.026919487847222222
262_img_.png,0,0,0,0,-0.47603514790534973,1.9880989789962769,35.41800308227539,135.999267578125,197.56220188004175,0.043997395833333335
263_img_.png,1,0,0,0,-14.742534637451172,-19.55868148803711,151.18634033203125,157.14710998535156,137.66348097656743,0.02632936507936508
265_img_.png,0,0,0,0,-0.47192707657814026,1.8073502779006958,28.429956436157227,130.7321319580078,160.24556306710772,0.029322916666666667
266_img_.png,0,1,0,0,-5.13822603225708,9.268945693969727,59.23561096191406,131.33651733398438,590.5955874717606,0.1241015625
2677.png,0,0,1,1,-17.075876235961914,-0.03877061605453491,61.728912353515625,78.21792602539062,16.24607066373354,0.0050379774305555555
267_img_.png,0,0,0,1,-0.030657552182674408,0.29792967438697815,28.112680435180664,134.610107421875,114.21246418964598,0.017721354166666668
268_img_.png,1,0,0,1,-24.71088409423828,-8.667262077331543,58.05085754394531,113.20504760742188,60.898089795721255,0.015667972900488214
26_img_.png,1,0,0,1,-6.585101127624512,-7.237216949462891,51.92445373535156,158.09385681152344,26.926779534138575,0.010999348958333334
2701.png,0,0,0,1,-5.7864603996276855,0.7466070055961609,416.0794677734375,91.01460266113281,65.0978008637028,0.05412109375
270_img_.png,0,1,0,0,-6.51950216293335,8.77083969116211,40.24562454223633,135.28497314453125,184.06993318341574,0.05982421875
271_img_.png,0,1,0,0,-11.755739212036133,17.728515625,93.71818542480469,122.0386734008789,806.2614833034833,0.20190755208333333
272_img_.png,0,0,0,1,-1.454443335533142,-0.42330729961395264,43.355812072753906,141.2976531982422,77.54015910228094,0.012014973958333333
273_img_.png,0,1,0,0,-3.623938798904419,4.908854007720947,61.79408645629883,126.67620086669922,87.60172633853489,0.02662109375
274_img_.png,1,0,0,0,-27.000614166259766,-7.847860336303711,106.2259292602539,151.24688720703125,289.70254695761895,0.04516624868538144
275_img_.png,0,1,0,0,-9.583512306213379,12.57179069519043,92.57501983642578,117.70026397705078,706.8171041801347,0.15847005208333334
276_img_.png,0,0,0,1,-0.8253189921379089,1.768154263496399,43.151641845703125,135.4253692626953,81.78383784856796,0.013362630208333334
2774.png,0,0,0,1,-12.804558753967285,-1.5885220766067505,247.31753540039062,98.99871826171875,19.102835326864692,0.010672743055555555
277_img_.png,1,0,0,0,-18.379911422729492,-10.452835083007812,172.66831970214844,145.635986328125,153.22910683352154,0.04429036458333333
2787.png,1,0,1,1,-6.497810363769531,-10.461528778076172,196.02108764648438,69.09915161132812,22.31814074790742,0.015643446180555555
278_img_.png,1,0,0,0,-5.716092109680176,-15.063494682312012,605.4121704101562,128.61712646484375,360.3035732845985,0.12817142857142858
279_img_.png,1,0,0,0,3.2140276432037354,-22.110515594482422,356.9351501464844,99.58119201660156,283.77797649306484,0.04585888975155279
27_img_.png,1,0,0,1,-7.3272624015808105,-6.012786388397217,47.576934814453125,150.85862731933594,37.137675259017946,0.0138671875
280_img_.png,0,0,0,1,-5.467470645904541,-2.940345048904419,87.97618865966797,155.02310180664062,11.814596235105727,0.0008984375
281_img_.png,0,0,0,0,-0.3109830617904663,0.5197428464889526,64.58055877685547,149.75747680664062,161.0957810974121,0.04616536458333333
282_img_.png,1,0,0,0,-17.690793991088867,-7.364502429962158,549.452392578125,170.1448516845703,1484.5570111236184,0.13786450252615667
284_img_.png,1,0,0,0,-17.760053634643555,-17.44043731689453,152.29010009765625,163.94732666015625,429.6079754832465,0.0774605828953655
285_img_.png,1,0,0,1,-14.199970245361328,-15.625507354736328,95.74603271484375,117.49575805664062,127.25355058363809,0.020065104166666667
287_img_.png,1,0,0,0,-7.001816272735596,-17.337562561035156,644.9501342773438,124.5947036743164,597.2783942824093,0.09059862485448196
2882.png,0,0,1,1,-8.09395694732666,-0.6400824785232544,64.2181396484375,84.44158172607422,42.96936094224718,0.035207248263888886
288_img_.png,0,1,0,0,-34.788063049316406,10.166699409484863,109.82421875,137.79281616210938,662.4019257169703,0.07570751900648807
28_img_.png,0,0,0,0,-21.74809455871582,-0.5653463006019592,476.1634826660156,151.74562072753906,300.8676745906173,0.07038518518518519
290_img_.png,0,0,1,0,-11.077676773071289,1.3461111783981323,268.4351806640625,84.02887725830078,815.9311125305484,0.11872155155353256
292_img_.png,0,1,0,0,-17.072603225708008,5.743521690368652,189.57626342773438,162.52210998535156,701.0563758002701,0.04931735859570911
293_img_.png,0,1,0,0,-35.48966979980469,13.932074546813965,537.4655151367188,140.58392333984375,1183.2708571959145,0.08428531624407913
294_img_.png,1,0,1,0,0.19421488046646118,-5.20285701751709,76.98440551757812,47.21406173706055,3291.8829526638683,0.1231325492689129
295_img_.png,1,0,0,0,-18.42652702331543,-15.420991897583008,480.5205993652344,162.14537048339844,4400.911916665093,0.19797619047619047
296_img_.png,0,1,0,1,-24.694704055786133,2.246640682220459,30.70027732849121,122.73087310791016,48.27573406537374,0.017431640625
2977.png,1,0,0,0,-18.03870964050293,-8.656508445739746,313.5513916015625,118.43164825439453,176.39884714745412,0.07858723958333333
298_img_.png,1,0,0,0,-3.365558385848999,-19.193553924560547,168.71273803710938,128.99314880371094,363.8139023047912,0.059234728127097784
299_img_.png,1,0,0,1,-25.648237228393555,-14.986753463745117,143.93234252929688,153.95669555664062,351.1171741319579,0.016676912094231493
29_img_.png,1,0,0,0,4.1813435554504395,-7.336897850036621,330.0534362792969,131.20794677734375,2313.6203893363772,0.12493852459016394
2_img_.png,1,0,0,0,2.995337963104248,-14.190261840820312,1543.3448486328125,141.27545166015625,3764.0069314447032,0.1856294978097622
3001.png,1,0,0,1,-12.045514106750488,-16.066051483154297,275.048583984375,108.21117401123047,68.38844390506979,0.03216579861111111
300_img_.png,0,1,0,0,-24.928091049194336,16.454877853393555,408.5845642089844,110.67227172851562,592.3316009239215,0.09638077136295241
3015.png,1,0,0,0,-4.606532096862793,-5.821370601654053,247.42047119140625,121.4308853149414,85.6650360133689,0.058016493055555556
301_img_.png,1,0,0,0,-27.31345558166504,-8.774849891662598,222.30580139160156,140.13272094726562,344.42076871684816,0.06883892604131527
302_img_.png,1,0,0,0,-17.651945114135742,-15.548233985900879,285.12347412109375,120.8965835571289,267.47087959026203,0.04998015873015873
303_img_.png,1,0,0,0,-10.245941162109375,-20.369319915771484,142.51280212402344,144.02627563476562,755.7799407138251,0.10390461997019373
304_img_.png,0,1,0,0,-9.798112869262695,27.140527725219727,86.29600524902344,108.17144012451172,1890.965656450659,0.20942960633682284
305_img_.png,1,0,0,0,-19.630203247070312,-9.949150085449219,160.04063415527344,124.7587890625,2049.9854685689565,0.12681569796323894
306_img_.png,1,0,0,0,-5.843809604644775,-12.403016090393066,98.2091293334961,97.34738159179688,723.3770736709497,0.08632936507936508
307_img_.png,0,1,0,0,-20.536487579345703,10.081626892089844,87.9420394897461,132.30038452148438,377.7909026203074,0.06194444444444445
30_img_.png,1,0,0,0,-25.3773250579834,-13.18520450592041,144.61427307128906,176.203857421875,933.8369903972059,0.14746766791823113
31.png,0,0,0,0,-8.62206745147705,-1.0134743452072144,386.73724365234375,128.27474975585938,111.72135021266114,0.058645833333333335
311_img_.png,0,1,0,0,-19.64906120300293,12.608842849731445,86.56565856933594,163.06105041503906,1394.0115915402346,0.2040139095876801
312_img_.png,1,0,0,0,-6.287982940673828,-18.475080490112305,326.40283203125,133.76507568359375,1717.194137747734,0.1329259127407935
313_img_.png,1,0,0,0,-13.634047508239746,-19.671646118164062,158.35366821289062,129.5269317626953,1101.6461292891,0.13357142857142856
314_img_.png,1,0,0,0,-20.92673110961914,-6.7635016441345215,220.49472045898438,129.5447540283203,402.9853228623877,0.09215631929046564
315_img_.png,1,0,0,0,-17.888742446899414,-10.041036605834961,224.86099243164062,114.96112060546875,3238.3998651911947,0.17641472101305897
316_img_.png,1,0,0,0,-15.593204498291016,-20.07644271850586,298.860107421875,152.2979278564453,2099.588316422538,0.1732935916542474
317_img_.png,1,0,0,0,-14.740336418151855,-19.235315322875977,346.98486328125,138.94090270996094,1772.6517322938962,0.11464426877470356
318_img_.png,0,0,0,0,-7.076105117797852,-3.3729360103607178,311.6037292480469,101.78730010986328,1019.3199918893807,0.10843517138599106
3196.png,0,1,0,1,-20.000383377075195,5.442704200744629,102.29174041748047,86.89944458007812,54.82933722316482,0.031340060763888886
319_img_.png,1,0,0,0,-21.78398323059082,-10.38928508758545,398.89764404296875,131.15467834472656,877.1010783502902,0.09716196314134458
3202.png,1,0,0,1,-15.01560115814209,-4.514315128326416,122.74302673339844,86.65771484375,17.68467727622986,0.008675130208333333
320_img_.png,1,0,0,0,-4.956264495849609,-14.504838943481445,613.9334716796875,130.3269500732422,4794.4688344889855,0.20226527570789865
322_img_.png,0,0,0,0,-34.23467254638672,-0.4094600975513458,204.10162353515625,146.09808349609375,1593.0923456866622,0.15521978021978022
323_img_.png,1,0,0,0,11.412495613098145,-43.22053146362305,145.87246704101562,139.5376739501953,758.0151888051863,0.10506462308165737
324_img_.png,1,0,0,0,-7.881527900695801,-16.139503479003906,364.7794189453125,114.07029724121094,2747.577913548359,0.15091269841269842
325_img_.png,1,0,0,0,-14.070823669433594,-26.341047286987305,223.53887939453125,160.86184692382812,1512.2012773901665,0.11411732130849254
326_img_.png,1,0,0,0,-19.49191665649414,-18.1842098236084,452.5286865234375,157.759521484375,1997.0292021391474,0.10568023833167825
327_img_.png,1,0,0,0,-5.534584999084473,-24.429468154907227,150.74655151367188,126.47648620605469,438.450601255377,0.041212121212121214
328_img_.png,0,0,0,1,-21.210559844970703,1.6588215827941895,26.257400512695312,135.7480926513672,32.99649929046631,0.01357421875
32_img_.png,1,0,0,0,-10.886704444885254,-19.31906509399414,379.0213623046875,133.0400390625,689.7869850185896,0.10520248127340824
330_img_.png,1,0,0,1,-8.85482120513916,-18.00928497314453,143.08282470703125,108.5907974243164,570.7395408064846,0.011865079365079365
332_img_.png,0,1,1,0,-2.719244956970215,2.3128068447113037,298.1889953613281,72.66688537597656,1059.5089041097742,0.09782414307004471
3330.png,1,0,0,1,5.094200134277344,-35.49241638183594,484.3682861328125,133.75299072265625,12.477880108793284,0.0035394965277777777
334_img_.png,1,0,0,0,-20.050689697265625,-18.14261245727539,163.26004028320312,162.03945922851562,2289.6523814899133,0.15942374565325385
336_img_.png,1,0,0,0,-6.533968448638916,-10.438273429870605,283.30584716796875,138.66986083984375,2353.044859646243,0.10410714285714286
337_img_.png,1,0,0,0,-11.560723304748535,-9.004117965698242,149.92738342285156,88.40734100341797,831.8438986008904,0.09444048467569494
338_img_.png,0,1,1,0,-10.306357383728027,14.595108032226562,362.98455810546875,79.6150894165039,1023.6885668964646,0.09724697959992078
340_img_.png,1,0,0,0,-6.499305725097656,-23.82341194152832,264.90240478515625,130.7937469482422,407.08168504306815,0.07299603174603174
341_img_.png,1,0,0,0,-14.710442543029785,-10.875349998474121,181.40573120117188,107.6366195678711,978.7259286632914,0.08697466467958272
342_img_.png,1,0,0,0,-23.25625228881836,-15.522912979125977,36.684303283691406,138.67092895507812,200.61857657911884,0.033458646616541354
343_img_.png,1,0,0,0,-7.482590675354004,-23.608694076538086,87.62054443359375,143.557373046875,861.9402184988381,0.12844127550009904
345_img_.png,1,0,0,1,-2.9286611080169678,-40.75014114379883,207.3826141357422,178.57904052734375,90.29273551709022,0.01766033623910336
346_img_.png,0,0,0,0,-3.9882960319519043,-1.452677607536316,219.1634521484375,114.04246520996094,3047.514233019995,0.23393939393939395
347_img_.png,0,0,0,0,-15.420777320861816,-3.6907761096954346,118.19249725341797,124.25926208496094,850.7466933736993,0.11127619953246959
348_img_.png,0,0,0,0,-36.42301559448242,-0.7858585715293884,97.96336364746094,148.67120361328125,306.94063488998154,0.03028322440087146
35.png,0,0,0,0,-10.456466674804688,1.29938805103302,451.162841796875,138.96945190429688,332.85395516115824,0.14986870659722223
350_img_.png,1,0,0,0,-20.066898345947266,-8.102449417114258,131.78468322753906,127.2232894897461,1695.7694424277895,0.14737238427393787
351_img_.png,1,0,0,0,-6.447438716888428,-8.830693244934082,234.58883666992188,100.18653869628906,3317.5812547483906,0.18664172272419696
353_img_.png,1,0,0,0,-14.661355972290039,-5.957850456237793,170.2545166015625,115.65481567382812,875.3365624013096,0.17769454848106533
355_img_.png,1,0,0,0,-9.530674934387207,-13.209939956665039,66.6060562133789,100.31404876708984,121.99878796643985,0.03227720422451644
356_img_.png,1,0,0,0,-23.567110061645508,-20.901763916015625,409.72576904296875,182.68687438964844,1267.9646156338906,0.10056521912192015
359_img_.png,1,0,0,0,2.552906036376953,-37.23642349243164,384.93878173828125,148.53378295898438,1440.764407762855,0.0898360655737705
360_img_.png,1,0,0,0,-8.004935264587402,-30.747024536132812,72.77175903320312,148.7189178466797,124.51854560274668,0.03176372248537197
361_img_.png,0,0,0,1,-20.15392303466797,-1.9061014652252197,248.05120849609375,91.91869354248047,207.41102150406823,0.02250950269242952
362_img_.png,1,0,0,0,5.367094039916992,-38.06126022338867,373.0549011230469,133.67332458496094,165.11475216359437,0.028912071535022354
363_img_.png,1,0,0,0,6.696631908416748,-33.82532501220703,346.298583984375,108.480712890625,311.6426041177625,0.03239506172839506
364_img_.png,1,0,0,0,9.423233985900879,-42.86238098144531,780.023681640625,155.66835021972656,164.20492057823128,0.030337301587301586
3650.png,0,0,0,1,0.1658572107553482,7.121166229248047,175.460205078125,108.43067932128906,46.83990901330547,0.015079210069444444
365_img_.png,1,0,0,0,-13.22356128692627,-19.40479850769043,417.87384033203125,123.65042114257812,2764.412159874711,0.15957171314741037
366_img_.png,0,0,0,0,-11.819947242736816,0.9583259224891663,250.1336669921875,98.45658874511719,1702.7897041290955,0.1803895923746111
367_img_.png,1,0,0,0,-31.225292205810547,-6.050431728363037,216.92950439453125,152.89688110351562,1976.3574124914146,0.15043983600684632
369_img_.png,1,0,0,1,-4.031755447387695,-12.396886825561523,285.2952575683594,110.10015869140625,79.68200619370143,0.037544487847222224
370_img_.png,1,0,0,0,-6.101178169250488,-4.38423490524292,41.21186828613281,85.38766479492188,106.0591643137567,0.051775173611111114
371_img_.png,1,0,0,1,-1.5874923467636108,-19.43331527709961,83.1639404296875,102.45918273925781,15.91500648927571,0.0026280381944444446
3728.png,0,1,0,1,-5.432897090911865,2.6862683296203613,155.61985778808594,122.43119812011719,66.8453679178862,0.024736328125
372_img_.png,1,0,0,1,-7.05830192565918,-12.073083877563477,216.754638671875,138.7207794189453,18.00717230325864,0.0058203125
373_img_.png,1,0,0,1,-3.5392003059387207,-29.470455169677734,126.10418701171875,127.37445068359375,79.64997053578577,0.026158854166666665
374_img_.png,1,0,0,1,-1.8204394578933716,-32.44565200805664,51.236759185791016,131.5798797607422,19.087405597676174,0.0034559461805555554
375_img_.png,1,0,0,0,2.947483777999878,-10.787201881408691,428.367919921875,129.7493133544922,88.23924674634463,0.04052951388888889
376_img_.png,1,0,0,0,-3.3875770568847656,-5.294657230377197,319.2893371582031,130.832275390625,109.04260886373521,0.04971137152777778
377_img_.png,1,0,0,1,-4.4224748611450195,-17.674375534057617,125.8422622680664,140.172607421875,40.98023762947248,0.016668836805555556
378_img_.png,0,0,0,0,0.35230252146720886,-0.9845052361488342,80.60145568847656,131.8822479248047,226.31172033992343,0.10925130208333333
379_img_.png,1,0,0,1,3.6090896129608154,-14.500639915466309,193.11212158203125,142.27401733398438,25.210718069001185,0.015907118055555555
37_img_.png,0,1,0,0,-16.142780303955078,13.652861595153809,60.21258544921875,119.6515884399414,599.8387598126624,0.2022265625
380_img_.png,0,1,0,1,-46.36677169799805,11.75514030456543,8.316574096679688,185.5582275390625,15.58685946820577,0.00033203125
381_img_.png,1,0,0,0,-23.11315155029297,-27.121213912963867,288.9962463378906,201.59234619140625,345.4622518457772,0.0900763358778626
382_img_.png,1,0,0,0,-28.244096755981445,-13.69539737701416,6.693363189697266,171.47679138183594,140.63433208320694,0.036557058304567916
383_img_.png,0,1,0,1,-24.510831832885742,23.330190658569336,70.86407470703125,137.70103454589844,24.97289894616794,0.006270090738932292
384_img_.png,1,0,0,0,-19.361711502075195,-25.270099639892578,105.21730041503906,193.0873565673828,101.26661741729923,0.040064352574102964
385_img_.png,1,0,1,0,-9.574027061462402,-4.044950008392334,67.75079345703125,79.01753234863281,168.69170554266566,0.05911458333333333
386_img_.png,0,1,0,0,-14.556543350219727,5.476325035095215,147.25131225585938,150.3142852783203,287.1098202453884,0.14033745659722222
387_img_.png,0,0,1,0,-5.00048303604126,-3.8221919536590576,62.73515319824219,64.09442901611328,103.86522460911009,0.03392686631944444
389_img_.png,1,0,0,0,-11.207534790039062,-19.456005096435547,47.578330993652344,128.50015258789062,145.95739568142244,0.04747829861111111
391_img_.png,1,0,0,1,-13.78919792175293,-32.31816864013672,119.40190887451172,182.20321655273438,42.808487131541966,0.003961588541666667
3925.png,0,1,0,1,-5.995944023132324,2.283071756362915,22.132511138916016,136.7997283935547,31.769835318896213,0.011142578125
392_img_.png,1,0,0,0,-12.00773811340332,-16.154521942138672,282.9461364746094,101.67559051513672,81.46691335569622,0.027330075845974328
393_img_.png,1,0,0,1,-22.27281951904297,-21.320199966430664,275.661865234375,193.54075622558594,64.2888786195576,0.048140106143897674
3947.png,0,0,0,1,-10.849428176879883,1.4400596618652344,97.11430358886719,126.30708312988281,32.47374308050532,0.011279296875
394_img_.png,1,0,0,0,-21.173240661621094,-7.947611331939697,86.87979125976562,134.8636016845703,362.4762590514954,0.047034991335853815
395_img_.png,1,0,0,0,-6.07338809967041,-8.964893341064453,283.54779052734375,112.01924896240234,859.000078080796,0.07794744976816075
39_img_.png,1,0,0,0,-7.719399929046631,-15.498918533325195,790.0087280273438,132.5831298828125,3951.7658894064,0.17378444444444444
3_img_.png,1,0,0,0,6.4863433837890625,-20.148225784301758,623.7950439453125,147.592041015625,3250.95179297161,0.13518666666666668
4.png,1,0,0,0,-2.270282030105591,-12.238463401794434,330.7337646484375,129.4461212158203,120.67349854041207,0.05337890625
400_img_.png,1,0,1,0,-10.235818862915039,-6.748122692108154,122.23535919189453,56.495460510253906,630.1005145527799,0.05963700182165548
401_img_.png,1,0,1,0,-14.044293403625488,-9.671067237854004,70.55339813232422,76.44686889648438,187.49379312996587,0.025320619126589276
402_img_.png,1,0,0,0,-16.65146255493164,-20.412187576293945,146.50192260742188,144.07261657714844,99.06578124044071,0.04157483114113047
403_img_.png,1,0,0,0,-7.059223651885986,-36.67024230957031,853.5408325195312,197.5170440673828,483.1193093267167,0.0900382464310585
404_img_.png,1,0,0,1,-23.295011520385742,-7.979007244110107,203.4259033203125,132.5546112060547,251.44880458845583,0.01976723759332455
405_img_.png,1,0,0,1,-25.846229553222656,-19.092782974243164,48.53487777709961,167.70040893554688,16.057851484129166,0.0005989583333333333
406_img_.png,1,0,0,1,-32.619571685791016,-14.870465278625488,96.47469329833984,192.68112182617188,48.06876077456974,0.015236183449074073
4070.png,0,0,0,1,-10.596019744873047,-2.0968523025512695,46.302032470703125,92.31808471679688,20.00985247425503,0.006354166666666667
407_img_.png,1,0,0,1,-23.488727569580078,-18.00902557373047,81.82414245605469,152.277099609375,20.07329360595541,0.001911844204475034
408_img_.png,0,1,0,0,-27.914947509765625,7.020082950592041,231.44259643554688,132.54873657226562,306.60076312806143,0.0784734987745098
409_img_.png,1,0,0,0,-15.969362258911133,-14.270045280456543,271.36761474609375,135.73236083984375,1166.139698936161,0.13630642361111112
410_img_.png,1,0,1,0,-4.360800266265869,-10.592204093933105,93.05768585205078,70.8323974609375,477.7094348920444,0.05610020955403646
411_img_.png,1,0,0,0,-7.777243137359619,-24.03081703186035,607.4547729492188,157.99310302734375,2079.4865177773777,0.11893
412_img_.png,1,0,0,0,-22.935325622558594,-9.690024375915527,91.52381134033203,154.23890686035156,421.2841613737236,0.10363636363636364
413_img_.png,1,0,0,0,-9.571839332580566,-4.762509822845459,499.5138854980469,92.77257537841797,2391.7803617063737,0.19141276041666666
415_img_.png,1,0,0,0,-14.670106887817383,-4.537135124206543,131.11163330078125,168.12184143066406,2035.5003282956793,0.09721552878179385
416_img_.png,1,0,0,0,-10.384746551513672,-23.984773635864258,157.4336700439453,144.45497131347656,289.20728328439185,0.03656377048493231
417_img_.png,1,0,0,0,-13.191237449645996,-27.023303985595703,109.92562866210938,156.14927673339844,126.98781770432153,0.03058317257753376
418_img_.png,1,0,0,0,-17.741716384887695,-15.336016654968262,213.53138732910156,118.9107894897461,622.678743552327,0.07152199762187872
419_img_.png,1,0,0,1,10.96650218963623,-48.59764099121094,212.12916564941406,165.15274047851562,80.50039365179997,0.016414835164835165
41_img_.png,0,0,0,0,-25.64666175842285,-0.48069867491722107,220.69351196289062,141.56947326660156,543.8356983814826,0.189664
420_img_.png,1,0,0,0,3.3310670852661133,-43.05449295043945,328.5303039550781,168.2169952392578,334.9250380428696,0.05813085480093677
421_img_.png,1,0,0,0,-0.5624527335166931,-24.748994827270508,1277.2926025390625,127.31417083740234,1346.499636748785,0.11642717828284839
422_img_.png,1,0,0,0,-9.40850830078125,-16.568077087402344,319.911376953125,129.35520935058594,220.71965335961104,0.059503748125937034
423_img_.png,1,0,0,0,-0.05675015598535538,-42.12172317504883,314.09552001953125,180.14593505859375,706.1115695148409,0.0970236688720857
424_img_.png,1,0,0,0,-1.5401569604873657,-26.83126449584961,490.8236083984375,171.36996459960938,4075.265875187933,0.13115187198067632
425_img_.png,1,0,0,0,-6.0638933181762695,-37.942447662353516,131.15589904785156,195.75094604492188,146.9052866529154,0.042764453371140515
428_img_.png,1,0,0,0,-7.718120098114014,-22.666078567504883,219.00405883789062,149.31167602539062,221.83174755978018,0.05146100578953343
429_img_.png,1,0,0,1,-17.282882690429688,-22.00243377685547,311.9053649902344,168.62274169921875,54.26722027328896,0.02100246913580247
42_img_.png,0,0,1,0,-11.907893180847168,0.7994844317436218,258.80926513671875,71.39290618896484,857.0702388399988,0.11489888888888888
432_img_.png,1,0,0,1,-18.48147201538086,-4.56473970413208,8.467008590698242,138.64988708496094,17.472175909413235,0.001162109375
433_img_.png,0,1,0,0,-36.38742446899414,9.813820838928223,64.43423461914062,149.279541015625,495.5989285241049,0.07768214936247723
435_img_.png,1,0,0,1,11.10049057006836,-39.56237030029297,60.07957077026367,131.04815673828125,78.31804687492465,0.02905490451388889
436_img_.png,0,1,0,0,-24.668041229248047,21.862104415893555,191.5051727294922,147.20919799804688,168.08816937767295,0.05697632058287796
437_img_.png,1,0,0,1,-29.332284927368164,-5.593522071838379,72.5606689453125,160.5925750732422,44.999045283072704,0.008581481481481482
438_img_.png,1,0,0,1,-29.839435577392578,-11.355351448059082,149.2737274169922,179.93748474121094,41.293013225018534,0.028330439814814815
439_img_.png,1,0,0,1,-11.680323600769043,-15.535697937011719,23.112775802612305,97.58396911621094,23.80414713593032,0.004737875990634006
43_img_.png,1,0,0,0,-13.73440170288086,-13.892463684082031,617.3794555664062,148.62503051757812,1928.8381534705634,0.11700345995288575
440_img_.png,1,0,0,1,-35.5997314453125,-6.356209754943848,67.47999572753906,178.6702423095703,16.409835068648537,0.007992621527777778
441_img_.png,0,1,0,1,-44.03315353393555,17.938417434692383,46.35523986816406,155.88250732421875,61.168378397031724,0.004878997802734375
442_img_.png,0,1,0,0,-32.48487854003906,6.936509132385254,101.39141082763672,159.73329162597656,723.6552181396485,0.13842410714285713
443_img_.png,0,1,0,0,-28.886390686035156,6.077275276184082,87.47854614257812,141.64451599121094,477.710445317067,0.17827799479166667
444_img_.png,0,1,0,1,-23.623254776000977,15.872662544250488,276.4608459472656,164.99649047851562,55.672648844231496,0.015094401041666667
445_img_.png,1,0,0,0,-12.22476577758789,-27.641725540161133,127.93413543701172,186.94981384277344,172.6493153396448,0.03586555357338222
446_img_.png,1,0,0,0,-10.997176170349121,-31.323476791381836,372.74578857421875,171.1076202392578,165.12944383300783,0.05110931396484375
447_img_.png,1,0,0,1,-23.080829620361328,-6.056048393249512,39.11745834350586,140.3976593017578,56.953672264946825,0.017662760416666666
448_img_.png,1,0,0,0,-5.2346038818359375,-20.743377685546875,335.787109375,134.04190063476562,1415.8370317375131,0.09372177954847277
449_img_.png,1,0,0,0,-2.1184537410736084,-35.3685302734375,741.7967529296875,186.95013427734375,735.895735441301,0.06682985074626865
44_img_.png,1,0,0,0,-9.436624526977539,-23.503610610961914,572.279541015625,148.0850372314453,1251.4574543780857,0.16660807291666666
450_img_.png,1,0,0,0,-9.644033432006836,-10.535791397094727,519.2557373046875,146.27635192871094,356.7767616036539,0.06063269395934726
451_img_.png,1,0,0,0,-4.396640777587891,-15.920634269714355,189.5458984375,144.6851043701172,284.3035810016885,0.0477344799785004
452_img_.png,1,0,0,0,-0.16161702573299408,-13.116633415222168,700.220458984375,122.18097686767578,6274.767966993925,0.18767375886524823
453_img_.png,1,0,0,0,-3.5983643531799316,-11.640485763549805,54.292354583740234,144.06517028808594,101.24858661012296,0.03480679156908665
454_img_.png,0,0,1,1,-9.48150634765625,1.0193575620651245,84.84730529785156,46.44166946411133,4.473348402443197,0.0
455_img_.png,1,0,1,1,-0.46284058690071106,-14.019903182983398,59.82296371459961,71.69200134277344,41.04508309118515,0.0020983810709838107
457_img_.png,1,0,0,0,-7.850587844848633,-5.818860054016113,51.068328857421875,142.15133666992188,155.83698784690168,0.0978559956872831
458_img_.png,1,0,0,0,-22.40479850769043,-6.135319232940674,55.56708526611328,138.6136474609375,91.44812359736761,0.027952473958333335
459_img_.png,0,1,0,0,-36.90508270263672,21.398521423339844,266.5000915527344,142.62680053710938,945.4846135809812,0.15279461780136652
45_img_.png,1,0,0,1,-24.948795318603516,-10.501173973083496,105.6705551147461,138.78138732910156,20.769813261579923,0.007322466777408638
460_img_.png,0,0,0,0,-20.255847930908203,0.3896912634372711,541.2171630859375,129.62144470214844,1760.573942254698,0.14476406461367072
461_img_.png,1,0,0,0,-5.590353012084961,-25.53713607788086,466.12542724609375,140.048583984375,132.0618966691013,0.050275607638888886
462_img_.png,1,0,0,1,-9.787851333618164,-13.876739501953125,259.9542236328125,127.76129913330078,58.07068772262232,0.043333333333333335
463_img_.png,1,0,0,0,-0.4997410178184509,-4.081587314605713,571.216552734375,129.3880157470703,2060.6754070413435,0.17557226399331663
464_img_.png,0,0,0,0,-7.477724552154541,-3.8351752758026123,379.72332763671875,108.53355407714844,992.1422536892989,0.10126048599556295
465_img_.png,1,0,0,0,0.3906894326210022,-25.691097259521484,209.38665771484375,154.05340576171875,818.9863767823442,0.061712449596774195
466_img_.png,1,0,0,0,-19.128250122070312,-28.857709884643555,102.79878234863281,193.73703002929688,1623.166888195437,0.16210052745888923
467_img_.png,1,0,0,0,-23.43288803100586,-7.139420509338379,65.78804016113281,146.16561889648438,122.34458836157057,0.04015625
468_img_.png,1,0,0,0,-3.4464664459228516,-22.688196182250977,726.3297119140625,136.9268798828125,1858.7481960965006,0.16795997191011236
469_img_.png,1,0,0,1,-15.347673416137695,-9.51904296875,117.9734115600586,218.3851776123047,31.44869175855828,0.015808284457478006
46_img_.png,1,0,0,0,-11.483867645263672,-17.739578247070312,317.166748046875,115.5008773803711,268.7411851134449,0.06756390056022409
470_img_.png,0,1,0,1,-42.31618118286133,7.4588141441345215,54.1649169921875,157.93785095214844,9.128562394886456,0.00013744212962962964
471_img_.png,0,1,0,1,-4.494565486907959,41.42920684814453,46.087188720703125,161.00076293945312,54.782287947676316,0.012041788856304985
472_img_.png,1,0,0,1,-2.107123613357544,-23.609800338745117,46.68177032470703,121.45094299316406,184.9318383863113,0.013123505976095618
473_img_.png,1,0,0,0,-19.92424774169922,-9.520732879638672,230.05264282226562,120.3741683959961,97.38884898482993,0.025380952380952383
476_img_.png,0,1,0,0,-10.299198150634766,11.409997940063477,54.41677474975586,131.84815979003906,96.16348881518121,0.041118344571029995
477_img_.png,0,0,0,0,-23.759540557861328,-1.3630197048187256,28.09890365600586,121.87578582763672,146.66554311283102,0.044050121940963756
478_img_.png,0,0,0,0,-25.165515899658203,-3.520763874053955,334.5119934082031,134.45645141601562,209.1739907824502,0.06140285904747796
479_img_.png,0,0,0,1,-10.460193634033203,-1.6093101501464844,63.932281494140625,215.08058166503906,10.654617287813581,0.001506805419921875
480_img_.png,1,0,0,1,-26.521764755249023,-10.573995590209961,93.5263671875,143.6282958984375,17.76445170910943,0.0031242489786109107
481_img_.png,1,0,0,1,-34.39301300048828,-6.453282356262207,219.74191284179688,184.17066955566406,280.7497973305546,0.0068520886615515775
482_img_.png,0,1,0,0,-26.946866989135742,7.98311710357666,281.310791015625,145.60601806640625,1678.5456603131104,0.2142369991474851
483_img_.png,1,0,0,0,1.081221103668213,-20.493316650390625,781.5050659179688,139.8080596923828,2371.793353135673,0.16577074823690213
484_img_.png,0,1,0,0,-26.468799591064453,3.206357717514038,34.80961608886719,157.73228454589844,1741.6532307305722,0.18768256104056288
485_img_.png,1,0,0,1,-1.6077485084533691,-24.281579971313477,111.76659393310547,144.75852966308594,24.835083549488914,0.005977647569444445
486_img_.png,0,0,0,1,-28.006473541259766,-2.839066505432129,73.05894470214844,133.67881774902344,49.489331576335374,0.005316677624369932
487_img_.png,1,0,0,0,-13.162086486816406,-14.243205070495605,47.724395751953125,92.98822784423828,271.36595238886986,0.07468531468531468
488_img_.png,1,0,0,0,-11.122248649597168,-13.6028413772583,199.3115692138672,103.64925384521484,309.8955239539961,0.05184475184956843
489_img_.png,1,0,0,1,-24.79200553894043,-5.782516956329346,117.06804656982422,126.2076416015625,64.78316712984999,0.037977083333333335
48_img_.png,1,0,0,1,-2.3837943077087402,-21.38378143310547,124.0709457397461,172.7944793701172,621.5083585783038,0.020879032258064516
490_img_.png,1,0,0,0,-24.53216552734375,-20.95706558227539,435.14306640625,189.93179321289062,585.1208314588297,0.09263640238704177
491_img_.png,1,0,0,0,-2.387071371078491,-13.846452713012695,115.35962677001953,117.99161529541016,279.82899869343123,0.10653996019398425
492_img_.png,0,0,0,0,-23.00646209716797,-0.9682252407073975,87.77508544921875,121.5309066772461,155.1101495415713,0.07059120343116643
493_img_.png,1,0,0,0,-3.952110528945923,-14.430936813354492,83.0886001586914,137.23817443847656,116.57925015088188,0.06073133680555556
494_img_.png,1,0,0,1,1.8339550495147705,-12.59220027923584,137.7080535888672,133.0421142578125,61.908420100741914,0.027337239583333332
495_img_.png,0,1,0,0,-32.88545608520508,22.710765838623047,74.85538482666016,125.31221008300781,121.33870193949562,0.028288770053475937
496_img_.png,1,0,0,0,-31.22838592529297,-5.409430980682373,139.86550903320312,148.53253173828125,814.1641581416332,0.10991838128045185
497_img_.png,0,1,0,0,-23.557661056518555,4.7920660972595215,185.25491333007812,132.57469177246094,1409.884666821321,0.24526401161053485
498_img_.png,1,0,0,0,-8.714339256286621,-32.66557693481445,283.59088134765625,163.85475158691406,304.6981584462957,0.03871671715561224
499_img_.png,1,0,0,0,-8.772165298461914,-28.01283836364746,459.25909423828125,150.7228546142578,499.00313293906424,0.08093381005700326
49_img_.png,1,0,0,0,-5.653806209564209,-25.851892471313477,647.5949096679688,134.78912353515625,921.2631146800327,0.13256688331318017
4_img_.png,0,0,0,0,-6.115517616271973,-1.0954687595367432,186.12368774414062,113.13935852050781,970.9946139335526,0.16302734375
501_img_.png,0,0,0,1,-30.776784896850586,-2.5917727947235107,70.10774230957031,177.5201416015625,70.48644383740451,0.01798248291015625
502_img_.png,1,0,0,1,2.4230446815490723,-10.178969383239746,96.98908996582031,142.5488739013672,53.13689974393374,0.02592013888888889
503_img_.png,1,0,0,1,0.6686924695968628,-21.71569061279297,36.17179489135742,141.75479125976562,55.54762046519621,0.028518880208333333
504_img_.png,1,0,0,1,-12.175955772399902,-14.826583862304688,109.65315246582031,133.6243896484375,49.28606219523748,0.015036892361111111
505_img_.png,1,0,0,1,-3.5824458599090576,-23.4267520904541,112.07879638671875,147.98648071289062,26.13337997292295,0.010379774305555556
506_img_.png,1,0,0,0,-10.324708938598633,-13.1587495803833,358.1432189941406,123.64672088623047,730.005526672036,0.10568235018726592
507_img_.png,1,0,0,0,-1.3841209411621094,-23.91004753112793,587.848876953125,179.47601318359375,423.2552683685919,0.1002489837398374
508_img_.png,0,0,0,0,1.9790081977844238,2.826331377029419,452.2042541503906,135.9664306640625,110.0284610748244,0.06530924479166667
509_img_.png,1,0,0,0,-1.2814702987670898,-7.352260112762451,270.3155212402344,139.8652801513672,138.3678632654214,0.09348849826388889
50_img_.png,0,0,0,0,-21.008052825927734,0.36486002802848816,153.4036865234375,100.98433685302734,164.3891992172241,0.07220377604166667
510_img_.png,0,0,0,0,-31.699195861816406,-1.263230562210083,156.45166015625,137.85142517089844,121.2364308446225,0.05372444058641975
511_img_.png,1,0,0,0,1.6123580932617188,-31.700387954711914,1020.268310546875,180.0598602294922,469.29991022182935,0.11454518636067708
512_img_.png,1,0,0,0,-5.513734340667725,-8.863900184631348,194.59913635253906,130.03985595703125,1951.6135107611544,0.1278376759508835
513_img_.png,0,0,0,0,-6.952091693878174,-1.50852370262146,493.5998229980469,172.23973083496094,1821.7448219192156,0.20960802469135803
515_img_.png,0,1,0,1,-36.8831787109375,19.93829917907715,64.75697326660156,129.11463928222656,18.918090749008115,0.0021756490071614585
516_img_.png,0,1,0,0,-26.710092544555664,8.591784477233887,99.14045715332031,147.7227783203125,607.6431951840518,0.13582747972445622
517_img_.png,0,0,0,0,-7.8474907875061035,-2.677652359008789,762.7440185546875,129.27174377441406,2532.522126612149,0.20623215535008604
518_img_.png,1,0,0,1,-27.479869842529297,-24.09339714050293,120.64869689941406,204.12228393554688,96.81781266737934,0.017285509521534365
519_img_.png,1,0,0,0,-8.646590232849121,-33.69753646850586,425.4671630859375,168.95425415039062,109.99197914134997,0.036464646464646464
51_img_.png,0,1,0,0,-23.358320236206055,7.292470932006836,98.86145782470703,108.03353118896484,264.67266049597,0.11131184895833333
524_img_.png,1,0,0,0,-12.541177749633789,-26.62703514099121,426.3988952636719,169.7315216064453,2154.6157418692333,0.05139111111111111
526_img_.png,1,0,0,0,-32.942649841308594,-15.9956636428833,98.25764465332031,191.6269073486328,300.7174112243547,0.054606119791666664
527_img_.png,0,1,0,0,-37.813629150390625,4.178523063659668,61.064453125,177.36318969726562,526.329993989758,0.11371297455152274
528_img_.png,1,0,0,0,-31.864797592163086,-13.62574291229248,107.6960220336914,173.7177734375,251.39078891511323,0.09109929078014184
52_img_.png,0,1,0,0,-20.85359764099121,14.484697341918945,61.53600311279297,118.21257781982422,312.6182504231771,0.15186848958333332
530_img_.png,1,0,0,0,-7.202398300170898,-15.538105964660645,520.9953002929688,123.42925262451172,116.50009625139919,0.043793808411214954
531_img_.png,1,0,0,1,1.6099358797073364,-11.407980918884277,166.67764282226562,155.8446807861328,17.582849459520098,0.004536887299562682
532_img_.png,0,1,0,0,-27.77219009399414,21.488468170166016,161.08485412597656,104.29752349853516,189.63030264947415,0.026559798318440398
533_img_.png,0,1,1,0,-18.655967712402344,22.483867645263672,130.15676879882812,83.06204986572266,108.33356582123551,0.043203804347826086
534_img_.png,0,1,0,1,-6.864380359649658,34.7076301574707,66.31723022460938,152.15211486816406,91.42230408372698,0.017167938184663535
535_img_.png,0,1,0,1,-38.22294998168945,18.09006690979004,73.52837371826172,140.2889404296875,176.5245371256095,0.015146546692288017
536_img_.png,0,0,0,0,-17.30082893371582,-2.528390407562256,127.82215881347656,114.638427734375,603.3351280826391,0.17055638350720317
537_img_.png,0,0,0,0,-20.542312622070312,-3.055717706680298,94.11062622070312,117.1526870727539,502.2973253781349,0.16156156156156157
538_img_.png,0,0,0,0,-28.984272003173828,-2.7707550525665283,86.18756866455078,126.77999877929688,185.80388456661112,0.08798807749627421
539.png,0,1,0,0,-29.696109771728516,5.997354507446289,186.4778289794922,115.93329620361328,85.79602469429675,0.06009657118055556
539_img_.png,0,1,0,0,-24.669628143310547,2.137885808944702,213.5541534423828,113.33283233642578,966.3176626576486,0.1962042042042042
53_img_.png,0,1,1,0,-6.237125873565674,7.16450834274292,74.61062622070312,54.75438690185547,307.52642250644897,0.10282552083333334
540_img_.png,0,1,0,0,-30.6868896484375,3.356564521789551,54.43013000488281,117.13677978515625,143.20118115704895,0.03915315315315315
541_img_.png,0,0,0,0,-30.11902618408203,-1.078132152557373,48.01845932006836,121.16169738769531,120.25674341498255,0.07095495495495495
542_img_.png,0,0,0,0,-25.737201690673828,1.619369387626648,61.89725875854492,99.3220443725586,334.070240179603,0.14526126126126127
543_img_.png,0,0,0,0,-33.14255905151367,-0.9794114232063293,73.79348754882812,138.88975524902344,198.55343507832157,0.12077477477477477
544_img_.png,1,0,0,1,-29.296653747558594,-9.709200859069824,18.771833419799805,137.3350372314453,5.883853812587362,0.0
545_img_.png,1,0,0,1,-28.081615447998047,-10.458991050720215,14.180257797241211,134.84564208984375,5.697735719827937,0.0
546_img_.png,1,0,0,0,-28.61672019958496,-6.739850044250488,79.56804656982422,133.5277099609375,428.91121845030625,0.11725525525525525
547_img_.png,1,0,0,0,-10.045004844665527,-16.966869354248047,158.75698852539062,130.99000549316406,180.642925125432,0.07290343915343915
549_img_.png,1,0,0,1,-24.332012176513672,-17.081880569458008,25.439346313476562,150.5686492919922,23.728682015925838,0.010738738738738738
550_img_.png,1,0,0,0,-23.50776481628418,-13.349135398864746,84.05245971679688,133.35202026367188,190.50312072706942,0.05701501501501501
551_img_.png,0,0,0,0,-27.739585876464844,1.1329790353775024,77.01567077636719,111.89585876464844,326.908273407678,0.15981981981981982
552_img_.png,1,0,0,0,-27.099802017211914,-7.581699848175049,21.707292556762695,138.43603515625,125.99654620714408,0.09742942942942943
554_img_.png,0,0,0,0,-21.051776885986328,-2.0167508125305176,149.07962036132812,140.24610900878906,318.16218142106067,0.11678078078078077
5554.png,0,1,0,1,-33.49910354614258,19.25486946105957,140.34030151367188,165.9707489013672,15.68526654455397,0.010276692708333333
555_img_.png,1,0,0,0,-20.9255313873291,-5.45945930480957,93.32743835449219,115.40545654296875,219.66323451148443,0.0884984984984985
556_img_.png,1,0,0,0,-19.04836082458496,-9.405465126037598,187.69644165039062,128.28709411621094,162.04294876050827,0.09173573573573574
557.png,0,1,1,1,-2.187941551208496,7.874320983886719,168.56964111328125,67.8321304321289,48.987449727742465,0.039569227430555555
557_img_.png,1,0,0,0,-22.38011360168457,-12.234516143798828,99.99234771728516,128.49325561523438,241.0229625481337,0.07907507507507508
558_img_.png,1,0,0,0,-23.50776481628418,-13.349135398864746,84.05245971679688,133.35202026367188,190.50312072706942,0.05701501501501501
559.png,0,1,1,1,-3.8059115409851074,5.5447187423706055,107.73062896728516,63.47830581665039,56.32882446427404,0.041796875
55_img_.png,0,1,0,0,-14.58602523803711,15.682109832763672,76.47975158691406,118.03515625,766.7968189247025,0.22479166666666667
560_img_.png,1,0,0,0,-23.470317840576172,-6.274642467498779,167.22872924804688,131.25221252441406,320.84344734226113,0.1008948948948949
561_img_.png,1,0,0,0,-25.750822067260742,-10.111555099487305,98.44142150878906,133.14956665039062,283.26319506533565,0.07234234234234234
562_img_.png,1,0,0,0,-25.349267959594727,-10.509681701660156,195.3165283203125,148.6170196533203,89.32381563906249,0.04051651651651652
563.png,0,0,0,1,-5.373711109161377,-1.979636549949646,105.94332885742188,97.08253479003906,24.739387674797907,0.014038628472222222
563_img_.png,1,0,0,1,-28.11737632751465,-8.807032585144043,26.425466537475586,128.5126953125,9.498011918188459,0.002168168168168168
564_img_.png,1,0,0,1,-21.558961868286133,-16.67957305908203,65.71544647216797,134.8001708984375,15.39653436279523,0.00672072072072072
566_img_.png,0,0,0,1,-2.0563735961914062,-1.8144694566726685,213.25704956054688,150.8874969482422,70.76915900230408,0.02833984375
567.png,0,1,1,1,-3.447617292404175,3.0979156494140625,91.27108764648438,82.55633544921875,17.60666653764513,0.010622829861111112
567_img_.png,0,1,0,1,-22.9315128326416,13.369688034057617,24.564212799072266,120.24803924560547,2.6495314449223994,0.0
568_img_.png,0,1,0,1,-22.813825607299805,12.9949312210083,19.36981964111328,120.96117401123047,2.2094894750606464,0.0
569_img_.png,0,1,0,1,-35.33401107788086,7.887693881988525,83.73739624023438,129.27772521972656,23.306814088863643,0.005315315315315316
56_img_.png,0,1,0,0,-24.239105224609375,3.930569648742676,88.30147552490234,103.30599212646484,168.29277016931113,0.07542643229166666
570_img_.png,0,1,0,1,-28.50636100769043,29.190492630004883,45.13768005371094,119.31805419921875,65.8687779527275,0.008126126126126126
571_img_.png,0,1,0,1,-28.522907257080078,27.602323532104492,89.34463500976562,116.66856384277344,65.5347875565295,0.017135135135135135
572_img_.png,0,0,0,0,-0.8831575512886047,2.8168652057647705,126.26055145263672,139.7929229736328,168.3931312254164,0.09130533854166667
573_img_.png,0,1,0,1,-17.550600051879883,9.370768547058105,52.647701263427734,118.47647094726562,5.135086965740515,0.00021621621621621621
574_img_.png,0,1,0,1,-38.0405158996582,12.003321647644043,66.60528564453125,131.8217010498047,6.487060510744978,0.001903903903903904
575_img_.png,0,1,0,1,-33.7861213684082,18.58989715576172,25.142244338989258,121.09750366210938,35.04564516025936,0.0019219219219219219
576_img_.png,0,1,0,1,-26.336925506591797,20.658864974975586,17.54415512084961,121.97222900390625,51.337512940832724,0.007369369369369369
577_img_.png,0,1,0,1,-39.993141174316406,17.28114128112793,30.50138282775879,131.06085205078125,9.013464447366285,0.0
578_img_.png,0,1,0,1,-29.949495315551758,8.29804801940918,126.07269287109375,124.71121978759766,70.64647282251622,0.008126126126126126
579_img_.png,0,1,0,1,-34.791465759277344,13.520696640014648,20.21231460571289,131.73402404785156,15.668413795380966,0.0
57_img_.png,0,1,0,0,-33.043304443359375,30.073593139648438,236.13064575195312,133.4481964111328,354.02720049069256,0.08375578703703704
580_img_.png,0,1,0,1,-34.650264739990234,9.763038635253906,38.58943176269531,126.09183502197266,8.09197379303628,0.0
5818.png,0,1,0,1,-36.86739730834961,12.951549530029297,98.913330078125,186.10585021972656,4.925065002399021,0.0025227864583333335
581_img_.png,0,1,0,1,-27.101898193359375,8.851231575012207,113.46568298339844,144.82728576660156,26.08693834100622,0.007456
582_img_.png,1,0,0,0,-12.089801788330078,-8.233121871948242,45.542877197265625,122.46174621582031,165.4623942123413,0.06770833333333333
5830.png,0,1,0,1,-38.21391296386719,10.060761451721191,58.616355895996094,186.04835510253906,3.6116010862562384,0.0015787760416666667
583_img_.png,1,0,0,0,-17.932600021362305,-8.265889167785645,81.02101135253906,121.69281005859375,1270.36614457499,0.14019687319050375
584_img_.png,0,1,0,1,-25.72752571105957,14.960058212280273,167.27842712402344,135.84555053710938,48.461700540046216,0.023818666666666665
585_img_.png,0,1,0,0,-20.646459579467773,17.92363739013672,44.06547164916992,130.91769409179688,248.4675463287182,0.099568
586_img_.png,0,1,1,1,-14.379989624023438,8.729381561279297,36.09745407104492,61.481441497802734,100.99652158222223,0.01968
587_img_.png,0,1,0,0,-27.219865798950195,10.52568531036377,41.351959228515625,145.56495666503906,267.9908684721494,0.11824533333333333
588_img_.png,0,1,0,0,-27.191423416137695,13.925093650817871,63.440181732177734,154.7862548828125,254.4285890849849,0.10636266666666666
589_img_.png,0,1,0,1,-26.310020446777344,3.376528024673462,31.035533905029297,163.65939331054688,49.31491046900622,0.01088
58_img_.png,0,1,0,0,-24.08782196044922,9.666607856750488,63.048744201660156,126.98360443115234,348.8290758137597,0.14
590_img_.png,0,1,0,0,-27.758005142211914,8.37823486328125,38.8222770690918,163.67413330078125,110.80522505545954,0.03784
591_img_.png,0,1,0,0,-25.887216567993164,13.841429710388184,87.74615478515625,135.8238525390625,152.22852620797156,0.08434666666666667
592_img_.png,0,1,0,1,-31.243040084838867,5.174741268157959,49.22754669189453,162.5113983154297,36.50749817105066,0.011221333333333333
593_img_.png,0,1,0,0,-31.065765380859375,10.584005355834961,63.04523849487305,163.1501007080078,250.04126370983823,0.08552
594_img_.png,0,1,0,0,-26.918832778930664,13.89964771270752,58.76941680908203,145.3831329345703,360.0591520852195,0.13336533333333334
595_img_.png,0,1,0,0,-30.9825439453125,15.404597282409668,38.73170471191406,162.1509246826172,253.3122406446649,0.10865066666666667
596_img_.png,0,1,0,0,-29.080821990966797,11.305904388427734,56.86998748779297,156.04522705078125,211.44778663378494,0.08812266666666667
597_img_.png,0,1,0,0,-35.30522155761719,12.819904327392578,33.888893127441406,164.07785034179688,128.3846180603449,0.053013333333333336
598.png,0,1,0,1,-10.620529174804688,4.250020503997803,391.1820983886719,93.49816131591797,54.27542415617837,0.03888346354166667
598_img_.png,0,1,0,0,-30.49825096130371,11.840714454650879,33.80390930175781,162.6829071044922,123.8010334360462,0.05344533333333333
599_img_.png,0,1,0,0,-24.196426391601562,10.669194221496582,66.73169708251953,149.322265625,152.00100266257067,0.043392
59_img_.png,0,1,0,0,-6.688904762268066,4.089784622192383,601.42724609375,139.55332946777344,580.9727638500333,0.16436154417223459
600_img_.png,0,1,0,0,-24.138010025024414,15.973973274230957,37.215362548828125,156.89724731445312,243.30469756745956,0.08398933333333333
601_img_.png,0,1,0,0,-20.867887496948242,12.068767547607422,43.68231201171875,150.70872497558594,229.73032424061157,0.08132266666666667
602_img_.png,0,1,0,0,-29.452320098876953,12.543931007385254,37.06161117553711,158.82723999023438,180.34148159613156,0.07517333333333333
603_img_.png,0,1,0,0,-26.069963455200195,13.551631927490234,47.56415557861328,147.20945739746094,283.0132840184889,0.11103466666666667
604_img_.png,0,1,0,0,-28.382549285888672,12.465503692626953,57.26566696166992,144.67613220214844,185.49324227729068,0.06546133333333333
605_img_.png,0,1,0,0,-28.293365478515625,11.015664100646973,88.06529235839844,151.74070739746094,354.4228423530667,0.11666666666666667
6062.png,0,1,0,1,-20.139440536499023,33.86225509643555,1191.658935546875,196.68414306640625,16.292493446180554,0.010475260416666667
606_img_.png,0,1,0,0,-26.794580459594727,9.160250663757324,73.30807495117188,154.51341247558594,325.06387879079824,0.11757333333333334
607_img_.png,0,1,0,1,-35.86410140991211,9.488347053527832,51.91923141479492,150.49942016601562,19.116575098766223,0.0012053333333333334
6082.png,0,1,0,1,-37.03740692138672,16.228252410888672,124.36314392089844,181.71731567382812,17.838040364583332,0.013069661458333333
608_img_.png,0,0,0,1,-30.20100212097168,1.3727467060089111,34.3287467956543,161.7513427734375,42.230765972224,0.010405333333333334
609_img_.png,0,1,0,0,-29.517515182495117,12.618927955627441,52.93404769897461,155.5049591064453,212.82300249801955,0.09436266666666666
60_img_.png,0,1,0,0,-4.762640953063965,9.80167293548584,396.4436950683594,111.72272491455078,1884.0251566054467,0.15858082706766918
610_img_.png,1,0,0,0,-7.354468822479248,-8.820731163024902,241.998291015625,122.90327453613281,455.44048972641895,0.054702141900937085
611_img_.png,1,0,0,0,-9.59084415435791,-12.614402770996094,358.4621276855469,126.69171142578125,1948.0911123424223,0.124301651048639
612_img_.png,0,1,0,0,-27.67341423034668,12.58955192565918,75.86759948730469,151.7305145263672,105.95047775982933,0.05340266666666667
613_img_.png,0,1,0,1,-29.51354217529297,8.312698364257812,73.87248992919922,158.06900024414062,129.64673593170488,0.008570666666666667
614_img_.png,0,1,0,0,-29.696428298950195,9.540620803833008,88.89295959472656,164.67384338378906,185.22815745045986,0.0345902728907655
615_img_.png,0,1,0,1,-28.24070930480957,9.589179039001465,56.03947067260742,164.3033447265625,67.18001183049955,0.02192
616_img_.png,0,1,0,0,-29.042959213256836,13.491413116455078,70.48188781738281,139.98269653320312,84.30358115965156,0.029109333333333334
617_img_.png,0,1,0,1,-25.329391479492188,3.037893295288086,61.254695892333984,155.0703582763672,195.27426856914488,0.010677333333333334
618_img_.png,0,1,0,0,-27.65608024597168,14.235893249511719,40.781578063964844,150.07791137695312,158.15860212497068,0.07086933333333334
619_img_.png,0,1,0,1,-21.024234771728516,4.898197174072266,31.300718307495117,159.86253356933594,6.165108937272889,0.000416
61_img_.png,1,0,0,0,-23.42390251159668,-21.021488189697266,442.6480712890625,183.27200317382812,729.5838845264752,0.07759765625
620_img_.png,0,1,0,1,-20.031103134155273,11.285146713256836,41.37910842895508,123.0957260131836,19.835716830179557,0.002976
621_img_.png,0,1,0,0,-19.723220825195312,9.943130493164062,44.55259323120117,139.02198791503906,94.08257764693333,0.035264
622_img_.png,1,0,0,0,-22.659923553466797,-6.749133110046387,350.3539733886719,185.66439819335938,2509.844238046217,0.11918111111111111
623_img_.png,0,1,0,0,-17.41010093688965,12.753840446472168,71.08438873291016,141.3920440673828,129.9674051890062,0.07387733333333334
625_img_.png,0,1,0,0,-18.039796829223633,17.630672454833984,64.74458312988281,156.42555236816406,98.533750919936,0.04525333333333333
626_img_.png,0,1,0,0,-19.037269592285156,19.705108642578125,68.574462890625,145.28253173828125,151.50787090363733,0.062912
627_img_.png,0,1,0,1,-29.660154342651367,6.460080146789551,104.83200073242188,162.9709930419922,25.845421689600002,0.010549333333333334
628_img_.png,0,1,0,0,-27.09757423400879,12.095770835876465,35.13794708251953,149.00030517578125,247.087806017536,0.07706666666666667
629_img_.png,0,1,0,0,-16.58248519897461,11.921669006347656,72.7655029296875,145.71624755859375,305.2922714600107,0.096032
62_img_.png,0,0,0,1,-4.1612725257873535,-1.2199172973632812,210.9910888671875,217.05975341796875,21.351352207865503,0.0018335978190104167
630_img_.png,0,1,0,0,-30.882875442504883,10.83134937286377,44.32368850708008,156.5825958251953,197.18991338026666,0.07715733333333333
631_img_.png,0,1,0,0,-25.991146087646484,12.611519813537598,46.374176025390625,148.0105743408203,772.3781996622222,0.172864
632_img_.png,1,0,0,0,9.161545753479004,-21.973421096801758,864.821533203125,131.8649444580078,500.96752218203557,0.10122532894736842
633_img_.png,0,1,0,0,-28.26593589782715,9.926799774169922,77.23585510253906,160.90223693847656,181.83105617021155,0.10130666666666667
634_img_.png,0,1,0,1,-31.74837875366211,9.093226432800293,62.85638427734375,145.37657165527344,57.089282582158226,0.015706666666666667
635_img_.png,0,1,0,1,-31.471988677978516,5.015039920806885,93.51437377929688,151.18695068359375,42.41033032871822,0.010757333333333334
636_img_.png,0,1,0,0,-26.968618392944336,15.329968452453613,44.067413330078125,148.376708984375,317.1566238566116,0.12715733333333334
637_img_.png,0,1,0,0,-25.89580726623535,14.268325805664062,59.94386291503906,141.59103393554688,315.8110713769529,0.11055466666666666
638_img_.png,0,1,0,1,-26.791690826416016,4.447216033935547,56.013816833496094,161.7924041748047,42.762778303459555,0.012912
639_img_.png,0,1,0,0,-18.3951358795166,18.008628845214844,55.979888916015625,127.47161865234375,133.49523652093157,0.07229866666666666
63_img_.png,1,0,0,0,-5.442624092102051,-14.69842529296875,500.2161865234375,110.0148696899414,1317.0984621143011,0.13938249400479616
640_img_.png,0,1,0,1,-32.30067825317383,7.877018451690674,83.62354278564453,163.6455841064453,42.116585661326226,0.010256
641_img_.png,0,1,0,1,-27.123119354248047,4.201013565063477,64.0494384765625,152.77810668945312,36.43703350601956,0.0038293333333333335
642_img_.png,0,1,0,0,-30.87900733947754,14.909919738769531,27.96106719970703,162.92306518554688,137.923407887104,0.052602666666666666
645_img_.png,0,1,0,0,-27.78009033203125,4.542727947235107,120.89791107177734,136.5492706298828,259.56945008162387,0.09640299479166667
646_img_.png,0,1,0,0,-24.66933250427246,3.370537042617798,151.89956665039062,125.53500366210938,286.8456509836409,0.09439778645833333
647_img_.png,1,0,0,1,-9.511129379272461,-8.066549301147461,48.65443801879883,120.94770812988281,71.09759439543618,0.022972005208333333
648_img_.png,1,0,0,0,-12.089801788330078,-8.233121871948242,45.542877197265625,122.46174621582031,165.4623942123413,0.06770833333333333
649_img_.png,0,1,0,0,-23.770700454711914,15.384069442749023,101.37919616699219,119.28401184082031,398.72895157809785,0.15296549479166666
64_img_.png,1,0,0,0,-15.371841430664062,-6.716244220733643,337.5094909667969,152.71829223632812,462.58588811723934,0.10954113924050633
650_img_.png,1,0,0,1,-10.054505348205566,-18.28815460205078,303.3625183105469,98.18488311767578,129.92817855632978,0.017581367040047216
651.png,0,1,0,0,-6.381911754608154,4.38698673248291,596.35986328125,114.89854431152344,122.88748469090875,0.07002170138888889
651_img_.png,1,0,0,0,3.4732167720794678,-19.126930236816406,1390.892333984375,116.69924926757812,1700.6583987554893,0.1177099609375
652_img_.png,0,0,0,0,-29.862897872924805,-3.578788995742798,63.13812255859375,138.48095703125,292.9106746715864,0.071748046875
653_img_.png,0,1,0,0,-25.85310935974121,2.0506412982940674,187.35818481445312,132.3405303955078,933.4145960333504,0.15467122395833333
654_img_.png,1,0,0,1,-28.416677474975586,-9.637059211730957,275.54931640625,144.74362182617188,21.057256844362044,0.013306327160493826
655_img_.png,1,0,0,0,-23.52522087097168,-18.402057647705078,668.405029296875,171.233154296875,104.21990997762285,0.047487782921810696
656_img_.png,0,1,0,1,-37.294769287109375,12.345335006713867,182.07510375976562,205.07298278808594,18.045871943487523,0.0035632029193586982
657_img_.png,0,0,0,0,-26.531599044799805,-2.1859374046325684,310.8111267089844,143.8612518310547,350.5785274755509,0.08974086934156379
658_img_.png,0,1,0,1,-47.549774169921875,25.62275505065918,66.82537078857422,171.18875122070312,26.47841816859065,0.008717849794238683
659_img_.png,1,0,0,0,-20.260311126708984,-23.913217544555664,387.6007385253906,173.1453094482422,88.20295778788956,0.038524305555555555
65_img_.png,1,0,0,0,-1.4237346649169922,-16.410343170166016,495.9910583496094,145.3046112060547,3043.9105037955387,0.2216671212699798
660_img_.png,1,0,0,1,-16.133960723876953,-7.147261619567871,121.57736206054688,185.7341766357422,29.330518561935854,0.005373831775700935
661_img_.png,1,0,0,0,7.163363933563232,-18.17881965637207,562.00439453125,150.54710388183594,351.4405288198246,0.06122350922350922
662_img_.png,1,0,0,1,-19.41008758544922,-4.907439231872559,158.8027801513672,116.61784362792969,60.073707566494996,0.025024786324786323
663_img_.png,0,1,0,1,-32.84499740600586,6.63510799407959,141.6269989013672,109.93624114990234,29.43728167571238,0.008257145052243392
666_img_.png,1,0,0,1,-8.585922241210938,-19.074254989624023,74.44518280029297,98.05282592773438,23.334869452400966,0.0018592421448964192
668_img_.png,1,0,0,1,-18.867151260375977,-21.4483642578125,126.81875610351562,152.19798278808594,15.079543058422223,0.0013339391397548814
670_img_.png,1,0,0,1,-17.144792556762695,-14.145472526550293,28.98025131225586,107.24542999267578,20.595612098741217,0.004766739013745945
672_img_.png,1,0,0,1,-16.614795684814453,-15.32479190826416,149.91653442382812,113.83882141113281,77.02752045413733,0.024531883280045432
673_img_.png,1,0,0,0,-13.560172080993652,-13.590153694152832,207.75872802734375,131.8235321044922,258.3143881848518,0.05698110418757342
674_img_.png,1,0,0,0,-8.201945304870605,-11.917996406555176,555.1435546875,151.0484619140625,345.53684060525273,0.08325156409869337
675_img_.png,1,0,0,0,-0.2637482285499573,-21.254436492919922,547.156005859375,161.62991333007812,295.2503598143348,0.07324007447290293
676_img_.png,1,0,0,0,-2.365292549133301,-15.572615623474121,447.5168762207031,117.47669982910156,2505.765868802777,0.1375527864312911
677_img_.png,1,0,0,0,-0.6461236476898193,-12.673834800720215,413.74652099609375,148.65679931640625,1236.3197946246225,0.2038239916186485
6788.png,1,0,0,1,-28.07765007019043,-18.49135398864746,53.238731384277344,176.3300323486328,39.59178058284124,0.011034071180555556
678_img_.png,1,0,0,0,-9.724043846130371,-16.76712417602539,764.7083740234375,168.73260498046875,501.9486364571327,0.05203131366043886
679_img_.png,0,1,0,0,-12.587879180908203,6.008503437042236,305.2051696777344,130.35775756835938,1752.1740105033032,0.15120481927710844
67_img_.png,1,0,0,0,-3.551711082458496,-21.18787956237793,585.4623413085938,154.14019775390625,2560.484265289955,0.17328444444444444
680_img_.png,0,1,0,0,-10.360089302062988,11.754441261291504,128.88706970214844,140.43775939941406,2327.208016206933,0.19524765729585006
681_img_.png,0,1,0,0,-9.898783683776855,7.565208435058594,254.96932983398438,146.55062866210938,1313.3510751930369,0.14187765554973517
6820.png,1,0,0,1,-15.977181434631348,-25.04667091369629,239.91799926757812,158.96470642089844,78.7887270261023,0.021841362847222223
682_img_.png,0,0,0,0,-9.379573822021484,0.9846370816230774,304.8727111816406,132.574951171875,1909.802248245637,0.15549153134276236
683_img_.png,1,0,0,0,-4.368389129638672,-23.183109283447266,838.803466796875,165.82452392578125,838.7878287186956,0.09344991835664188
684_img_.png,1,0,0,0,-2.199925661087036,-4.748318195343018,535.6309814453125,154.04312133789062,1754.6493533546495,0.18344178695741195
685_img_.png,1,0,0,1,-24.952098846435547,-23.61203384399414,178.32034301757812,194.2910614013672,27.46481191819523,0.012332510288065843
686_img_.png,1,0,0,1,-20.23853874206543,-28.142255783081055,298.68914794921875,198.836669921875,39.04901110682975,0.024411111111111113
6872.png,1,0,0,1,-12.821321487426758,-24.655424118041992,190.01327514648438,137.94667053222656,18.476986730871083,0.006447482638888889
687_img_.png,1,0,0,1,-15.481023788452148,-37.16212844848633,87.94877624511719,225.66799926757812,24.34077201441176,0.014180246913580247
688_img_.png,1,0,0,0,-16.25301170349121,-20.68770408630371,917.33349609375,176.0635528564453,303.0419534802742,0.11618683127572016
689_img_.png,1,0,0,0,-4.92490291595459,-42.05685043334961,86.06401062011719,194.25482177734375,101.45140449673305,0.027065020576131686
690_img_.png,1,0,0,1,1.6639889478683472,-24.70195198059082,204.35308837890625,87.93113708496094,34.015974431344134,0.005827572016460905
691_img_.png,1,0,0,0,0.09148187190294266,-13.116046905517578,1256.020263671875,182.93505859375,519.8505033644108,0.09701996391362552
692_img_.png,0,0,0,1,-13.199886322021484,-0.045588377863168716,261.14410400390625,136.1367950439453,145.7909814432356,0.0245751953125
694_img_.png,1,0,0,0,-7.779201984405518,-10.110090255737305,253.18661499023438,140.16355895996094,191.94867533357404,0.05856112637362637
695_img_.png,1,0,0,1,-16.862520217895508,-10.772582054138184,265.8705139160156,137.42221069335938,167.69431631777738,0.011347736625514403
696_img_.png,1,0,0,1,-19.613832473754883,-7.972407341003418,310.99932861328125,129.30308532714844,145.95698542735695,0.009953703703703704
697_img_.png,1,0,0,1,-15.029766082763672,-17.912376403808594,380.7247314453125,143.0838623046875,97.33171803817065,0.00338477366255144
698_img_.png,1,0,0,0,-5.8156256675720215,-12.811576843261719,356.5626525878906,141.7792510986328,1416.1788804846683,0.12891824665600649
699_img_.png,1,0,0,0,-8.308874130249023,-12.663241386413574,307.3383483886719,156.80453491210938,444.34724099142653,0.06820714285714286
6_img_.png,1,0,0,0,-22.32715606689453,-16.3731746673584,102.41371154785156,163.23348999023438,165.3646908440068,0.044330596923828125
700_img_.png,0,0,0,0,-5.207787036895752,-3.0373728275299072,444.3263854980469,106.38951110839844,1038.9551727094674,0.12102285714285714
701_img_.png,1,0,0,1,-34.71352005004883,-5.865744113922119,296.12554931640625,161.08370971679688,36.02644517107447,0.009509874183787227
7027.png,1,0,0,1,-19.338247299194336,-23.034711837768555,115.84781646728516,159.4178466796875,39.711069872024915,0.010516493055555555
702_img_.png,1,0,0,1,-22.349802017211914,-9.726569175720215,104.79527282714844,161.6957550048828,34.80718075644354,0.0021010899323312153
703_img_.png,1,0,0,1,-21.590351104736328,-16.688718795776367,84.75357055664062,171.5753936767578,27.187105085194915,0.003097107708415129
704_img_.png,1,0,0,1,-26.73122215270996,-14.212773323059082,61.33881378173828,174.38583374023438,125.31551416623263,0.001931712962962963
705_img_.png,1,0,0,0,-5.077962875366211,-11.970795631408691,528.35693359375,172.82003784179688,346.318598015742,0.11494076236263737
706_img_.png,1,0,0,0,-0.9012836813926697,-49.99087905883789,366.0277404785156,227.03506469726562,377.42774469735826,0.05844381313131313
707_img_.png,1,0,0,0,1.6714413166046143,-14.011507034301758,258.80108642578125,99.77922821044922,260.84070724607625,0.09776461555336186
708_img_.png,1,0,0,0,-13.884054183959961,-14.94067668914795,337.7471923828125,194.62847900390625,3246.8641005166614,0.1539889498873874
709_img_.png,1,0,0,0,37.37273025512695,-64.29132843017578,2463.3125,203.00645446777344,699.3969667088887,0.06401385073260073
70_img_.png,1,0,0,0,-16.26962661743164,-10.844408988952637,127.04795837402344,103.08161163330078,142.94598017933268,0.03675538540445487
710_img_.png,0,0,0,0,-17.92342758178711,-3.4947471618652344,589.0421142578125,202.294189453125,1568.0316442292951,0.1105290728129911
711_img_.png,1,0,0,1,-18.545272827148438,-20.195575714111328,102.50792694091797,144.00082397460938,19.691773421487948,0.0017697807027779722
712_img_.png,1,0,0,1,-15.453285217285156,-18.255704879760742,139.21160888671875,120.09931182861328,26.19161803063022,0.007487533742522191
713_img_.png,1,0,0,1,-14.837923049926758,-19.752422332763672,112.56295776367188,124.53583526611328,13.930770022832185,0.0016861537025368153
714_img_.png,1,0,0,1,-13.083091735839844,-16.71840476989746,78.51774597167969,101.70156860351562,10.50179488188129,0.00019837102382786064
715_img_.png,1,0,0,1,-18.044435501098633,-21.00209617614746,147.3763427734375,149.28477478027344,18.317643958493687,0.005850000388962792
716_img_.png,1,0,0,1,-14.20098876953125,-15.485549926757812,154.7527313232422,105.51202392578125,21.576877828605138,0.006083378064054392
718_img_.png,1,0,0,1,-20.873924255371094,-16.381860733032227,53.92160415649414,137.28099060058594,27.082037912399695,0.006804904042879258
719_img_.png,1,0,0,1,-22.25800132751465,-21.088829040527344,143.4509735107422,162.88121032714844,18.918109568272506,0.002461037037037037
720_img_.png,1,0,0,0,-4.130931854248047,-22.8084716796875,525.6451416015625,160.5893096923828,358.1530366048645,0.0992551282051282
721_img_.png,1,0,0,0,-3.917267322540283,-16.904977798461914,1288.7501220703125,195.2310791015625,939.7019084552546,0.08406078296703297
722_img_.png,1,0,0,0,-10.370298385620117,-10.82987117767334,360.7761535644531,154.3974609375,1551.3482682877238,0.14785911602209945
723_img_.png,0,1,0,0,-15.018171310424805,21.761432647705078,562.4332885742188,128.5880889892578,358.0944781644129,0.09900526889534884
724_img_.png,1,0,0,1,1.7160087823867798,-19.706621170043945,295.780029296875,177.24986267089844,87.52432187415607,0.022421016483516482
725_img_.png,1,0,0,0,5.065183162689209,-25.868526458740234,498.7980041503906,191.55865478515625,466.1213826287555,0.05337803171641791
726_img_.png,1,0,0,0,-11.330340385437012,-23.418664932250977,318.75067138671875,176.61073303222656,2124.1262324722156,0.12108809868270769
727_img_.png,0,1,0,0,-9.843561172485352,3.851109027862549,340.2817687988281,143.53976440429688,3251.8503322564443,0.21117688091679124
728_img_.png,0,1,0,1,-10.045999526977539,6.232456207275391,338.7649230957031,135.26661682128906,51.15264375036482,0.03595366795366795
729_img_.png,0,1,0,1,-13.124131202697754,6.175130367279053,282.19549560546875,155.853515625,70.57048561257783,0.022218361218361217
72_img_.png,1,0,0,0,-18.30518341064453,-8.957510948181152,107.09896850585938,106.21568298339844,320.1402897661552,0.025627381301289567
730_img_.png,0,1,0,0,-14.2264986038208,15.481419563293457,516.2655639648438,142.82156372070312,101.89332257902304,0.05202187902187902
731_img_.png,0,1,0,0,-9.99893569946289,3.120506763458252,481.6368408203125,148.61483764648438,179.5945731400943,0.08604676104676105
732_img_.png,0,0,0,0,-12.437487602233887,-0.5708580017089844,487.22808837890625,145.7439727783203,147.7482722545859,0.08628013728013728
733_img_.png,0,1,0,1,-40.98469161987305,16.04380989074707,112.01630401611328,148.38836669921875,7.242186003450693,0.0009744855967078189
734_img_.png,0,1,0,1,-35.35905456542969,11.652868270874023,295.7437744140625,138.8600616455078,67.81179381812376,0.028338683127572015
735_img_.png,1,0,0,0,-13.120651245117188,-12.727058410644531,577.0963134765625,179.4068145751953,1250.1917375489097,0.12855273597461098
736_img_.png,0,0,0,0,-10.31470012664795,1.6718546152114868,229.30972290039062,108.52407836914062,296.6099713401232,0.0656968051621026
737_img_.png,1,0,0,0,-8.419440269470215,-7.542151927947998,223.58128356933594,141.16822814941406,3019.9128047761415,0.2101767098906687
738_img_.png,1,0,0,0,-7.7333784103393555,-6.380230903625488,414.91180419921875,149.88291931152344,240.5383614152658,0.09310430368062766
73_img_.png,1,0,0,0,-16.014190673828125,-10.441912651062012,329.2477111816406,129.1552734375,1181.5280467509665,0.12650953984287316
740_img_.png,0,0,0,1,-23.716854095458984,-3.7933506965637207,476.0306701660156,169.3828887939453,37.50012287988091,0.017697588554286374
741_img_.png,0,1,0,0,-8.924820899963379,3.204529285430908,303.6279296875,125.47093963623047,152.55646318705237,0.07823468328141225
743_img_.png,1,0,0,1,-8.570084571838379,-30.94416618347168,151.37347412109375,160.2498321533203,66.76560780927707,0.022428125
744_img_.png,0,0,0,0,-7.328417778015137,0.768369734287262,226.45721435546875,145.15567016601562,1878.9541148936944,0.15809411406380872
745_img_.png,1,0,0,0,-1.7907780408859253,-28.051694869995117,435.26629638671875,169.0815887451172,206.89828439346985,0.05048739711934156
746_img_.png,1,0,0,0,-4.350439548492432,-5.442282199859619,79.54165649414062,152.6896514892578,187.9841219203933,0.09876898899947617
747_img_.png,0,1,0,1,-26.66196632385254,45.424217224121094,199.81588745117188,175.30740356445312,24.630910558794866,0.009129173820712091
748_img_.png,0,1,0,1,-17.548179626464844,29.3044376373291,133.4433135986328,140.23353576660156,13.881140854179593,0.0022349809281627464
749_img_.png,0,0,0,1,-4.566932678222656,-2.0581917762756348,227.09368896484375,132.3289337158203,61.9730893216872,0.04362205062205062
74_img_.png,1,0,0,0,-10.177376747131348,-25.208932876586914,170.75103759765625,193.02003479003906,150.54927552757263,0.039462890625
750_img_.png,1,0,0,1,-3.1402058601379395,-13.647110939025879,494.1480407714844,128.98080444335938,56.83479141638255,0.020744744744744744
751_img_.png,0,1,0,1,-11.67525577545166,2.8616573810577393,403.3032531738281,121.02315521240234,77.23107234798316,0.0381838657729805
752_img_.png,1,0,0,0,-6.126101016998291,-6.780808925628662,640.8035888671875,147.55633544921875,3558.008382335117,0.18756186705246325
753_img_.png,1,0,0,0,-10.045888900756836,-4.944244384765625,331.6002197265625,129.59217834472656,291.7041608591604,0.04809818097014926
754_img_.png,1,0,0,0,-6.542588233947754,-14.587048530578613,352.8079833984375,181.8282928466797,995.1881504721723,0.11970552884615385
756.png,0,1,0,1,-24.606765747070312,7.3615875244140625,366.646240234375,109.26384735107422,40.82929844956457,0.013369140625
756_img_.png,0,0,0,0,-8.969161987304688,0.7805896401405334,278.2030029296875,178.7820281982422,2002.527435392644,0.10132485719550396
757_img_.png,0,0,0,0,1.666319727897644,4.477415084838867,237.37156677246094,94.50969696044922,148.93347898583005,0.06212260353243094
758.png,0,1,0,1,-25.335735321044922,11.137128829956055,881.60205078125,147.41156005859375,71.36637216703508,0.023779296875
758_img_.png,1,0,0,1,-10.060967445373535,-14.272895812988281,82.63186645507812,171.9340057373047,53.23661431046859,0.015597168597168597
759_img_.png,1,0,0,0,0.06723080575466156,-16.376379013061523,532.94287109375,159.21234130859375,110.74349892664793,0.042150150150150154
760_img_.png,1,0,0,0,-7.7744140625,-22.5583438873291,181.03646850585938,180.2637176513672,4530.592892910841,0.2731342765986961
762_img_.png,0,1,0,0,-9.238919258117676,19.680269241333008,443.94708251953125,134.07606506347656,1163.4253453996794,0.2712477192982456
763_img_.png,0,1,0,0,-3.3769514560699463,2.805617332458496,112.05110168457031,141.50311279296875,444.5625836895691,0.163998283998284
7643.png,1,0,0,0,-25.144275665283203,-11.282020568847656,333.982666015625,138.63796997070312,88.17833224727372,0.034683159722222225
764_img_.png,0,0,0,0,-3.222294569015503,0.047341518104076385,41.74589538574219,146.20596313476562,310.5055367564063,0.14331122693245124
7654.png,1,0,0,0,-27.291996002197266,-15.653766632080078,95.07809448242188,160.44114685058594,178.55186952322381,0.06809678819444444
765_img_.png,0,0,0,0,-6.669882297515869,-0.17342448234558105,171.194580078125,149.41761779785156,428.9362683003522,0.14156974731741087
766_img_.png,0,0,0,0,-0.8391562104225159,8.233590126037598,315.36907958984375,149.5392303466797,178.75595876037062,0.11683078172117838
767_img_.png,0,0,0,1,-10.308982849121094,-3.081531524658203,794.6466064453125,147.236328125,61.808429853718394,0.028121836121836122
768_img_.png,0,0,0,1,-3.769857406616211,-1.4913183450698853,170.27084350585938,162.29725646972656,18.351239512538907,0.00191015625
769_img_.png,0,1,0,0,-11.899480819702148,31.099592208862305,324.275634765625,182.77764892578125,646.9990817906672,0.19365065451145394
76_img_.png,0,1,0,1,-31.20026397705078,2.8406965732574463,87.57984161376953,178.06072998046875,74.35962979074056,0.03728515625
770_img_.png,0,0,0,0,0.6756371855735779,-3.3427395820617676,490.5816650390625,134.97564697265625,5076.3415654804985,0.2844924434514096
771_img_.png,0,1,0,1,-6.133574485778809,5.511802673339844,289.0962219238281,159.12796020507812,75.77603443738572,0.023767142857142858
772_img_.png,1,0,0,1,-4.038360595703125,-9.090788841247559,315.4147644042969,141.83294677734375,198.09810352403352,0.011783783783783783
773_img_.png,0,1,0,0,-10.203461647033691,9.180974006652832,482.01519775390625,153.07302856445312,286.94117360391016,0.05859142857142857
775_img_.png,1,0,0,0,-8.519511222839355,-9.911239624023438,67.22393798828125,131.47003173828125,205.832853904742,0.09084197530864198
776_img_.png,1,0,0,1,-10.979264259338379,-9.3324556350708,66.79224395751953,121.61659240722656,59.090085161370226,0.02657530864197531
777_img_.png,0,0,0,0,-9.879142761230469,-3.7473978996276855,59.42356491088867,122.2276382446289,204.74801023665074,0.08318271604938271
778_img_.png,0,0,0,0,-12.419881820678711,-2.7992963790893555,36.05139923095703,119.21029663085938,136.75990205711932,0.06810699588477366
779_img_.png,0,0,0,0,-10.176778793334961,-0.38034650683403015,79.92257690429688,118.56982421875,204.62938172769327,0.09792427983539094
77_img_.png,0,0,0,0,-22.44542694091797,1.9376343488693237,336.97479248046875,147.57049560546875,763.3100628537333,0.16739803921568627
780_img_.png,0,0,0,0,-13.153438568115234,-3.3337345123291016,127.87094116210938,125.01566314697266,240.61771111110502,0.07276913580246913
781_img_.png,1,0,0,1,-12.284741401672363,-6.016019821166992,49.873008728027344,120.67407989501953,64.50353276800472,0.03031440329218107
782_img_.png,0,0,0,0,2.8416495323181152,1.0700969696044922,301.28485107421875,119.62886047363281,104.68843875070438,0.04866066066066066
783_img_.png,0,1,0,0,-6.995209693908691,7.016282081604004,271.3352966308594,120.19708251953125,451.5180126896339,0.12467267267267267
784_img_.png,1,0,0,0,0.8303471207618713,-5.76405143737793,685.1132202148438,131.54705810546875,1814.1770333681634,0.18481571428571428
785_img_.png,1,0,0,0,-2.1800286769866943,-8.663433074951172,91.52655792236328,155.36422729492188,461.57443536618575,0.10877714285714286
786_img_.png,1,0,0,1,-34.71352005004883,-5.865744113922119,296.12554931640625,161.08370971679688,36.02644517107447,0.009509874183787227
787_img_.png,1,0,0,0,-6.627285957336426,-24.683286666870117,230.09947204589844,175.7086639404297,2391.355538079467,0.11582562132588324
788_img_.png,0,1,0,0,-9.050040245056152,6.2212629318237305,301.7871398925781,157.4777374267578,232.29773140733877,0.049705714285714284
789_img_.png,0,1,0,0,-39.1103401184082,15.304944038391113,55.50852966308594,149.87774658203125,539.8980957963751,0.121745122985581
78_img_.png,1,0,0,0,6.049920082092285,-36.13913345336914,1041.8448486328125,139.121337890625,407.28029447703017,0.07330144569248133
790_img_.png,0,0,0,0,5.277053356170654,1.5066159963607788,160.90907287597656,91.89772033691406,189.55631228117178,0.07437108537108537
7916.png,1,0,0,0,-10.911827087402344,-30.402944564819336,228.8523712158203,158.53128051757812,88.82733933847214,0.031610243055555556
791_img_.png,1,0,0,0,6.446966171264648,-22.49014663696289,462.50933837890625,151.43235778808594,418.2165302502641,0.09863145238509749
792_img_.png,0,1,0,0,-6.599093914031982,7.651762962341309,949.8612670898438,170.60755920410156,521.3461539227683,0.12883697983697984
793_img_.png,1,0,0,0,9.303692817687988,-19.136720657348633,413.48828125,107.24808502197266,300.5248385497063,0.08565731633008357
794_img_.png,0,0,0,0,-5.7896013259887695,-0.8876803517341614,337.7874755859375,149.71383666992188,169.9583068961326,0.07287903682103064
795_img_.png,1,0,0,0,-0.5372467041015625,-9.150195121765137,830.1095581054688,163.98373413085938,344.1697638221888,0.08766752466752467
796_img_.png,1,0,0,1,1.0038353204727173,-14.873980522155762,130.77218627929688,124.72784423828125,43.45853745761186,0.014074217074217073
797_img_.png,1,0,0,0,-1.761648178100586,-20.07329559326172,741.8906860351562,192.1045379638672,595.3305017820902,0.10317331617331617
798_img_.png,1,0,0,1,-3.1044020652770996,-18.592655181884766,181.93191528320312,135.30319213867188,43.74133195589394,0.015936078936078936
799_img_.png,1,0,0,0,7.721961498260498,-19.971891403198242,883.48388671875,156.80934143066406,734.7332767152094,0.1482432611646995
79_img_.png,0,0,0,0,-6.0235676765441895,-2.1781303882598877,377.99639892578125,125.72443389892578,3893.3097037866805,0.2107189322566173
7_img_.png,1,0,0,0,-19.156898498535156,-11.582244873046875,130.64761352539062,118.11164855957031,211.65281739468088,0.03910466356197772
800_img_.png,1,0,0,0,-9.798961639404297,-5.535623073577881,544.1694946289062,156.75222778320312,133.26295480053395,0.057278850278850275
8010.png,1,0,0,0,-15.264467239379883,-27.651683807373047,370.48907470703125,168.11514282226562,116.83166448175878,0.04137261284722222
802_img_.png,0,1,0,1,-15.076263427734375,4.688570499420166,328.1343688964844,164.08863830566406,164.7766681821776,0.010280147007835794
803_img_.png,1,0,0,0,-3.3682608604431152,-7.230597019195557,78.25798797607422,120.3450927734375,144.37719945405897,0.07105534105534106
8046.png,1,0,0,1,-13.325401306152344,-30.617387771606445,87.044921875,169.49240112304688,44.93377602793376,0.012201605902777777
804_img_.png,0,1,0,0,-5.177758693695068,11.75937557220459,218.12989807128906,172.90728759765625,187.3448013477551,0.03427285714285714
8056.png,1,0,0,0,-19.708341598510742,-25.1263370513916,59.893165588378906,169.32508850097656,123.53509761638878,0.03962673611111111
806_img_.png,0,0,0,0,-2.459136724472046,-3.8222930431365967,129.24234008789062,115.40514373779297,2107.4609038111535,0.2208984375
807_img_.png,1,0,0,0,-21.162382125854492,-10.593101501464844,194.95782470703125,201.60533142089844,379.2680060051229,0.10610387241658402
808_img_.png,1,0,0,0,-10.420008659362793,-26.269054412841797,516.8058471679688,154.5740509033203,166.22583711905304,0.030255714285714285
809_img_.png,1,0,0,0,-4.326550483703613,-18.000347137451172,246.3551483154297,189.2378692626953,225.39197775986136,0.05929906542056075
80_img_.png,0,1,0,0,-12.250195503234863,12.606276512145996,57.53936767578125,163.3784637451172,298.4501952480316,0.15072591145833333
810_img_.png,1,0,0,0,-2.7496836185455322,-34.85883712768555,427.01971435546875,184.50650024414062,1014.1059622662202,0.031447265625
811_img_.png,1,0,0,0,0.26356032490730286,-33.182586669921875,95.67223358154297,176.68643188476562,592.4790626973711,0.06276557061970807
812_img_.png,0,0,0,0,-25.493873596191406,-0.32912272214889526,92.53038024902344,143.63648986816406,651.6239543638223,0.15267903645833333
813_img_.png,1,0,0,0,-26.857526779174805,-16.1444034576416,157.34983825683594,167.20069885253906,83.6814770417154,0.028052571614583334
814_img_.png,1,0,0,0,1.7866926193237305,-15.877392768859863,53.75028991699219,121.92567443847656,210.23409137580248,0.036085185185185185
815_img_.png,1,0,0,0,-2.199925661087036,-4.748318195343018,535.6309814453125,154.04312133789062,1754.6493533546495,0.18344178695741195
816_img_.png,1,0,0,0,-12.366039276123047,-5.470184326171875,426.7774353027344,175.1621551513672,194.55677005669705,0.06899691358024691
817_img_.png,0,1,0,0,-28.00425148010254,7.478058338165283,358.94354248046875,173.3461151123047,294.9169885919565,0.1328869145552265
818_img_.png,1,0,0,1,-18.723264694213867,-10.099041938781738,185.9381866455078,127.55443572998047,31.746340734367053,0.013610699588477366
819_img_.png,0,0,0,0,1.4376593828201294,11.357670783996582,201.4661102294922,91.88147735595703,178.32453648109214,0.03403239063338701
820_img_.png,0,0,0,0,0.6502313017845154,0.949317991733551,114.86149597167969,127.6171646118164,1173.9574732862366,0.1345137983624296
821_img_.png,1,0,0,0,6.817199230194092,-16.786685943603516,390.4666748046875,140.2794952392578,794.087642727683,0.12532157615971132
822_img_.png,1,0,0,0,-26.565977096557617,-4.535831451416016,327.80859375,124.6886215209961,112.26672617561668,0.03383976288828211
823_img_.png,1,0,0,0,-3.4921982288360596,-11.178492546081543,445.1931457519531,127.89706420898438,694.4609822745911,0.1378457264957265
8262.png,1,0,0,1,-6.7467427253723145,-37.88655471801758,262.29791259765625,179.9405059814453,45.17443351293022,0.014918619791666667
827_img_.png,0,0,0,0,-9.452658653259277,-3.7685248851776123,205.73545837402344,143.09800720214844,179.5611515396523,0.08678987873134328
8288.png,1,0,0,1,-15.040994644165039,-29.520450592041016,127.89166259765625,172.93170166015625,32.75876946115376,0.009805772569444444
828_img_.png,1,0,0,0,-5.49492883682251,-11.747593879699707,527.37744140625,172.80612182617188,287.7048437052987,0.10692221840659341
829_img_.png,1,0,0,0,-13.884054183959961,-14.94067668914795,337.7471923828125,194.62847900390625,3246.8641005166614,0.1539889498873874
82_img_.png,0,1,0,0,-12.723857879638672,14.813336372375488,47.37804412841797,166.10874938964844,306.1724177485042,0.17217122395833334
831_img_.png,1,0,0,0,-4.130931854248047,-22.8084716796875,525.6451416015625,160.5893096923828,358.1530366048645,0.0992551282051282
832_img_.png,0,1,0,0,-10.307791709899902,3.662966012954712,335.7200622558594,142.8625946044922,3235.867981327904,0.2083735002608242
833_img_.png,1,0,0,0,-3.3881642818450928,-22.847387313842773,513.1566772460938,171.04403686523438,2357.1162973760875,0.15584657470461558
834_img_.png,1,0,0,1,-29.960481643676758,-7.300265789031982,193.68247985839844,151.44509887695312,4.962600892468441,0.0012467447916666666
835_img_.png,0,0,0,0,-17.133054733276367,-1.9817290306091309,175.88577270507812,178.33641052246094,228.4309671896821,0.03792775197360863
837.png,1,0,0,1,-5.086083889007568,-8.29595947265625,153.5914764404297,106.45873260498047,64.31660375425433,0.03821723090277778
837_img_.png,1,0,0,1,-2.903876304626465,-13.943674087524414,48.47553253173828,139.67259216308594,32.324854013640724,0.004734204793028322
838_img_.png,0,0,0,0,3.223677396774292,-2.0946335792541504,200.73098754882812,139.67071533203125,2228.768750024421,0.21555206332576685
841.png,1,0,0,1,-14.716267585754395,-5.581462860107422,143.94113159179688,109.50798797607422,11.490855666774,0.0030262586805555555
841_img_.png,1,0,0,0,12.102273941040039,-37.60987091064453,1141.1534423828125,133.36630249023438,483.6355358518105,0.07906741565909854
842_img_.png,1,0,0,0,-22.62087631225586,-9.582837104797363,133.79571533203125,149.9273223876953,134.00045819876559,0.06903938045806558
843_img_.png,0,0,0,0,-23.77500343322754,-2.795908212661743,313.38525390625,162.8437957763672,446.98546215303566,0.08376808408093551
844_img_.png,1,0,0,0,-11.522890090942383,-15.399209976196289,336.5020446777344,117.3807373046875,748.2340096285957,0.11938753029301609
845_img_.png,1,0,0,0,-11.5378999710083,-6.1823649406433105,64.96585083007812,98.7307357788086,136.84307176797543,0.0830465367965368
846_img_.png,1,0,0,0,2.9879262447357178,-12.337949752807617,345.31451416015625,129.85220336914062,1019.3904007329816,0.1395156934902473
847_img_.png,1,0,0,0,-2.5267155170440674,-12.482250213623047,265.48565673828125,113.36580657958984,313.3802081262263,0.0564525462962963
848_img_.png,0,0,0,0,0.14755454659461975,-0.8981971144676208,20.37984848022461,143.07681274414062,398.6606471183389,0.10556660667487607
849_img_.png,1,0,0,0,-21.76555061340332,-6.557397365570068,199.37405395507812,175.2279052734375,1589.2374714130756,0.08427823485415109
850_img_.png,1,0,0,1,-30.137706756591797,-18.41618537902832,85.83097076416016,186.6975555419922,63.41102167278455,0.005891003460207612
851_img_.png,0,0,0,0,1.7758963108062744,-0.3111555576324463,145.19935607910156,134.36865234375,720.4537033783813,0.1277074074074074
852_img_.png,1,0,0,0,-0.5168390870094299,-33.990848541259766,174.0219268798828,146.83265686035156,848.3091777460066,0.09707902335099375
854_img_.png,1,0,0,0,-25.96673011779785,-16.481109619140625,91.63052368164062,175.33457946777344,187.733502576135,0.057981427174975564
855_img_.png,1,0,0,1,-14.127345085144043,-30.8087215423584,53.045650482177734,188.76974487304688,75.70407420395216,0.0169826224328594
856_img_.png,1,0,0,0,-4.89465856552124,-14.025099754333496,209.20574951171875,146.46054077148438,816.6770318453466,0.1158929176550322
857_img_.png,1,0,0,0,-25.76808738708496,-4.265706539154053,98.48992919921875,121.89766693115234,1467.1610383852174,0.21056338028169014
858_img_.png,0,1,0,1,-19.267127990722656,7.919528484344482,53.02122497558594,125.14347076416016,22.648348581729316,0.0010563254198445947
859_img_.png,1,0,0,0,-18.448810577392578,-15.628040313720703,118.67782592773438,120.58494567871094,129.68256334872075,0.034919390337845274
860_img_.png,0,1,0,0,-35.7028694152832,19.568769454956055,580.0761108398438,187.68490600585938,505.6396293415006,0.1128
861_img_.png,1,0,0,1,-22.492834091186523,-16.05517578125,170.39447021484375,140.5786895751953,61.087971195679366,0.015389628526207988
862_img_.png,1,0,0,0,-22.101078033447266,-18.506118774414062,299.48382568359375,165.3867950439453,269.2789037692402,0.034338070543718624
863_img_.png,1,0,0,0,-8.871624946594238,-8.139241218566895,393.0374450683594,167.36611938476562,809.1732739287085,0.1423507462686567
865_img_.png,1,0,0,0,-28.538129806518555,-13.432584762573242,268.04638671875,167.0434112548828,534.9918005103784,0.11383915885194658
866_img_.png,0,0,0,0,-9.725441932678223,0.5594062805175781,297.7142639160156,129.28465270996094,2231.5796307456003,0.22374344742522356
867_img_.png,1,0,0,1,-17.721763610839844,-25.935134887695312,209.4306640625,167.26963806152344,41.587802556843144,0.015314103103187284
868_img_.png,1,0,0,0,-12.511058807373047,-16.732746124267578,514.7439575195312,142.94659423828125,569.697001650053,0.13271435301507536
869_img_.png,1,0,0,0,3.381516933441162,-17.381301879882812,169.169677734375,105.1075210571289,1046.839133325153,0.164306640625
86_img_.png,0,1,0,1,-34.904319763183594,2.0325469970703125,256.5865478515625,183.18130493164062,66.34075882072665,0.007698039215686275
871_img_.png,1,0,0,0,-16.651315689086914,-22.311500549316406,211.32424926757812,149.3507537841797,96.70434835258149,0.0654503287346197
872_img_.png,1,0,0,1,-12.734026908874512,-42.26519012451172,232.7095947265625,232.78147888183594,110.89910553301448,0.024793388429752067
873_img_.png,1,0,0,1,-12.608304023742676,-25.784751892089844,229.26712036132812,159.831298828125,67.52565738915337,0.011328125
874_img_.png,1,0,0,0,-0.9086958169937134,-14.050718307495117,153.5377960205078,96.46260070800781,223.89281248166233,0.034511458333333335
875_img_.png,0,1,0,0,-23.900413513183594,2.7427356243133545,48.72064971923828,183.61158752441406,818.1073887431845,0.20548995302713988
876_img_.png,1,0,0,0,-13.904781341552734,-8.341644287109375,159.7247772216797,141.3055877685547,570.6920187151715,0.10401111111111111
877_img_.png,1,0,0,0,-23.69070816040039,-9.154062271118164,352.7593994140625,135.160888671875,130.5345371597222,0.0741
878_img_.png,1,0,0,0,-11.619866371154785,-26.219404220581055,334.00323486328125,149.93150329589844,968.8483012605816,0.13267457180500658
879_img_.png,1,0,0,1,-8.179648399353027,-27.684452056884766,564.3936767578125,136.51573181152344,106.02943235862827,0.005751851851851852
87_img_.png,1,0,0,0,-2.428238868713379,-9.82681655883789,77.81608581542969,155.25994873046875,416.57434883091184,0.07191080729166667
880_img_.png,1,0,0,0,-2.654000759124756,-23.758827209472656,104.05675506591797,136.1530303955078,421.3800596635183,0.07526041666666666
881_img_.png,1,0,0,1,-27.92464828491211,-7.614422798156738,58.84436798095703,139.2862548828125,136.5432868376159,0.01017604346236222
887_img_.png,1,0,0,0,-16.031719207763672,-16.604501724243164,327.94866943359375,162.08255004882812,1710.2005291567716,0.17955210772833724
889_img_.png,0,1,0,1,-12.729511260986328,6.168307304382324,112.92643737792969,121.6911392211914,50.828236728926726,0.017277973395931144
890.png,0,0,0,1,-24.091733932495117,1.121254324913025,25.354093551635742,104.91908264160156,10.56983258282226,0.0015983072916666667
890_img_.png,0,1,0,1,-11.658788681030273,11.372743606567383,203.2848663330078,125.3298568725586,99.43179851666233,0.0137484375
891_img_.png,0,1,0,0,-25.654264450073242,7.436033248901367,205.3259735107422,114.7822494506836,106.54434374541556,0.029676041666666667
892_img_.png,0,1,0,1,-26.50760269165039,3.7161686420440674,30.840030670166016,172.6044158935547,14.930438754474826,0.0
893_img_.png,1,0,0,1,-18.09765625,-25.653244018554688,400.35516357421875,173.00753784179688,93.1693098600686,0.02441851851851852
895_img_.png,0,0,0,1,-30.03422737121582,-0.47002169489860535,176.5890350341797,137.40036010742188,57.19517394454273,0.03331814236111111
896_img_.png,1,0,0,1,-22.386577606201172,-8.25999927520752,264.4807434082031,148.28172302246094,14.213297417947981,0.0029329427083333334
89_img_.png,1,0,0,0,-21.866601943969727,-4.6891632080078125,141.15609741210938,191.40350341796875,533.2291753148237,0.0691319029106858
8_img_.png,0,1,0,1,-42.427146911621094,18.341678619384766,71.08231353759766,149.83482360839844,63.49510176352529,0.008239906573239907
901_img_.png,0,0,0,0,-1.1448673009872437,14.442821502685547,112.69441223144531,133.289794921875,424.0554861499644,0.15720654380448196
904_img_.png,0,1,0,1,-15.96950912475586,41.12418746948242,203.54959106445312,154.17251586914062,42.88777636637981,0.012734283920724598
905_img_.png,0,0,0,1,-0.676520049571991,-1.5950385332107544,418.03955078125,160.6940155029297,2.2881606677052595,0.0
906_img_.png,0,1,0,1,-52.42976379394531,48.373321533203125,88.35916137695312,172.28903198242188,48.495277211717955,0.0019298797946419497
907_img_.png,0,1,0,1,-24.9360408782959,21.758056640625,25.319900512695312,147.77679443359375,8.851146696444227,7.375081380208333e-05
908_img_.png,0,1,0,1,-34.545711517333984,14.31423568725586,40.207401275634766,173.4603729248047,39.02474801930201,0.0037008977942649146
909_img_.png,0,1,0,1,-63.47206115722656,62.72624969482422,18.534481048583984,180.57034301757812,13.926717224410407,0.00044705735313204536
90_img_.png,1,0,0,0,0.03882487118244171,-8.96541690826416,87.05384826660156,153.36521911621094,624.3458165583187,0.095966796875
910_img_.png,0,1,0,1,-62.682010650634766,60.580142974853516,85.20991516113281,189.71109008789062,40.92282515437923,0.0005590082128346303
911_img_.png,1,0,0,1,-6.206062316894531,-27.059932708740234,89.3056411743164,155.29556274414062,28.81741130673045,0.018327510351966874
912_img_.png,1,0,0,1,2.587712526321411,-28.539209365844727,233.10662841796875,164.17637634277344,27.499588148788927,0.004372549019607843
913_img_.png,1,0,0,0,-16.047861099243164,-10.115792274475098,308.86517333984375,137.6093292236328,1626.113666961038,0.12277866666666666
914_img_.png,1,0,0,0,-14.179301261901855,-25.319141387939453,504.202880859375,163.05467224121094,1648.9099889179306,0.036138666666666666
915_img_.png,0,1,0,0,-14.187129020690918,7.990846633911133,603.5013427734375,119.56204223632812,1328.190173082055,0.1161981981981982
916_img_.png,0,1,0,0,-18.454811096191406,6.9333815574646,109.2807388305664,110.00059509277344,3825.445412458126,0.2672
917_img_.png,0,1,0,0,-7.4892578125,4.624658107757568,232.44313049316406,105.45234680175781,186.42656567500433,0.079970703125
918_img_.png,1,0,0,0,0.09397866576910019,-4.629589557647705,262.9098205566406,115.61959838867188,799.2754792963129,0.105456
919_img_.png,0,1,0,0,-7.786787986755371,27.251916885375977,645.0282592773438,162.78582763671875,1222.9086689539615,0.11083916083916084
91_img_.png,0,1,0,0,-30.729721069335938,27.317886352539062,231.43775939941406,101.25157928466797,337.1474459451532,0.05613655823732377
920_img_.png,0,0,0,0,-4.72029447555542,1.3362642526626587,283.1351318359375,123.72040557861328,1328.4359546023502,0.19762762762762762
921_img_.png,0,1,0,0,-15.784595489501953,12.702188491821289,264.8304443359375,121.44318389892578,221.5513072102672,0.08682758620689655
922_img_.png,0,1,0,0,-5.51478385925293,5.3590826988220215,174.9735870361328,125.05363464355469,106.42362266953953,0.029648
923_img_.png,0,1,0,0,-13.154763221740723,14.85709285736084,333.8659362792969,103.90869903564453,3794.625068648324,0.23482282282282282
924_img_.png,0,1,0,0,-28.930200576782227,6.15558385848999,737.825927734375,138.3071746826172,9699.203560997823,0.286244
925_img_.png,0,0,0,0,-7.854042053222656,-0.1403663605451584,371.9857482910156,135.87753295898438,11138.816200014933,0.25434834834834835
926_img_.png,0,0,0,0,-20.15894317626953,0.7893386483192444,1409.3450927734375,154.79632568359375,4181.64637851921,0.21353066666666667
927_img_.png,0,1,0,0,-18.78363609313965,3.462399959564209,208.84039306640625,92.89674377441406,1051.2152008424505,0.18811940298507462
928_img_.png,1,0,0,0,7.932168006896973,-20.981765747070312,688.7322998046875,127.57184600830078,4174.581249904716,0.1555975975975976
929_img_.png,0,0,0,0,-0.9602453112602234,-1.1662453413009644,773.9423828125,131.3185272216797,1925.4450236146063,0.131936
92_img_.png,1,0,0,0,0.7752473950386047,-6.936419486999512,105.66606140136719,148.86317443847656,741.1115399583181,0.10798502604166667
94_img_.png,0,0,0,0,-22.699119567871094,0.05432071164250374,785.5247192382812,146.91790771484375,1036.269191691948,0.1298412204234122
9547.png,1,0,0,0,2.587834119796753,-6.235084533691406,200.1837921142578,168.42083740234375,370.66062858864,0.09919379340277777
9554.png,1,0,0,0,-5.853091239929199,-12.967952728271484,127.12541198730469,181.0617218017578,94.03499000953273,0.05002061631944445
9557.png,1,0,0,1,-2.372816801071167,-19.886667251586914,84.52066040039062,162.77017211914062,34.131439511305025,0.019495442708333335
9567.png,1,0,0,0,-10.448031425476074,-22.00343894958496,135.12254333496094,141.13868713378906,81.50820389293034,0.027200520833333332
95_img_.png,1,0,0,0,-0.1782161444425583,-4.224059104919434,54.41082000732422,131.11585998535156,481.696918111123,0.10299153645833334
96_img_.png,0,0,0,0,-11.902144432067871,0.24637289345264435,169.97975158691406,146.9216766357422,1002.0459012490109,0.2684105960264901
97_img_.png,1,0,0,0,-1.2971810102462769,-11.746969223022461,70.44017028808594,158.58477783203125,224.6093716786596,0.0582421875
9896.png,0,0,0,0,-6.43233060836792,-1.555737853050232,817.1887817382812,138.9845733642578,163.45033580169678,0.07770833333333334
98_img_.png,1,0,0,0,0.545465886592865,-28.016008377075195,160.3098907470703,143.37380981445312,541.9009774621068,0.09905303030303031
9900.png,1,0,0,0,-12.091584205627441,-5.898502826690674,281.9388732910156,143.7162322998047,141.61480611496913,0.0398828125
9907.png,0,1,0,0,-2.820342779159546,6.046384334564209,594.1956787109375,141.9559783935547,170.12904962263698,0.031341145833333334
9947.png,0,0,0,0,7.531735897064209,10.008710861206055,338.28802490234375,102.72190856933594,105.23085110405816,0.05196614583333333
99_img_.png,1,0,0,0,-11.988046646118164,-16.29368019104004,261.94866943359375,153.41783142089844,445.97864927320364,0.043645833333333335
9_img_.png,1,0,0,0,-9.892091751098633,-26.100839614868164,252.21127319335938,136.51490783691406,171.08015576232154,0.03526363333808777
