degraded_image,degradation_type,reference_image,source_reference_path
/workspace/underwater_enhancement/data/processed/physical_degradation/blue_cast/100_img__blue.png,blue_cast,100_img_.png,/workspace/underwater_enhancement/data/raw_underwater/UIEB/reference-890/100_img_.png
/workspace/underwater_enhancement/data/processed/physical_degradation/green_cast/100_img__green.png,green_cast,100_img_.png,/workspace/underwater_enhancement/data/raw_underwater/UIEB/reference-890/100_img_.png
/workspace/underwater_enhancement/data/processed/physical_degradation/low_light/100_img__lowlight.png,low_light,100_img_.png,/workspace/underwater_enhancement/data/raw_underwater/UIEB/reference-890/100_img_.png
/workspace/underwater_enhancement/data/processed/physical_degradation/blur/100_img__blur.png,blur,100_img_.png,/workspace/underwater_enhancement/data/raw_underwater/UIEB/reference-890/100_img_.png
/workspace/underwater_enhancement/data/processed/physical_degradation/blue_cast/10139_blue.png,blue_cast,10139.png,/workspace/underwater_enhancement/data/raw_underwater/UIEB/reference-890/10139.png
/workspace/underwater_enhancement/data/processed/physical_degradation/green_cast/10139_green.png,green_cast,10139.png,/workspace/underwater_enhancement/data/raw_underwater/UIEB/reference-890/10139.png
/workspace/underwater_enhancement/data/processed/physical_degradation/low_light/10139_lowlight.png,low_light,10139.png,/workspace/underwater_enhancement/data/raw_underwater/UIEB/reference-890/10139.png
/workspace/underwater_enhancement/data/processed/physical_degradation/blur/10139_blur.png,blur,10139.png,/workspace/underwater_enhancement/data/raw_underwater/UIEB/reference-890/10139.png
/workspace/underwater_enhancement/data/processed/physical_degradation/blue_cast/10151_blue.png,blue_cast,10151.png,/workspace/underwater_enhancement/data/raw_underwater/UIEB/reference-890/10151.png
/workspace/underwater_enhancement/data/processed/physical_degradation/green_cast/10151_green.png,green_cast,10151.png,/workspace/underwater_enhancement/data/raw_underwater/UIEB/reference-890/10151.png
/workspace/underwater_enhancement/data/processed/physical_degradation/low_light/10151_lowlight.png,low_light,10151.png,/workspace/underwater_enhancement/data/raw_underwater/UIEB/reference-890/10151.png
/workspace/underwater_enhancement/data/processed/physical_degradation/blur/10151_blur.png,blur,10151.png,/workspace/underwater_enhancement/data/raw_underwater/UIEB/reference-890/10151.png
/workspace/underwater_enhancement/data/processed/physical_degradation/blue_cast/101_img__blue.png,blue_cast,101_img_.png,/workspace/underwater_enhancement/data/raw_underwater/UIEB/reference-890/101_img_.png
/workspace/underwater_enhancement/data/processed/physical_degradation/green_cast/101_img__green.png,green_cast,101_img_.png,/workspace/underwater_enhancement/data/raw_underwater/UIEB/reference-890/101_img_.png
/workspace/underwater_enhancement/data/processed/physical_degradation/low_light/101_img__lowlight.png,low_light,101_img_.png,/workspace/underwater_enhancement/data/raw_underwater/UIEB/reference-890/101_img_.png
/workspace/underwater_enhancement/data/processed/physical_degradation/blur/101_img__blur.png,blur,101_img_.png,/workspace/underwater_enhancement/data/raw_underwater/UIEB/reference-890/101_img_.png
/workspace/underwater_enhancement/data/processed/physical_degradation/blue_cast/102_img__blue.png,blue_cast,102_img_.png,/workspace/underwater_enhancement/data/raw_underwater/UIEB/reference-890/102_img_.png
/workspace/underwater_enhancement/data/processed/physical_degradation/green_cast/102_img__green.png,green_cast,102_img_.png,/workspace/underwater_enhancement/data/raw_underwater/UIEB/reference-890/102_img_.png
/workspace/underwater_enhancement/data/processed/physical_degradation/low_light/102_img__lowlight.png,low_light,102_img_.png,/workspace/underwater_enhancement/data/raw_underwater/UIEB/reference-890/102_img_.png
/workspace/underwater_enhancement/data/processed/physical_degradation/blur/102_img__blur.png,blur,102_img_.png,/workspace/underwater_enhancement/data/raw_underwater/UIEB/reference-890/102_img_.png
/workspace/underwater_enhancement/data/processed/physical_degradation/blue_cast/104_img__blue.png,blue_cast,104_img_.png,/workspace/underwater_enhancement/data/raw_underwater/UIEB/reference-890/104_img_.png
/workspace/underwater_enhancement/data/processed/physical_degradation/green_cast/104_img__green.png,green_cast,104_img_.png,/workspace/underwater_enhancement/data/raw_underwater/UIEB/reference-890/104_img_.png
/workspace/underwater_enhancement/data/processed/physical_degradation/low_light/104_img__lowlight.png,low_light,104_img_.png,/workspace/underwater_enhancement/data/raw_underwater/UIEB/reference-890/104_img_.png
/workspace/underwater_enhancement/data/processed/physical_degradation/blur/104_img__blur.png,blur,104_img_.png,/workspace/underwater_enhancement/data/raw_underwater/UIEB/reference-890/104_img_.png
/workspace/underwater_enhancement/data/processed/physical_degradation/blue_cast/105_img__blue.png,blue_cast,105_img_.png,/workspace/underwater_enhancement/data/raw_underwater/UIEB/reference-890/105_img_.png
/workspace/underwater_enhancement/data/processed/physical_degradation/green_cast/105_img__green.png,green_cast,105_img_.png,/workspace/underwater_enhancement/data/raw_underwater/UIEB/reference-890/105_img_.png
/workspace/underwater_enhancement/data/processed/physical_degradation/low_light/105_img__lowlight.png,low_light,105_img_.png,/workspace/underwater_enhancement/data/raw_underwater/UIEB/reference-890/105_img_.png
/workspace/underwater_enhancement/data/processed/physical_degradation/blur/105_img__blur.png,blur,105_img_.png,/workspace/underwater_enhancement/data/raw_underwater/UIEB/reference-890/105_img_.png
/workspace/underwater_enhancement/data/processed/physical_degradation/blue_cast/106_img__blue.png,blue_cast,106_img_.png,/workspace/underwater_enhancement/data/raw_underwater/UIEB/reference-890/106_img_.png
/workspace/underwater_enhancement/data/processed/physical_degradation/green_cast/106_img__green.png,green_cast,106_img_.png,/workspace/underwater_enhancement/data/raw_underwater/UIEB/reference-890/106_img_.png
/workspace/underwater_enhancement/data/processed/physical_degradation/low_light/106_img__lowlight.png,low_light,106_img_.png,/workspace/underwater_enhancement/data/raw_underwater/UIEB/reference-890/106_img_.png
/workspace/underwater_enhancement/data/processed/physical_degradation/blur/106_img__blur.png,blur,106_img_.png,/workspace/underwater_enhancement/data/raw_underwater/UIEB/reference-890/106_img_.png
/workspace/underwater_enhancement/data/processed/physical_degradation/blue_cast/107_img__blue.png,blue_cast,107_img_.png,/workspace/underwater_enhancement/data/raw_underwater/UIEB/reference-890/107_img_.png
/workspace/underwater_enhancement/data/processed/physical_degradation/green_cast/107_img__green.png,green_cast,107_img_.png,/workspace/underwater_enhancement/data/raw_underwater/UIEB/reference-890/107_img_.png
/workspace/underwater_enhancement/data/processed/physical_degradation/low_light/107_img__lowlight.png,low_light,107_img_.png,/workspace/underwater_enhancement/data/raw_underwater/UIEB/reference-890/107_img_.png
/workspace/underwater_enhancement/data/processed/physical_degradation/blur/107_img__blur.png,blur,107_img_.png,/workspace/underwater_enhancement/data/raw_underwater/UIEB/reference-890/107_img_.png
/workspace/underwater_enhancement/data/processed/physical_degradation/blue_cast/108_img__blue.png,blue_cast,108_img_.png,/workspace/underwater_enhancement/data/raw_underwater/UIEB/reference-890/108_img_.png
/workspace/underwater_enhancement/data/processed/physical_degradation/green_cast/108_img__green.png,green_cast,108_img_.png,/workspace/underwater_enhancement/data/raw_underwater/UIEB/reference-890/108_img_.png
/workspace/underwater_enhancement/data/processed/physical_degradation/low_light/108_img__lowlight.png,low_light,108_img_.png,/workspace/underwater_enhancement/data/raw_underwater/UIEB/reference-890/108_img_.png
/workspace/underwater_enhancement/data/processed/physical_degradation/blur/108_img__blur.png,blur,108_img_.png,/workspace/underwater_enhancement/data/raw_underwater/UIEB/reference-890/108_img_.png
/workspace/underwater_enhancement/data/processed/physical_degradation/blue_cast/10909_blue.png,blue_cast,10909.png,/workspace/underwater_enhancement/data/raw_underwater/UIEB/reference-890/10909.png
/workspace/underwater_enhancement/data/processed/physical_degradation/green_cast/10909_green.png,green_cast,10909.png,/workspace/underwater_enhancement/data/raw_underwater/UIEB/reference-890/10909.png
/workspace/underwater_enhancement/data/processed/physical_degradation/low_light/10909_lowlight.png,low_light,10909.png,/workspace/underwater_enhancement/data/raw_underwater/UIEB/reference-890/10909.png
/workspace/underwater_enhancement/data/processed/physical_degradation/blur/10909_blur.png,blur,10909.png,/workspace/underwater_enhancement/data/raw_underwater/UIEB/reference-890/10909.png
/workspace/underwater_enhancement/data/processed/physical_degradation/blue_cast/10945_blue.png,blue_cast,10945.png,/workspace/underwater_enhancement/data/raw_underwater/UIEB/reference-890/10945.png
/workspace/underwater_enhancement/data/processed/physical_degradation/green_cast/10945_green.png,green_cast,10945.png,/workspace/underwater_enhancement/data/raw_underwater/UIEB/reference-890/10945.png
/workspace/underwater_enhancement/data/processed/physical_degradation/low_light/10945_lowlight.png,low_light,10945.png,/workspace/underwater_enhancement/data/raw_underwater/UIEB/reference-890/10945.png
/workspace/underwater_enhancement/data/processed/physical_degradation/blur/10945_blur.png,blur,10945.png,/workspace/underwater_enhancement/data/raw_underwater/UIEB/reference-890/10945.png
/workspace/underwater_enhancement/data/processed/physical_degradation/blue_cast/109_img__blue.png,blue_cast,109_img_.png,/workspace/underwater_enhancement/data/raw_underwater/UIEB/reference-890/109_img_.png
/workspace/underwater_enhancement/data/processed/physical_degradation/green_cast/109_img__green.png,green_cast,109_img_.png,/workspace/underwater_enhancement/data/raw_underwater/UIEB/reference-890/109_img_.png
/workspace/underwater_enhancement/data/processed/physical_degradation/low_light/109_img__lowlight.png,low_light,109_img_.png,/workspace/underwater_enhancement/data/raw_underwater/UIEB/reference-890/109_img_.png
/workspace/underwater_enhancement/data/processed/physical_degradation/blur/109_img__blur.png,blur,109_img_.png,/workspace/underwater_enhancement/data/raw_underwater/UIEB/reference-890/109_img_.png
/workspace/underwater_enhancement/data/processed/physical_degradation/blue_cast/10_img__blue.png,blue_cast,10_img_.png,/workspace/underwater_enhancement/data/raw_underwater/UIEB/reference-890/10_img_.png
/workspace/underwater_enhancement/data/processed/physical_degradation/green_cast/10_img__green.png,green_cast,10_img_.png,/workspace/underwater_enhancement/data/raw_underwater/UIEB/reference-890/10_img_.png
/workspace/underwater_enhancement/data/processed/physical_degradation/low_light/10_img__lowlight.png,low_light,10_img_.png,/workspace/underwater_enhancement/data/raw_underwater/UIEB/reference-890/10_img_.png
/workspace/underwater_enhancement/data/processed/physical_degradation/blur/10_img__blur.png,blur,10_img_.png,/workspace/underwater_enhancement/data/raw_underwater/UIEB/reference-890/10_img_.png
/workspace/underwater_enhancement/data/processed/physical_degradation/blue_cast/11052_blue.png,blue_cast,11052.png,/workspace/underwater_enhancement/data/raw_underwater/UIEB/reference-890/11052.png
/workspace/underwater_enhancement/data/processed/physical_degradation/green_cast/11052_green.png,green_cast,11052.png,/workspace/underwater_enhancement/data/raw_underwater/UIEB/reference-890/11052.png
/workspace/underwater_enhancement/data/processed/physical_degradation/low_light/11052_lowlight.png,low_light,11052.png,/workspace/underwater_enhancement/data/raw_underwater/UIEB/reference-890/11052.png
/workspace/underwater_enhancement/data/processed/physical_degradation/blur/11052_blur.png,blur,11052.png,/workspace/underwater_enhancement/data/raw_underwater/UIEB/reference-890/11052.png
/workspace/underwater_enhancement/data/processed/physical_degradation/blue_cast/11064_blue.png,blue_cast,11064.png,/workspace/underwater_enhancement/data/raw_underwater/UIEB/reference-890/11064.png
/workspace/underwater_enhancement/data/processed/physical_degradation/green_cast/11064_green.png,green_cast,11064.png,/workspace/underwater_enhancement/data/raw_underwater/UIEB/reference-890/11064.png
/workspace/underwater_enhancement/data/processed/physical_degradation/low_light/11064_lowlight.png,low_light,11064.png,/workspace/underwater_enhancement/data/raw_underwater/UIEB/reference-890/11064.png
/workspace/underwater_enhancement/data/processed/physical_degradation/blur/11064_blur.png,blur,11064.png,/workspace/underwater_enhancement/data/raw_underwater/UIEB/reference-890/11064.png
/workspace/underwater_enhancement/data/processed/physical_degradation/blue_cast/111_img__blue.png,blue_cast,111_img_.png,/workspace/underwater_enhancement/data/raw_underwater/UIEB/reference-890/111_img_.png
/workspace/underwater_enhancement/data/processed/physical_degradation/green_cast/111_img__green.png,green_cast,111_img_.png,/workspace/underwater_enhancement/data/raw_underwater/UIEB/reference-890/111_img_.png
/workspace/underwater_enhancement/data/processed/physical_degradation/low_light/111_img__lowlight.png,low_light,111_img_.png,/workspace/underwater_enhancement/data/raw_underwater/UIEB/reference-890/111_img_.png
/workspace/underwater_enhancement/data/processed/physical_degradation/blur/111_img__blur.png,blur,111_img_.png,/workspace/underwater_enhancement/data/raw_underwater/UIEB/reference-890/111_img_.png
/workspace/underwater_enhancement/data/processed/physical_degradation/blue_cast/112_img__blue.png,blue_cast,112_img_.png,/workspace/underwater_enhancement/data/raw_underwater/UIEB/reference-890/112_img_.png
/workspace/underwater_enhancement/data/processed/physical_degradation/green_cast/112_img__green.png,green_cast,112_img_.png,/workspace/underwater_enhancement/data/raw_underwater/UIEB/reference-890/112_img_.png
/workspace/underwater_enhancement/data/processed/physical_degradation/low_light/112_img__lowlight.png,low_light,112_img_.png,/workspace/underwater_enhancement/data/raw_underwater/UIEB/reference-890/112_img_.png
/workspace/underwater_enhancement/data/processed/physical_degradation/blur/112_img__blur.png,blur,112_img_.png,/workspace/underwater_enhancement/data/raw_underwater/UIEB/reference-890/112_img_.png
/workspace/underwater_enhancement/data/processed/physical_degradation/blue_cast/11374_blue.png,blue_cast,11374.png,/workspace/underwater_enhancement/data/raw_underwater/UIEB/reference-890/11374.png
/workspace/underwater_enhancement/data/processed/physical_degradation/green_cast/11374_green.png,green_cast,11374.png,/workspace/underwater_enhancement/data/raw_underwater/UIEB/reference-890/11374.png
/workspace/underwater_enhancement/data/processed/physical_degradation/low_light/11374_lowlight.png,low_light,11374.png,/workspace/underwater_enhancement/data/raw_underwater/UIEB/reference-890/11374.png
/workspace/underwater_enhancement/data/processed/physical_degradation/blur/11374_blur.png,blur,11374.png,/workspace/underwater_enhancement/data/raw_underwater/UIEB/reference-890/11374.png
/workspace/underwater_enhancement/data/processed/physical_degradation/blue_cast/11398_blue.png,blue_cast,11398.png,/workspace/underwater_enhancement/data/raw_underwater/UIEB/reference-890/11398.png
/workspace/underwater_enhancement/data/processed/physical_degradation/green_cast/11398_green.png,green_cast,11398.png,/workspace/underwater_enhancement/data/raw_underwater/UIEB/reference-890/11398.png
/workspace/underwater_enhancement/data/processed/physical_degradation/low_light/11398_lowlight.png,low_light,11398.png,/workspace/underwater_enhancement/data/raw_underwater/UIEB/reference-890/11398.png
/workspace/underwater_enhancement/data/processed/physical_degradation/blur/11398_blur.png,blur,11398.png,/workspace/underwater_enhancement/data/raw_underwater/UIEB/reference-890/11398.png
/workspace/underwater_enhancement/data/processed/physical_degradation/blue_cast/113_img__blue.png,blue_cast,113_img_.png,/workspace/underwater_enhancement/data/raw_underwater/UIEB/reference-890/113_img_.png
/workspace/underwater_enhancement/data/processed/physical_degradation/green_cast/113_img__green.png,green_cast,113_img_.png,/workspace/underwater_enhancement/data/raw_underwater/UIEB/reference-890/113_img_.png
/workspace/underwater_enhancement/data/processed/physical_degradation/low_light/113_img__lowlight.png,low_light,113_img_.png,/workspace/underwater_enhancement/data/raw_underwater/UIEB/reference-890/113_img_.png
/workspace/underwater_enhancement/data/processed/physical_degradation/blur/113_img__blur.png,blur,113_img_.png,/workspace/underwater_enhancement/data/raw_underwater/UIEB/reference-890/113_img_.png
/workspace/underwater_enhancement/data/processed/physical_degradation/blue_cast/114_img__blue.png,blue_cast,114_img_.png,/workspace/underwater_enhancement/data/raw_underwater/UIEB/reference-890/114_img_.png
/workspace/underwater_enhancement/data/processed/physical_degradation/green_cast/114_img__green.png,green_cast,114_img_.png,/workspace/underwater_enhancement/data/raw_underwater/UIEB/reference-890/114_img_.png
/workspace/underwater_enhancement/data/processed/physical_degradation/low_light/114_img__lowlight.png,low_light,114_img_.png,/workspace/underwater_enhancement/data/raw_underwater/UIEB/reference-890/114_img_.png
/workspace/underwater_enhancement/data/processed/physical_degradation/blur/114_img__blur.png,blur,114_img_.png,/workspace/underwater_enhancement/data/raw_underwater/UIEB/reference-890/114_img_.png
/workspace/underwater_enhancement/data/processed/physical_degradation/blue_cast/115_img__blue.png,blue_cast,115_img_.png,/workspace/underwater_enhancement/data/raw_underwater/UIEB/reference-890/115_img_.png
/workspace/underwater_enhancement/data/processed/physical_degradation/green_cast/115_img__green.png,green_cast,115_img_.png,/workspace/underwater_enhancement/data/raw_underwater/UIEB/reference-890/115_img_.png
/workspace/underwater_enhancement/data/processed/physical_degradation/low_light/115_img__lowlight.png,low_light,115_img_.png,/workspace/underwater_enhancement/data/raw_underwater/UIEB/reference-890/115_img_.png
/workspace/underwater_enhancement/data/processed/physical_degradation/blur/115_img__blur.png,blur,115_img_.png,/workspace/underwater_enhancement/data/raw_underwater/UIEB/reference-890/115_img_.png
/workspace/underwater_enhancement/data/processed/physical_degradation/blue_cast/116_img__blue.png,blue_cast,116_img_.png,/workspace/underwater_enhancement/data/raw_underwater/UIEB/reference-890/116_img_.png
/workspace/underwater_enhancement/data/processed/physical_degradation/green_cast/116_img__green.png,green_cast,116_img_.png,/workspace/underwater_enhancement/data/raw_underwater/UIEB/reference-890/116_img_.png
/workspace/underwater_enhancement/data/processed/physical_degradation/low_light/116_img__lowlight.png,low_light,116_img_.png,/workspace/underwater_enhancement/data/raw_underwater/UIEB/reference-890/116_img_.png
/workspace/underwater_enhancement/data/processed/physical_degradation/blur/116_img__blur.png,blur,116_img_.png,/workspace/underwater_enhancement/data/raw_underwater/UIEB/reference-890/116_img_.png
/workspace/underwater_enhancement/data/processed/physical_degradation/blue_cast/117_img__blue.png,blue_cast,117_img_.png,/workspace/underwater_enhancement/data/raw_underwater/UIEB/reference-890/117_img_.png
/workspace/underwater_enhancement/data/processed/physical_degradation/green_cast/117_img__green.png,green_cast,117_img_.png,/workspace/underwater_enhancement/data/raw_underwater/UIEB/reference-890/117_img_.png
/workspace/underwater_enhancement/data/processed/physical_degradation/low_light/117_img__lowlight.png,low_light,117_img_.png,/workspace/underwater_enhancement/data/raw_underwater/UIEB/reference-890/117_img_.png
/workspace/underwater_enhancement/data/processed/physical_degradation/blur/117_img__blur.png,blur,117_img_.png,/workspace/underwater_enhancement/data/raw_underwater/UIEB/reference-890/117_img_.png
/workspace/underwater_enhancement/data/processed/physical_degradation/blue_cast/118_img__blue.png,blue_cast,118_img_.png,/workspace/underwater_enhancement/data/raw_underwater/UIEB/reference-890/118_img_.png
/workspace/underwater_enhancement/data/processed/physical_degradation/green_cast/118_img__green.png,green_cast,118_img_.png,/workspace/underwater_enhancement/data/raw_underwater/UIEB/reference-890/118_img_.png
/workspace/underwater_enhancement/data/processed/physical_degradation/low_light/118_img__lowlight.png,low_light,118_img_.png,/workspace/underwater_enhancement/data/raw_underwater/UIEB/reference-890/118_img_.png
/workspace/underwater_enhancement/data/processed/physical_degradation/blur/118_img__blur.png,blur,118_img_.png,/workspace/underwater_enhancement/data/raw_underwater/UIEB/reference-890/118_img_.png
/workspace/underwater_enhancement/data/processed/physical_degradation/blue_cast/11_img__blue.png,blue_cast,11_img_.png,/workspace/underwater_enhancement/data/raw_underwater/UIEB/reference-890/11_img_.png
/workspace/underwater_enhancement/data/processed/physical_degradation/green_cast/11_img__green.png,green_cast,11_img_.png,/workspace/underwater_enhancement/data/raw_underwater/UIEB/reference-890/11_img_.png
/workspace/underwater_enhancement/data/processed/physical_degradation/low_light/11_img__lowlight.png,low_light,11_img_.png,/workspace/underwater_enhancement/data/raw_underwater/UIEB/reference-890/11_img_.png
/workspace/underwater_enhancement/data/processed/physical_degradation/blur/11_img__blur.png,blur,11_img_.png,/workspace/underwater_enhancement/data/raw_underwater/UIEB/reference-890/11_img_.png
/workspace/underwater_enhancement/data/processed/physical_degradation/blue_cast/120_img__blue.png,blue_cast,120_img_.png,/workspace/underwater_enhancement/data/raw_underwater/UIEB/reference-890/120_img_.png
/workspace/underwater_enhancement/data/processed/physical_degradation/green_cast/120_img__green.png,green_cast,120_img_.png,/workspace/underwater_enhancement/data/raw_underwater/UIEB/reference-890/120_img_.png
/workspace/underwater_enhancement/data/processed/physical_degradation/low_light/120_img__lowlight.png,low_light,120_img_.png,/workspace/underwater_enhancement/data/raw_underwater/UIEB/reference-890/120_img_.png
/workspace/underwater_enhancement/data/processed/physical_degradation/blur/120_img__blur.png,blur,120_img_.png,/workspace/underwater_enhancement/data/raw_underwater/UIEB/reference-890/120_img_.png
/workspace/underwater_enhancement/data/processed/physical_degradation/blue_cast/121_img__blue.png,blue_cast,121_img_.png,/workspace/underwater_enhancement/data/raw_underwater/UIEB/reference-890/121_img_.png
/workspace/underwater_enhancement/data/processed/physical_degradation/green_cast/121_img__green.png,green_cast,121_img_.png,/workspace/underwater_enhancement/data/raw_underwater/UIEB/reference-890/121_img_.png
/workspace/underwater_enhancement/data/processed/physical_degradation/low_light/121_img__lowlight.png,low_light,121_img_.png,/workspace/underwater_enhancement/data/raw_underwater/UIEB/reference-890/121_img_.png
/workspace/underwater_enhancement/data/processed/physical_degradation/blur/121_img__blur.png,blur,121_img_.png,/workspace/underwater_enhancement/data/raw_underwater/UIEB/reference-890/121_img_.png
/workspace/underwater_enhancement/data/processed/physical_degradation/blue_cast/1225_blue.png,blue_cast,1225.png,/workspace/underwater_enhancement/data/raw_underwater/UIEB/reference-890/1225.png
/workspace/underwater_enhancement/data/processed/physical_degradation/green_cast/1225_green.png,green_cast,1225.png,/workspace/underwater_enhancement/data/raw_underwater/UIEB/reference-890/1225.png
/workspace/underwater_enhancement/data/processed/physical_degradation/low_light/1225_lowlight.png,low_light,1225.png,/workspace/underwater_enhancement/data/raw_underwater/UIEB/reference-890/1225.png
/workspace/underwater_enhancement/data/processed/physical_degradation/blur/1225_blur.png,blur,1225.png,/workspace/underwater_enhancement/data/raw_underwater/UIEB/reference-890/1225.png
/workspace/underwater_enhancement/data/processed/physical_degradation/blue_cast/12290_blue.png,blue_cast,12290.png,/workspace/underwater_enhancement/data/raw_underwater/UIEB/reference-890/12290.png
/workspace/underwater_enhancement/data/processed/physical_degradation/green_cast/12290_green.png,green_cast,12290.png,/workspace/underwater_enhancement/data/raw_underwater/UIEB/reference-890/12290.png
/workspace/underwater_enhancement/data/processed/physical_degradation/low_light/12290_lowlight.png,low_light,12290.png,/workspace/underwater_enhancement/data/raw_underwater/UIEB/reference-890/12290.png
/workspace/underwater_enhancement/data/processed/physical_degradation/blur/12290_blur.png,blur,12290.png,/workspace/underwater_enhancement/data/raw_underwater/UIEB/reference-890/12290.png
/workspace/underwater_enhancement/data/processed/physical_degradation/blue_cast/12299_blue.png,blue_cast,12299.png,/workspace/underwater_enhancement/data/raw_underwater/UIEB/reference-890/12299.png
/workspace/underwater_enhancement/data/processed/physical_degradation/green_cast/12299_green.png,green_cast,12299.png,/workspace/underwater_enhancement/data/raw_underwater/UIEB/reference-890/12299.png
/workspace/underwater_enhancement/data/processed/physical_degradation/low_light/12299_lowlight.png,low_light,12299.png,/workspace/underwater_enhancement/data/raw_underwater/UIEB/reference-890/12299.png
/workspace/underwater_enhancement/data/processed/physical_degradation/blur/12299_blur.png,blur,12299.png,/workspace/underwater_enhancement/data/raw_underwater/UIEB/reference-890/12299.png
/workspace/underwater_enhancement/data/processed/physical_degradation/blue_cast/122_img__blue.png,blue_cast,122_img_.png,/workspace/underwater_enhancement/data/raw_underwater/UIEB/reference-890/122_img_.png
/workspace/underwater_enhancement/data/processed/physical_degradation/green_cast/122_img__green.png,green_cast,122_img_.png,/workspace/underwater_enhancement/data/raw_underwater/UIEB/reference-890/122_img_.png
/workspace/underwater_enhancement/data/processed/physical_degradation/low_light/122_img__lowlight.png,low_light,122_img_.png,/workspace/underwater_enhancement/data/raw_underwater/UIEB/reference-890/122_img_.png
/workspace/underwater_enhancement/data/processed/physical_degradation/blur/122_img__blur.png,blur,122_img_.png,/workspace/underwater_enhancement/data/raw_underwater/UIEB/reference-890/122_img_.png
/workspace/underwater_enhancement/data/processed/physical_degradation/blue_cast/12324_blue.png,blue_cast,12324.png,/workspace/underwater_enhancement/data/raw_underwater/UIEB/reference-890/12324.png
/workspace/underwater_enhancement/data/processed/physical_degradation/green_cast/12324_green.png,green_cast,12324.png,/workspace/underwater_enhancement/data/raw_underwater/UIEB/reference-890/12324.png
/workspace/underwater_enhancement/data/processed/physical_degradation/low_light/12324_lowlight.png,low_light,12324.png,/workspace/underwater_enhancement/data/raw_underwater/UIEB/reference-890/12324.png
/workspace/underwater_enhancement/data/processed/physical_degradation/blur/12324_blur.png,blur,12324.png,/workspace/underwater_enhancement/data/raw_underwater/UIEB/reference-890/12324.png
/workspace/underwater_enhancement/data/processed/physical_degradation/blue_cast/12336_blue.png,blue_cast,12336.png,/workspace/underwater_enhancement/data/raw_underwater/UIEB/reference-890/12336.png
/workspace/underwater_enhancement/data/processed/physical_degradation/green_cast/12336_green.png,green_cast,12336.png,/workspace/underwater_enhancement/data/raw_underwater/UIEB/reference-890/12336.png
/workspace/underwater_enhancement/data/processed/physical_degradation/low_light/12336_lowlight.png,low_light,12336.png,/workspace/underwater_enhancement/data/raw_underwater/UIEB/reference-890/12336.png
/workspace/underwater_enhancement/data/processed/physical_degradation/blur/12336_blur.png,blur,12336.png,/workspace/underwater_enhancement/data/raw_underwater/UIEB/reference-890/12336.png
/workspace/underwater_enhancement/data/processed/physical_degradation/blue_cast/12348_blue.png,blue_cast,12348.png,/workspace/underwater_enhancement/data/raw_underwater/UIEB/reference-890/12348.png
/workspace/underwater_enhancement/data/processed/physical_degradation/green_cast/12348_green.png,green_cast,12348.png,/workspace/underwater_enhancement/data/raw_underwater/UIEB/reference-890/12348.png
/workspace/underwater_enhancement/data/processed/physical_degradation/low_light/12348_lowlight.png,low_light,12348.png,/workspace/underwater_enhancement/data/raw_underwater/UIEB/reference-890/12348.png
/workspace/underwater_enhancement/data/processed/physical_degradation/blur/12348_blur.png,blur,12348.png,/workspace/underwater_enhancement/data/raw_underwater/UIEB/reference-890/12348.png
/workspace/underwater_enhancement/data/processed/physical_degradation/blue_cast/123_img__blue.png,blue_cast,123_img_.png,/workspace/underwater_enhancement/data/raw_underwater/UIEB/reference-890/123_img_.png
/workspace/underwater_enhancement/data/processed/physical_degradation/green_cast/123_img__green.png,green_cast,123_img_.png,/workspace/underwater_enhancement/data/raw_underwater/UIEB/reference-890/123_img_.png
/workspace/underwater_enhancement/data/processed/physical_degradation/low_light/123_img__lowlight.png,low_light,123_img_.png,/workspace/underwater_enhancement/data/raw_underwater/UIEB/reference-890/123_img_.png
/workspace/underwater_enhancement/data/processed/physical_degradation/blur/123_img__blur.png,blur,123_img_.png,/workspace/underwater_enhancement/data/raw_underwater/UIEB/reference-890/123_img_.png
/workspace/underwater_enhancement/data/processed/physical_degradation/blue_cast/12422_blue.png,blue_cast,12422.png,/workspace/underwater_enhancement/data/raw_underwater/UIEB/reference-890/12422.png
/workspace/underwater_enhancement/data/processed/physical_degradation/green_cast/12422_green.png,green_cast,12422.png,/workspace/underwater_enhancement/data/raw_underwater/UIEB/reference-890/12422.png
/workspace/underwater_enhancement/data/processed/physical_degradation/low_light/12422_lowlight.png,low_light,12422.png,/workspace/underwater_enhancement/data/raw_underwater/UIEB/reference-890/12422.png
/workspace/underwater_enhancement/data/processed/physical_degradation/blur/12422_blur.png,blur,12422.png,/workspace/underwater_enhancement/data/raw_underwater/UIEB/reference-890/12422.png
/workspace/underwater_enhancement/data/processed/physical_degradation/blue_cast/12433_blue.png,blue_cast,12433.png,/workspace/underwater_enhancement/data/raw_underwater/UIEB/reference-890/12433.png
/workspace/underwater_enhancement/data/processed/physical_degradation/green_cast/12433_green.png,green_cast,12433.png,/workspace/underwater_enhancement/data/raw_underwater/UIEB/reference-890/12433.png
/workspace/underwater_enhancement/data/processed/physical_degradation/low_light/12433_lowlight.png,low_light,12433.png,/workspace/underwater_enhancement/data/raw_underwater/UIEB/reference-890/12433.png
/workspace/underwater_enhancement/data/processed/physical_degradation/blur/12433_blur.png,blur,12433.png,/workspace/underwater_enhancement/data/raw_underwater/UIEB/reference-890/12433.png
/workspace/underwater_enhancement/data/processed/physical_degradation/blue_cast/12445_blue.png,blue_cast,12445.png,/workspace/underwater_enhancement/data/raw_underwater/UIEB/reference-890/12445.png
/workspace/underwater_enhancement/data/processed/physical_degradation/green_cast/12445_green.png,green_cast,12445.png,/workspace/underwater_enhancement/data/raw_underwater/UIEB/reference-890/12445.png
/workspace/underwater_enhancement/data/processed/physical_degradation/low_light/12445_lowlight.png,low_light,12445.png,/workspace/underwater_enhancement/data/raw_underwater/UIEB/reference-890/12445.png
/workspace/underwater_enhancement/data/processed/physical_degradation/blur/12445_blur.png,blur,12445.png,/workspace/underwater_enhancement/data/raw_underwater/UIEB/reference-890/12445.png
/workspace/underwater_enhancement/data/processed/physical_degradation/blue_cast/124_img__blue.png,blue_cast,124_img_.png,/workspace/underwater_enhancement/data/raw_underwater/UIEB/reference-890/124_img_.png
/workspace/underwater_enhancement/data/processed/physical_degradation/green_cast/124_img__green.png,green_cast,124_img_.png,/workspace/underwater_enhancement/data/raw_underwater/UIEB/reference-890/124_img_.png
/workspace/underwater_enhancement/data/processed/physical_degradation/low_light/124_img__lowlight.png,low_light,124_img_.png,/workspace/underwater_enhancement/data/raw_underwater/UIEB/reference-890/124_img_.png
/workspace/underwater_enhancement/data/processed/physical_degradation/blur/124_img__blur.png,blur,124_img_.png,/workspace/underwater_enhancement/data/raw_underwater/UIEB/reference-890/124_img_.png
/workspace/underwater_enhancement/data/processed/physical_degradation/blue_cast/125_img__blue.png,blue_cast,125_img_.png,/workspace/underwater_enhancement/data/raw_underwater/UIEB/reference-890/125_img_.png
/workspace/underwater_enhancement/data/processed/physical_degradation/green_cast/125_img__green.png,green_cast,125_img_.png,/workspace/underwater_enhancement/data/raw_underwater/UIEB/reference-890/125_img_.png
/workspace/underwater_enhancement/data/processed/physical_degradation/low_light/125_img__lowlight.png,low_light,125_img_.png,/workspace/underwater_enhancement/data/raw_underwater/UIEB/reference-890/125_img_.png
/workspace/underwater_enhancement/data/processed/physical_degradation/blur/125_img__blur.png,blur,125_img_.png,/workspace/underwater_enhancement/data/raw_underwater/UIEB/reference-890/125_img_.png
/workspace/underwater_enhancement/data/processed/physical_degradation/blue_cast/12900_blue.png,blue_cast,12900.png,/workspace/underwater_enhancement/data/raw_underwater/UIEB/reference-890/12900.png
/workspace/underwater_enhancement/data/processed/physical_degradation/green_cast/12900_green.png,green_cast,12900.png,/workspace/underwater_enhancement/data/raw_underwater/UIEB/reference-890/12900.png
/workspace/underwater_enhancement/data/processed/physical_degradation/low_light/12900_lowlight.png,low_light,12900.png,/workspace/underwater_enhancement/data/raw_underwater/UIEB/reference-890/12900.png
/workspace/underwater_enhancement/data/processed/physical_degradation/blur/12900_blur.png,blur,12900.png,/workspace/underwater_enhancement/data/raw_underwater/UIEB/reference-890/12900.png
/workspace/underwater_enhancement/data/processed/physical_degradation/blue_cast/129_img__blue.png,blue_cast,129_img_.png,/workspace/underwater_enhancement/data/raw_underwater/UIEB/reference-890/129_img_.png
/workspace/underwater_enhancement/data/processed/physical_degradation/green_cast/129_img__green.png,green_cast,129_img_.png,/workspace/underwater_enhancement/data/raw_underwater/UIEB/reference-890/129_img_.png
/workspace/underwater_enhancement/data/processed/physical_degradation/low_light/129_img__lowlight.png,low_light,129_img_.png,/workspace/underwater_enhancement/data/raw_underwater/UIEB/reference-890/129_img_.png
/workspace/underwater_enhancement/data/processed/physical_degradation/blur/129_img__blur.png,blur,129_img_.png,/workspace/underwater_enhancement/data/raw_underwater/UIEB/reference-890/129_img_.png
/workspace/underwater_enhancement/data/processed/physical_degradation/blue_cast/130_img__blue.png,blue_cast,130_img_.png,/workspace/underwater_enhancement/data/raw_underwater/UIEB/reference-890/130_img_.png
/workspace/underwater_enhancement/data/processed/physical_degradation/green_cast/130_img__green.png,green_cast,130_img_.png,/workspace/underwater_enhancement/data/raw_underwater/UIEB/reference-890/130_img_.png
/workspace/underwater_enhancement/data/processed/physical_degradation/low_light/130_img__lowlight.png,low_light,130_img_.png,/workspace/underwater_enhancement/data/raw_underwater/UIEB/reference-890/130_img_.png
/workspace/underwater_enhancement/data/processed/physical_degradation/blur/130_img__blur.png,blur,130_img_.png,/workspace/underwater_enhancement/data/raw_underwater/UIEB/reference-890/130_img_.png
/workspace/underwater_enhancement/data/processed/physical_degradation/blue_cast/131_img__blue.png,blue_cast,131_img_.png,/workspace/underwater_enhancement/data/raw_underwater/UIEB/reference-890/131_img_.png
/workspace/underwater_enhancement/data/processed/physical_degradation/green_cast/131_img__green.png,green_cast,131_img_.png,/workspace/underwater_enhancement/data/raw_underwater/UIEB/reference-890/131_img_.png
/workspace/underwater_enhancement/data/processed/physical_degradation/low_light/131_img__lowlight.png,low_light,131_img_.png,/workspace/underwater_enhancement/data/raw_underwater/UIEB/reference-890/131_img_.png
/workspace/underwater_enhancement/data/processed/physical_degradation/blur/131_img__blur.png,blur,131_img_.png,/workspace/underwater_enhancement/data/raw_underwater/UIEB/reference-890/131_img_.png
/workspace/underwater_enhancement/data/processed/physical_degradation/blue_cast/133_img__blue.png,blue_cast,133_img_.png,/workspace/underwater_enhancement/data/raw_underwater/UIEB/reference-890/133_img_.png
/workspace/underwater_enhancement/data/processed/physical_degradation/green_cast/133_img__green.png,green_cast,133_img_.png,/workspace/underwater_enhancement/data/raw_underwater/UIEB/reference-890/133_img_.png
/workspace/underwater_enhancement/data/processed/physical_degradation/low_light/133_img__lowlight.png,low_light,133_img_.png,/workspace/underwater_enhancement/data/raw_underwater/UIEB/reference-890/133_img_.png
/workspace/underwater_enhancement/data/processed/physical_degradation/blur/133_img__blur.png,blur,133_img_.png,/workspace/underwater_enhancement/data/raw_underwater/UIEB/reference-890/133_img_.png
/workspace/underwater_enhancement/data/processed/physical_degradation/blue_cast/135_img__blue.png,blue_cast,135_img_.png,/workspace/underwater_enhancement/data/raw_underwater/UIEB/reference-890/135_img_.png
/workspace/underwater_enhancement/data/processed/physical_degradation/green_cast/135_img__green.png,green_cast,135_img_.png,/workspace/underwater_enhancement/data/raw_underwater/UIEB/reference-890/135_img_.png
/workspace/underwater_enhancement/data/processed/physical_degradation/low_light/135_img__lowlight.png,low_light,135_img_.png,/workspace/underwater_enhancement/data/raw_underwater/UIEB/reference-890/135_img_.png
/workspace/underwater_enhancement/data/processed/physical_degradation/blur/135_img__blur.png,blur,135_img_.png,/workspace/underwater_enhancement/data/raw_underwater/UIEB/reference-890/135_img_.png
/workspace/underwater_enhancement/data/processed/physical_degradation/blue_cast/136_img__blue.png,blue_cast,136_img_.png,/workspace/underwater_enhancement/data/raw_underwater/UIEB/reference-890/136_img_.png
/workspace/underwater_enhancement/data/processed/physical_degradation/green_cast/136_img__green.png,green_cast,136_img_.png,/workspace/underwater_enhancement/data/raw_underwater/UIEB/reference-890/136_img_.png
/workspace/underwater_enhancement/data/processed/physical_degradation/low_light/136_img__lowlight.png,low_light,136_img_.png,/workspace/underwater_enhancement/data/raw_underwater/UIEB/reference-890/136_img_.png
/workspace/underwater_enhancement/data/processed/physical_degradation/blur/136_img__blur.png,blur,136_img_.png,/workspace/underwater_enhancement/data/raw_underwater/UIEB/reference-890/136_img_.png
/workspace/underwater_enhancement/data/processed/physical_degradation/blue_cast/137_img__blue.png,blue_cast,137_img_.png,/workspace/underwater_enhancement/data/raw_underwater/UIEB/reference-890/137_img_.png
/workspace/underwater_enhancement/data/processed/physical_degradation/green_cast/137_img__green.png,green_cast,137_img_.png,/workspace/underwater_enhancement/data/raw_underwater/UIEB/reference-890/137_img_.png
/workspace/underwater_enhancement/data/processed/physical_degradation/low_light/137_img__lowlight.png,low_light,137_img_.png,/workspace/underwater_enhancement/data/raw_underwater/UIEB/reference-890/137_img_.png
/workspace/underwater_enhancement/data/processed/physical_degradation/blur/137_img__blur.png,blur,137_img_.png,/workspace/underwater_enhancement/data/raw_underwater/UIEB/reference-890/137_img_.png
/workspace/underwater_enhancement/data/processed/physical_degradation/blue_cast/138_img__blue.png,blue_cast,138_img_.png,/workspace/underwater_enhancement/data/raw_underwater/UIEB/reference-890/138_img_.png
/workspace/underwater_enhancement/data/processed/physical_degradation/green_cast/138_img__green.png,green_cast,138_img_.png,/workspace/underwater_enhancement/data/raw_underwater/UIEB/reference-890/138_img_.png
/workspace/underwater_enhancement/data/processed/physical_degradation/low_light/138_img__lowlight.png,low_light,138_img_.png,/workspace/underwater_enhancement/data/raw_underwater/UIEB/reference-890/138_img_.png
/workspace/underwater_enhancement/data/processed/physical_degradation/blur/138_img__blur.png,blur,138_img_.png,/workspace/underwater_enhancement/data/raw_underwater/UIEB/reference-890/138_img_.png
/workspace/underwater_enhancement/data/processed/physical_degradation/blue_cast/139_img__blue.png,blue_cast,139_img_.png,/workspace/underwater_enhancement/data/raw_underwater/UIEB/reference-890/139_img_.png
/workspace/underwater_enhancement/data/processed/physical_degradation/green_cast/139_img__green.png,green_cast,139_img_.png,/workspace/underwater_enhancement/data/raw_underwater/UIEB/reference-890/139_img_.png
/workspace/underwater_enhancement/data/processed/physical_degradation/low_light/139_img__lowlight.png,low_light,139_img_.png,/workspace/underwater_enhancement/data/raw_underwater/UIEB/reference-890/139_img_.png
/workspace/underwater_enhancement/data/processed/physical_degradation/blur/139_img__blur.png,blur,139_img_.png,/workspace/underwater_enhancement/data/raw_underwater/UIEB/reference-890/139_img_.png
/workspace/underwater_enhancement/data/processed/physical_degradation/blue_cast/13_img__blue.png,blue_cast,13_img_.png,/workspace/underwater_enhancement/data/raw_underwater/UIEB/reference-890/13_img_.png
/workspace/underwater_enhancement/data/processed/physical_degradation/green_cast/13_img__green.png,green_cast,13_img_.png,/workspace/underwater_enhancement/data/raw_underwater/UIEB/reference-890/13_img_.png
/workspace/underwater_enhancement/data/processed/physical_degradation/low_light/13_img__lowlight.png,low_light,13_img_.png,/workspace/underwater_enhancement/data/raw_underwater/UIEB/reference-890/13_img_.png
/workspace/underwater_enhancement/data/processed/physical_degradation/blur/13_img__blur.png,blur,13_img_.png,/workspace/underwater_enhancement/data/raw_underwater/UIEB/reference-890/13_img_.png
/workspace/underwater_enhancement/data/processed/physical_degradation/blue_cast/1407_blue.png,blue_cast,1407.png,/workspace/underwater_enhancement/data/raw_underwater/UIEB/reference-890/1407.png
/workspace/underwater_enhancement/data/processed/physical_degradation/green_cast/1407_green.png,green_cast,1407.png,/workspace/underwater_enhancement/data/raw_underwater/UIEB/reference-890/1407.png
/workspace/underwater_enhancement/data/processed/physical_degradation/low_light/1407_lowlight.png,low_light,1407.png,/workspace/underwater_enhancement/data/raw_underwater/UIEB/reference-890/1407.png
/workspace/underwater_enhancement/data/processed/physical_degradation/blur/1407_blur.png,blur,1407.png,/workspace/underwater_enhancement/data/raw_underwater/UIEB/reference-890/1407.png
/workspace/underwater_enhancement/data/processed/physical_degradation/blue_cast/140_img__blue.png,blue_cast,140_img_.png,/workspace/underwater_enhancement/data/raw_underwater/UIEB/reference-890/140_img_.png
/workspace/underwater_enhancement/data/processed/physical_degradation/green_cast/140_img__green.png,green_cast,140_img_.png,/workspace/underwater_enhancement/data/raw_underwater/UIEB/reference-890/140_img_.png
/workspace/underwater_enhancement/data/processed/physical_degradation/low_light/140_img__lowlight.png,low_light,140_img_.png,/workspace/underwater_enhancement/data/raw_underwater/UIEB/reference-890/140_img_.png
/workspace/underwater_enhancement/data/processed/physical_degradation/blur/140_img__blur.png,blur,140_img_.png,/workspace/underwater_enhancement/data/raw_underwater/UIEB/reference-890/140_img_.png
/workspace/underwater_enhancement/data/processed/physical_degradation/blue_cast/141_img__blue.png,blue_cast,141_img_.png,/workspace/underwater_enhancement/data/raw_underwater/UIEB/reference-890/141_img_.png
/workspace/underwater_enhancement/data/processed/physical_degradation/green_cast/141_img__green.png,green_cast,141_img_.png,/workspace/underwater_enhancement/data/raw_underwater/UIEB/reference-890/141_img_.png
/workspace/underwater_enhancement/data/processed/physical_degradation/low_light/141_img__lowlight.png,low_light,141_img_.png,/workspace/underwater_enhancement/data/raw_underwater/UIEB/reference-890/141_img_.png
/workspace/underwater_enhancement/data/processed/physical_degradation/blur/141_img__blur.png,blur,141_img_.png,/workspace/underwater_enhancement/data/raw_underwater/UIEB/reference-890/141_img_.png
/workspace/underwater_enhancement/data/processed/physical_degradation/blue_cast/142_img__blue.png,blue_cast,142_img_.png,/workspace/underwater_enhancement/data/raw_underwater/UIEB/reference-890/142_img_.png
/workspace/underwater_enhancement/data/processed/physical_degradation/green_cast/142_img__green.png,green_cast,142_img_.png,/workspace/underwater_enhancement/data/raw_underwater/UIEB/reference-890/142_img_.png
/workspace/underwater_enhancement/data/processed/physical_degradation/low_light/142_img__lowlight.png,low_light,142_img_.png,/workspace/underwater_enhancement/data/raw_underwater/UIEB/reference-890/142_img_.png
/workspace/underwater_enhancement/data/processed/physical_degradation/blur/142_img__blur.png,blur,142_img_.png,/workspace/underwater_enhancement/data/raw_underwater/UIEB/reference-890/142_img_.png
/workspace/underwater_enhancement/data/processed/physical_degradation/blue_cast/143_img__blue.png,blue_cast,143_img_.png,/workspace/underwater_enhancement/data/raw_underwater/UIEB/reference-890/143_img_.png
/workspace/underwater_enhancement/data/processed/physical_degradation/green_cast/143_img__green.png,green_cast,143_img_.png,/workspace/underwater_enhancement/data/raw_underwater/UIEB/reference-890/143_img_.png
/workspace/underwater_enhancement/data/processed/physical_degradation/low_light/143_img__lowlight.png,low_light,143_img_.png,/workspace/underwater_enhancement/data/raw_underwater/UIEB/reference-890/143_img_.png
/workspace/underwater_enhancement/data/processed/physical_degradation/blur/143_img__blur.png,blur,143_img_.png,/workspace/underwater_enhancement/data/raw_underwater/UIEB/reference-890/143_img_.png
/workspace/underwater_enhancement/data/processed/physical_degradation/blue_cast/144_img__blue.png,blue_cast,144_img_.png,/workspace/underwater_enhancement/data/raw_underwater/UIEB/reference-890/144_img_.png
/workspace/underwater_enhancement/data/processed/physical_degradation/green_cast/144_img__green.png,green_cast,144_img_.png,/workspace/underwater_enhancement/data/raw_underwater/UIEB/reference-890/144_img_.png
/workspace/underwater_enhancement/data/processed/physical_degradation/low_light/144_img__lowlight.png,low_light,144_img_.png,/workspace/underwater_enhancement/data/raw_underwater/UIEB/reference-890/144_img_.png
/workspace/underwater_enhancement/data/processed/physical_degradation/blur/144_img__blur.png,blur,144_img_.png,/workspace/underwater_enhancement/data/raw_underwater/UIEB/reference-890/144_img_.png
/workspace/underwater_enhancement/data/processed/physical_degradation/blue_cast/145_img__blue.png,blue_cast,145_img_.png,/workspace/underwater_enhancement/data/raw_underwater/UIEB/reference-890/145_img_.png
/workspace/underwater_enhancement/data/processed/physical_degradation/green_cast/145_img__green.png,green_cast,145_img_.png,/workspace/underwater_enhancement/data/raw_underwater/UIEB/reference-890/145_img_.png
/workspace/underwater_enhancement/data/processed/physical_degradation/low_light/145_img__lowlight.png,low_light,145_img_.png,/workspace/underwater_enhancement/data/raw_underwater/UIEB/reference-890/145_img_.png
/workspace/underwater_enhancement/data/processed/physical_degradation/blur/145_img__blur.png,blur,145_img_.png,/workspace/underwater_enhancement/data/raw_underwater/UIEB/reference-890/145_img_.png
/workspace/underwater_enhancement/data/processed/physical_degradation/blue_cast/146_img__blue.png,blue_cast,146_img_.png,/workspace/underwater_enhancement/data/raw_underwater/UIEB/reference-890/146_img_.png
/workspace/underwater_enhancement/data/processed/physical_degradation/green_cast/146_img__green.png,green_cast,146_img_.png,/workspace/underwater_enhancement/data/raw_underwater/UIEB/reference-890/146_img_.png
/workspace/underwater_enhancement/data/processed/physical_degradation/low_light/146_img__lowlight.png,low_light,146_img_.png,/workspace/underwater_enhancement/data/raw_underwater/UIEB/reference-890/146_img_.png
/workspace/underwater_enhancement/data/processed/physical_degradation/blur/146_img__blur.png,blur,146_img_.png,/workspace/underwater_enhancement/data/raw_underwater/UIEB/reference-890/146_img_.png
/workspace/underwater_enhancement/data/processed/physical_degradation/blue_cast/148_img__blue.png,blue_cast,148_img_.png,/workspace/underwater_enhancement/data/raw_underwater/UIEB/reference-890/148_img_.png
/workspace/underwater_enhancement/data/processed/physical_degradation/green_cast/148_img__green.png,green_cast,148_img_.png,/workspace/underwater_enhancement/data/raw_underwater/UIEB/reference-890/148_img_.png
/workspace/underwater_enhancement/data/processed/physical_degradation/low_light/148_img__lowlight.png,low_light,148_img_.png,/workspace/underwater_enhancement/data/raw_underwater/UIEB/reference-890/148_img_.png
/workspace/underwater_enhancement/data/processed/physical_degradation/blur/148_img__blur.png,blur,148_img_.png,/workspace/underwater_enhancement/data/raw_underwater/UIEB/reference-890/148_img_.png
/workspace/underwater_enhancement/data/processed/physical_degradation/blue_cast/1491_blue.png,blue_cast,1491.png,/workspace/underwater_enhancement/data/raw_underwater/UIEB/reference-890/1491.png
/workspace/underwater_enhancement/data/processed/physical_degradation/green_cast/1491_green.png,green_cast,1491.png,/workspace/underwater_enhancement/data/raw_underwater/UIEB/reference-890/1491.png
/workspace/underwater_enhancement/data/processed/physical_degradation/low_light/1491_lowlight.png,low_light,1491.png,/workspace/underwater_enhancement/data/raw_underwater/UIEB/reference-890/1491.png
/workspace/underwater_enhancement/data/processed/physical_degradation/blur/1491_blur.png,blur,1491.png,/workspace/underwater_enhancement/data/raw_underwater/UIEB/reference-890/1491.png
/workspace/underwater_enhancement/data/processed/physical_degradation/blue_cast/149_img__blue.png,blue_cast,149_img_.png,/workspace/underwater_enhancement/data/raw_underwater/UIEB/reference-890/149_img_.png
/workspace/underwater_enhancement/data/processed/physical_degradation/green_cast/149_img__green.png,green_cast,149_img_.png,/workspace/underwater_enhancement/data/raw_underwater/UIEB/reference-890/149_img_.png
/workspace/underwater_enhancement/data/processed/physical_degradation/low_light/149_img__lowlight.png,low_light,149_img_.png,/workspace/underwater_enhancement/data/raw_underwater/UIEB/reference-890/149_img_.png
/workspace/underwater_enhancement/data/processed/physical_degradation/blur/149_img__blur.png,blur,149_img_.png,/workspace/underwater_enhancement/data/raw_underwater/UIEB/reference-890/149_img_.png
/workspace/underwater_enhancement/data/processed/physical_degradation/blue_cast/14_img__blue.png,blue_cast,14_img_.png,/workspace/underwater_enhancement/data/raw_underwater/UIEB/reference-890/14_img_.png
/workspace/underwater_enhancement/data/processed/physical_degradation/green_cast/14_img__green.png,green_cast,14_img_.png,/workspace/underwater_enhancement/data/raw_underwater/UIEB/reference-890/14_img_.png
/workspace/underwater_enhancement/data/processed/physical_degradation/low_light/14_img__lowlight.png,low_light,14_img_.png,/workspace/underwater_enhancement/data/raw_underwater/UIEB/reference-890/14_img_.png
/workspace/underwater_enhancement/data/processed/physical_degradation/blur/14_img__blur.png,blur,14_img_.png,/workspace/underwater_enhancement/data/raw_underwater/UIEB/reference-890/14_img_.png
/workspace/underwater_enhancement/data/processed/physical_degradation/blue_cast/15001_blue.png,blue_cast,15001.png,/workspace/underwater_enhancement/data/raw_underwater/UIEB/reference-890/15001.png
/workspace/underwater_enhancement/data/processed/physical_degradation/green_cast/15001_green.png,green_cast,15001.png,/workspace/underwater_enhancement/data/raw_underwater/UIEB/reference-890/15001.png
/workspace/underwater_enhancement/data/processed/physical_degradation/low_light/15001_lowlight.png,low_light,15001.png,/workspace/underwater_enhancement/data/raw_underwater/UIEB/reference-890/15001.png
/workspace/underwater_enhancement/data/processed/physical_degradation/blur/15001_blur.png,blur,15001.png,/workspace/underwater_enhancement/data/raw_underwater/UIEB/reference-890/15001.png
/workspace/underwater_enhancement/data/processed/physical_degradation/blue_cast/15003_blue.png,blue_cast,15003.png,/workspace/underwater_enhancement/data/raw_underwater/UIEB/reference-890/15003.png
/workspace/underwater_enhancement/data/processed/physical_degradation/green_cast/15003_green.png,green_cast,15003.png,/workspace/underwater_enhancement/data/raw_underwater/UIEB/reference-890/15003.png
/workspace/underwater_enhancement/data/processed/physical_degradation/low_light/15003_lowlight.png,low_light,15003.png,/workspace/underwater_enhancement/data/raw_underwater/UIEB/reference-890/15003.png
/workspace/underwater_enhancement/data/processed/physical_degradation/blur/15003_blur.png,blur,15003.png,/workspace/underwater_enhancement/data/raw_underwater/UIEB/reference-890/15003.png
/workspace/underwater_enhancement/data/processed/physical_degradation/blue_cast/15045_blue.png,blue_cast,15045.png,/workspace/underwater_enhancement/data/raw_underwater/UIEB/reference-890/15045.png
/workspace/underwater_enhancement/data/processed/physical_degradation/green_cast/15045_green.png,green_cast,15045.png,/workspace/underwater_enhancement/data/raw_underwater/UIEB/reference-890/15045.png
/workspace/underwater_enhancement/data/processed/physical_degradation/low_light/15045_lowlight.png,low_light,15045.png,/workspace/underwater_enhancement/data/raw_underwater/UIEB/reference-890/15045.png
/workspace/underwater_enhancement/data/processed/physical_degradation/blur/15045_blur.png,blur,15045.png,/workspace/underwater_enhancement/data/raw_underwater/UIEB/reference-890/15045.png
/workspace/underwater_enhancement/data/processed/physical_degradation/blue_cast/15094_blue.png,blue_cast,15094.png,/workspace/underwater_enhancement/data/raw_underwater/UIEB/reference-890/15094.png
/workspace/underwater_enhancement/data/processed/physical_degradation/green_cast/15094_green.png,green_cast,15094.png,/workspace/underwater_enhancement/data/raw_underwater/UIEB/reference-890/15094.png
/workspace/underwater_enhancement/data/processed/physical_degradation/low_light/15094_lowlight.png,low_light,15094.png,/workspace/underwater_enhancement/data/raw_underwater/UIEB/reference-890/15094.png
/workspace/underwater_enhancement/data/processed/physical_degradation/blur/15094_blur.png,blur,15094.png,/workspace/underwater_enhancement/data/raw_underwater/UIEB/reference-890/15094.png
/workspace/underwater_enhancement/data/processed/physical_degradation/blue_cast/150_img__blue.png,blue_cast,150_img_.png,/workspace/underwater_enhancement/data/raw_underwater/UIEB/reference-890/150_img_.png
/workspace/underwater_enhancement/data/processed/physical_degradation/green_cast/150_img__green.png,green_cast,150_img_.png,/workspace/underwater_enhancement/data/raw_underwater/UIEB/reference-890/150_img_.png
/workspace/underwater_enhancement/data/processed/physical_degradation/low_light/150_img__lowlight.png,low_light,150_img_.png,/workspace/underwater_enhancement/data/raw_underwater/UIEB/reference-890/150_img_.png
/workspace/underwater_enhancement/data/processed/physical_degradation/blur/150_img__blur.png,blur,150_img_.png,/workspace/underwater_enhancement/data/raw_underwater/UIEB/reference-890/150_img_.png
/workspace/underwater_enhancement/data/processed/physical_degradation/blue_cast/15113_blue.png,blue_cast,15113.png,/workspace/underwater_enhancement/data/raw_underwater/UIEB/reference-890/15113.png
/workspace/underwater_enhancement/data/processed/physical_degradation/green_cast/15113_green.png,green_cast,15113.png,/workspace/underwater_enhancement/data/raw_underwater/UIEB/reference-890/15113.png
/workspace/underwater_enhancement/data/processed/physical_degradation/low_light/15113_lowlight.png,low_light,15113.png,/workspace/underwater_enhancement/data/raw_underwater/UIEB/reference-890/15113.png
/workspace/underwater_enhancement/data/processed/physical_degradation/blur/15113_blur.png,blur,15113.png,/workspace/underwater_enhancement/data/raw_underwater/UIEB/reference-890/15113.png
/workspace/underwater_enhancement/data/processed/physical_degradation/blue_cast/15136_blue.png,blue_cast,15136.png,/workspace/underwater_enhancement/data/raw_underwater/UIEB/reference-890/15136.png
/workspace/underwater_enhancement/data/processed/physical_degradation/green_cast/15136_green.png,green_cast,15136.png,/workspace/underwater_enhancement/data/raw_underwater/UIEB/reference-890/15136.png
/workspace/underwater_enhancement/data/processed/physical_degradation/low_light/15136_lowlight.png,low_light,15136.png,/workspace/underwater_enhancement/data/raw_underwater/UIEB/reference-890/15136.png
/workspace/underwater_enhancement/data/processed/physical_degradation/blur/15136_blur.png,blur,15136.png,/workspace/underwater_enhancement/data/raw_underwater/UIEB/reference-890/15136.png
/workspace/underwater_enhancement/data/processed/physical_degradation/blue_cast/151_img__blue.png,blue_cast,151_img_.png,/workspace/underwater_enhancement/data/raw_underwater/UIEB/reference-890/151_img_.png
/workspace/underwater_enhancement/data/processed/physical_degradation/green_cast/151_img__green.png,green_cast,151_img_.png,/workspace/underwater_enhancement/data/raw_underwater/UIEB/reference-890/151_img_.png
/workspace/underwater_enhancement/data/processed/physical_degradation/low_light/151_img__lowlight.png,low_light,151_img_.png,/workspace/underwater_enhancement/data/raw_underwater/UIEB/reference-890/151_img_.png
/workspace/underwater_enhancement/data/processed/physical_degradation/blur/151_img__blur.png,blur,151_img_.png,/workspace/underwater_enhancement/data/raw_underwater/UIEB/reference-890/151_img_.png
/workspace/underwater_enhancement/data/processed/physical_degradation/blue_cast/152_img__blue.png,blue_cast,152_img_.png,/workspace/underwater_enhancement/data/raw_underwater/UIEB/reference-890/152_img_.png
/workspace/underwater_enhancement/data/processed/physical_degradation/green_cast/152_img__green.png,green_cast,152_img_.png,/workspace/underwater_enhancement/data/raw_underwater/UIEB/reference-890/152_img_.png
/workspace/underwater_enhancement/data/processed/physical_degradation/low_light/152_img__lowlight.png,low_light,152_img_.png,/workspace/underwater_enhancement/data/raw_underwater/UIEB/reference-890/152_img_.png
/workspace/underwater_enhancement/data/processed/physical_degradation/blur/152_img__blur.png,blur,152_img_.png,/workspace/underwater_enhancement/data/raw_underwater/UIEB/reference-890/152_img_.png
/workspace/underwater_enhancement/data/processed/physical_degradation/blue_cast/1539_blue.png,blue_cast,1539.png,/workspace/underwater_enhancement/data/raw_underwater/UIEB/reference-890/1539.png
/workspace/underwater_enhancement/data/processed/physical_degradation/green_cast/1539_green.png,green_cast,1539.png,/workspace/underwater_enhancement/data/raw_underwater/UIEB/reference-890/1539.png
/workspace/underwater_enhancement/data/processed/physical_degradation/low_light/1539_lowlight.png,low_light,1539.png,/workspace/underwater_enhancement/data/raw_underwater/UIEB/reference-890/1539.png
/workspace/underwater_enhancement/data/processed/physical_degradation/blur/1539_blur.png,blur,1539.png,/workspace/underwater_enhancement/data/raw_underwater/UIEB/reference-890/1539.png
/workspace/underwater_enhancement/data/processed/physical_degradation/blue_cast/153_img__blue.png,blue_cast,153_img_.png,/workspace/underwater_enhancement/data/raw_underwater/UIEB/reference-890/153_img_.png
/workspace/underwater_enhancement/data/processed/physical_degradation/green_cast/153_img__green.png,green_cast,153_img_.png,/workspace/underwater_enhancement/data/raw_underwater/UIEB/reference-890/153_img_.png
/workspace/underwater_enhancement/data/processed/physical_degradation/low_light/153_img__lowlight.png,low_light,153_img_.png,/workspace/underwater_enhancement/data/raw_underwater/UIEB/reference-890/153_img_.png
/workspace/underwater_enhancement/data/processed/physical_degradation/blur/153_img__blur.png,blur,153_img_.png,/workspace/underwater_enhancement/data/raw_underwater/UIEB/reference-890/153_img_.png
/workspace/underwater_enhancement/data/processed/physical_degradation/blue_cast/15418_blue.png,blue_cast,15418.png,/workspace/underwater_enhancement/data/raw_underwater/UIEB/reference-890/15418.png
/workspace/underwater_enhancement/data/processed/physical_degradation/green_cast/15418_green.png,green_cast,15418.png,/workspace/underwater_enhancement/data/raw_underwater/UIEB/reference-890/15418.png
/workspace/underwater_enhancement/data/processed/physical_degradation/low_light/15418_lowlight.png,low_light,15418.png,/workspace/underwater_enhancement/data/raw_underwater/UIEB/reference-890/15418.png
/workspace/underwater_enhancement/data/processed/physical_degradation/blur/15418_blur.png,blur,15418.png,/workspace/underwater_enhancement/data/raw_underwater/UIEB/reference-890/15418.png
/workspace/underwater_enhancement/data/processed/physical_degradation/blue_cast/15426_blue.png,blue_cast,15426.png,/workspace/underwater_enhancement/data/raw_underwater/UIEB/reference-890/15426.png
/workspace/underwater_enhancement/data/processed/physical_degradation/green_cast/15426_green.png,green_cast,15426.png,/workspace/underwater_enhancement/data/raw_underwater/UIEB/reference-890/15426.png
/workspace/underwater_enhancement/data/processed/physical_degradation/low_light/15426_lowlight.png,low_light,15426.png,/workspace/underwater_enhancement/data/raw_underwater/UIEB/reference-890/15426.png
/workspace/underwater_enhancement/data/processed/physical_degradation/blur/15426_blur.png,blur,15426.png,/workspace/underwater_enhancement/data/raw_underwater/UIEB/reference-890/15426.png
/workspace/underwater_enhancement/data/processed/physical_degradation/blue_cast/154_img__blue.png,blue_cast,154_img_.png,/workspace/underwater_enhancement/data/raw_underwater/UIEB/reference-890/154_img_.png
/workspace/underwater_enhancement/data/processed/physical_degradation/green_cast/154_img__green.png,green_cast,154_img_.png,/workspace/underwater_enhancement/data/raw_underwater/UIEB/reference-890/154_img_.png
/workspace/underwater_enhancement/data/processed/physical_degradation/low_light/154_img__lowlight.png,low_light,154_img_.png,/workspace/underwater_enhancement/data/raw_underwater/UIEB/reference-890/154_img_.png
/workspace/underwater_enhancement/data/processed/physical_degradation/blur/154_img__blur.png,blur,154_img_.png,/workspace/underwater_enhancement/data/raw_underwater/UIEB/reference-890/154_img_.png
/workspace/underwater_enhancement/data/processed/physical_degradation/blue_cast/15544_blue.png,blue_cast,15544.png,/workspace/underwater_enhancement/data/raw_underwater/UIEB/reference-890/15544.png
/workspace/underwater_enhancement/data/processed/physical_degradation/green_cast/15544_green.png,green_cast,15544.png,/workspace/underwater_enhancement/data/raw_underwater/UIEB/reference-890/15544.png
/workspace/underwater_enhancement/data/processed/physical_degradation/low_light/15544_lowlight.png,low_light,15544.png,/workspace/underwater_enhancement/data/raw_underwater/UIEB/reference-890/15544.png
/workspace/underwater_enhancement/data/processed/physical_degradation/blur/15544_blur.png,blur,15544.png,/workspace/underwater_enhancement/data/raw_underwater/UIEB/reference-890/15544.png
/workspace/underwater_enhancement/data/processed/physical_degradation/blue_cast/155_img__blue.png,blue_cast,155_img_.png,/workspace/underwater_enhancement/data/raw_underwater/UIEB/reference-890/155_img_.png
/workspace/underwater_enhancement/data/processed/physical_degradation/green_cast/155_img__green.png,green_cast,155_img_.png,/workspace/underwater_enhancement/data/raw_underwater/UIEB/reference-890/155_img_.png
/workspace/underwater_enhancement/data/processed/physical_degradation/low_light/155_img__lowlight.png,low_light,155_img_.png,/workspace/underwater_enhancement/data/raw_underwater/UIEB/reference-890/155_img_.png
/workspace/underwater_enhancement/data/processed/physical_degradation/blur/155_img__blur.png,blur,155_img_.png,/workspace/underwater_enhancement/data/raw_underwater/UIEB/reference-890/155_img_.png
/workspace/underwater_enhancement/data/processed/physical_degradation/blue_cast/156_img__blue.png,blue_cast,156_img_.png,/workspace/underwater_enhancement/data/raw_underwater/UIEB/reference-890/156_img_.png
/workspace/underwater_enhancement/data/processed/physical_degradation/green_cast/156_img__green.png,green_cast,156_img_.png,/workspace/underwater_enhancement/data/raw_underwater/UIEB/reference-890/156_img_.png
/workspace/underwater_enhancement/data/processed/physical_degradation/low_light/156_img__lowlight.png,low_light,156_img_.png,/workspace/underwater_enhancement/data/raw_underwater/UIEB/reference-890/156_img_.png
/workspace/underwater_enhancement/data/processed/physical_degradation/blur/156_img__blur.png,blur,156_img_.png,/workspace/underwater_enhancement/data/raw_underwater/UIEB/reference-890/156_img_.png
/workspace/underwater_enhancement/data/processed/physical_degradation/blue_cast/15704_blue.png,blue_cast,15704.png,/workspace/underwater_enhancement/data/raw_underwater/UIEB/reference-890/15704.png
/workspace/underwater_enhancement/data/processed/physical_degradation/green_cast/15704_green.png,green_cast,15704.png,/workspace/underwater_enhancement/data/raw_underwater/UIEB/reference-890/15704.png
/workspace/underwater_enhancement/data/processed/physical_degradation/low_light/15704_lowlight.png,low_light,15704.png,/workspace/underwater_enhancement/data/raw_underwater/UIEB/reference-890/15704.png
/workspace/underwater_enhancement/data/processed/physical_degradation/blur/15704_blur.png,blur,15704.png,/workspace/underwater_enhancement/data/raw_underwater/UIEB/reference-890/15704.png
/workspace/underwater_enhancement/data/processed/physical_degradation/blue_cast/1573_blue.png,blue_cast,1573.png,/workspace/underwater_enhancement/data/raw_underwater/UIEB/reference-890/1573.png
/workspace/underwater_enhancement/data/processed/physical_degradation/green_cast/1573_green.png,green_cast,1573.png,/workspace/underwater_enhancement/data/raw_underwater/UIEB/reference-890/1573.png
/workspace/underwater_enhancement/data/processed/physical_degradation/low_light/1573_lowlight.png,low_light,1573.png,/workspace/underwater_enhancement/data/raw_underwater/UIEB/reference-890/1573.png
/workspace/underwater_enhancement/data/processed/physical_degradation/blur/1573_blur.png,blur,1573.png,/workspace/underwater_enhancement/data/raw_underwater/UIEB/reference-890/1573.png
/workspace/underwater_enhancement/data/processed/physical_degradation/blue_cast/157_img__blue.png,blue_cast,157_img_.png,/workspace/underwater_enhancement/data/raw_underwater/UIEB/reference-890/157_img_.png
/workspace/underwater_enhancement/data/processed/physical_degradation/green_cast/157_img__green.png,green_cast,157_img_.png,/workspace/underwater_enhancement/data/raw_underwater/UIEB/reference-890/157_img_.png
/workspace/underwater_enhancement/data/processed/physical_degradation/low_light/157_img__lowlight.png,low_light,157_img_.png,/workspace/underwater_enhancement/data/raw_underwater/UIEB/reference-890/157_img_.png
/workspace/underwater_enhancement/data/processed/physical_degradation/blur/157_img__blur.png,blur,157_img_.png,/workspace/underwater_enhancement/data/raw_underwater/UIEB/reference-890/157_img_.png
/workspace/underwater_enhancement/data/processed/physical_degradation/blue_cast/158_img__blue.png,blue_cast,158_img_.png,/workspace/underwater_enhancement/data/raw_underwater/UIEB/reference-890/158_img_.png
/workspace/underwater_enhancement/data/processed/physical_degradation/green_cast/158_img__green.png,green_cast,158_img_.png,/workspace/underwater_enhancement/data/raw_underwater/UIEB/reference-890/158_img_.png
/workspace/underwater_enhancement/data/processed/physical_degradation/low_light/158_img__lowlight.png,low_light,158_img_.png,/workspace/underwater_enhancement/data/raw_underwater/UIEB/reference-890/158_img_.png
/workspace/underwater_enhancement/data/processed/physical_degradation/blur/158_img__blur.png,blur,158_img_.png,/workspace/underwater_enhancement/data/raw_underwater/UIEB/reference-890/158_img_.png
/workspace/underwater_enhancement/data/processed/physical_degradation/blue_cast/159_img__blue.png,blue_cast,159_img_.png,/workspace/underwater_enhancement/data/raw_underwater/UIEB/reference-890/159_img_.png
/workspace/underwater_enhancement/data/processed/physical_degradation/green_cast/159_img__green.png,green_cast,159_img_.png,/workspace/underwater_enhancement/data/raw_underwater/UIEB/reference-890/159_img_.png
/workspace/underwater_enhancement/data/processed/physical_degradation/low_light/159_img__lowlight.png,low_light,159_img_.png,/workspace/underwater_enhancement/data/raw_underwater/UIEB/reference-890/159_img_.png
/workspace/underwater_enhancement/data/processed/physical_degradation/blur/159_img__blur.png,blur,159_img_.png,/workspace/underwater_enhancement/data/raw_underwater/UIEB/reference-890/159_img_.png
/workspace/underwater_enhancement/data/processed/physical_degradation/blue_cast/15_img__blue.png,blue_cast,15_img_.png,/workspace/underwater_enhancement/data/raw_underwater/UIEB/reference-890/15_img_.png
/workspace/underwater_enhancement/data/processed/physical_degradation/green_cast/15_img__green.png,green_cast,15_img_.png,/workspace/underwater_enhancement/data/raw_underwater/UIEB/reference-890/15_img_.png
/workspace/underwater_enhancement/data/processed/physical_degradation/low_light/15_img__lowlight.png,low_light,15_img_.png,/workspace/underwater_enhancement/data/raw_underwater/UIEB/reference-890/15_img_.png
/workspace/underwater_enhancement/data/processed/physical_degradation/blur/15_img__blur.png,blur,15_img_.png,/workspace/underwater_enhancement/data/raw_underwater/UIEB/reference-890/15_img_.png
/workspace/underwater_enhancement/data/processed/physical_degradation/blue_cast/160_img__blue.png,blue_cast,160_img_.png,/workspace/underwater_enhancement/data/raw_underwater/UIEB/reference-890/160_img_.png
/workspace/underwater_enhancement/data/processed/physical_degradation/green_cast/160_img__green.png,green_cast,160_img_.png,/workspace/underwater_enhancement/data/raw_underwater/UIEB/reference-890/160_img_.png
/workspace/underwater_enhancement/data/processed/physical_degradation/low_light/160_img__lowlight.png,low_light,160_img_.png,/workspace/underwater_enhancement/data/raw_underwater/UIEB/reference-890/160_img_.png
/workspace/underwater_enhancement/data/processed/physical_degradation/blur/160_img__blur.png,blur,160_img_.png,/workspace/underwater_enhancement/data/raw_underwater/UIEB/reference-890/160_img_.png
/workspace/underwater_enhancement/data/processed/physical_degradation/blue_cast/161_img__blue.png,blue_cast,161_img_.png,/workspace/underwater_enhancement/data/raw_underwater/UIEB/reference-890/161_img_.png
/workspace/underwater_enhancement/data/processed/physical_degradation/green_cast/161_img__green.png,green_cast,161_img_.png,/workspace/underwater_enhancement/data/raw_underwater/UIEB/reference-890/161_img_.png
/workspace/underwater_enhancement/data/processed/physical_degradation/low_light/161_img__lowlight.png,low_light,161_img_.png,/workspace/underwater_enhancement/data/raw_underwater/UIEB/reference-890/161_img_.png
/workspace/underwater_enhancement/data/processed/physical_degradation/blur/161_img__blur.png,blur,161_img_.png,/workspace/underwater_enhancement/data/raw_underwater/UIEB/reference-890/161_img_.png
/workspace/underwater_enhancement/data/processed/physical_degradation/blue_cast/162_img__blue.png,blue_cast,162_img_.png,/workspace/underwater_enhancement/data/raw_underwater/UIEB/reference-890/162_img_.png
/workspace/underwater_enhancement/data/processed/physical_degradation/green_cast/162_img__green.png,green_cast,162_img_.png,/workspace/underwater_enhancement/data/raw_underwater/UIEB/reference-890/162_img_.png
/workspace/underwater_enhancement/data/processed/physical_degradation/low_light/162_img__lowlight.png,low_light,162_img_.png,/workspace/underwater_enhancement/data/raw_underwater/UIEB/reference-890/162_img_.png
/workspace/underwater_enhancement/data/processed/physical_degradation/blur/162_img__blur.png,blur,162_img_.png,/workspace/underwater_enhancement/data/raw_underwater/UIEB/reference-890/162_img_.png
/workspace/underwater_enhancement/data/processed/physical_degradation/blue_cast/163_img__blue.png,blue_cast,163_img_.png,/workspace/underwater_enhancement/data/raw_underwater/UIEB/reference-890/163_img_.png
/workspace/underwater_enhancement/data/processed/physical_degradation/green_cast/163_img__green.png,green_cast,163_img_.png,/workspace/underwater_enhancement/data/raw_underwater/UIEB/reference-890/163_img_.png
/workspace/underwater_enhancement/data/processed/physical_degradation/low_light/163_img__lowlight.png,low_light,163_img_.png,/workspace/underwater_enhancement/data/raw_underwater/UIEB/reference-890/163_img_.png
/workspace/underwater_enhancement/data/processed/physical_degradation/blur/163_img__blur.png,blur,163_img_.png,/workspace/underwater_enhancement/data/raw_underwater/UIEB/reference-890/163_img_.png
/workspace/underwater_enhancement/data/processed/physical_degradation/blue_cast/164_img__blue.png,blue_cast,164_img_.png,/workspace/underwater_enhancement/data/raw_underwater/UIEB/reference-890/164_img_.png
/workspace/underwater_enhancement/data/processed/physical_degradation/green_cast/164_img__green.png,green_cast,164_img_.png,/workspace/underwater_enhancement/data/raw_underwater/UIEB/reference-890/164_img_.png
/workspace/underwater_enhancement/data/processed/physical_degradation/low_light/164_img__lowlight.png,low_light,164_img_.png,/workspace/underwater_enhancement/data/raw_underwater/UIEB/reference-890/164_img_.png
/workspace/underwater_enhancement/data/processed/physical_degradation/blur/164_img__blur.png,blur,164_img_.png,/workspace/underwater_enhancement/data/raw_underwater/UIEB/reference-890/164_img_.png
/workspace/underwater_enhancement/data/processed/physical_degradation/blue_cast/165_img__blue.png,blue_cast,165_img_.png,/workspace/underwater_enhancement/data/raw_underwater/UIEB/reference-890/165_img_.png
/workspace/underwater_enhancement/data/processed/physical_degradation/green_cast/165_img__green.png,green_cast,165_img_.png,/workspace/underwater_enhancement/data/raw_underwater/UIEB/reference-890/165_img_.png
/workspace/underwater_enhancement/data/processed/physical_degradation/low_light/165_img__lowlight.png,low_light,165_img_.png,/workspace/underwater_enhancement/data/raw_underwater/UIEB/reference-890/165_img_.png
/workspace/underwater_enhancement/data/processed/physical_degradation/blur/165_img__blur.png,blur,165_img_.png,/workspace/underwater_enhancement/data/raw_underwater/UIEB/reference-890/165_img_.png
/workspace/underwater_enhancement/data/processed/physical_degradation/blue_cast/1660_blue.png,blue_cast,1660.png,/workspace/underwater_enhancement/data/raw_underwater/UIEB/reference-890/1660.png
/workspace/underwater_enhancement/data/processed/physical_degradation/green_cast/1660_green.png,green_cast,1660.png,/workspace/underwater_enhancement/data/raw_underwater/UIEB/reference-890/1660.png
/workspace/underwater_enhancement/data/processed/physical_degradation/low_light/1660_lowlight.png,low_light,1660.png,/workspace/underwater_enhancement/data/raw_underwater/UIEB/reference-890/1660.png
/workspace/underwater_enhancement/data/processed/physical_degradation/blur/1660_blur.png,blur,1660.png,/workspace/underwater_enhancement/data/raw_underwater/UIEB/reference-890/1660.png
/workspace/underwater_enhancement/data/processed/physical_degradation/blue_cast/166_img__blue.png,blue_cast,166_img_.png,/workspace/underwater_enhancement/data/raw_underwater/UIEB/reference-890/166_img_.png
/workspace/underwater_enhancement/data/processed/physical_degradation/green_cast/166_img__green.png,green_cast,166_img_.png,/workspace/underwater_enhancement/data/raw_underwater/UIEB/reference-890/166_img_.png
/workspace/underwater_enhancement/data/processed/physical_degradation/low_light/166_img__lowlight.png,low_light,166_img_.png,/workspace/underwater_enhancement/data/raw_underwater/UIEB/reference-890/166_img_.png
/workspace/underwater_enhancement/data/processed/physical_degradation/blur/166_img__blur.png,blur,166_img_.png,/workspace/underwater_enhancement/data/raw_underwater/UIEB/reference-890/166_img_.png
/workspace/underwater_enhancement/data/processed/physical_degradation/blue_cast/168_img__blue.png,blue_cast,168_img_.png,/workspace/underwater_enhancement/data/raw_underwater/UIEB/reference-890/168_img_.png
/workspace/underwater_enhancement/data/processed/physical_degradation/green_cast/168_img__green.png,green_cast,168_img_.png,/workspace/underwater_enhancement/data/raw_underwater/UIEB/reference-890/168_img_.png
/workspace/underwater_enhancement/data/processed/physical_degradation/low_light/168_img__lowlight.png,low_light,168_img_.png,/workspace/underwater_enhancement/data/raw_underwater/UIEB/reference-890/168_img_.png
/workspace/underwater_enhancement/data/processed/physical_degradation/blur/168_img__blur.png,blur,168_img_.png,/workspace/underwater_enhancement/data/raw_underwater/UIEB/reference-890/168_img_.png
/workspace/underwater_enhancement/data/processed/physical_degradation/blue_cast/169_img__blue.png,blue_cast,169_img_.png,/workspace/underwater_enhancement/data/raw_underwater/UIEB/reference-890/169_img_.png
/workspace/underwater_enhancement/data/processed/physical_degradation/green_cast/169_img__green.png,green_cast,169_img_.png,/workspace/underwater_enhancement/data/raw_underwater/UIEB/reference-890/169_img_.png
/workspace/underwater_enhancement/data/processed/physical_degradation/low_light/169_img__lowlight.png,low_light,169_img_.png,/workspace/underwater_enhancement/data/raw_underwater/UIEB/reference-890/169_img_.png
/workspace/underwater_enhancement/data/processed/physical_degradation/blur/169_img__blur.png,blur,169_img_.png,/workspace/underwater_enhancement/data/raw_underwater/UIEB/reference-890/169_img_.png
/workspace/underwater_enhancement/data/processed/physical_degradation/blue_cast/16_img__blue.png,blue_cast,16_img_.png,/workspace/underwater_enhancement/data/raw_underwater/UIEB/reference-890/16_img_.png
/workspace/underwater_enhancement/data/processed/physical_degradation/green_cast/16_img__green.png,green_cast,16_img_.png,/workspace/underwater_enhancement/data/raw_underwater/UIEB/reference-890/16_img_.png
/workspace/underwater_enhancement/data/processed/physical_degradation/low_light/16_img__lowlight.png,low_light,16_img_.png,/workspace/underwater_enhancement/data/raw_underwater/UIEB/reference-890/16_img_.png
/workspace/underwater_enhancement/data/processed/physical_degradation/blur/16_img__blur.png,blur,16_img_.png,/workspace/underwater_enhancement/data/raw_underwater/UIEB/reference-890/16_img_.png
/workspace/underwater_enhancement/data/processed/physical_degradation/blue_cast/170_img__blue.png,blue_cast,170_img_.png,/workspace/underwater_enhancement/data/raw_underwater/UIEB/reference-890/170_img_.png
/workspace/underwater_enhancement/data/processed/physical_degradation/green_cast/170_img__green.png,green_cast,170_img_.png,/workspace/underwater_enhancement/data/raw_underwater/UIEB/reference-890/170_img_.png
/workspace/underwater_enhancement/data/processed/physical_degradation/low_light/170_img__lowlight.png,low_light,170_img_.png,/workspace/underwater_enhancement/data/raw_underwater/UIEB/reference-890/170_img_.png
/workspace/underwater_enhancement/data/processed/physical_degradation/blur/170_img__blur.png,blur,170_img_.png,/workspace/underwater_enhancement/data/raw_underwater/UIEB/reference-890/170_img_.png
/workspace/underwater_enhancement/data/processed/physical_degradation/blue_cast/171_img__blue.png,blue_cast,171_img_.png,/workspace/underwater_enhancement/data/raw_underwater/UIEB/reference-890/171_img_.png
/workspace/underwater_enhancement/data/processed/physical_degradation/green_cast/171_img__green.png,green_cast,171_img_.png,/workspace/underwater_enhancement/data/raw_underwater/UIEB/reference-890/171_img_.png
/workspace/underwater_enhancement/data/processed/physical_degradation/low_light/171_img__lowlight.png,low_light,171_img_.png,/workspace/underwater_enhancement/data/raw_underwater/UIEB/reference-890/171_img_.png
/workspace/underwater_enhancement/data/processed/physical_degradation/blur/171_img__blur.png,blur,171_img_.png,/workspace/underwater_enhancement/data/raw_underwater/UIEB/reference-890/171_img_.png
/workspace/underwater_enhancement/data/processed/physical_degradation/blue_cast/172_img__blue.png,blue_cast,172_img_.png,/workspace/underwater_enhancement/data/raw_underwater/UIEB/reference-890/172_img_.png
/workspace/underwater_enhancement/data/processed/physical_degradation/green_cast/172_img__green.png,green_cast,172_img_.png,/workspace/underwater_enhancement/data/raw_underwater/UIEB/reference-890/172_img_.png
/workspace/underwater_enhancement/data/processed/physical_degradation/low_light/172_img__lowlight.png,low_light,172_img_.png,/workspace/underwater_enhancement/data/raw_underwater/UIEB/reference-890/172_img_.png
/workspace/underwater_enhancement/data/processed/physical_degradation/blur/172_img__blur.png,blur,172_img_.png,/workspace/underwater_enhancement/data/raw_underwater/UIEB/reference-890/172_img_.png
/workspace/underwater_enhancement/data/processed/physical_degradation/blue_cast/173_img__blue.png,blue_cast,173_img_.png,/workspace/underwater_enhancement/data/raw_underwater/UIEB/reference-890/173_img_.png
/workspace/underwater_enhancement/data/processed/physical_degradation/green_cast/173_img__green.png,green_cast,173_img_.png,/workspace/underwater_enhancement/data/raw_underwater/UIEB/reference-890/173_img_.png
/workspace/underwater_enhancement/data/processed/physical_degradation/low_light/173_img__lowlight.png,low_light,173_img_.png,/workspace/underwater_enhancement/data/raw_underwater/UIEB/reference-890/173_img_.png
/workspace/underwater_enhancement/data/processed/physical_degradation/blur/173_img__blur.png,blur,173_img_.png,/workspace/underwater_enhancement/data/raw_underwater/UIEB/reference-890/173_img_.png
/workspace/underwater_enhancement/data/processed/physical_degradation/blue_cast/1742_blue.png,blue_cast,1742.png,/workspace/underwater_enhancement/data/raw_underwater/UIEB/reference-890/1742.png
/workspace/underwater_enhancement/data/processed/physical_degradation/green_cast/1742_green.png,green_cast,1742.png,/workspace/underwater_enhancement/data/raw_underwater/UIEB/reference-890/1742.png
/workspace/underwater_enhancement/data/processed/physical_degradation/low_light/1742_lowlight.png,low_light,1742.png,/workspace/underwater_enhancement/data/raw_underwater/UIEB/reference-890/1742.png
/workspace/underwater_enhancement/data/processed/physical_degradation/blur/1742_blur.png,blur,1742.png,/workspace/underwater_enhancement/data/raw_underwater/UIEB/reference-890/1742.png
/workspace/underwater_enhancement/data/processed/physical_degradation/blue_cast/174_img__blue.png,blue_cast,174_img_.png,/workspace/underwater_enhancement/data/raw_underwater/UIEB/reference-890/174_img_.png
/workspace/underwater_enhancement/data/processed/physical_degradation/green_cast/174_img__green.png,green_cast,174_img_.png,/workspace/underwater_enhancement/data/raw_underwater/UIEB/reference-890/174_img_.png
/workspace/underwater_enhancement/data/processed/physical_degradation/low_light/174_img__lowlight.png,low_light,174_img_.png,/workspace/underwater_enhancement/data/raw_underwater/UIEB/reference-890/174_img_.png
/workspace/underwater_enhancement/data/processed/physical_degradation/blur/174_img__blur.png,blur,174_img_.png,/workspace/underwater_enhancement/data/raw_underwater/UIEB/reference-890/174_img_.png
/workspace/underwater_enhancement/data/processed/physical_degradation/blue_cast/175_img__blue.png,blue_cast,175_img_.png,/workspace/underwater_enhancement/data/raw_underwater/UIEB/reference-890/175_img_.png
/workspace/underwater_enhancement/data/processed/physical_degradation/green_cast/175_img__green.png,green_cast,175_img_.png,/workspace/underwater_enhancement/data/raw_underwater/UIEB/reference-890/175_img_.png
/workspace/underwater_enhancement/data/processed/physical_degradation/low_light/175_img__lowlight.png,low_light,175_img_.png,/workspace/underwater_enhancement/data/raw_underwater/UIEB/reference-890/175_img_.png
/workspace/underwater_enhancement/data/processed/physical_degradation/blur/175_img__blur.png,blur,175_img_.png,/workspace/underwater_enhancement/data/raw_underwater/UIEB/reference-890/175_img_.png
/workspace/underwater_enhancement/data/processed/physical_degradation/blue_cast/176_img__blue.png,blue_cast,176_img_.png,/workspace/underwater_enhancement/data/raw_underwater/UIEB/reference-890/176_img_.png
/workspace/underwater_enhancement/data/processed/physical_degradation/green_cast/176_img__green.png,green_cast,176_img_.png,/workspace/underwater_enhancement/data/raw_underwater/UIEB/reference-890/176_img_.png
/workspace/underwater_enhancement/data/processed/physical_degradation/low_light/176_img__lowlight.png,low_light,176_img_.png,/workspace/underwater_enhancement/data/raw_underwater/UIEB/reference-890/176_img_.png
/workspace/underwater_enhancement/data/processed/physical_degradation/blur/176_img__blur.png,blur,176_img_.png,/workspace/underwater_enhancement/data/raw_underwater/UIEB/reference-890/176_img_.png
/workspace/underwater_enhancement/data/processed/physical_degradation/blue_cast/177_img__blue.png,blue_cast,177_img_.png,/workspace/underwater_enhancement/data/raw_underwater/UIEB/reference-890/177_img_.png
/workspace/underwater_enhancement/data/processed/physical_degradation/green_cast/177_img__green.png,green_cast,177_img_.png,/workspace/underwater_enhancement/data/raw_underwater/UIEB/reference-890/177_img_.png
/workspace/underwater_enhancement/data/processed/physical_degradation/low_light/177_img__lowlight.png,low_light,177_img_.png,/workspace/underwater_enhancement/data/raw_underwater/UIEB/reference-890/177_img_.png
/workspace/underwater_enhancement/data/processed/physical_degradation/blur/177_img__blur.png,blur,177_img_.png,/workspace/underwater_enhancement/data/raw_underwater/UIEB/reference-890/177_img_.png
/workspace/underwater_enhancement/data/processed/physical_degradation/blue_cast/178_img__blue.png,blue_cast,178_img_.png,/workspace/underwater_enhancement/data/raw_underwater/UIEB/reference-890/178_img_.png
/workspace/underwater_enhancement/data/processed/physical_degradation/green_cast/178_img__green.png,green_cast,178_img_.png,/workspace/underwater_enhancement/data/raw_underwater/UIEB/reference-890/178_img_.png
/workspace/underwater_enhancement/data/processed/physical_degradation/low_light/178_img__lowlight.png,low_light,178_img_.png,/workspace/underwater_enhancement/data/raw_underwater/UIEB/reference-890/178_img_.png
/workspace/underwater_enhancement/data/processed/physical_degradation/blur/178_img__blur.png,blur,178_img_.png,/workspace/underwater_enhancement/data/raw_underwater/UIEB/reference-890/178_img_.png
/workspace/underwater_enhancement/data/processed/physical_degradation/blue_cast/179_img__blue.png,blue_cast,179_img_.png,/workspace/underwater_enhancement/data/raw_underwater/UIEB/reference-890/179_img_.png
/workspace/underwater_enhancement/data/processed/physical_degradation/green_cast/179_img__green.png,green_cast,179_img_.png,/workspace/underwater_enhancement/data/raw_underwater/UIEB/reference-890/179_img_.png
/workspace/underwater_enhancement/data/processed/physical_degradation/low_light/179_img__lowlight.png,low_light,179_img_.png,/workspace/underwater_enhancement/data/raw_underwater/UIEB/reference-890/179_img_.png
/workspace/underwater_enhancement/data/processed/physical_degradation/blur/179_img__blur.png,blur,179_img_.png,/workspace/underwater_enhancement/data/raw_underwater/UIEB/reference-890/179_img_.png
/workspace/underwater_enhancement/data/processed/physical_degradation/blue_cast/17_img__blue.png,blue_cast,17_img_.png,/workspace/underwater_enhancement/data/raw_underwater/UIEB/reference-890/17_img_.png
/workspace/underwater_enhancement/data/processed/physical_degradation/green_cast/17_img__green.png,green_cast,17_img_.png,/workspace/underwater_enhancement/data/raw_underwater/UIEB/reference-890/17_img_.png
/workspace/underwater_enhancement/data/processed/physical_degradation/low_light/17_img__lowlight.png,low_light,17_img_.png,/workspace/underwater_enhancement/data/raw_underwater/UIEB/reference-890/17_img_.png
/workspace/underwater_enhancement/data/processed/physical_degradation/blur/17_img__blur.png,blur,17_img_.png,/workspace/underwater_enhancement/data/raw_underwater/UIEB/reference-890/17_img_.png
/workspace/underwater_enhancement/data/processed/physical_degradation/blue_cast/180_img__blue.png,blue_cast,180_img_.png,/workspace/underwater_enhancement/data/raw_underwater/UIEB/reference-890/180_img_.png
/workspace/underwater_enhancement/data/processed/physical_degradation/green_cast/180_img__green.png,green_cast,180_img_.png,/workspace/underwater_enhancement/data/raw_underwater/UIEB/reference-890/180_img_.png
/workspace/underwater_enhancement/data/processed/physical_degradation/low_light/180_img__lowlight.png,low_light,180_img_.png,/workspace/underwater_enhancement/data/raw_underwater/UIEB/reference-890/180_img_.png
/workspace/underwater_enhancement/data/processed/physical_degradation/blur/180_img__blur.png,blur,180_img_.png,/workspace/underwater_enhancement/data/raw_underwater/UIEB/reference-890/180_img_.png
/workspace/underwater_enhancement/data/processed/physical_degradation/blue_cast/182_img__blue.png,blue_cast,182_img_.png,/workspace/underwater_enhancement/data/raw_underwater/UIEB/reference-890/182_img_.png
/workspace/underwater_enhancement/data/processed/physical_degradation/green_cast/182_img__green.png,green_cast,182_img_.png,/workspace/underwater_enhancement/data/raw_underwater/UIEB/reference-890/182_img_.png
/workspace/underwater_enhancement/data/processed/physical_degradation/low_light/182_img__lowlight.png,low_light,182_img_.png,/workspace/underwater_enhancement/data/raw_underwater/UIEB/reference-890/182_img_.png
/workspace/underwater_enhancement/data/processed/physical_degradation/blur/182_img__blur.png,blur,182_img_.png,/workspace/underwater_enhancement/data/raw_underwater/UIEB/reference-890/182_img_.png
/workspace/underwater_enhancement/data/processed/physical_degradation/blue_cast/183_img__blue.png,blue_cast,183_img_.png,/workspace/underwater_enhancement/data/raw_underwater/UIEB/reference-890/183_img_.png
/workspace/underwater_enhancement/data/processed/physical_degradation/green_cast/183_img__green.png,green_cast,183_img_.png,/workspace/underwater_enhancement/data/raw_underwater/UIEB/reference-890/183_img_.png
/workspace/underwater_enhancement/data/processed/physical_degradation/low_light/183_img__lowlight.png,low_light,183_img_.png,/workspace/underwater_enhancement/data/raw_underwater/UIEB/reference-890/183_img_.png
/workspace/underwater_enhancement/data/processed/physical_degradation/blur/183_img__blur.png,blur,183_img_.png,/workspace/underwater_enhancement/data/raw_underwater/UIEB/reference-890/183_img_.png
/workspace/underwater_enhancement/data/processed/physical_degradation/blue_cast/184_img__blue.png,blue_cast,184_img_.png,/workspace/underwater_enhancement/data/raw_underwater/UIEB/reference-890/184_img_.png
/workspace/underwater_enhancement/data/processed/physical_degradation/green_cast/184_img__green.png,green_cast,184_img_.png,/workspace/underwater_enhancement/data/raw_underwater/UIEB/reference-890/184_img_.png
/workspace/underwater_enhancement/data/processed/physical_degradation/low_light/184_img__lowlight.png,low_light,184_img_.png,/workspace/underwater_enhancement/data/raw_underwater/UIEB/reference-890/184_img_.png
/workspace/underwater_enhancement/data/processed/physical_degradation/blur/184_img__blur.png,blur,184_img_.png,/workspace/underwater_enhancement/data/raw_underwater/UIEB/reference-890/184_img_.png
/workspace/underwater_enhancement/data/processed/physical_degradation/blue_cast/185_img__blue.png,blue_cast,185_img_.png,/workspace/underwater_enhancement/data/raw_underwater/UIEB/reference-890/185_img_.png
/workspace/underwater_enhancement/data/processed/physical_degradation/green_cast/185_img__green.png,green_cast,185_img_.png,/workspace/underwater_enhancement/data/raw_underwater/UIEB/reference-890/185_img_.png
/workspace/underwater_enhancement/data/processed/physical_degradation/low_light/185_img__lowlight.png,low_light,185_img_.png,/workspace/underwater_enhancement/data/raw_underwater/UIEB/reference-890/185_img_.png
/workspace/underwater_enhancement/data/processed/physical_degradation/blur/185_img__blur.png,blur,185_img_.png,/workspace/underwater_enhancement/data/raw_underwater/UIEB/reference-890/185_img_.png
/workspace/underwater_enhancement/data/processed/physical_degradation/blue_cast/186_img__blue.png,blue_cast,186_img_.png,/workspace/underwater_enhancement/data/raw_underwater/UIEB/reference-890/186_img_.png
/workspace/underwater_enhancement/data/processed/physical_degradation/green_cast/186_img__green.png,green_cast,186_img_.png,/workspace/underwater_enhancement/data/raw_underwater/UIEB/reference-890/186_img_.png
/workspace/underwater_enhancement/data/processed/physical_degradation/low_light/186_img__lowlight.png,low_light,186_img_.png,/workspace/underwater_enhancement/data/raw_underwater/UIEB/reference-890/186_img_.png
/workspace/underwater_enhancement/data/processed/physical_degradation/blur/186_img__blur.png,blur,186_img_.png,/workspace/underwater_enhancement/data/raw_underwater/UIEB/reference-890/186_img_.png
/workspace/underwater_enhancement/data/processed/physical_degradation/blue_cast/187_img__blue.png,blue_cast,187_img_.png,/workspace/underwater_enhancement/data/raw_underwater/UIEB/reference-890/187_img_.png
/workspace/underwater_enhancement/data/processed/physical_degradation/green_cast/187_img__green.png,green_cast,187_img_.png,/workspace/underwater_enhancement/data/raw_underwater/UIEB/reference-890/187_img_.png
/workspace/underwater_enhancement/data/processed/physical_degradation/low_light/187_img__lowlight.png,low_light,187_img_.png,/workspace/underwater_enhancement/data/raw_underwater/UIEB/reference-890/187_img_.png
/workspace/underwater_enhancement/data/processed/physical_degradation/blur/187_img__blur.png,blur,187_img_.png,/workspace/underwater_enhancement/data/raw_underwater/UIEB/reference-890/187_img_.png
/workspace/underwater_enhancement/data/processed/physical_degradation/blue_cast/188_img__blue.png,blue_cast,188_img_.png,/workspace/underwater_enhancement/data/raw_underwater/UIEB/reference-890/188_img_.png
/workspace/underwater_enhancement/data/processed/physical_degradation/green_cast/188_img__green.png,green_cast,188_img_.png,/workspace/underwater_enhancement/data/raw_underwater/UIEB/reference-890/188_img_.png
/workspace/underwater_enhancement/data/processed/physical_degradation/low_light/188_img__lowlight.png,low_light,188_img_.png,/workspace/underwater_enhancement/data/raw_underwater/UIEB/reference-890/188_img_.png
/workspace/underwater_enhancement/data/processed/physical_degradation/blur/188_img__blur.png,blur,188_img_.png,/workspace/underwater_enhancement/data/raw_underwater/UIEB/reference-890/188_img_.png
/workspace/underwater_enhancement/data/processed/physical_degradation/blue_cast/189_img__blue.png,blue_cast,189_img_.png,/workspace/underwater_enhancement/data/raw_underwater/UIEB/reference-890/189_img_.png
/workspace/underwater_enhancement/data/processed/physical_degradation/green_cast/189_img__green.png,green_cast,189_img_.png,/workspace/underwater_enhancement/data/raw_underwater/UIEB/reference-890/189_img_.png
/workspace/underwater_enhancement/data/processed/physical_degradation/low_light/189_img__lowlight.png,low_light,189_img_.png,/workspace/underwater_enhancement/data/raw_underwater/UIEB/reference-890/189_img_.png
/workspace/underwater_enhancement/data/processed/physical_degradation/blur/189_img__blur.png,blur,189_img_.png,/workspace/underwater_enhancement/data/raw_underwater/UIEB/reference-890/189_img_.png
/workspace/underwater_enhancement/data/processed/physical_degradation/blue_cast/18_img__blue.png,blue_cast,18_img_.png,/workspace/underwater_enhancement/data/raw_underwater/UIEB/reference-890/18_img_.png
/workspace/underwater_enhancement/data/processed/physical_degradation/green_cast/18_img__green.png,green_cast,18_img_.png,/workspace/underwater_enhancement/data/raw_underwater/UIEB/reference-890/18_img_.png
/workspace/underwater_enhancement/data/processed/physical_degradation/low_light/18_img__lowlight.png,low_light,18_img_.png,/workspace/underwater_enhancement/data/raw_underwater/UIEB/reference-890/18_img_.png
/workspace/underwater_enhancement/data/processed/physical_degradation/blur/18_img__blur.png,blur,18_img_.png,/workspace/underwater_enhancement/data/raw_underwater/UIEB/reference-890/18_img_.png
/workspace/underwater_enhancement/data/processed/physical_degradation/blue_cast/190_img__blue.png,blue_cast,190_img_.png,/workspace/underwater_enhancement/data/raw_underwater/UIEB/reference-890/190_img_.png
/workspace/underwater_enhancement/data/processed/physical_degradation/green_cast/190_img__green.png,green_cast,190_img_.png,/workspace/underwater_enhancement/data/raw_underwater/UIEB/reference-890/190_img_.png
/workspace/underwater_enhancement/data/processed/physical_degradation/low_light/190_img__lowlight.png,low_light,190_img_.png,/workspace/underwater_enhancement/data/raw_underwater/UIEB/reference-890/190_img_.png
/workspace/underwater_enhancement/data/processed/physical_degradation/blur/190_img__blur.png,blur,190_img_.png,/workspace/underwater_enhancement/data/raw_underwater/UIEB/reference-890/190_img_.png
/workspace/underwater_enhancement/data/processed/physical_degradation/blue_cast/191_img__blue.png,blue_cast,191_img_.png,/workspace/underwater_enhancement/data/raw_underwater/UIEB/reference-890/191_img_.png
/workspace/underwater_enhancement/data/processed/physical_degradation/green_cast/191_img__green.png,green_cast,191_img_.png,/workspace/underwater_enhancement/data/raw_underwater/UIEB/reference-890/191_img_.png
/workspace/underwater_enhancement/data/processed/physical_degradation/low_light/191_img__lowlight.png,low_light,191_img_.png,/workspace/underwater_enhancement/data/raw_underwater/UIEB/reference-890/191_img_.png
/workspace/underwater_enhancement/data/processed/physical_degradation/blur/191_img__blur.png,blur,191_img_.png,/workspace/underwater_enhancement/data/raw_underwater/UIEB/reference-890/191_img_.png
/workspace/underwater_enhancement/data/processed/physical_degradation/blue_cast/192_img__blue.png,blue_cast,192_img_.png,/workspace/underwater_enhancement/data/raw_underwater/UIEB/reference-890/192_img_.png
/workspace/underwater_enhancement/data/processed/physical_degradation/green_cast/192_img__green.png,green_cast,192_img_.png,/workspace/underwater_enhancement/data/raw_underwater/UIEB/reference-890/192_img_.png
/workspace/underwater_enhancement/data/processed/physical_degradation/low_light/192_img__lowlight.png,low_light,192_img_.png,/workspace/underwater_enhancement/data/raw_underwater/UIEB/reference-890/192_img_.png
/workspace/underwater_enhancement/data/processed/physical_degradation/blur/192_img__blur.png,blur,192_img_.png,/workspace/underwater_enhancement/data/raw_underwater/UIEB/reference-890/192_img_.png
/workspace/underwater_enhancement/data/processed/physical_degradation/blue_cast/193_img__blue.png,blue_cast,193_img_.png,/workspace/underwater_enhancement/data/raw_underwater/UIEB/reference-890/193_img_.png
/workspace/underwater_enhancement/data/processed/physical_degradation/green_cast/193_img__green.png,green_cast,193_img_.png,/workspace/underwater_enhancement/data/raw_underwater/UIEB/reference-890/193_img_.png
/workspace/underwater_enhancement/data/processed/physical_degradation/low_light/193_img__lowlight.png,low_light,193_img_.png,/workspace/underwater_enhancement/data/raw_underwater/UIEB/reference-890/193_img_.png
/workspace/underwater_enhancement/data/processed/physical_degradation/blur/193_img__blur.png,blur,193_img_.png,/workspace/underwater_enhancement/data/raw_underwater/UIEB/reference-890/193_img_.png
/workspace/underwater_enhancement/data/processed/physical_degradation/blue_cast/194_img__blue.png,blue_cast,194_img_.png,/workspace/underwater_enhancement/data/raw_underwater/UIEB/reference-890/194_img_.png
/workspace/underwater_enhancement/data/processed/physical_degradation/green_cast/194_img__green.png,green_cast,194_img_.png,/workspace/underwater_enhancement/data/raw_underwater/UIEB/reference-890/194_img_.png
/workspace/underwater_enhancement/data/processed/physical_degradation/low_light/194_img__lowlight.png,low_light,194_img_.png,/workspace/underwater_enhancement/data/raw_underwater/UIEB/reference-890/194_img_.png
/workspace/underwater_enhancement/data/processed/physical_degradation/blur/194_img__blur.png,blur,194_img_.png,/workspace/underwater_enhancement/data/raw_underwater/UIEB/reference-890/194_img_.png
/workspace/underwater_enhancement/data/processed/physical_degradation/blue_cast/1957_blue.png,blue_cast,1957.png,/workspace/underwater_enhancement/data/raw_underwater/UIEB/reference-890/1957.png
/workspace/underwater_enhancement/data/processed/physical_degradation/green_cast/1957_green.png,green_cast,1957.png,/workspace/underwater_enhancement/data/raw_underwater/UIEB/reference-890/1957.png
/workspace/underwater_enhancement/data/processed/physical_degradation/low_light/1957_lowlight.png,low_light,1957.png,/workspace/underwater_enhancement/data/raw_underwater/UIEB/reference-890/1957.png
/workspace/underwater_enhancement/data/processed/physical_degradation/blur/1957_blur.png,blur,1957.png,/workspace/underwater_enhancement/data/raw_underwater/UIEB/reference-890/1957.png
/workspace/underwater_enhancement/data/processed/physical_degradation/blue_cast/195_img__blue.png,blue_cast,195_img_.png,/workspace/underwater_enhancement/data/raw_underwater/UIEB/reference-890/195_img_.png
/workspace/underwater_enhancement/data/processed/physical_degradation/green_cast/195_img__green.png,green_cast,195_img_.png,/workspace/underwater_enhancement/data/raw_underwater/UIEB/reference-890/195_img_.png
/workspace/underwater_enhancement/data/processed/physical_degradation/low_light/195_img__lowlight.png,low_light,195_img_.png,/workspace/underwater_enhancement/data/raw_underwater/UIEB/reference-890/195_img_.png
/workspace/underwater_enhancement/data/processed/physical_degradation/blur/195_img__blur.png,blur,195_img_.png,/workspace/underwater_enhancement/data/raw_underwater/UIEB/reference-890/195_img_.png
/workspace/underwater_enhancement/data/processed/physical_degradation/blue_cast/196_img__blue.png,blue_cast,196_img_.png,/workspace/underwater_enhancement/data/raw_underwater/UIEB/reference-890/196_img_.png
/workspace/underwater_enhancement/data/processed/physical_degradation/green_cast/196_img__green.png,green_cast,196_img_.png,/workspace/underwater_enhancement/data/raw_underwater/UIEB/reference-890/196_img_.png
/workspace/underwater_enhancement/data/processed/physical_degradation/low_light/196_img__lowlight.png,low_light,196_img_.png,/workspace/underwater_enhancement/data/raw_underwater/UIEB/reference-890/196_img_.png
/workspace/underwater_enhancement/data/processed/physical_degradation/blur/196_img__blur.png,blur,196_img_.png,/workspace/underwater_enhancement/data/raw_underwater/UIEB/reference-890/196_img_.png
/workspace/underwater_enhancement/data/processed/physical_degradation/blue_cast/197_img__blue.png,blue_cast,197_img_.png,/workspace/underwater_enhancement/data/raw_underwater/UIEB/reference-890/197_img_.png
/workspace/underwater_enhancement/data/processed/physical_degradation/green_cast/197_img__green.png,green_cast,197_img_.png,/workspace/underwater_enhancement/data/raw_underwater/UIEB/reference-890/197_img_.png
/workspace/underwater_enhancement/data/processed/physical_degradation/low_light/197_img__lowlight.png,low_light,197_img_.png,/workspace/underwater_enhancement/data/raw_underwater/UIEB/reference-890/197_img_.png
/workspace/underwater_enhancement/data/processed/physical_degradation/blur/197_img__blur.png,blur,197_img_.png,/workspace/underwater_enhancement/data/raw_underwater/UIEB/reference-890/197_img_.png
/workspace/underwater_enhancement/data/processed/physical_degradation/blue_cast/198_img__blue.png,blue_cast,198_img_.png,/workspace/underwater_enhancement/data/raw_underwater/UIEB/reference-890/198_img_.png
/workspace/underwater_enhancement/data/processed/physical_degradation/green_cast/198_img__green.png,green_cast,198_img_.png,/workspace/underwater_enhancement/data/raw_underwater/UIEB/reference-890/198_img_.png
/workspace/underwater_enhancement/data/processed/physical_degradation/low_light/198_img__lowlight.png,low_light,198_img_.png,/workspace/underwater_enhancement/data/raw_underwater/UIEB/reference-890/198_img_.png
/workspace/underwater_enhancement/data/processed/physical_degradation/blur/198_img__blur.png,blur,198_img_.png,/workspace/underwater_enhancement/data/raw_underwater/UIEB/reference-890/198_img_.png
/workspace/underwater_enhancement/data/processed/physical_degradation/blue_cast/199_img__blue.png,blue_cast,199_img_.png,/workspace/underwater_enhancement/data/raw_underwater/UIEB/reference-890/199_img_.png
/workspace/underwater_enhancement/data/processed/physical_degradation/green_cast/199_img__green.png,green_cast,199_img_.png,/workspace/underwater_enhancement/data/raw_underwater/UIEB/reference-890/199_img_.png
/workspace/underwater_enhancement/data/processed/physical_degradation/low_light/199_img__lowlight.png,low_light,199_img_.png,/workspace/underwater_enhancement/data/raw_underwater/UIEB/reference-890/199_img_.png
/workspace/underwater_enhancement/data/processed/physical_degradation/blur/199_img__blur.png,blur,199_img_.png,/workspace/underwater_enhancement/data/raw_underwater/UIEB/reference-890/199_img_.png
/workspace/underwater_enhancement/data/processed/physical_degradation/blue_cast/19_img__blue.png,blue_cast,19_img_.png,/workspace/underwater_enhancement/data/raw_underwater/UIEB/reference-890/19_img_.png
/workspace/underwater_enhancement/data/processed/physical_degradation/green_cast/19_img__green.png,green_cast,19_img_.png,/workspace/underwater_enhancement/data/raw_underwater/UIEB/reference-890/19_img_.png
/workspace/underwater_enhancement/data/processed/physical_degradation/low_light/19_img__lowlight.png,low_light,19_img_.png,/workspace/underwater_enhancement/data/raw_underwater/UIEB/reference-890/19_img_.png
/workspace/underwater_enhancement/data/processed/physical_degradation/blur/19_img__blur.png,blur,19_img_.png,/workspace/underwater_enhancement/data/raw_underwater/UIEB/reference-890/19_img_.png
/workspace/underwater_enhancement/data/processed/physical_degradation/blue_cast/20_blue.png,blue_cast,20.png,/workspace/underwater_enhancement/data/raw_underwater/UIEB/reference-890/20.png
/workspace/underwater_enhancement/data/processed/physical_degradation/green_cast/20_green.png,green_cast,20.png,/workspace/underwater_enhancement/data/raw_underwater/UIEB/reference-890/20.png
/workspace/underwater_enhancement/data/processed/physical_degradation/low_light/20_lowlight.png,low_light,20.png,/workspace/underwater_enhancement/data/raw_underwater/UIEB/reference-890/20.png
/workspace/underwater_enhancement/data/processed/physical_degradation/blur/20_blur.png,blur,20.png,/workspace/underwater_enhancement/data/raw_underwater/UIEB/reference-890/20.png
/workspace/underwater_enhancement/data/processed/physical_degradation/blue_cast/200_img__blue.png,blue_cast,200_img_.png,/workspace/underwater_enhancement/data/raw_underwater/UIEB/reference-890/200_img_.png
/workspace/underwater_enhancement/data/processed/physical_degradation/green_cast/200_img__green.png,green_cast,200_img_.png,/workspace/underwater_enhancement/data/raw_underwater/UIEB/reference-890/200_img_.png
/workspace/underwater_enhancement/data/processed/physical_degradation/low_light/200_img__lowlight.png,low_light,200_img_.png,/workspace/underwater_enhancement/data/raw_underwater/UIEB/reference-890/200_img_.png
/workspace/underwater_enhancement/data/processed/physical_degradation/blur/200_img__blur.png,blur,200_img_.png,/workspace/underwater_enhancement/data/raw_underwater/UIEB/reference-890/200_img_.png
/workspace/underwater_enhancement/data/processed/physical_degradation/blue_cast/201_img__blue.png,blue_cast,201_img_.png,/workspace/underwater_enhancement/data/raw_underwater/UIEB/reference-890/201_img_.png
/workspace/underwater_enhancement/data/processed/physical_degradation/green_cast/201_img__green.png,green_cast,201_img_.png,/workspace/underwater_enhancement/data/raw_underwater/UIEB/reference-890/201_img_.png
/workspace/underwater_enhancement/data/processed/physical_degradation/low_light/201_img__lowlight.png,low_light,201_img_.png,/workspace/underwater_enhancement/data/raw_underwater/UIEB/reference-890/201_img_.png
/workspace/underwater_enhancement/data/processed/physical_degradation/blur/201_img__blur.png,blur,201_img_.png,/workspace/underwater_enhancement/data/raw_underwater/UIEB/reference-890/201_img_.png
/workspace/underwater_enhancement/data/processed/physical_degradation/blue_cast/202_img__blue.png,blue_cast,202_img_.png,/workspace/underwater_enhancement/data/raw_underwater/UIEB/reference-890/202_img_.png
/workspace/underwater_enhancement/data/processed/physical_degradation/green_cast/202_img__green.png,green_cast,202_img_.png,/workspace/underwater_enhancement/data/raw_underwater/UIEB/reference-890/202_img_.png
/workspace/underwater_enhancement/data/processed/physical_degradation/low_light/202_img__lowlight.png,low_light,202_img_.png,/workspace/underwater_enhancement/data/raw_underwater/UIEB/reference-890/202_img_.png
/workspace/underwater_enhancement/data/processed/physical_degradation/blur/202_img__blur.png,blur,202_img_.png,/workspace/underwater_enhancement/data/raw_underwater/UIEB/reference-890/202_img_.png
/workspace/underwater_enhancement/data/processed/physical_degradation/blue_cast/203_img__blue.png,blue_cast,203_img_.png,/workspace/underwater_enhancement/data/raw_underwater/UIEB/reference-890/203_img_.png
/workspace/underwater_enhancement/data/processed/physical_degradation/green_cast/203_img__green.png,green_cast,203_img_.png,/workspace/underwater_enhancement/data/raw_underwater/UIEB/reference-890/203_img_.png
/workspace/underwater_enhancement/data/processed/physical_degradation/low_light/203_img__lowlight.png,low_light,203_img_.png,/workspace/underwater_enhancement/data/raw_underwater/UIEB/reference-890/203_img_.png
/workspace/underwater_enhancement/data/processed/physical_degradation/blur/203_img__blur.png,blur,203_img_.png,/workspace/underwater_enhancement/data/raw_underwater/UIEB/reference-890/203_img_.png
/workspace/underwater_enhancement/data/processed/physical_degradation/blue_cast/204_img__blue.png,blue_cast,204_img_.png,/workspace/underwater_enhancement/data/raw_underwater/UIEB/reference-890/204_img_.png
/workspace/underwater_enhancement/data/processed/physical_degradation/green_cast/204_img__green.png,green_cast,204_img_.png,/workspace/underwater_enhancement/data/raw_underwater/UIEB/reference-890/204_img_.png
/workspace/underwater_enhancement/data/processed/physical_degradation/low_light/204_img__lowlight.png,low_light,204_img_.png,/workspace/underwater_enhancement/data/raw_underwater/UIEB/reference-890/204_img_.png
/workspace/underwater_enhancement/data/processed/physical_degradation/blur/204_img__blur.png,blur,204_img_.png,/workspace/underwater_enhancement/data/raw_underwater/UIEB/reference-890/204_img_.png
/workspace/underwater_enhancement/data/processed/physical_degradation/blue_cast/205_img__blue.png,blue_cast,205_img_.png,/workspace/underwater_enhancement/data/raw_underwater/UIEB/reference-890/205_img_.png
/workspace/underwater_enhancement/data/processed/physical_degradation/green_cast/205_img__green.png,green_cast,205_img_.png,/workspace/underwater_enhancement/data/raw_underwater/UIEB/reference-890/205_img_.png
/workspace/underwater_enhancement/data/processed/physical_degradation/low_light/205_img__lowlight.png,low_light,205_img_.png,/workspace/underwater_enhancement/data/raw_underwater/UIEB/reference-890/205_img_.png
/workspace/underwater_enhancement/data/processed/physical_degradation/blur/205_img__blur.png,blur,205_img_.png,/workspace/underwater_enhancement/data/raw_underwater/UIEB/reference-890/205_img_.png
/workspace/underwater_enhancement/data/processed/physical_degradation/blue_cast/206_img__blue.png,blue_cast,206_img_.png,/workspace/underwater_enhancement/data/raw_underwater/UIEB/reference-890/206_img_.png
/workspace/underwater_enhancement/data/processed/physical_degradation/green_cast/206_img__green.png,green_cast,206_img_.png,/workspace/underwater_enhancement/data/raw_underwater/UIEB/reference-890/206_img_.png
/workspace/underwater_enhancement/data/processed/physical_degradation/low_light/206_img__lowlight.png,low_light,206_img_.png,/workspace/underwater_enhancement/data/raw_underwater/UIEB/reference-890/206_img_.png
/workspace/underwater_enhancement/data/processed/physical_degradation/blur/206_img__blur.png,blur,206_img_.png,/workspace/underwater_enhancement/data/raw_underwater/UIEB/reference-890/206_img_.png
/workspace/underwater_enhancement/data/processed/physical_degradation/blue_cast/207_img__blue.png,blue_cast,207_img_.png,/workspace/underwater_enhancement/data/raw_underwater/UIEB/reference-890/207_img_.png
/workspace/underwater_enhancement/data/processed/physical_degradation/green_cast/207_img__green.png,green_cast,207_img_.png,/workspace/underwater_enhancement/data/raw_underwater/UIEB/reference-890/207_img_.png
/workspace/underwater_enhancement/data/processed/physical_degradation/low_light/207_img__lowlight.png,low_light,207_img_.png,/workspace/underwater_enhancement/data/raw_underwater/UIEB/reference-890/207_img_.png
/workspace/underwater_enhancement/data/processed/physical_degradation/blur/207_img__blur.png,blur,207_img_.png,/workspace/underwater_enhancement/data/raw_underwater/UIEB/reference-890/207_img_.png
/workspace/underwater_enhancement/data/processed/physical_degradation/blue_cast/208_img__blue.png,blue_cast,208_img_.png,/workspace/underwater_enhancement/data/raw_underwater/UIEB/reference-890/208_img_.png
/workspace/underwater_enhancement/data/processed/physical_degradation/green_cast/208_img__green.png,green_cast,208_img_.png,/workspace/underwater_enhancement/data/raw_underwater/UIEB/reference-890/208_img_.png
/workspace/underwater_enhancement/data/processed/physical_degradation/low_light/208_img__lowlight.png,low_light,208_img_.png,/workspace/underwater_enhancement/data/raw_underwater/UIEB/reference-890/208_img_.png
/workspace/underwater_enhancement/data/processed/physical_degradation/blur/208_img__blur.png,blur,208_img_.png,/workspace/underwater_enhancement/data/raw_underwater/UIEB/reference-890/208_img_.png
/workspace/underwater_enhancement/data/processed/physical_degradation/blue_cast/209_img__blue.png,blue_cast,209_img_.png,/workspace/underwater_enhancement/data/raw_underwater/UIEB/reference-890/209_img_.png
/workspace/underwater_enhancement/data/processed/physical_degradation/green_cast/209_img__green.png,green_cast,209_img_.png,/workspace/underwater_enhancement/data/raw_underwater/UIEB/reference-890/209_img_.png
/workspace/underwater_enhancement/data/processed/physical_degradation/low_light/209_img__lowlight.png,low_light,209_img_.png,/workspace/underwater_enhancement/data/raw_underwater/UIEB/reference-890/209_img_.png
/workspace/underwater_enhancement/data/processed/physical_degradation/blur/209_img__blur.png,blur,209_img_.png,/workspace/underwater_enhancement/data/raw_underwater/UIEB/reference-890/209_img_.png
/workspace/underwater_enhancement/data/processed/physical_degradation/blue_cast/210_img__blue.png,blue_cast,210_img_.png,/workspace/underwater_enhancement/data/raw_underwater/UIEB/reference-890/210_img_.png
/workspace/underwater_enhancement/data/processed/physical_degradation/green_cast/210_img__green.png,green_cast,210_img_.png,/workspace/underwater_enhancement/data/raw_underwater/UIEB/reference-890/210_img_.png
/workspace/underwater_enhancement/data/processed/physical_degradation/low_light/210_img__lowlight.png,low_light,210_img_.png,/workspace/underwater_enhancement/data/raw_underwater/UIEB/reference-890/210_img_.png
/workspace/underwater_enhancement/data/processed/physical_degradation/blur/210_img__blur.png,blur,210_img_.png,/workspace/underwater_enhancement/data/raw_underwater/UIEB/reference-890/210_img_.png
/workspace/underwater_enhancement/data/processed/physical_degradation/blue_cast/211_img__blue.png,blue_cast,211_img_.png,/workspace/underwater_enhancement/data/raw_underwater/UIEB/reference-890/211_img_.png
/workspace/underwater_enhancement/data/processed/physical_degradation/green_cast/211_img__green.png,green_cast,211_img_.png,/workspace/underwater_enhancement/data/raw_underwater/UIEB/reference-890/211_img_.png
/workspace/underwater_enhancement/data/processed/physical_degradation/low_light/211_img__lowlight.png,low_light,211_img_.png,/workspace/underwater_enhancement/data/raw_underwater/UIEB/reference-890/211_img_.png
/workspace/underwater_enhancement/data/processed/physical_degradation/blur/211_img__blur.png,blur,211_img_.png,/workspace/underwater_enhancement/data/raw_underwater/UIEB/reference-890/211_img_.png
/workspace/underwater_enhancement/data/processed/physical_degradation/blue_cast/212_img__blue.png,blue_cast,212_img_.png,/workspace/underwater_enhancement/data/raw_underwater/UIEB/reference-890/212_img_.png
/workspace/underwater_enhancement/data/processed/physical_degradation/green_cast/212_img__green.png,green_cast,212_img_.png,/workspace/underwater_enhancement/data/raw_underwater/UIEB/reference-890/212_img_.png
/workspace/underwater_enhancement/data/processed/physical_degradation/low_light/212_img__lowlight.png,low_light,212_img_.png,/workspace/underwater_enhancement/data/raw_underwater/UIEB/reference-890/212_img_.png
/workspace/underwater_enhancement/data/processed/physical_degradation/blur/212_img__blur.png,blur,212_img_.png,/workspace/underwater_enhancement/data/raw_underwater/UIEB/reference-890/212_img_.png
/workspace/underwater_enhancement/data/processed/physical_degradation/blue_cast/213_img__blue.png,blue_cast,213_img_.png,/workspace/underwater_enhancement/data/raw_underwater/UIEB/reference-890/213_img_.png
/workspace/underwater_enhancement/data/processed/physical_degradation/green_cast/213_img__green.png,green_cast,213_img_.png,/workspace/underwater_enhancement/data/raw_underwater/UIEB/reference-890/213_img_.png
/workspace/underwater_enhancement/data/processed/physical_degradation/low_light/213_img__lowlight.png,low_light,213_img_.png,/workspace/underwater_enhancement/data/raw_underwater/UIEB/reference-890/213_img_.png
/workspace/underwater_enhancement/data/processed/physical_degradation/blur/213_img__blur.png,blur,213_img_.png,/workspace/underwater_enhancement/data/raw_underwater/UIEB/reference-890/213_img_.png
/workspace/underwater_enhancement/data/processed/physical_degradation/blue_cast/214_img__blue.png,blue_cast,214_img_.png,/workspace/underwater_enhancement/data/raw_underwater/UIEB/reference-890/214_img_.png
/workspace/underwater_enhancement/data/processed/physical_degradation/green_cast/214_img__green.png,green_cast,214_img_.png,/workspace/underwater_enhancement/data/raw_underwater/UIEB/reference-890/214_img_.png
/workspace/underwater_enhancement/data/processed/physical_degradation/low_light/214_img__lowlight.png,low_light,214_img_.png,/workspace/underwater_enhancement/data/raw_underwater/UIEB/reference-890/214_img_.png
/workspace/underwater_enhancement/data/processed/physical_degradation/blur/214_img__blur.png,blur,214_img_.png,/workspace/underwater_enhancement/data/raw_underwater/UIEB/reference-890/214_img_.png
/workspace/underwater_enhancement/data/processed/physical_degradation/blue_cast/215_img__blue.png,blue_cast,215_img_.png,/workspace/underwater_enhancement/data/raw_underwater/UIEB/reference-890/215_img_.png
/workspace/underwater_enhancement/data/processed/physical_degradation/green_cast/215_img__green.png,green_cast,215_img_.png,/workspace/underwater_enhancement/data/raw_underwater/UIEB/reference-890/215_img_.png
/workspace/underwater_enhancement/data/processed/physical_degradation/low_light/215_img__lowlight.png,low_light,215_img_.png,/workspace/underwater_enhancement/data/raw_underwater/UIEB/reference-890/215_img_.png
/workspace/underwater_enhancement/data/processed/physical_degradation/blur/215_img__blur.png,blur,215_img_.png,/workspace/underwater_enhancement/data/raw_underwater/UIEB/reference-890/215_img_.png
/workspace/underwater_enhancement/data/processed/physical_degradation/blue_cast/216_img__blue.png,blue_cast,216_img_.png,/workspace/underwater_enhancement/data/raw_underwater/UIEB/reference-890/216_img_.png
/workspace/underwater_enhancement/data/processed/physical_degradation/green_cast/216_img__green.png,green_cast,216_img_.png,/workspace/underwater_enhancement/data/raw_underwater/UIEB/reference-890/216_img_.png
/workspace/underwater_enhancement/data/processed/physical_degradation/low_light/216_img__lowlight.png,low_light,216_img_.png,/workspace/underwater_enhancement/data/raw_underwater/UIEB/reference-890/216_img_.png
/workspace/underwater_enhancement/data/processed/physical_degradation/blur/216_img__blur.png,blur,216_img_.png,/workspace/underwater_enhancement/data/raw_underwater/UIEB/reference-890/216_img_.png
/workspace/underwater_enhancement/data/processed/physical_degradation/blue_cast/217_img__blue.png,blue_cast,217_img_.png,/workspace/underwater_enhancement/data/raw_underwater/UIEB/reference-890/217_img_.png
/workspace/underwater_enhancement/data/processed/physical_degradation/green_cast/217_img__green.png,green_cast,217_img_.png,/workspace/underwater_enhancement/data/raw_underwater/UIEB/reference-890/217_img_.png
/workspace/underwater_enhancement/data/processed/physical_degradation/low_light/217_img__lowlight.png,low_light,217_img_.png,/workspace/underwater_enhancement/data/raw_underwater/UIEB/reference-890/217_img_.png
/workspace/underwater_enhancement/data/processed/physical_degradation/blur/217_img__blur.png,blur,217_img_.png,/workspace/underwater_enhancement/data/raw_underwater/UIEB/reference-890/217_img_.png
/workspace/underwater_enhancement/data/processed/physical_degradation/blue_cast/219_img__blue.png,blue_cast,219_img_.png,/workspace/underwater_enhancement/data/raw_underwater/UIEB/reference-890/219_img_.png
/workspace/underwater_enhancement/data/processed/physical_degradation/green_cast/219_img__green.png,green_cast,219_img_.png,/workspace/underwater_enhancement/data/raw_underwater/UIEB/reference-890/219_img_.png
/workspace/underwater_enhancement/data/processed/physical_degradation/low_light/219_img__lowlight.png,low_light,219_img_.png,/workspace/underwater_enhancement/data/raw_underwater/UIEB/reference-890/219_img_.png
/workspace/underwater_enhancement/data/processed/physical_degradation/blur/219_img__blur.png,blur,219_img_.png,/workspace/underwater_enhancement/data/raw_underwater/UIEB/reference-890/219_img_.png
/workspace/underwater_enhancement/data/processed/physical_degradation/blue_cast/220_img__blue.png,blue_cast,220_img_.png,/workspace/underwater_enhancement/data/raw_underwater/UIEB/reference-890/220_img_.png
/workspace/underwater_enhancement/data/processed/physical_degradation/green_cast/220_img__green.png,green_cast,220_img_.png,/workspace/underwater_enhancement/data/raw_underwater/UIEB/reference-890/220_img_.png
/workspace/underwater_enhancement/data/processed/physical_degradation/low_light/220_img__lowlight.png,low_light,220_img_.png,/workspace/underwater_enhancement/data/raw_underwater/UIEB/reference-890/220_img_.png
/workspace/underwater_enhancement/data/processed/physical_degradation/blur/220_img__blur.png,blur,220_img_.png,/workspace/underwater_enhancement/data/raw_underwater/UIEB/reference-890/220_img_.png
/workspace/underwater_enhancement/data/processed/physical_degradation/blue_cast/221_img__blue.png,blue_cast,221_img_.png,/workspace/underwater_enhancement/data/raw_underwater/UIEB/reference-890/221_img_.png
/workspace/underwater_enhancement/data/processed/physical_degradation/green_cast/221_img__green.png,green_cast,221_img_.png,/workspace/underwater_enhancement/data/raw_underwater/UIEB/reference-890/221_img_.png
/workspace/underwater_enhancement/data/processed/physical_degradation/low_light/221_img__lowlight.png,low_light,221_img_.png,/workspace/underwater_enhancement/data/raw_underwater/UIEB/reference-890/221_img_.png
/workspace/underwater_enhancement/data/processed/physical_degradation/blur/221_img__blur.png,blur,221_img_.png,/workspace/underwater_enhancement/data/raw_underwater/UIEB/reference-890/221_img_.png
/workspace/underwater_enhancement/data/processed/physical_degradation/blue_cast/222_img__blue.png,blue_cast,222_img_.png,/workspace/underwater_enhancement/data/raw_underwater/UIEB/reference-890/222_img_.png
/workspace/underwater_enhancement/data/processed/physical_degradation/green_cast/222_img__green.png,green_cast,222_img_.png,/workspace/underwater_enhancement/data/raw_underwater/UIEB/reference-890/222_img_.png
/workspace/underwater_enhancement/data/processed/physical_degradation/low_light/222_img__lowlight.png,low_light,222_img_.png,/workspace/underwater_enhancement/data/raw_underwater/UIEB/reference-890/222_img_.png
/workspace/underwater_enhancement/data/processed/physical_degradation/blur/222_img__blur.png,blur,222_img_.png,/workspace/underwater_enhancement/data/raw_underwater/UIEB/reference-890/222_img_.png
/workspace/underwater_enhancement/data/processed/physical_degradation/blue_cast/223_img__blue.png,blue_cast,223_img_.png,/workspace/underwater_enhancement/data/raw_underwater/UIEB/reference-890/223_img_.png
/workspace/underwater_enhancement/data/processed/physical_degradation/green_cast/223_img__green.png,green_cast,223_img_.png,/workspace/underwater_enhancement/data/raw_underwater/UIEB/reference-890/223_img_.png
/workspace/underwater_enhancement/data/processed/physical_degradation/low_light/223_img__lowlight.png,low_light,223_img_.png,/workspace/underwater_enhancement/data/raw_underwater/UIEB/reference-890/223_img_.png
/workspace/underwater_enhancement/data/processed/physical_degradation/blur/223_img__blur.png,blur,223_img_.png,/workspace/underwater_enhancement/data/raw_underwater/UIEB/reference-890/223_img_.png
/workspace/underwater_enhancement/data/processed/physical_degradation/blue_cast/224_img__blue.png,blue_cast,224_img_.png,/workspace/underwater_enhancement/data/raw_underwater/UIEB/reference-890/224_img_.png
/workspace/underwater_enhancement/data/processed/physical_degradation/green_cast/224_img__green.png,green_cast,224_img_.png,/workspace/underwater_enhancement/data/raw_underwater/UIEB/reference-890/224_img_.png
/workspace/underwater_enhancement/data/processed/physical_degradation/low_light/224_img__lowlight.png,low_light,224_img_.png,/workspace/underwater_enhancement/data/raw_underwater/UIEB/reference-890/224_img_.png
/workspace/underwater_enhancement/data/processed/physical_degradation/blur/224_img__blur.png,blur,224_img_.png,/workspace/underwater_enhancement/data/raw_underwater/UIEB/reference-890/224_img_.png
/workspace/underwater_enhancement/data/processed/physical_degradation/blue_cast/225_img__blue.png,blue_cast,225_img_.png,/workspace/underwater_enhancement/data/raw_underwater/UIEB/reference-890/225_img_.png
/workspace/underwater_enhancement/data/processed/physical_degradation/green_cast/225_img__green.png,green_cast,225_img_.png,/workspace/underwater_enhancement/data/raw_underwater/UIEB/reference-890/225_img_.png
/workspace/underwater_enhancement/data/processed/physical_degradation/low_light/225_img__lowlight.png,low_light,225_img_.png,/workspace/underwater_enhancement/data/raw_underwater/UIEB/reference-890/225_img_.png
/workspace/underwater_enhancement/data/processed/physical_degradation/blur/225_img__blur.png,blur,225_img_.png,/workspace/underwater_enhancement/data/raw_underwater/UIEB/reference-890/225_img_.png
/workspace/underwater_enhancement/data/processed/physical_degradation/blue_cast/226_img__blue.png,blue_cast,226_img_.png,/workspace/underwater_enhancement/data/raw_underwater/UIEB/reference-890/226_img_.png
/workspace/underwater_enhancement/data/processed/physical_degradation/green_cast/226_img__green.png,green_cast,226_img_.png,/workspace/underwater_enhancement/data/raw_underwater/UIEB/reference-890/226_img_.png
/workspace/underwater_enhancement/data/processed/physical_degradation/low_light/226_img__lowlight.png,low_light,226_img_.png,/workspace/underwater_enhancement/data/raw_underwater/UIEB/reference-890/226_img_.png
/workspace/underwater_enhancement/data/processed/physical_degradation/blur/226_img__blur.png,blur,226_img_.png,/workspace/underwater_enhancement/data/raw_underwater/UIEB/reference-890/226_img_.png
/workspace/underwater_enhancement/data/processed/physical_degradation/blue_cast/227_img__blue.png,blue_cast,227_img_.png,/workspace/underwater_enhancement/data/raw_underwater/UIEB/reference-890/227_img_.png
/workspace/underwater_enhancement/data/processed/physical_degradation/green_cast/227_img__green.png,green_cast,227_img_.png,/workspace/underwater_enhancement/data/raw_underwater/UIEB/reference-890/227_img_.png
/workspace/underwater_enhancement/data/processed/physical_degradation/low_light/227_img__lowlight.png,low_light,227_img_.png,/workspace/underwater_enhancement/data/raw_underwater/UIEB/reference-890/227_img_.png
/workspace/underwater_enhancement/data/processed/physical_degradation/blur/227_img__blur.png,blur,227_img_.png,/workspace/underwater_enhancement/data/raw_underwater/UIEB/reference-890/227_img_.png
/workspace/underwater_enhancement/data/processed/physical_degradation/blue_cast/228_img__blue.png,blue_cast,228_img_.png,/workspace/underwater_enhancement/data/raw_underwater/UIEB/reference-890/228_img_.png
/workspace/underwater_enhancement/data/processed/physical_degradation/green_cast/228_img__green.png,green_cast,228_img_.png,/workspace/underwater_enhancement/data/raw_underwater/UIEB/reference-890/228_img_.png
/workspace/underwater_enhancement/data/processed/physical_degradation/low_light/228_img__lowlight.png,low_light,228_img_.png,/workspace/underwater_enhancement/data/raw_underwater/UIEB/reference-890/228_img_.png
/workspace/underwater_enhancement/data/processed/physical_degradation/blur/228_img__blur.png,blur,228_img_.png,/workspace/underwater_enhancement/data/raw_underwater/UIEB/reference-890/228_img_.png
/workspace/underwater_enhancement/data/processed/physical_degradation/blue_cast/229_img__blue.png,blue_cast,229_img_.png,/workspace/underwater_enhancement/data/raw_underwater/UIEB/reference-890/229_img_.png
/workspace/underwater_enhancement/data/processed/physical_degradation/green_cast/229_img__green.png,green_cast,229_img_.png,/workspace/underwater_enhancement/data/raw_underwater/UIEB/reference-890/229_img_.png
/workspace/underwater_enhancement/data/processed/physical_degradation/low_light/229_img__lowlight.png,low_light,229_img_.png,/workspace/underwater_enhancement/data/raw_underwater/UIEB/reference-890/229_img_.png
/workspace/underwater_enhancement/data/processed/physical_degradation/blur/229_img__blur.png,blur,229_img_.png,/workspace/underwater_enhancement/data/raw_underwater/UIEB/reference-890/229_img_.png
/workspace/underwater_enhancement/data/processed/physical_degradation/blue_cast/22_img__blue.png,blue_cast,22_img_.png,/workspace/underwater_enhancement/data/raw_underwater/UIEB/reference-890/22_img_.png
/workspace/underwater_enhancement/data/processed/physical_degradation/green_cast/22_img__green.png,green_cast,22_img_.png,/workspace/underwater_enhancement/data/raw_underwater/UIEB/reference-890/22_img_.png
/workspace/underwater_enhancement/data/processed/physical_degradation/low_light/22_img__lowlight.png,low_light,22_img_.png,/workspace/underwater_enhancement/data/raw_underwater/UIEB/reference-890/22_img_.png
/workspace/underwater_enhancement/data/processed/physical_degradation/blur/22_img__blur.png,blur,22_img_.png,/workspace/underwater_enhancement/data/raw_underwater/UIEB/reference-890/22_img_.png
/workspace/underwater_enhancement/data/processed/physical_degradation/blue_cast/230_img__blue.png,blue_cast,230_img_.png,/workspace/underwater_enhancement/data/raw_underwater/UIEB/reference-890/230_img_.png
/workspace/underwater_enhancement/data/processed/physical_degradation/green_cast/230_img__green.png,green_cast,230_img_.png,/workspace/underwater_enhancement/data/raw_underwater/UIEB/reference-890/230_img_.png
/workspace/underwater_enhancement/data/processed/physical_degradation/low_light/230_img__lowlight.png,low_light,230_img_.png,/workspace/underwater_enhancement/data/raw_underwater/UIEB/reference-890/230_img_.png
/workspace/underwater_enhancement/data/processed/physical_degradation/blur/230_img__blur.png,blur,230_img_.png,/workspace/underwater_enhancement/data/raw_underwater/UIEB/reference-890/230_img_.png
/workspace/underwater_enhancement/data/processed/physical_degradation/blue_cast/231_img__blue.png,blue_cast,231_img_.png,/workspace/underwater_enhancement/data/raw_underwater/UIEB/reference-890/231_img_.png
/workspace/underwater_enhancement/data/processed/physical_degradation/green_cast/231_img__green.png,green_cast,231_img_.png,/workspace/underwater_enhancement/data/raw_underwater/UIEB/reference-890/231_img_.png
/workspace/underwater_enhancement/data/processed/physical_degradation/low_light/231_img__lowlight.png,low_light,231_img_.png,/workspace/underwater_enhancement/data/raw_underwater/UIEB/reference-890/231_img_.png
/workspace/underwater_enhancement/data/processed/physical_degradation/blur/231_img__blur.png,blur,231_img_.png,/workspace/underwater_enhancement/data/raw_underwater/UIEB/reference-890/231_img_.png
/workspace/underwater_enhancement/data/processed/physical_degradation/blue_cast/232_img__blue.png,blue_cast,232_img_.png,/workspace/underwater_enhancement/data/raw_underwater/UIEB/reference-890/232_img_.png
/workspace/underwater_enhancement/data/processed/physical_degradation/green_cast/232_img__green.png,green_cast,232_img_.png,/workspace/underwater_enhancement/data/raw_underwater/UIEB/reference-890/232_img_.png
/workspace/underwater_enhancement/data/processed/physical_degradation/low_light/232_img__lowlight.png,low_light,232_img_.png,/workspace/underwater_enhancement/data/raw_underwater/UIEB/reference-890/232_img_.png
/workspace/underwater_enhancement/data/processed/physical_degradation/blur/232_img__blur.png,blur,232_img_.png,/workspace/underwater_enhancement/data/raw_underwater/UIEB/reference-890/232_img_.png
/workspace/underwater_enhancement/data/processed/physical_degradation/blue_cast/233_img__blue.png,blue_cast,233_img_.png,/workspace/underwater_enhancement/data/raw_underwater/UIEB/reference-890/233_img_.png
/workspace/underwater_enhancement/data/processed/physical_degradation/green_cast/233_img__green.png,green_cast,233_img_.png,/workspace/underwater_enhancement/data/raw_underwater/UIEB/reference-890/233_img_.png
/workspace/underwater_enhancement/data/processed/physical_degradation/low_light/233_img__lowlight.png,low_light,233_img_.png,/workspace/underwater_enhancement/data/raw_underwater/UIEB/reference-890/233_img_.png
/workspace/underwater_enhancement/data/processed/physical_degradation/blur/233_img__blur.png,blur,233_img_.png,/workspace/underwater_enhancement/data/raw_underwater/UIEB/reference-890/233_img_.png
/workspace/underwater_enhancement/data/processed/physical_degradation/blue_cast/234_img__blue.png,blue_cast,234_img_.png,/workspace/underwater_enhancement/data/raw_underwater/UIEB/reference-890/234_img_.png
/workspace/underwater_enhancement/data/processed/physical_degradation/green_cast/234_img__green.png,green_cast,234_img_.png,/workspace/underwater_enhancement/data/raw_underwater/UIEB/reference-890/234_img_.png
/workspace/underwater_enhancement/data/processed/physical_degradation/low_light/234_img__lowlight.png,low_light,234_img_.png,/workspace/underwater_enhancement/data/raw_underwater/UIEB/reference-890/234_img_.png
/workspace/underwater_enhancement/data/processed/physical_degradation/blur/234_img__blur.png,blur,234_img_.png,/workspace/underwater_enhancement/data/raw_underwater/UIEB/reference-890/234_img_.png
/workspace/underwater_enhancement/data/processed/physical_degradation/blue_cast/236_img__blue.png,blue_cast,236_img_.png,/workspace/underwater_enhancement/data/raw_underwater/UIEB/reference-890/236_img_.png
/workspace/underwater_enhancement/data/processed/physical_degradation/green_cast/236_img__green.png,green_cast,236_img_.png,/workspace/underwater_enhancement/data/raw_underwater/UIEB/reference-890/236_img_.png
/workspace/underwater_enhancement/data/processed/physical_degradation/low_light/236_img__lowlight.png,low_light,236_img_.png,/workspace/underwater_enhancement/data/raw_underwater/UIEB/reference-890/236_img_.png
/workspace/underwater_enhancement/data/processed/physical_degradation/blur/236_img__blur.png,blur,236_img_.png,/workspace/underwater_enhancement/data/raw_underwater/UIEB/reference-890/236_img_.png
/workspace/underwater_enhancement/data/processed/physical_degradation/blue_cast/238_img__blue.png,blue_cast,238_img_.png,/workspace/underwater_enhancement/data/raw_underwater/UIEB/reference-890/238_img_.png
/workspace/underwater_enhancement/data/processed/physical_degradation/green_cast/238_img__green.png,green_cast,238_img_.png,/workspace/underwater_enhancement/data/raw_underwater/UIEB/reference-890/238_img_.png
/workspace/underwater_enhancement/data/processed/physical_degradation/low_light/238_img__lowlight.png,low_light,238_img_.png,/workspace/underwater_enhancement/data/raw_underwater/UIEB/reference-890/238_img_.png
/workspace/underwater_enhancement/data/processed/physical_degradation/blur/238_img__blur.png,blur,238_img_.png,/workspace/underwater_enhancement/data/raw_underwater/UIEB/reference-890/238_img_.png
/workspace/underwater_enhancement/data/processed/physical_degradation/blue_cast/23_img__blue.png,blue_cast,23_img_.png,/workspace/underwater_enhancement/data/raw_underwater/UIEB/reference-890/23_img_.png
/workspace/underwater_enhancement/data/processed/physical_degradation/green_cast/23_img__green.png,green_cast,23_img_.png,/workspace/underwater_enhancement/data/raw_underwater/UIEB/reference-890/23_img_.png
/workspace/underwater_enhancement/data/processed/physical_degradation/low_light/23_img__lowlight.png,low_light,23_img_.png,/workspace/underwater_enhancement/data/raw_underwater/UIEB/reference-890/23_img_.png
/workspace/underwater_enhancement/data/processed/physical_degradation/blur/23_img__blur.png,blur,23_img_.png,/workspace/underwater_enhancement/data/raw_underwater/UIEB/reference-890/23_img_.png
/workspace/underwater_enhancement/data/processed/physical_degradation/blue_cast/240_img__blue.png,blue_cast,240_img_.png,/workspace/underwater_enhancement/data/raw_underwater/UIEB/reference-890/240_img_.png
/workspace/underwater_enhancement/data/processed/physical_degradation/green_cast/240_img__green.png,green_cast,240_img_.png,/workspace/underwater_enhancement/data/raw_underwater/UIEB/reference-890/240_img_.png
/workspace/underwater_enhancement/data/processed/physical_degradation/low_light/240_img__lowlight.png,low_light,240_img_.png,/workspace/underwater_enhancement/data/raw_underwater/UIEB/reference-890/240_img_.png
/workspace/underwater_enhancement/data/processed/physical_degradation/blur/240_img__blur.png,blur,240_img_.png,/workspace/underwater_enhancement/data/raw_underwater/UIEB/reference-890/240_img_.png
/workspace/underwater_enhancement/data/processed/physical_degradation/blue_cast/241_img__blue.png,blue_cast,241_img_.png,/workspace/underwater_enhancement/data/raw_underwater/UIEB/reference-890/241_img_.png
/workspace/underwater_enhancement/data/processed/physical_degradation/green_cast/241_img__green.png,green_cast,241_img_.png,/workspace/underwater_enhancement/data/raw_underwater/UIEB/reference-890/241_img_.png
/workspace/underwater_enhancement/data/processed/physical_degradation/low_light/241_img__lowlight.png,low_light,241_img_.png,/workspace/underwater_enhancement/data/raw_underwater/UIEB/reference-890/241_img_.png
/workspace/underwater_enhancement/data/processed/physical_degradation/blur/241_img__blur.png,blur,241_img_.png,/workspace/underwater_enhancement/data/raw_underwater/UIEB/reference-890/241_img_.png
/workspace/underwater_enhancement/data/processed/physical_degradation/blue_cast/242_img__blue.png,blue_cast,242_img_.png,/workspace/underwater_enhancement/data/raw_underwater/UIEB/reference-890/242_img_.png
/workspace/underwater_enhancement/data/processed/physical_degradation/green_cast/242_img__green.png,green_cast,242_img_.png,/workspace/underwater_enhancement/data/raw_underwater/UIEB/reference-890/242_img_.png
/workspace/underwater_enhancement/data/processed/physical_degradation/low_light/242_img__lowlight.png,low_light,242_img_.png,/workspace/underwater_enhancement/data/raw_underwater/UIEB/reference-890/242_img_.png
/workspace/underwater_enhancement/data/processed/physical_degradation/blur/242_img__blur.png,blur,242_img_.png,/workspace/underwater_enhancement/data/raw_underwater/UIEB/reference-890/242_img_.png
/workspace/underwater_enhancement/data/processed/physical_degradation/blue_cast/243_img__blue.png,blue_cast,243_img_.png,/workspace/underwater_enhancement/data/raw_underwater/UIEB/reference-890/243_img_.png
/workspace/underwater_enhancement/data/processed/physical_degradation/green_cast/243_img__green.png,green_cast,243_img_.png,/workspace/underwater_enhancement/data/raw_underwater/UIEB/reference-890/243_img_.png
/workspace/underwater_enhancement/data/processed/physical_degradation/low_light/243_img__lowlight.png,low_light,243_img_.png,/workspace/underwater_enhancement/data/raw_underwater/UIEB/reference-890/243_img_.png
/workspace/underwater_enhancement/data/processed/physical_degradation/blur/243_img__blur.png,blur,243_img_.png,/workspace/underwater_enhancement/data/raw_underwater/UIEB/reference-890/243_img_.png
/workspace/underwater_enhancement/data/processed/physical_degradation/blue_cast/244_img__blue.png,blue_cast,244_img_.png,/workspace/underwater_enhancement/data/raw_underwater/UIEB/reference-890/244_img_.png
/workspace/underwater_enhancement/data/processed/physical_degradation/green_cast/244_img__green.png,green_cast,244_img_.png,/workspace/underwater_enhancement/data/raw_underwater/UIEB/reference-890/244_img_.png
/workspace/underwater_enhancement/data/processed/physical_degradation/low_light/244_img__lowlight.png,low_light,244_img_.png,/workspace/underwater_enhancement/data/raw_underwater/UIEB/reference-890/244_img_.png
/workspace/underwater_enhancement/data/processed/physical_degradation/blur/244_img__blur.png,blur,244_img_.png,/workspace/underwater_enhancement/data/raw_underwater/UIEB/reference-890/244_img_.png
/workspace/underwater_enhancement/data/processed/physical_degradation/blue_cast/245_img__blue.png,blue_cast,245_img_.png,/workspace/underwater_enhancement/data/raw_underwater/UIEB/reference-890/245_img_.png
/workspace/underwater_enhancement/data/processed/physical_degradation/green_cast/245_img__green.png,green_cast,245_img_.png,/workspace/underwater_enhancement/data/raw_underwater/UIEB/reference-890/245_img_.png
/workspace/underwater_enhancement/data/processed/physical_degradation/low_light/245_img__lowlight.png,low_light,245_img_.png,/workspace/underwater_enhancement/data/raw_underwater/UIEB/reference-890/245_img_.png
/workspace/underwater_enhancement/data/processed/physical_degradation/blur/245_img__blur.png,blur,245_img_.png,/workspace/underwater_enhancement/data/raw_underwater/UIEB/reference-890/245_img_.png
/workspace/underwater_enhancement/data/processed/physical_degradation/blue_cast/246_img__blue.png,blue_cast,246_img_.png,/workspace/underwater_enhancement/data/raw_underwater/UIEB/reference-890/246_img_.png
/workspace/underwater_enhancement/data/processed/physical_degradation/green_cast/246_img__green.png,green_cast,246_img_.png,/workspace/underwater_enhancement/data/raw_underwater/UIEB/reference-890/246_img_.png
/workspace/underwater_enhancement/data/processed/physical_degradation/low_light/246_img__lowlight.png,low_light,246_img_.png,/workspace/underwater_enhancement/data/raw_underwater/UIEB/reference-890/246_img_.png
/workspace/underwater_enhancement/data/processed/physical_degradation/blur/246_img__blur.png,blur,246_img_.png,/workspace/underwater_enhancement/data/raw_underwater/UIEB/reference-890/246_img_.png
/workspace/underwater_enhancement/data/processed/physical_degradation/blue_cast/247_img__blue.png,blue_cast,247_img_.png,/workspace/underwater_enhancement/data/raw_underwater/UIEB/reference-890/247_img_.png
/workspace/underwater_enhancement/data/processed/physical_degradation/green_cast/247_img__green.png,green_cast,247_img_.png,/workspace/underwater_enhancement/data/raw_underwater/UIEB/reference-890/247_img_.png
/workspace/underwater_enhancement/data/processed/physical_degradation/low_light/247_img__lowlight.png,low_light,247_img_.png,/workspace/underwater_enhancement/data/raw_underwater/UIEB/reference-890/247_img_.png
/workspace/underwater_enhancement/data/processed/physical_degradation/blur/247_img__blur.png,blur,247_img_.png,/workspace/underwater_enhancement/data/raw_underwater/UIEB/reference-890/247_img_.png
/workspace/underwater_enhancement/data/processed/physical_degradation/blue_cast/248_img__blue.png,blue_cast,248_img_.png,/workspace/underwater_enhancement/data/raw_underwater/UIEB/reference-890/248_img_.png
/workspace/underwater_enhancement/data/processed/physical_degradation/green_cast/248_img__green.png,green_cast,248_img_.png,/workspace/underwater_enhancement/data/raw_underwater/UIEB/reference-890/248_img_.png
/workspace/underwater_enhancement/data/processed/physical_degradation/low_light/248_img__lowlight.png,low_light,248_img_.png,/workspace/underwater_enhancement/data/raw_underwater/UIEB/reference-890/248_img_.png
/workspace/underwater_enhancement/data/processed/physical_degradation/blur/248_img__blur.png,blur,248_img_.png,/workspace/underwater_enhancement/data/raw_underwater/UIEB/reference-890/248_img_.png
/workspace/underwater_enhancement/data/processed/physical_degradation/blue_cast/24_img__blue.png,blue_cast,24_img_.png,/workspace/underwater_enhancement/data/raw_underwater/UIEB/reference-890/24_img_.png
/workspace/underwater_enhancement/data/processed/physical_degradation/green_cast/24_img__green.png,green_cast,24_img_.png,/workspace/underwater_enhancement/data/raw_underwater/UIEB/reference-890/24_img_.png
/workspace/underwater_enhancement/data/processed/physical_degradation/low_light/24_img__lowlight.png,low_light,24_img_.png,/workspace/underwater_enhancement/data/raw_underwater/UIEB/reference-890/24_img_.png
/workspace/underwater_enhancement/data/processed/physical_degradation/blur/24_img__blur.png,blur,24_img_.png,/workspace/underwater_enhancement/data/raw_underwater/UIEB/reference-890/24_img_.png
/workspace/underwater_enhancement/data/processed/physical_degradation/blue_cast/251_img__blue.png,blue_cast,251_img_.png,/workspace/underwater_enhancement/data/raw_underwater/UIEB/reference-890/251_img_.png
/workspace/underwater_enhancement/data/processed/physical_degradation/green_cast/251_img__green.png,green_cast,251_img_.png,/workspace/underwater_enhancement/data/raw_underwater/UIEB/reference-890/251_img_.png
/workspace/underwater_enhancement/data/processed/physical_degradation/low_light/251_img__lowlight.png,low_light,251_img_.png,/workspace/underwater_enhancement/data/raw_underwater/UIEB/reference-890/251_img_.png
/workspace/underwater_enhancement/data/processed/physical_degradation/blur/251_img__blur.png,blur,251_img_.png,/workspace/underwater_enhancement/data/raw_underwater/UIEB/reference-890/251_img_.png
/workspace/underwater_enhancement/data/processed/physical_degradation/blue_cast/252_img__blue.png,blue_cast,252_img_.png,/workspace/underwater_enhancement/data/raw_underwater/UIEB/reference-890/252_img_.png
/workspace/underwater_enhancement/data/processed/physical_degradation/green_cast/252_img__green.png,green_cast,252_img_.png,/workspace/underwater_enhancement/data/raw_underwater/UIEB/reference-890/252_img_.png
/workspace/underwater_enhancement/data/processed/physical_degradation/low_light/252_img__lowlight.png,low_light,252_img_.png,/workspace/underwater_enhancement/data/raw_underwater/UIEB/reference-890/252_img_.png
/workspace/underwater_enhancement/data/processed/physical_degradation/blur/252_img__blur.png,blur,252_img_.png,/workspace/underwater_enhancement/data/raw_underwater/UIEB/reference-890/252_img_.png
/workspace/underwater_enhancement/data/processed/physical_degradation/blue_cast/253_img__blue.png,blue_cast,253_img_.png,/workspace/underwater_enhancement/data/raw_underwater/UIEB/reference-890/253_img_.png
/workspace/underwater_enhancement/data/processed/physical_degradation/green_cast/253_img__green.png,green_cast,253_img_.png,/workspace/underwater_enhancement/data/raw_underwater/UIEB/reference-890/253_img_.png
/workspace/underwater_enhancement/data/processed/physical_degradation/low_light/253_img__lowlight.png,low_light,253_img_.png,/workspace/underwater_enhancement/data/raw_underwater/UIEB/reference-890/253_img_.png
/workspace/underwater_enhancement/data/processed/physical_degradation/blur/253_img__blur.png,blur,253_img_.png,/workspace/underwater_enhancement/data/raw_underwater/UIEB/reference-890/253_img_.png
/workspace/underwater_enhancement/data/processed/physical_degradation/blue_cast/2546_blue.png,blue_cast,2546.png,/workspace/underwater_enhancement/data/raw_underwater/UIEB/reference-890/2546.png
/workspace/underwater_enhancement/data/processed/physical_degradation/green_cast/2546_green.png,green_cast,2546.png,/workspace/underwater_enhancement/data/raw_underwater/UIEB/reference-890/2546.png
/workspace/underwater_enhancement/data/processed/physical_degradation/low_light/2546_lowlight.png,low_light,2546.png,/workspace/underwater_enhancement/data/raw_underwater/UIEB/reference-890/2546.png
/workspace/underwater_enhancement/data/processed/physical_degradation/blur/2546_blur.png,blur,2546.png,/workspace/underwater_enhancement/data/raw_underwater/UIEB/reference-890/2546.png
/workspace/underwater_enhancement/data/processed/physical_degradation/blue_cast/254_img__blue.png,blue_cast,254_img_.png,/workspace/underwater_enhancement/data/raw_underwater/UIEB/reference-890/254_img_.png
/workspace/underwater_enhancement/data/processed/physical_degradation/green_cast/254_img__green.png,green_cast,254_img_.png,/workspace/underwater_enhancement/data/raw_underwater/UIEB/reference-890/254_img_.png
/workspace/underwater_enhancement/data/processed/physical_degradation/low_light/254_img__lowlight.png,low_light,254_img_.png,/workspace/underwater_enhancement/data/raw_underwater/UIEB/reference-890/254_img_.png
/workspace/underwater_enhancement/data/processed/physical_degradation/blur/254_img__blur.png,blur,254_img_.png,/workspace/underwater_enhancement/data/raw_underwater/UIEB/reference-890/254_img_.png
/workspace/underwater_enhancement/data/processed/physical_degradation/blue_cast/255_img__blue.png,blue_cast,255_img_.png,/workspace/underwater_enhancement/data/raw_underwater/UIEB/reference-890/255_img_.png
/workspace/underwater_enhancement/data/processed/physical_degradation/green_cast/255_img__green.png,green_cast,255_img_.png,/workspace/underwater_enhancement/data/raw_underwater/UIEB/reference-890/255_img_.png
/workspace/underwater_enhancement/data/processed/physical_degradation/low_light/255_img__lowlight.png,low_light,255_img_.png,/workspace/underwater_enhancement/data/raw_underwater/UIEB/reference-890/255_img_.png
/workspace/underwater_enhancement/data/processed/physical_degradation/blur/255_img__blur.png,blur,255_img_.png,/workspace/underwater_enhancement/data/raw_underwater/UIEB/reference-890/255_img_.png
/workspace/underwater_enhancement/data/processed/physical_degradation/blue_cast/257_img__blue.png,blue_cast,257_img_.png,/workspace/underwater_enhancement/data/raw_underwater/UIEB/reference-890/257_img_.png
/workspace/underwater_enhancement/data/processed/physical_degradation/green_cast/257_img__green.png,green_cast,257_img_.png,/workspace/underwater_enhancement/data/raw_underwater/UIEB/reference-890/257_img_.png
/workspace/underwater_enhancement/data/processed/physical_degradation/low_light/257_img__lowlight.png,low_light,257_img_.png,/workspace/underwater_enhancement/data/raw_underwater/UIEB/reference-890/257_img_.png
/workspace/underwater_enhancement/data/processed/physical_degradation/blur/257_img__blur.png,blur,257_img_.png,/workspace/underwater_enhancement/data/raw_underwater/UIEB/reference-890/257_img_.png
/workspace/underwater_enhancement/data/processed/physical_degradation/blue_cast/258_img__blue.png,blue_cast,258_img_.png,/workspace/underwater_enhancement/data/raw_underwater/UIEB/reference-890/258_img_.png
/workspace/underwater_enhancement/data/processed/physical_degradation/green_cast/258_img__green.png,green_cast,258_img_.png,/workspace/underwater_enhancement/data/raw_underwater/UIEB/reference-890/258_img_.png
/workspace/underwater_enhancement/data/processed/physical_degradation/low_light/258_img__lowlight.png,low_light,258_img_.png,/workspace/underwater_enhancement/data/raw_underwater/UIEB/reference-890/258_img_.png
/workspace/underwater_enhancement/data/processed/physical_degradation/blur/258_img__blur.png,blur,258_img_.png,/workspace/underwater_enhancement/data/raw_underwater/UIEB/reference-890/258_img_.png
/workspace/underwater_enhancement/data/processed/physical_degradation/blue_cast/259_img__blue.png,blue_cast,259_img_.png,/workspace/underwater_enhancement/data/raw_underwater/UIEB/reference-890/259_img_.png
/workspace/underwater_enhancement/data/processed/physical_degradation/green_cast/259_img__green.png,green_cast,259_img_.png,/workspace/underwater_enhancement/data/raw_underwater/UIEB/reference-890/259_img_.png
/workspace/underwater_enhancement/data/processed/physical_degradation/low_light/259_img__lowlight.png,low_light,259_img_.png,/workspace/underwater_enhancement/data/raw_underwater/UIEB/reference-890/259_img_.png
/workspace/underwater_enhancement/data/processed/physical_degradation/blur/259_img__blur.png,blur,259_img_.png,/workspace/underwater_enhancement/data/raw_underwater/UIEB/reference-890/259_img_.png
/workspace/underwater_enhancement/data/processed/physical_degradation/blue_cast/25_img__blue.png,blue_cast,25_img_.png,/workspace/underwater_enhancement/data/raw_underwater/UIEB/reference-890/25_img_.png
/workspace/underwater_enhancement/data/processed/physical_degradation/green_cast/25_img__green.png,green_cast,25_img_.png,/workspace/underwater_enhancement/data/raw_underwater/UIEB/reference-890/25_img_.png
/workspace/underwater_enhancement/data/processed/physical_degradation/low_light/25_img__lowlight.png,low_light,25_img_.png,/workspace/underwater_enhancement/data/raw_underwater/UIEB/reference-890/25_img_.png
/workspace/underwater_enhancement/data/processed/physical_degradation/blur/25_img__blur.png,blur,25_img_.png,/workspace/underwater_enhancement/data/raw_underwater/UIEB/reference-890/25_img_.png
/workspace/underwater_enhancement/data/processed/physical_degradation/blue_cast/260_img__blue.png,blue_cast,260_img_.png,/workspace/underwater_enhancement/data/raw_underwater/UIEB/reference-890/260_img_.png
/workspace/underwater_enhancement/data/processed/physical_degradation/green_cast/260_img__green.png,green_cast,260_img_.png,/workspace/underwater_enhancement/data/raw_underwater/UIEB/reference-890/260_img_.png
/workspace/underwater_enhancement/data/processed/physical_degradation/low_light/260_img__lowlight.png,low_light,260_img_.png,/workspace/underwater_enhancement/data/raw_underwater/UIEB/reference-890/260_img_.png
/workspace/underwater_enhancement/data/processed/physical_degradation/blur/260_img__blur.png,blur,260_img_.png,/workspace/underwater_enhancement/data/raw_underwater/UIEB/reference-890/260_img_.png
/workspace/underwater_enhancement/data/processed/physical_degradation/blue_cast/261_img__blue.png,blue_cast,261_img_.png,/workspace/underwater_enhancement/data/raw_underwater/UIEB/reference-890/261_img_.png
/workspace/underwater_enhancement/data/processed/physical_degradation/green_cast/261_img__green.png,green_cast,261_img_.png,/workspace/underwater_enhancement/data/raw_underwater/UIEB/reference-890/261_img_.png
/workspace/underwater_enhancement/data/processed/physical_degradation/low_light/261_img__lowlight.png,low_light,261_img_.png,/workspace/underwater_enhancement/data/raw_underwater/UIEB/reference-890/261_img_.png
/workspace/underwater_enhancement/data/processed/physical_degradation/blur/261_img__blur.png,blur,261_img_.png,/workspace/underwater_enhancement/data/raw_underwater/UIEB/reference-890/261_img_.png
/workspace/underwater_enhancement/data/processed/physical_degradation/blue_cast/2629_blue.png,blue_cast,2629.png,/workspace/underwater_enhancement/data/raw_underwater/UIEB/reference-890/2629.png
/workspace/underwater_enhancement/data/processed/physical_degradation/green_cast/2629_green.png,green_cast,2629.png,/workspace/underwater_enhancement/data/raw_underwater/UIEB/reference-890/2629.png
/workspace/underwater_enhancement/data/processed/physical_degradation/low_light/2629_lowlight.png,low_light,2629.png,/workspace/underwater_enhancement/data/raw_underwater/UIEB/reference-890/2629.png
/workspace/underwater_enhancement/data/processed/physical_degradation/blur/2629_blur.png,blur,2629.png,/workspace/underwater_enhancement/data/raw_underwater/UIEB/reference-890/2629.png
/workspace/underwater_enhancement/data/processed/physical_degradation/blue_cast/262_img__blue.png,blue_cast,262_img_.png,/workspace/underwater_enhancement/data/raw_underwater/UIEB/reference-890/262_img_.png
/workspace/underwater_enhancement/data/processed/physical_degradation/green_cast/262_img__green.png,green_cast,262_img_.png,/workspace/underwater_enhancement/data/raw_underwater/UIEB/reference-890/262_img_.png
/workspace/underwater_enhancement/data/processed/physical_degradation/low_light/262_img__lowlight.png,low_light,262_img_.png,/workspace/underwater_enhancement/data/raw_underwater/UIEB/reference-890/262_img_.png
/workspace/underwater_enhancement/data/processed/physical_degradation/blur/262_img__blur.png,blur,262_img_.png,/workspace/underwater_enhancement/data/raw_underwater/UIEB/reference-890/262_img_.png
/workspace/underwater_enhancement/data/processed/physical_degradation/blue_cast/263_img__blue.png,blue_cast,263_img_.png,/workspace/underwater_enhancement/data/raw_underwater/UIEB/reference-890/263_img_.png
/workspace/underwater_enhancement/data/processed/physical_degradation/green_cast/263_img__green.png,green_cast,263_img_.png,/workspace/underwater_enhancement/data/raw_underwater/UIEB/reference-890/263_img_.png
/workspace/underwater_enhancement/data/processed/physical_degradation/low_light/263_img__lowlight.png,low_light,263_img_.png,/workspace/underwater_enhancement/data/raw_underwater/UIEB/reference-890/263_img_.png
/workspace/underwater_enhancement/data/processed/physical_degradation/blur/263_img__blur.png,blur,263_img_.png,/workspace/underwater_enhancement/data/raw_underwater/UIEB/reference-890/263_img_.png
/workspace/underwater_enhancement/data/processed/physical_degradation/blue_cast/265_img__blue.png,blue_cast,265_img_.png,/workspace/underwater_enhancement/data/raw_underwater/UIEB/reference-890/265_img_.png
/workspace/underwater_enhancement/data/processed/physical_degradation/green_cast/265_img__green.png,green_cast,265_img_.png,/workspace/underwater_enhancement/data/raw_underwater/UIEB/reference-890/265_img_.png
/workspace/underwater_enhancement/data/processed/physical_degradation/low_light/265_img__lowlight.png,low_light,265_img_.png,/workspace/underwater_enhancement/data/raw_underwater/UIEB/reference-890/265_img_.png
/workspace/underwater_enhancement/data/processed/physical_degradation/blur/265_img__blur.png,blur,265_img_.png,/workspace/underwater_enhancement/data/raw_underwater/UIEB/reference-890/265_img_.png
/workspace/underwater_enhancement/data/processed/physical_degradation/blue_cast/266_img__blue.png,blue_cast,266_img_.png,/workspace/underwater_enhancement/data/raw_underwater/UIEB/reference-890/266_img_.png
/workspace/underwater_enhancement/data/processed/physical_degradation/green_cast/266_img__green.png,green_cast,266_img_.png,/workspace/underwater_enhancement/data/raw_underwater/UIEB/reference-890/266_img_.png
/workspace/underwater_enhancement/data/processed/physical_degradation/low_light/266_img__lowlight.png,low_light,266_img_.png,/workspace/underwater_enhancement/data/raw_underwater/UIEB/reference-890/266_img_.png
/workspace/underwater_enhancement/data/processed/physical_degradation/blur/266_img__blur.png,blur,266_img_.png,/workspace/underwater_enhancement/data/raw_underwater/UIEB/reference-890/266_img_.png
/workspace/underwater_enhancement/data/processed/physical_degradation/blue_cast/2677_blue.png,blue_cast,2677.png,/workspace/underwater_enhancement/data/raw_underwater/UIEB/reference-890/2677.png
/workspace/underwater_enhancement/data/processed/physical_degradation/green_cast/2677_green.png,green_cast,2677.png,/workspace/underwater_enhancement/data/raw_underwater/UIEB/reference-890/2677.png
/workspace/underwater_enhancement/data/processed/physical_degradation/low_light/2677_lowlight.png,low_light,2677.png,/workspace/underwater_enhancement/data/raw_underwater/UIEB/reference-890/2677.png
/workspace/underwater_enhancement/data/processed/physical_degradation/blur/2677_blur.png,blur,2677.png,/workspace/underwater_enhancement/data/raw_underwater/UIEB/reference-890/2677.png
/workspace/underwater_enhancement/data/processed/physical_degradation/blue_cast/267_img__blue.png,blue_cast,267_img_.png,/workspace/underwater_enhancement/data/raw_underwater/UIEB/reference-890/267_img_.png
/workspace/underwater_enhancement/data/processed/physical_degradation/green_cast/267_img__green.png,green_cast,267_img_.png,/workspace/underwater_enhancement/data/raw_underwater/UIEB/reference-890/267_img_.png
/workspace/underwater_enhancement/data/processed/physical_degradation/low_light/267_img__lowlight.png,low_light,267_img_.png,/workspace/underwater_enhancement/data/raw_underwater/UIEB/reference-890/267_img_.png
/workspace/underwater_enhancement/data/processed/physical_degradation/blur/267_img__blur.png,blur,267_img_.png,/workspace/underwater_enhancement/data/raw_underwater/UIEB/reference-890/267_img_.png
/workspace/underwater_enhancement/data/processed/physical_degradation/blue_cast/268_img__blue.png,blue_cast,268_img_.png,/workspace/underwater_enhancement/data/raw_underwater/UIEB/reference-890/268_img_.png
/workspace/underwater_enhancement/data/processed/physical_degradation/green_cast/268_img__green.png,green_cast,268_img_.png,/workspace/underwater_enhancement/data/raw_underwater/UIEB/reference-890/268_img_.png
/workspace/underwater_enhancement/data/processed/physical_degradation/low_light/268_img__lowlight.png,low_light,268_img_.png,/workspace/underwater_enhancement/data/raw_underwater/UIEB/reference-890/268_img_.png
/workspace/underwater_enhancement/data/processed/physical_degradation/blur/268_img__blur.png,blur,268_img_.png,/workspace/underwater_enhancement/data/raw_underwater/UIEB/reference-890/268_img_.png
/workspace/underwater_enhancement/data/processed/physical_degradation/blue_cast/26_img__blue.png,blue_cast,26_img_.png,/workspace/underwater_enhancement/data/raw_underwater/UIEB/reference-890/26_img_.png
/workspace/underwater_enhancement/data/processed/physical_degradation/green_cast/26_img__green.png,green_cast,26_img_.png,/workspace/underwater_enhancement/data/raw_underwater/UIEB/reference-890/26_img_.png
/workspace/underwater_enhancement/data/processed/physical_degradation/low_light/26_img__lowlight.png,low_light,26_img_.png,/workspace/underwater_enhancement/data/raw_underwater/UIEB/reference-890/26_img_.png
/workspace/underwater_enhancement/data/processed/physical_degradation/blur/26_img__blur.png,blur,26_img_.png,/workspace/underwater_enhancement/data/raw_underwater/UIEB/reference-890/26_img_.png
/workspace/underwater_enhancement/data/processed/physical_degradation/blue_cast/2701_blue.png,blue_cast,2701.png,/workspace/underwater_enhancement/data/raw_underwater/UIEB/reference-890/2701.png
/workspace/underwater_enhancement/data/processed/physical_degradation/green_cast/2701_green.png,green_cast,2701.png,/workspace/underwater_enhancement/data/raw_underwater/UIEB/reference-890/2701.png
/workspace/underwater_enhancement/data/processed/physical_degradation/low_light/2701_lowlight.png,low_light,2701.png,/workspace/underwater_enhancement/data/raw_underwater/UIEB/reference-890/2701.png
/workspace/underwater_enhancement/data/processed/physical_degradation/blur/2701_blur.png,blur,2701.png,/workspace/underwater_enhancement/data/raw_underwater/UIEB/reference-890/2701.png
/workspace/underwater_enhancement/data/processed/physical_degradation/blue_cast/270_img__blue.png,blue_cast,270_img_.png,/workspace/underwater_enhancement/data/raw_underwater/UIEB/reference-890/270_img_.png
/workspace/underwater_enhancement/data/processed/physical_degradation/green_cast/270_img__green.png,green_cast,270_img_.png,/workspace/underwater_enhancement/data/raw_underwater/UIEB/reference-890/270_img_.png
/workspace/underwater_enhancement/data/processed/physical_degradation/low_light/270_img__lowlight.png,low_light,270_img_.png,/workspace/underwater_enhancement/data/raw_underwater/UIEB/reference-890/270_img_.png
/workspace/underwater_enhancement/data/processed/physical_degradation/blur/270_img__blur.png,blur,270_img_.png,/workspace/underwater_enhancement/data/raw_underwater/UIEB/reference-890/270_img_.png
/workspace/underwater_enhancement/data/processed/physical_degradation/blue_cast/271_img__blue.png,blue_cast,271_img_.png,/workspace/underwater_enhancement/data/raw_underwater/UIEB/reference-890/271_img_.png
/workspace/underwater_enhancement/data/processed/physical_degradation/green_cast/271_img__green.png,green_cast,271_img_.png,/workspace/underwater_enhancement/data/raw_underwater/UIEB/reference-890/271_img_.png
/workspace/underwater_enhancement/data/processed/physical_degradation/low_light/271_img__lowlight.png,low_light,271_img_.png,/workspace/underwater_enhancement/data/raw_underwater/UIEB/reference-890/271_img_.png
/workspace/underwater_enhancement/data/processed/physical_degradation/blur/271_img__blur.png,blur,271_img_.png,/workspace/underwater_enhancement/data/raw_underwater/UIEB/reference-890/271_img_.png
/workspace/underwater_enhancement/data/processed/physical_degradation/blue_cast/272_img__blue.png,blue_cast,272_img_.png,/workspace/underwater_enhancement/data/raw_underwater/UIEB/reference-890/272_img_.png
/workspace/underwater_enhancement/data/processed/physical_degradation/green_cast/272_img__green.png,green_cast,272_img_.png,/workspace/underwater_enhancement/data/raw_underwater/UIEB/reference-890/272_img_.png
/workspace/underwater_enhancement/data/processed/physical_degradation/low_light/272_img__lowlight.png,low_light,272_img_.png,/workspace/underwater_enhancement/data/raw_underwater/UIEB/reference-890/272_img_.png
/workspace/underwater_enhancement/data/processed/physical_degradation/blur/272_img__blur.png,blur,272_img_.png,/workspace/underwater_enhancement/data/raw_underwater/UIEB/reference-890/272_img_.png
/workspace/underwater_enhancement/data/processed/physical_degradation/blue_cast/273_img__blue.png,blue_cast,273_img_.png,/workspace/underwater_enhancement/data/raw_underwater/UIEB/reference-890/273_img_.png
/workspace/underwater_enhancement/data/processed/physical_degradation/green_cast/273_img__green.png,green_cast,273_img_.png,/workspace/underwater_enhancement/data/raw_underwater/UIEB/reference-890/273_img_.png
/workspace/underwater_enhancement/data/processed/physical_degradation/low_light/273_img__lowlight.png,low_light,273_img_.png,/workspace/underwater_enhancement/data/raw_underwater/UIEB/reference-890/273_img_.png
/workspace/underwater_enhancement/data/processed/physical_degradation/blur/273_img__blur.png,blur,273_img_.png,/workspace/underwater_enhancement/data/raw_underwater/UIEB/reference-890/273_img_.png
/workspace/underwater_enhancement/data/processed/physical_degradation/blue_cast/274_img__blue.png,blue_cast,274_img_.png,/workspace/underwater_enhancement/data/raw_underwater/UIEB/reference-890/274_img_.png
/workspace/underwater_enhancement/data/processed/physical_degradation/green_cast/274_img__green.png,green_cast,274_img_.png,/workspace/underwater_enhancement/data/raw_underwater/UIEB/reference-890/274_img_.png
/workspace/underwater_enhancement/data/processed/physical_degradation/low_light/274_img__lowlight.png,low_light,274_img_.png,/workspace/underwater_enhancement/data/raw_underwater/UIEB/reference-890/274_img_.png
/workspace/underwater_enhancement/data/processed/physical_degradation/blur/274_img__blur.png,blur,274_img_.png,/workspace/underwater_enhancement/data/raw_underwater/UIEB/reference-890/274_img_.png
/workspace/underwater_enhancement/data/processed/physical_degradation/blue_cast/275_img__blue.png,blue_cast,275_img_.png,/workspace/underwater_enhancement/data/raw_underwater/UIEB/reference-890/275_img_.png
/workspace/underwater_enhancement/data/processed/physical_degradation/green_cast/275_img__green.png,green_cast,275_img_.png,/workspace/underwater_enhancement/data/raw_underwater/UIEB/reference-890/275_img_.png
/workspace/underwater_enhancement/data/processed/physical_degradation/low_light/275_img__lowlight.png,low_light,275_img_.png,/workspace/underwater_enhancement/data/raw_underwater/UIEB/reference-890/275_img_.png
/workspace/underwater_enhancement/data/processed/physical_degradation/blur/275_img__blur.png,blur,275_img_.png,/workspace/underwater_enhancement/data/raw_underwater/UIEB/reference-890/275_img_.png
/workspace/underwater_enhancement/data/processed/physical_degradation/blue_cast/276_img__blue.png,blue_cast,276_img_.png,/workspace/underwater_enhancement/data/raw_underwater/UIEB/reference-890/276_img_.png
/workspace/underwater_enhancement/data/processed/physical_degradation/green_cast/276_img__green.png,green_cast,276_img_.png,/workspace/underwater_enhancement/data/raw_underwater/UIEB/reference-890/276_img_.png
/workspace/underwater_enhancement/data/processed/physical_degradation/low_light/276_img__lowlight.png,low_light,276_img_.png,/workspace/underwater_enhancement/data/raw_underwater/UIEB/reference-890/276_img_.png
/workspace/underwater_enhancement/data/processed/physical_degradation/blur/276_img__blur.png,blur,276_img_.png,/workspace/underwater_enhancement/data/raw_underwater/UIEB/reference-890/276_img_.png
/workspace/underwater_enhancement/data/processed/physical_degradation/blue_cast/2774_blue.png,blue_cast,2774.png,/workspace/underwater_enhancement/data/raw_underwater/UIEB/reference-890/2774.png
/workspace/underwater_enhancement/data/processed/physical_degradation/green_cast/2774_green.png,green_cast,2774.png,/workspace/underwater_enhancement/data/raw_underwater/UIEB/reference-890/2774.png
/workspace/underwater_enhancement/data/processed/physical_degradation/low_light/2774_lowlight.png,low_light,2774.png,/workspace/underwater_enhancement/data/raw_underwater/UIEB/reference-890/2774.png
/workspace/underwater_enhancement/data/processed/physical_degradation/blur/2774_blur.png,blur,2774.png,/workspace/underwater_enhancement/data/raw_underwater/UIEB/reference-890/2774.png
/workspace/underwater_enhancement/data/processed/physical_degradation/blue_cast/277_img__blue.png,blue_cast,277_img_.png,/workspace/underwater_enhancement/data/raw_underwater/UIEB/reference-890/277_img_.png
/workspace/underwater_enhancement/data/processed/physical_degradation/green_cast/277_img__green.png,green_cast,277_img_.png,/workspace/underwater_enhancement/data/raw_underwater/UIEB/reference-890/277_img_.png
/workspace/underwater_enhancement/data/processed/physical_degradation/low_light/277_img__lowlight.png,low_light,277_img_.png,/workspace/underwater_enhancement/data/raw_underwater/UIEB/reference-890/277_img_.png
/workspace/underwater_enhancement/data/processed/physical_degradation/blur/277_img__blur.png,blur,277_img_.png,/workspace/underwater_enhancement/data/raw_underwater/UIEB/reference-890/277_img_.png
/workspace/underwater_enhancement/data/processed/physical_degradation/blue_cast/2787_blue.png,blue_cast,2787.png,/workspace/underwater_enhancement/data/raw_underwater/UIEB/reference-890/2787.png
/workspace/underwater_enhancement/data/processed/physical_degradation/green_cast/2787_green.png,green_cast,2787.png,/workspace/underwater_enhancement/data/raw_underwater/UIEB/reference-890/2787.png
/workspace/underwater_enhancement/data/processed/physical_degradation/low_light/2787_lowlight.png,low_light,2787.png,/workspace/underwater_enhancement/data/raw_underwater/UIEB/reference-890/2787.png
/workspace/underwater_enhancement/data/processed/physical_degradation/blur/2787_blur.png,blur,2787.png,/workspace/underwater_enhancement/data/raw_underwater/UIEB/reference-890/2787.png
/workspace/underwater_enhancement/data/processed/physical_degradation/blue_cast/278_img__blue.png,blue_cast,278_img_.png,/workspace/underwater_enhancement/data/raw_underwater/UIEB/reference-890/278_img_.png
/workspace/underwater_enhancement/data/processed/physical_degradation/green_cast/278_img__green.png,green_cast,278_img_.png,/workspace/underwater_enhancement/data/raw_underwater/UIEB/reference-890/278_img_.png
/workspace/underwater_enhancement/data/processed/physical_degradation/low_light/278_img__lowlight.png,low_light,278_img_.png,/workspace/underwater_enhancement/data/raw_underwater/UIEB/reference-890/278_img_.png
/workspace/underwater_enhancement/data/processed/physical_degradation/blur/278_img__blur.png,blur,278_img_.png,/workspace/underwater_enhancement/data/raw_underwater/UIEB/reference-890/278_img_.png
/workspace/underwater_enhancement/data/processed/physical_degradation/blue_cast/279_img__blue.png,blue_cast,279_img_.png,/workspace/underwater_enhancement/data/raw_underwater/UIEB/reference-890/279_img_.png
/workspace/underwater_enhancement/data/processed/physical_degradation/green_cast/279_img__green.png,green_cast,279_img_.png,/workspace/underwater_enhancement/data/raw_underwater/UIEB/reference-890/279_img_.png
/workspace/underwater_enhancement/data/processed/physical_degradation/low_light/279_img__lowlight.png,low_light,279_img_.png,/workspace/underwater_enhancement/data/raw_underwater/UIEB/reference-890/279_img_.png
/workspace/underwater_enhancement/data/processed/physical_degradation/blur/279_img__blur.png,blur,279_img_.png,/workspace/underwater_enhancement/data/raw_underwater/UIEB/reference-890/279_img_.png
/workspace/underwater_enhancement/data/processed/physical_degradation/blue_cast/27_img__blue.png,blue_cast,27_img_.png,/workspace/underwater_enhancement/data/raw_underwater/UIEB/reference-890/27_img_.png
/workspace/underwater_enhancement/data/processed/physical_degradation/green_cast/27_img__green.png,green_cast,27_img_.png,/workspace/underwater_enhancement/data/raw_underwater/UIEB/reference-890/27_img_.png
/workspace/underwater_enhancement/data/processed/physical_degradation/low_light/27_img__lowlight.png,low_light,27_img_.png,/workspace/underwater_enhancement/data/raw_underwater/UIEB/reference-890/27_img_.png
/workspace/underwater_enhancement/data/processed/physical_degradation/blur/27_img__blur.png,blur,27_img_.png,/workspace/underwater_enhancement/data/raw_underwater/UIEB/reference-890/27_img_.png
/workspace/underwater_enhancement/data/processed/physical_degradation/blue_cast/280_img__blue.png,blue_cast,280_img_.png,/workspace/underwater_enhancement/data/raw_underwater/UIEB/reference-890/280_img_.png
/workspace/underwater_enhancement/data/processed/physical_degradation/green_cast/280_img__green.png,green_cast,280_img_.png,/workspace/underwater_enhancement/data/raw_underwater/UIEB/reference-890/280_img_.png
/workspace/underwater_enhancement/data/processed/physical_degradation/low_light/280_img__lowlight.png,low_light,280_img_.png,/workspace/underwater_enhancement/data/raw_underwater/UIEB/reference-890/280_img_.png
/workspace/underwater_enhancement/data/processed/physical_degradation/blur/280_img__blur.png,blur,280_img_.png,/workspace/underwater_enhancement/data/raw_underwater/UIEB/reference-890/280_img_.png
/workspace/underwater_enhancement/data/processed/physical_degradation/blue_cast/281_img__blue.png,blue_cast,281_img_.png,/workspace/underwater_enhancement/data/raw_underwater/UIEB/reference-890/281_img_.png
/workspace/underwater_enhancement/data/processed/physical_degradation/green_cast/281_img__green.png,green_cast,281_img_.png,/workspace/underwater_enhancement/data/raw_underwater/UIEB/reference-890/281_img_.png
/workspace/underwater_enhancement/data/processed/physical_degradation/low_light/281_img__lowlight.png,low_light,281_img_.png,/workspace/underwater_enhancement/data/raw_underwater/UIEB/reference-890/281_img_.png
/workspace/underwater_enhancement/data/processed/physical_degradation/blur/281_img__blur.png,blur,281_img_.png,/workspace/underwater_enhancement/data/raw_underwater/UIEB/reference-890/281_img_.png
/workspace/underwater_enhancement/data/processed/physical_degradation/blue_cast/282_img__blue.png,blue_cast,282_img_.png,/workspace/underwater_enhancement/data/raw_underwater/UIEB/reference-890/282_img_.png
/workspace/underwater_enhancement/data/processed/physical_degradation/green_cast/282_img__green.png,green_cast,282_img_.png,/workspace/underwater_enhancement/data/raw_underwater/UIEB/reference-890/282_img_.png
/workspace/underwater_enhancement/data/processed/physical_degradation/low_light/282_img__lowlight.png,low_light,282_img_.png,/workspace/underwater_enhancement/data/raw_underwater/UIEB/reference-890/282_img_.png
/workspace/underwater_enhancement/data/processed/physical_degradation/blur/282_img__blur.png,blur,282_img_.png,/workspace/underwater_enhancement/data/raw_underwater/UIEB/reference-890/282_img_.png
/workspace/underwater_enhancement/data/processed/physical_degradation/blue_cast/284_img__blue.png,blue_cast,284_img_.png,/workspace/underwater_enhancement/data/raw_underwater/UIEB/reference-890/284_img_.png
/workspace/underwater_enhancement/data/processed/physical_degradation/green_cast/284_img__green.png,green_cast,284_img_.png,/workspace/underwater_enhancement/data/raw_underwater/UIEB/reference-890/284_img_.png
/workspace/underwater_enhancement/data/processed/physical_degradation/low_light/284_img__lowlight.png,low_light,284_img_.png,/workspace/underwater_enhancement/data/raw_underwater/UIEB/reference-890/284_img_.png
/workspace/underwater_enhancement/data/processed/physical_degradation/blur/284_img__blur.png,blur,284_img_.png,/workspace/underwater_enhancement/data/raw_underwater/UIEB/reference-890/284_img_.png
/workspace/underwater_enhancement/data/processed/physical_degradation/blue_cast/285_img__blue.png,blue_cast,285_img_.png,/workspace/underwater_enhancement/data/raw_underwater/UIEB/reference-890/285_img_.png
/workspace/underwater_enhancement/data/processed/physical_degradation/green_cast/285_img__green.png,green_cast,285_img_.png,/workspace/underwater_enhancement/data/raw_underwater/UIEB/reference-890/285_img_.png
/workspace/underwater_enhancement/data/processed/physical_degradation/low_light/285_img__lowlight.png,low_light,285_img_.png,/workspace/underwater_enhancement/data/raw_underwater/UIEB/reference-890/285_img_.png
/workspace/underwater_enhancement/data/processed/physical_degradation/blur/285_img__blur.png,blur,285_img_.png,/workspace/underwater_enhancement/data/raw_underwater/UIEB/reference-890/285_img_.png
/workspace/underwater_enhancement/data/processed/physical_degradation/blue_cast/287_img__blue.png,blue_cast,287_img_.png,/workspace/underwater_enhancement/data/raw_underwater/UIEB/reference-890/287_img_.png
/workspace/underwater_enhancement/data/processed/physical_degradation/green_cast/287_img__green.png,green_cast,287_img_.png,/workspace/underwater_enhancement/data/raw_underwater/UIEB/reference-890/287_img_.png
/workspace/underwater_enhancement/data/processed/physical_degradation/low_light/287_img__lowlight.png,low_light,287_img_.png,/workspace/underwater_enhancement/data/raw_underwater/UIEB/reference-890/287_img_.png
/workspace/underwater_enhancement/data/processed/physical_degradation/blur/287_img__blur.png,blur,287_img_.png,/workspace/underwater_enhancement/data/raw_underwater/UIEB/reference-890/287_img_.png
/workspace/underwater_enhancement/data/processed/physical_degradation/blue_cast/2882_blue.png,blue_cast,2882.png,/workspace/underwater_enhancement/data/raw_underwater/UIEB/reference-890/2882.png
/workspace/underwater_enhancement/data/processed/physical_degradation/green_cast/2882_green.png,green_cast,2882.png,/workspace/underwater_enhancement/data/raw_underwater/UIEB/reference-890/2882.png
/workspace/underwater_enhancement/data/processed/physical_degradation/low_light/2882_lowlight.png,low_light,2882.png,/workspace/underwater_enhancement/data/raw_underwater/UIEB/reference-890/2882.png
/workspace/underwater_enhancement/data/processed/physical_degradation/blur/2882_blur.png,blur,2882.png,/workspace/underwater_enhancement/data/raw_underwater/UIEB/reference-890/2882.png
/workspace/underwater_enhancement/data/processed/physical_degradation/blue_cast/288_img__blue.png,blue_cast,288_img_.png,/workspace/underwater_enhancement/data/raw_underwater/UIEB/reference-890/288_img_.png
/workspace/underwater_enhancement/data/processed/physical_degradation/green_cast/288_img__green.png,green_cast,288_img_.png,/workspace/underwater_enhancement/data/raw_underwater/UIEB/reference-890/288_img_.png
/workspace/underwater_enhancement/data/processed/physical_degradation/low_light/288_img__lowlight.png,low_light,288_img_.png,/workspace/underwater_enhancement/data/raw_underwater/UIEB/reference-890/288_img_.png
/workspace/underwater_enhancement/data/processed/physical_degradation/blur/288_img__blur.png,blur,288_img_.png,/workspace/underwater_enhancement/data/raw_underwater/UIEB/reference-890/288_img_.png
/workspace/underwater_enhancement/data/processed/physical_degradation/blue_cast/28_img__blue.png,blue_cast,28_img_.png,/workspace/underwater_enhancement/data/raw_underwater/UIEB/reference-890/28_img_.png
/workspace/underwater_enhancement/data/processed/physical_degradation/green_cast/28_img__green.png,green_cast,28_img_.png,/workspace/underwater_enhancement/data/raw_underwater/UIEB/reference-890/28_img_.png
/workspace/underwater_enhancement/data/processed/physical_degradation/low_light/28_img__lowlight.png,low_light,28_img_.png,/workspace/underwater_enhancement/data/raw_underwater/UIEB/reference-890/28_img_.png
/workspace/underwater_enhancement/data/processed/physical_degradation/blur/28_img__blur.png,blur,28_img_.png,/workspace/underwater_enhancement/data/raw_underwater/UIEB/reference-890/28_img_.png
/workspace/underwater_enhancement/data/processed/physical_degradation/blue_cast/290_img__blue.png,blue_cast,290_img_.png,/workspace/underwater_enhancement/data/raw_underwater/UIEB/reference-890/290_img_.png
/workspace/underwater_enhancement/data/processed/physical_degradation/green_cast/290_img__green.png,green_cast,290_img_.png,/workspace/underwater_enhancement/data/raw_underwater/UIEB/reference-890/290_img_.png
/workspace/underwater_enhancement/data/processed/physical_degradation/low_light/290_img__lowlight.png,low_light,290_img_.png,/workspace/underwater_enhancement/data/raw_underwater/UIEB/reference-890/290_img_.png
/workspace/underwater_enhancement/data/processed/physical_degradation/blur/290_img__blur.png,blur,290_img_.png,/workspace/underwater_enhancement/data/raw_underwater/UIEB/reference-890/290_img_.png
/workspace/underwater_enhancement/data/processed/physical_degradation/blue_cast/292_img__blue.png,blue_cast,292_img_.png,/workspace/underwater_enhancement/data/raw_underwater/UIEB/reference-890/292_img_.png
/workspace/underwater_enhancement/data/processed/physical_degradation/green_cast/292_img__green.png,green_cast,292_img_.png,/workspace/underwater_enhancement/data/raw_underwater/UIEB/reference-890/292_img_.png
/workspace/underwater_enhancement/data/processed/physical_degradation/low_light/292_img__lowlight.png,low_light,292_img_.png,/workspace/underwater_enhancement/data/raw_underwater/UIEB/reference-890/292_img_.png
/workspace/underwater_enhancement/data/processed/physical_degradation/blur/292_img__blur.png,blur,292_img_.png,/workspace/underwater_enhancement/data/raw_underwater/UIEB/reference-890/292_img_.png
/workspace/underwater_enhancement/data/processed/physical_degradation/blue_cast/293_img__blue.png,blue_cast,293_img_.png,/workspace/underwater_enhancement/data/raw_underwater/UIEB/reference-890/293_img_.png
/workspace/underwater_enhancement/data/processed/physical_degradation/green_cast/293_img__green.png,green_cast,293_img_.png,/workspace/underwater_enhancement/data/raw_underwater/UIEB/reference-890/293_img_.png
/workspace/underwater_enhancement/data/processed/physical_degradation/low_light/293_img__lowlight.png,low_light,293_img_.png,/workspace/underwater_enhancement/data/raw_underwater/UIEB/reference-890/293_img_.png
/workspace/underwater_enhancement/data/processed/physical_degradation/blur/293_img__blur.png,blur,293_img_.png,/workspace/underwater_enhancement/data/raw_underwater/UIEB/reference-890/293_img_.png
/workspace/underwater_enhancement/data/processed/physical_degradation/blue_cast/294_img__blue.png,blue_cast,294_img_.png,/workspace/underwater_enhancement/data/raw_underwater/UIEB/reference-890/294_img_.png
/workspace/underwater_enhancement/data/processed/physical_degradation/green_cast/294_img__green.png,green_cast,294_img_.png,/workspace/underwater_enhancement/data/raw_underwater/UIEB/reference-890/294_img_.png
/workspace/underwater_enhancement/data/processed/physical_degradation/low_light/294_img__lowlight.png,low_light,294_img_.png,/workspace/underwater_enhancement/data/raw_underwater/UIEB/reference-890/294_img_.png
/workspace/underwater_enhancement/data/processed/physical_degradation/blur/294_img__blur.png,blur,294_img_.png,/workspace/underwater_enhancement/data/raw_underwater/UIEB/reference-890/294_img_.png
/workspace/underwater_enhancement/data/processed/physical_degradation/blue_cast/295_img__blue.png,blue_cast,295_img_.png,/workspace/underwater_enhancement/data/raw_underwater/UIEB/reference-890/295_img_.png
/workspace/underwater_enhancement/data/processed/physical_degradation/green_cast/295_img__green.png,green_cast,295_img_.png,/workspace/underwater_enhancement/data/raw_underwater/UIEB/reference-890/295_img_.png
/workspace/underwater_enhancement/data/processed/physical_degradation/low_light/295_img__lowlight.png,low_light,295_img_.png,/workspace/underwater_enhancement/data/raw_underwater/UIEB/reference-890/295_img_.png
/workspace/underwater_enhancement/data/processed/physical_degradation/blur/295_img__blur.png,blur,295_img_.png,/workspace/underwater_enhancement/data/raw_underwater/UIEB/reference-890/295_img_.png
/workspace/underwater_enhancement/data/processed/physical_degradation/blue_cast/296_img__blue.png,blue_cast,296_img_.png,/workspace/underwater_enhancement/data/raw_underwater/UIEB/reference-890/296_img_.png
/workspace/underwater_enhancement/data/processed/physical_degradation/green_cast/296_img__green.png,green_cast,296_img_.png,/workspace/underwater_enhancement/data/raw_underwater/UIEB/reference-890/296_img_.png
/workspace/underwater_enhancement/data/processed/physical_degradation/low_light/296_img__lowlight.png,low_light,296_img_.png,/workspace/underwater_enhancement/data/raw_underwater/UIEB/reference-890/296_img_.png
/workspace/underwater_enhancement/data/processed/physical_degradation/blur/296_img__blur.png,blur,296_img_.png,/workspace/underwater_enhancement/data/raw_underwater/UIEB/reference-890/296_img_.png
/workspace/underwater_enhancement/data/processed/physical_degradation/blue_cast/2977_blue.png,blue_cast,2977.png,/workspace/underwater_enhancement/data/raw_underwater/UIEB/reference-890/2977.png
/workspace/underwater_enhancement/data/processed/physical_degradation/green_cast/2977_green.png,green_cast,2977.png,/workspace/underwater_enhancement/data/raw_underwater/UIEB/reference-890/2977.png
/workspace/underwater_enhancement/data/processed/physical_degradation/low_light/2977_lowlight.png,low_light,2977.png,/workspace/underwater_enhancement/data/raw_underwater/UIEB/reference-890/2977.png
/workspace/underwater_enhancement/data/processed/physical_degradation/blur/2977_blur.png,blur,2977.png,/workspace/underwater_enhancement/data/raw_underwater/UIEB/reference-890/2977.png
/workspace/underwater_enhancement/data/processed/physical_degradation/blue_cast/298_img__blue.png,blue_cast,298_img_.png,/workspace/underwater_enhancement/data/raw_underwater/UIEB/reference-890/298_img_.png
/workspace/underwater_enhancement/data/processed/physical_degradation/green_cast/298_img__green.png,green_cast,298_img_.png,/workspace/underwater_enhancement/data/raw_underwater/UIEB/reference-890/298_img_.png
/workspace/underwater_enhancement/data/processed/physical_degradation/low_light/298_img__lowlight.png,low_light,298_img_.png,/workspace/underwater_enhancement/data/raw_underwater/UIEB/reference-890/298_img_.png
/workspace/underwater_enhancement/data/processed/physical_degradation/blur/298_img__blur.png,blur,298_img_.png,/workspace/underwater_enhancement/data/raw_underwater/UIEB/reference-890/298_img_.png
/workspace/underwater_enhancement/data/processed/physical_degradation/blue_cast/299_img__blue.png,blue_cast,299_img_.png,/workspace/underwater_enhancement/data/raw_underwater/UIEB/reference-890/299_img_.png
/workspace/underwater_enhancement/data/processed/physical_degradation/green_cast/299_img__green.png,green_cast,299_img_.png,/workspace/underwater_enhancement/data/raw_underwater/UIEB/reference-890/299_img_.png
/workspace/underwater_enhancement/data/processed/physical_degradation/low_light/299_img__lowlight.png,low_light,299_img_.png,/workspace/underwater_enhancement/data/raw_underwater/UIEB/reference-890/299_img_.png
/workspace/underwater_enhancement/data/processed/physical_degradation/blur/299_img__blur.png,blur,299_img_.png,/workspace/underwater_enhancement/data/raw_underwater/UIEB/reference-890/299_img_.png
/workspace/underwater_enhancement/data/processed/physical_degradation/blue_cast/29_img__blue.png,blue_cast,29_img_.png,/workspace/underwater_enhancement/data/raw_underwater/UIEB/reference-890/29_img_.png
/workspace/underwater_enhancement/data/processed/physical_degradation/green_cast/29_img__green.png,green_cast,29_img_.png,/workspace/underwater_enhancement/data/raw_underwater/UIEB/reference-890/29_img_.png
/workspace/underwater_enhancement/data/processed/physical_degradation/low_light/29_img__lowlight.png,low_light,29_img_.png,/workspace/underwater_enhancement/data/raw_underwater/UIEB/reference-890/29_img_.png
/workspace/underwater_enhancement/data/processed/physical_degradation/blur/29_img__blur.png,blur,29_img_.png,/workspace/underwater_enhancement/data/raw_underwater/UIEB/reference-890/29_img_.png
/workspace/underwater_enhancement/data/processed/physical_degradation/blue_cast/2_img__blue.png,blue_cast,2_img_.png,/workspace/underwater_enhancement/data/raw_underwater/UIEB/reference-890/2_img_.png
/workspace/underwater_enhancement/data/processed/physical_degradation/green_cast/2_img__green.png,green_cast,2_img_.png,/workspace/underwater_enhancement/data/raw_underwater/UIEB/reference-890/2_img_.png
/workspace/underwater_enhancement/data/processed/physical_degradation/low_light/2_img__lowlight.png,low_light,2_img_.png,/workspace/underwater_enhancement/data/raw_underwater/UIEB/reference-890/2_img_.png
/workspace/underwater_enhancement/data/processed/physical_degradation/blur/2_img__blur.png,blur,2_img_.png,/workspace/underwater_enhancement/data/raw_underwater/UIEB/reference-890/2_img_.png
/workspace/underwater_enhancement/data/processed/physical_degradation/blue_cast/3001_blue.png,blue_cast,3001.png,/workspace/underwater_enhancement/data/raw_underwater/UIEB/reference-890/3001.png
/workspace/underwater_enhancement/data/processed/physical_degradation/green_cast/3001_green.png,green_cast,3001.png,/workspace/underwater_enhancement/data/raw_underwater/UIEB/reference-890/3001.png
/workspace/underwater_enhancement/data/processed/physical_degradation/low_light/3001_lowlight.png,low_light,3001.png,/workspace/underwater_enhancement/data/raw_underwater/UIEB/reference-890/3001.png
/workspace/underwater_enhancement/data/processed/physical_degradation/blur/3001_blur.png,blur,3001.png,/workspace/underwater_enhancement/data/raw_underwater/UIEB/reference-890/3001.png
/workspace/underwater_enhancement/data/processed/physical_degradation/blue_cast/300_img__blue.png,blue_cast,300_img_.png,/workspace/underwater_enhancement/data/raw_underwater/UIEB/reference-890/300_img_.png
/workspace/underwater_enhancement/data/processed/physical_degradation/green_cast/300_img__green.png,green_cast,300_img_.png,/workspace/underwater_enhancement/data/raw_underwater/UIEB/reference-890/300_img_.png
/workspace/underwater_enhancement/data/processed/physical_degradation/low_light/300_img__lowlight.png,low_light,300_img_.png,/workspace/underwater_enhancement/data/raw_underwater/UIEB/reference-890/300_img_.png
/workspace/underwater_enhancement/data/processed/physical_degradation/blur/300_img__blur.png,blur,300_img_.png,/workspace/underwater_enhancement/data/raw_underwater/UIEB/reference-890/300_img_.png
/workspace/underwater_enhancement/data/processed/physical_degradation/blue_cast/3015_blue.png,blue_cast,3015.png,/workspace/underwater_enhancement/data/raw_underwater/UIEB/reference-890/3015.png
/workspace/underwater_enhancement/data/processed/physical_degradation/green_cast/3015_green.png,green_cast,3015.png,/workspace/underwater_enhancement/data/raw_underwater/UIEB/reference-890/3015.png
/workspace/underwater_enhancement/data/processed/physical_degradation/low_light/3015_lowlight.png,low_light,3015.png,/workspace/underwater_enhancement/data/raw_underwater/UIEB/reference-890/3015.png
/workspace/underwater_enhancement/data/processed/physical_degradation/blur/3015_blur.png,blur,3015.png,/workspace/underwater_enhancement/data/raw_underwater/UIEB/reference-890/3015.png
/workspace/underwater_enhancement/data/processed/physical_degradation/blue_cast/301_img__blue.png,blue_cast,301_img_.png,/workspace/underwater_enhancement/data/raw_underwater/UIEB/reference-890/301_img_.png
/workspace/underwater_enhancement/data/processed/physical_degradation/green_cast/301_img__green.png,green_cast,301_img_.png,/workspace/underwater_enhancement/data/raw_underwater/UIEB/reference-890/301_img_.png
/workspace/underwater_enhancement/data/processed/physical_degradation/low_light/301_img__lowlight.png,low_light,301_img_.png,/workspace/underwater_enhancement/data/raw_underwater/UIEB/reference-890/301_img_.png
/workspace/underwater_enhancement/data/processed/physical_degradation/blur/301_img__blur.png,blur,301_img_.png,/workspace/underwater_enhancement/data/raw_underwater/UIEB/reference-890/301_img_.png
/workspace/underwater_enhancement/data/processed/physical_degradation/blue_cast/302_img__blue.png,blue_cast,302_img_.png,/workspace/underwater_enhancement/data/raw_underwater/UIEB/reference-890/302_img_.png
/workspace/underwater_enhancement/data/processed/physical_degradation/green_cast/302_img__green.png,green_cast,302_img_.png,/workspace/underwater_enhancement/data/raw_underwater/UIEB/reference-890/302_img_.png
/workspace/underwater_enhancement/data/processed/physical_degradation/low_light/302_img__lowlight.png,low_light,302_img_.png,/workspace/underwater_enhancement/data/raw_underwater/UIEB/reference-890/302_img_.png
/workspace/underwater_enhancement/data/processed/physical_degradation/blur/302_img__blur.png,blur,302_img_.png,/workspace/underwater_enhancement/data/raw_underwater/UIEB/reference-890/302_img_.png
/workspace/underwater_enhancement/data/processed/physical_degradation/blue_cast/303_img__blue.png,blue_cast,303_img_.png,/workspace/underwater_enhancement/data/raw_underwater/UIEB/reference-890/303_img_.png
/workspace/underwater_enhancement/data/processed/physical_degradation/green_cast/303_img__green.png,green_cast,303_img_.png,/workspace/underwater_enhancement/data/raw_underwater/UIEB/reference-890/303_img_.png
/workspace/underwater_enhancement/data/processed/physical_degradation/low_light/303_img__lowlight.png,low_light,303_img_.png,/workspace/underwater_enhancement/data/raw_underwater/UIEB/reference-890/303_img_.png
/workspace/underwater_enhancement/data/processed/physical_degradation/blur/303_img__blur.png,blur,303_img_.png,/workspace/underwater_enhancement/data/raw_underwater/UIEB/reference-890/303_img_.png
/workspace/underwater_enhancement/data/processed/physical_degradation/blue_cast/304_img__blue.png,blue_cast,304_img_.png,/workspace/underwater_enhancement/data/raw_underwater/UIEB/reference-890/304_img_.png
/workspace/underwater_enhancement/data/processed/physical_degradation/green_cast/304_img__green.png,green_cast,304_img_.png,/workspace/underwater_enhancement/data/raw_underwater/UIEB/reference-890/304_img_.png
/workspace/underwater_enhancement/data/processed/physical_degradation/low_light/304_img__lowlight.png,low_light,304_img_.png,/workspace/underwater_enhancement/data/raw_underwater/UIEB/reference-890/304_img_.png
/workspace/underwater_enhancement/data/processed/physical_degradation/blur/304_img__blur.png,blur,304_img_.png,/workspace/underwater_enhancement/data/raw_underwater/UIEB/reference-890/304_img_.png
/workspace/underwater_enhancement/data/processed/physical_degradation/blue_cast/305_img__blue.png,blue_cast,305_img_.png,/workspace/underwater_enhancement/data/raw_underwater/UIEB/reference-890/305_img_.png
/workspace/underwater_enhancement/data/processed/physical_degradation/green_cast/305_img__green.png,green_cast,305_img_.png,/workspace/underwater_enhancement/data/raw_underwater/UIEB/reference-890/305_img_.png
/workspace/underwater_enhancement/data/processed/physical_degradation/low_light/305_img__lowlight.png,low_light,305_img_.png,/workspace/underwater_enhancement/data/raw_underwater/UIEB/reference-890/305_img_.png
/workspace/underwater_enhancement/data/processed/physical_degradation/blur/305_img__blur.png,blur,305_img_.png,/workspace/underwater_enhancement/data/raw_underwater/UIEB/reference-890/305_img_.png
/workspace/underwater_enhancement/data/processed/physical_degradation/blue_cast/306_img__blue.png,blue_cast,306_img_.png,/workspace/underwater_enhancement/data/raw_underwater/UIEB/reference-890/306_img_.png
/workspace/underwater_enhancement/data/processed/physical_degradation/green_cast/306_img__green.png,green_cast,306_img_.png,/workspace/underwater_enhancement/data/raw_underwater/UIEB/reference-890/306_img_.png
/workspace/underwater_enhancement/data/processed/physical_degradation/low_light/306_img__lowlight.png,low_light,306_img_.png,/workspace/underwater_enhancement/data/raw_underwater/UIEB/reference-890/306_img_.png
/workspace/underwater_enhancement/data/processed/physical_degradation/blur/306_img__blur.png,blur,306_img_.png,/workspace/underwater_enhancement/data/raw_underwater/UIEB/reference-890/306_img_.png
/workspace/underwater_enhancement/data/processed/physical_degradation/blue_cast/307_img__blue.png,blue_cast,307_img_.png,/workspace/underwater_enhancement/data/raw_underwater/UIEB/reference-890/307_img_.png
/workspace/underwater_enhancement/data/processed/physical_degradation/green_cast/307_img__green.png,green_cast,307_img_.png,/workspace/underwater_enhancement/data/raw_underwater/UIEB/reference-890/307_img_.png
/workspace/underwater_enhancement/data/processed/physical_degradation/low_light/307_img__lowlight.png,low_light,307_img_.png,/workspace/underwater_enhancement/data/raw_underwater/UIEB/reference-890/307_img_.png
/workspace/underwater_enhancement/data/processed/physical_degradation/blur/307_img__blur.png,blur,307_img_.png,/workspace/underwater_enhancement/data/raw_underwater/UIEB/reference-890/307_img_.png
/workspace/underwater_enhancement/data/processed/physical_degradation/blue_cast/30_img__blue.png,blue_cast,30_img_.png,/workspace/underwater_enhancement/data/raw_underwater/UIEB/reference-890/30_img_.png
/workspace/underwater_enhancement/data/processed/physical_degradation/green_cast/30_img__green.png,green_cast,30_img_.png,/workspace/underwater_enhancement/data/raw_underwater/UIEB/reference-890/30_img_.png
/workspace/underwater_enhancement/data/processed/physical_degradation/low_light/30_img__lowlight.png,low_light,30_img_.png,/workspace/underwater_enhancement/data/raw_underwater/UIEB/reference-890/30_img_.png
/workspace/underwater_enhancement/data/processed/physical_degradation/blur/30_img__blur.png,blur,30_img_.png,/workspace/underwater_enhancement/data/raw_underwater/UIEB/reference-890/30_img_.png
/workspace/underwater_enhancement/data/processed/physical_degradation/blue_cast/31_blue.png,blue_cast,31.png,/workspace/underwater_enhancement/data/raw_underwater/UIEB/reference-890/31.png
/workspace/underwater_enhancement/data/processed/physical_degradation/green_cast/31_green.png,green_cast,31.png,/workspace/underwater_enhancement/data/raw_underwater/UIEB/reference-890/31.png
/workspace/underwater_enhancement/data/processed/physical_degradation/low_light/31_lowlight.png,low_light,31.png,/workspace/underwater_enhancement/data/raw_underwater/UIEB/reference-890/31.png
/workspace/underwater_enhancement/data/processed/physical_degradation/blur/31_blur.png,blur,31.png,/workspace/underwater_enhancement/data/raw_underwater/UIEB/reference-890/31.png
/workspace/underwater_enhancement/data/processed/physical_degradation/blue_cast/311_img__blue.png,blue_cast,311_img_.png,/workspace/underwater_enhancement/data/raw_underwater/UIEB/reference-890/311_img_.png
/workspace/underwater_enhancement/data/processed/physical_degradation/green_cast/311_img__green.png,green_cast,311_img_.png,/workspace/underwater_enhancement/data/raw_underwater/UIEB/reference-890/311_img_.png
/workspace/underwater_enhancement/data/processed/physical_degradation/low_light/311_img__lowlight.png,low_light,311_img_.png,/workspace/underwater_enhancement/data/raw_underwater/UIEB/reference-890/311_img_.png
/workspace/underwater_enhancement/data/processed/physical_degradation/blur/311_img__blur.png,blur,311_img_.png,/workspace/underwater_enhancement/data/raw_underwater/UIEB/reference-890/311_img_.png
/workspace/underwater_enhancement/data/processed/physical_degradation/blue_cast/312_img__blue.png,blue_cast,312_img_.png,/workspace/underwater_enhancement/data/raw_underwater/UIEB/reference-890/312_img_.png
/workspace/underwater_enhancement/data/processed/physical_degradation/green_cast/312_img__green.png,green_cast,312_img_.png,/workspace/underwater_enhancement/data/raw_underwater/UIEB/reference-890/312_img_.png
/workspace/underwater_enhancement/data/processed/physical_degradation/low_light/312_img__lowlight.png,low_light,312_img_.png,/workspace/underwater_enhancement/data/raw_underwater/UIEB/reference-890/312_img_.png
/workspace/underwater_enhancement/data/processed/physical_degradation/blur/312_img__blur.png,blur,312_img_.png,/workspace/underwater_enhancement/data/raw_underwater/UIEB/reference-890/312_img_.png
/workspace/underwater_enhancement/data/processed/physical_degradation/blue_cast/313_img__blue.png,blue_cast,313_img_.png,/workspace/underwater_enhancement/data/raw_underwater/UIEB/reference-890/313_img_.png
/workspace/underwater_enhancement/data/processed/physical_degradation/green_cast/313_img__green.png,green_cast,313_img_.png,/workspace/underwater_enhancement/data/raw_underwater/UIEB/reference-890/313_img_.png
/workspace/underwater_enhancement/data/processed/physical_degradation/low_light/313_img__lowlight.png,low_light,313_img_.png,/workspace/underwater_enhancement/data/raw_underwater/UIEB/reference-890/313_img_.png
/workspace/underwater_enhancement/data/processed/physical_degradation/blur/313_img__blur.png,blur,313_img_.png,/workspace/underwater_enhancement/data/raw_underwater/UIEB/reference-890/313_img_.png
/workspace/underwater_enhancement/data/processed/physical_degradation/blue_cast/314_img__blue.png,blue_cast,314_img_.png,/workspace/underwater_enhancement/data/raw_underwater/UIEB/reference-890/314_img_.png
/workspace/underwater_enhancement/data/processed/physical_degradation/green_cast/314_img__green.png,green_cast,314_img_.png,/workspace/underwater_enhancement/data/raw_underwater/UIEB/reference-890/314_img_.png
/workspace/underwater_enhancement/data/processed/physical_degradation/low_light/314_img__lowlight.png,low_light,314_img_.png,/workspace/underwater_enhancement/data/raw_underwater/UIEB/reference-890/314_img_.png
/workspace/underwater_enhancement/data/processed/physical_degradation/blur/314_img__blur.png,blur,314_img_.png,/workspace/underwater_enhancement/data/raw_underwater/UIEB/reference-890/314_img_.png
/workspace/underwater_enhancement/data/processed/physical_degradation/blue_cast/315_img__blue.png,blue_cast,315_img_.png,/workspace/underwater_enhancement/data/raw_underwater/UIEB/reference-890/315_img_.png
/workspace/underwater_enhancement/data/processed/physical_degradation/green_cast/315_img__green.png,green_cast,315_img_.png,/workspace/underwater_enhancement/data/raw_underwater/UIEB/reference-890/315_img_.png
/workspace/underwater_enhancement/data/processed/physical_degradation/low_light/315_img__lowlight.png,low_light,315_img_.png,/workspace/underwater_enhancement/data/raw_underwater/UIEB/reference-890/315_img_.png
/workspace/underwater_enhancement/data/processed/physical_degradation/blur/315_img__blur.png,blur,315_img_.png,/workspace/underwater_enhancement/data/raw_underwater/UIEB/reference-890/315_img_.png
/workspace/underwater_enhancement/data/processed/physical_degradation/blue_cast/316_img__blue.png,blue_cast,316_img_.png,/workspace/underwater_enhancement/data/raw_underwater/UIEB/reference-890/316_img_.png
/workspace/underwater_enhancement/data/processed/physical_degradation/green_cast/316_img__green.png,green_cast,316_img_.png,/workspace/underwater_enhancement/data/raw_underwater/UIEB/reference-890/316_img_.png
/workspace/underwater_enhancement/data/processed/physical_degradation/low_light/316_img__lowlight.png,low_light,316_img_.png,/workspace/underwater_enhancement/data/raw_underwater/UIEB/reference-890/316_img_.png
/workspace/underwater_enhancement/data/processed/physical_degradation/blur/316_img__blur.png,blur,316_img_.png,/workspace/underwater_enhancement/data/raw_underwater/UIEB/reference-890/316_img_.png
/workspace/underwater_enhancement/data/processed/physical_degradation/blue_cast/317_img__blue.png,blue_cast,317_img_.png,/workspace/underwater_enhancement/data/raw_underwater/UIEB/reference-890/317_img_.png
/workspace/underwater_enhancement/data/processed/physical_degradation/green_cast/317_img__green.png,green_cast,317_img_.png,/workspace/underwater_enhancement/data/raw_underwater/UIEB/reference-890/317_img_.png
/workspace/underwater_enhancement/data/processed/physical_degradation/low_light/317_img__lowlight.png,low_light,317_img_.png,/workspace/underwater_enhancement/data/raw_underwater/UIEB/reference-890/317_img_.png
/workspace/underwater_enhancement/data/processed/physical_degradation/blur/317_img__blur.png,blur,317_img_.png,/workspace/underwater_enhancement/data/raw_underwater/UIEB/reference-890/317_img_.png
/workspace/underwater_enhancement/data/processed/physical_degradation/blue_cast/318_img__blue.png,blue_cast,318_img_.png,/workspace/underwater_enhancement/data/raw_underwater/UIEB/reference-890/318_img_.png
/workspace/underwater_enhancement/data/processed/physical_degradation/green_cast/318_img__green.png,green_cast,318_img_.png,/workspace/underwater_enhancement/data/raw_underwater/UIEB/reference-890/318_img_.png
/workspace/underwater_enhancement/data/processed/physical_degradation/low_light/318_img__lowlight.png,low_light,318_img_.png,/workspace/underwater_enhancement/data/raw_underwater/UIEB/reference-890/318_img_.png
/workspace/underwater_enhancement/data/processed/physical_degradation/blur/318_img__blur.png,blur,318_img_.png,/workspace/underwater_enhancement/data/raw_underwater/UIEB/reference-890/318_img_.png
/workspace/underwater_enhancement/data/processed/physical_degradation/blue_cast/3196_blue.png,blue_cast,3196.png,/workspace/underwater_enhancement/data/raw_underwater/UIEB/reference-890/3196.png
/workspace/underwater_enhancement/data/processed/physical_degradation/green_cast/3196_green.png,green_cast,3196.png,/workspace/underwater_enhancement/data/raw_underwater/UIEB/reference-890/3196.png
/workspace/underwater_enhancement/data/processed/physical_degradation/low_light/3196_lowlight.png,low_light,3196.png,/workspace/underwater_enhancement/data/raw_underwater/UIEB/reference-890/3196.png
/workspace/underwater_enhancement/data/processed/physical_degradation/blur/3196_blur.png,blur,3196.png,/workspace/underwater_enhancement/data/raw_underwater/UIEB/reference-890/3196.png
/workspace/underwater_enhancement/data/processed/physical_degradation/blue_cast/319_img__blue.png,blue_cast,319_img_.png,/workspace/underwater_enhancement/data/raw_underwater/UIEB/reference-890/319_img_.png
/workspace/underwater_enhancement/data/processed/physical_degradation/green_cast/319_img__green.png,green_cast,319_img_.png,/workspace/underwater_enhancement/data/raw_underwater/UIEB/reference-890/319_img_.png
/workspace/underwater_enhancement/data/processed/physical_degradation/low_light/319_img__lowlight.png,low_light,319_img_.png,/workspace/underwater_enhancement/data/raw_underwater/UIEB/reference-890/319_img_.png
/workspace/underwater_enhancement/data/processed/physical_degradation/blur/319_img__blur.png,blur,319_img_.png,/workspace/underwater_enhancement/data/raw_underwater/UIEB/reference-890/319_img_.png
/workspace/underwater_enhancement/data/processed/physical_degradation/blue_cast/3202_blue.png,blue_cast,3202.png,/workspace/underwater_enhancement/data/raw_underwater/UIEB/reference-890/3202.png
/workspace/underwater_enhancement/data/processed/physical_degradation/green_cast/3202_green.png,green_cast,3202.png,/workspace/underwater_enhancement/data/raw_underwater/UIEB/reference-890/3202.png
/workspace/underwater_enhancement/data/processed/physical_degradation/low_light/3202_lowlight.png,low_light,3202.png,/workspace/underwater_enhancement/data/raw_underwater/UIEB/reference-890/3202.png
/workspace/underwater_enhancement/data/processed/physical_degradation/blur/3202_blur.png,blur,3202.png,/workspace/underwater_enhancement/data/raw_underwater/UIEB/reference-890/3202.png
/workspace/underwater_enhancement/data/processed/physical_degradation/blue_cast/320_img__blue.png,blue_cast,320_img_.png,/workspace/underwater_enhancement/data/raw_underwater/UIEB/reference-890/320_img_.png
/workspace/underwater_enhancement/data/processed/physical_degradation/green_cast/320_img__green.png,green_cast,320_img_.png,/workspace/underwater_enhancement/data/raw_underwater/UIEB/reference-890/320_img_.png
/workspace/underwater_enhancement/data/processed/physical_degradation/low_light/320_img__lowlight.png,low_light,320_img_.png,/workspace/underwater_enhancement/data/raw_underwater/UIEB/reference-890/320_img_.png
/workspace/underwater_enhancement/data/processed/physical_degradation/blur/320_img__blur.png,blur,320_img_.png,/workspace/underwater_enhancement/data/raw_underwater/UIEB/reference-890/320_img_.png
/workspace/underwater_enhancement/data/processed/physical_degradation/blue_cast/322_img__blue.png,blue_cast,322_img_.png,/workspace/underwater_enhancement/data/raw_underwater/UIEB/reference-890/322_img_.png
/workspace/underwater_enhancement/data/processed/physical_degradation/green_cast/322_img__green.png,green_cast,322_img_.png,/workspace/underwater_enhancement/data/raw_underwater/UIEB/reference-890/322_img_.png
/workspace/underwater_enhancement/data/processed/physical_degradation/low_light/322_img__lowlight.png,low_light,322_img_.png,/workspace/underwater_enhancement/data/raw_underwater/UIEB/reference-890/322_img_.png
/workspace/underwater_enhancement/data/processed/physical_degradation/blur/322_img__blur.png,blur,322_img_.png,/workspace/underwater_enhancement/data/raw_underwater/UIEB/reference-890/322_img_.png
/workspace/underwater_enhancement/data/processed/physical_degradation/blue_cast/323_img__blue.png,blue_cast,323_img_.png,/workspace/underwater_enhancement/data/raw_underwater/UIEB/reference-890/323_img_.png
/workspace/underwater_enhancement/data/processed/physical_degradation/green_cast/323_img__green.png,green_cast,323_img_.png,/workspace/underwater_enhancement/data/raw_underwater/UIEB/reference-890/323_img_.png
/workspace/underwater_enhancement/data/processed/physical_degradation/low_light/323_img__lowlight.png,low_light,323_img_.png,/workspace/underwater_enhancement/data/raw_underwater/UIEB/reference-890/323_img_.png
/workspace/underwater_enhancement/data/processed/physical_degradation/blur/323_img__blur.png,blur,323_img_.png,/workspace/underwater_enhancement/data/raw_underwater/UIEB/reference-890/323_img_.png
/workspace/underwater_enhancement/data/processed/physical_degradation/blue_cast/324_img__blue.png,blue_cast,324_img_.png,/workspace/underwater_enhancement/data/raw_underwater/UIEB/reference-890/324_img_.png
/workspace/underwater_enhancement/data/processed/physical_degradation/green_cast/324_img__green.png,green_cast,324_img_.png,/workspace/underwater_enhancement/data/raw_underwater/UIEB/reference-890/324_img_.png
/workspace/underwater_enhancement/data/processed/physical_degradation/low_light/324_img__lowlight.png,low_light,324_img_.png,/workspace/underwater_enhancement/data/raw_underwater/UIEB/reference-890/324_img_.png
/workspace/underwater_enhancement/data/processed/physical_degradation/blur/324_img__blur.png,blur,324_img_.png,/workspace/underwater_enhancement/data/raw_underwater/UIEB/reference-890/324_img_.png
/workspace/underwater_enhancement/data/processed/physical_degradation/blue_cast/325_img__blue.png,blue_cast,325_img_.png,/workspace/underwater_enhancement/data/raw_underwater/UIEB/reference-890/325_img_.png
/workspace/underwater_enhancement/data/processed/physical_degradation/green_cast/325_img__green.png,green_cast,325_img_.png,/workspace/underwater_enhancement/data/raw_underwater/UIEB/reference-890/325_img_.png
/workspace/underwater_enhancement/data/processed/physical_degradation/low_light/325_img__lowlight.png,low_light,325_img_.png,/workspace/underwater_enhancement/data/raw_underwater/UIEB/reference-890/325_img_.png
/workspace/underwater_enhancement/data/processed/physical_degradation/blur/325_img__blur.png,blur,325_img_.png,/workspace/underwater_enhancement/data/raw_underwater/UIEB/reference-890/325_img_.png
/workspace/underwater_enhancement/data/processed/physical_degradation/blue_cast/326_img__blue.png,blue_cast,326_img_.png,/workspace/underwater_enhancement/data/raw_underwater/UIEB/reference-890/326_img_.png
/workspace/underwater_enhancement/data/processed/physical_degradation/green_cast/326_img__green.png,green_cast,326_img_.png,/workspace/underwater_enhancement/data/raw_underwater/UIEB/reference-890/326_img_.png
/workspace/underwater_enhancement/data/processed/physical_degradation/low_light/326_img__lowlight.png,low_light,326_img_.png,/workspace/underwater_enhancement/data/raw_underwater/UIEB/reference-890/326_img_.png
/workspace/underwater_enhancement/data/processed/physical_degradation/blur/326_img__blur.png,blur,326_img_.png,/workspace/underwater_enhancement/data/raw_underwater/UIEB/reference-890/326_img_.png
/workspace/underwater_enhancement/data/processed/physical_degradation/blue_cast/327_img__blue.png,blue_cast,327_img_.png,/workspace/underwater_enhancement/data/raw_underwater/UIEB/reference-890/327_img_.png
/workspace/underwater_enhancement/data/processed/physical_degradation/green_cast/327_img__green.png,green_cast,327_img_.png,/workspace/underwater_enhancement/data/raw_underwater/UIEB/reference-890/327_img_.png
/workspace/underwater_enhancement/data/processed/physical_degradation/low_light/327_img__lowlight.png,low_light,327_img_.png,/workspace/underwater_enhancement/data/raw_underwater/UIEB/reference-890/327_img_.png
/workspace/underwater_enhancement/data/processed/physical_degradation/blur/327_img__blur.png,blur,327_img_.png,/workspace/underwater_enhancement/data/raw_underwater/UIEB/reference-890/327_img_.png
/workspace/underwater_enhancement/data/processed/physical_degradation/blue_cast/328_img__blue.png,blue_cast,328_img_.png,/workspace/underwater_enhancement/data/raw_underwater/UIEB/reference-890/328_img_.png
/workspace/underwater_enhancement/data/processed/physical_degradation/green_cast/328_img__green.png,green_cast,328_img_.png,/workspace/underwater_enhancement/data/raw_underwater/UIEB/reference-890/328_img_.png
/workspace/underwater_enhancement/data/processed/physical_degradation/low_light/328_img__lowlight.png,low_light,328_img_.png,/workspace/underwater_enhancement/data/raw_underwater/UIEB/reference-890/328_img_.png
/workspace/underwater_enhancement/data/processed/physical_degradation/blur/328_img__blur.png,blur,328_img_.png,/workspace/underwater_enhancement/data/raw_underwater/UIEB/reference-890/328_img_.png
/workspace/underwater_enhancement/data/processed/physical_degradation/blue_cast/32_img__blue.png,blue_cast,32_img_.png,/workspace/underwater_enhancement/data/raw_underwater/UIEB/reference-890/32_img_.png
/workspace/underwater_enhancement/data/processed/physical_degradation/green_cast/32_img__green.png,green_cast,32_img_.png,/workspace/underwater_enhancement/data/raw_underwater/UIEB/reference-890/32_img_.png
/workspace/underwater_enhancement/data/processed/physical_degradation/low_light/32_img__lowlight.png,low_light,32_img_.png,/workspace/underwater_enhancement/data/raw_underwater/UIEB/reference-890/32_img_.png
/workspace/underwater_enhancement/data/processed/physical_degradation/blur/32_img__blur.png,blur,32_img_.png,/workspace/underwater_enhancement/data/raw_underwater/UIEB/reference-890/32_img_.png
/workspace/underwater_enhancement/data/processed/physical_degradation/blue_cast/330_img__blue.png,blue_cast,330_img_.png,/workspace/underwater_enhancement/data/raw_underwater/UIEB/reference-890/330_img_.png
/workspace/underwater_enhancement/data/processed/physical_degradation/green_cast/330_img__green.png,green_cast,330_img_.png,/workspace/underwater_enhancement/data/raw_underwater/UIEB/reference-890/330_img_.png
/workspace/underwater_enhancement/data/processed/physical_degradation/low_light/330_img__lowlight.png,low_light,330_img_.png,/workspace/underwater_enhancement/data/raw_underwater/UIEB/reference-890/330_img_.png
/workspace/underwater_enhancement/data/processed/physical_degradation/blur/330_img__blur.png,blur,330_img_.png,/workspace/underwater_enhancement/data/raw_underwater/UIEB/reference-890/330_img_.png
/workspace/underwater_enhancement/data/processed/physical_degradation/blue_cast/332_img__blue.png,blue_cast,332_img_.png,/workspace/underwater_enhancement/data/raw_underwater/UIEB/reference-890/332_img_.png
/workspace/underwater_enhancement/data/processed/physical_degradation/green_cast/332_img__green.png,green_cast,332_img_.png,/workspace/underwater_enhancement/data/raw_underwater/UIEB/reference-890/332_img_.png
/workspace/underwater_enhancement/data/processed/physical_degradation/low_light/332_img__lowlight.png,low_light,332_img_.png,/workspace/underwater_enhancement/data/raw_underwater/UIEB/reference-890/332_img_.png
/workspace/underwater_enhancement/data/processed/physical_degradation/blur/332_img__blur.png,blur,332_img_.png,/workspace/underwater_enhancement/data/raw_underwater/UIEB/reference-890/332_img_.png
/workspace/underwater_enhancement/data/processed/physical_degradation/blue_cast/3330_blue.png,blue_cast,3330.png,/workspace/underwater_enhancement/data/raw_underwater/UIEB/reference-890/3330.png
/workspace/underwater_enhancement/data/processed/physical_degradation/green_cast/3330_green.png,green_cast,3330.png,/workspace/underwater_enhancement/data/raw_underwater/UIEB/reference-890/3330.png
/workspace/underwater_enhancement/data/processed/physical_degradation/low_light/3330_lowlight.png,low_light,3330.png,/workspace/underwater_enhancement/data/raw_underwater/UIEB/reference-890/3330.png
/workspace/underwater_enhancement/data/processed/physical_degradation/blur/3330_blur.png,blur,3330.png,/workspace/underwater_enhancement/data/raw_underwater/UIEB/reference-890/3330.png
/workspace/underwater_enhancement/data/processed/physical_degradation/blue_cast/334_img__blue.png,blue_cast,334_img_.png,/workspace/underwater_enhancement/data/raw_underwater/UIEB/reference-890/334_img_.png
/workspace/underwater_enhancement/data/processed/physical_degradation/green_cast/334_img__green.png,green_cast,334_img_.png,/workspace/underwater_enhancement/data/raw_underwater/UIEB/reference-890/334_img_.png
/workspace/underwater_enhancement/data/processed/physical_degradation/low_light/334_img__lowlight.png,low_light,334_img_.png,/workspace/underwater_enhancement/data/raw_underwater/UIEB/reference-890/334_img_.png
/workspace/underwater_enhancement/data/processed/physical_degradation/blur/334_img__blur.png,blur,334_img_.png,/workspace/underwater_enhancement/data/raw_underwater/UIEB/reference-890/334_img_.png
/workspace/underwater_enhancement/data/processed/physical_degradation/blue_cast/336_img__blue.png,blue_cast,336_img_.png,/workspace/underwater_enhancement/data/raw_underwater/UIEB/reference-890/336_img_.png
/workspace/underwater_enhancement/data/processed/physical_degradation/green_cast/336_img__green.png,green_cast,336_img_.png,/workspace/underwater_enhancement/data/raw_underwater/UIEB/reference-890/336_img_.png
/workspace/underwater_enhancement/data/processed/physical_degradation/low_light/336_img__lowlight.png,low_light,336_img_.png,/workspace/underwater_enhancement/data/raw_underwater/UIEB/reference-890/336_img_.png
/workspace/underwater_enhancement/data/processed/physical_degradation/blur/336_img__blur.png,blur,336_img_.png,/workspace/underwater_enhancement/data/raw_underwater/UIEB/reference-890/336_img_.png
/workspace/underwater_enhancement/data/processed/physical_degradation/blue_cast/337_img__blue.png,blue_cast,337_img_.png,/workspace/underwater_enhancement/data/raw_underwater/UIEB/reference-890/337_img_.png
/workspace/underwater_enhancement/data/processed/physical_degradation/green_cast/337_img__green.png,green_cast,337_img_.png,/workspace/underwater_enhancement/data/raw_underwater/UIEB/reference-890/337_img_.png
/workspace/underwater_enhancement/data/processed/physical_degradation/low_light/337_img__lowlight.png,low_light,337_img_.png,/workspace/underwater_enhancement/data/raw_underwater/UIEB/reference-890/337_img_.png
/workspace/underwater_enhancement/data/processed/physical_degradation/blur/337_img__blur.png,blur,337_img_.png,/workspace/underwater_enhancement/data/raw_underwater/UIEB/reference-890/337_img_.png
/workspace/underwater_enhancement/data/processed/physical_degradation/blue_cast/338_img__blue.png,blue_cast,338_img_.png,/workspace/underwater_enhancement/data/raw_underwater/UIEB/reference-890/338_img_.png
/workspace/underwater_enhancement/data/processed/physical_degradation/green_cast/338_img__green.png,green_cast,338_img_.png,/workspace/underwater_enhancement/data/raw_underwater/UIEB/reference-890/338_img_.png
/workspace/underwater_enhancement/data/processed/physical_degradation/low_light/338_img__lowlight.png,low_light,338_img_.png,/workspace/underwater_enhancement/data/raw_underwater/UIEB/reference-890/338_img_.png
/workspace/underwater_enhancement/data/processed/physical_degradation/blur/338_img__blur.png,blur,338_img_.png,/workspace/underwater_enhancement/data/raw_underwater/UIEB/reference-890/338_img_.png
/workspace/underwater_enhancement/data/processed/physical_degradation/blue_cast/340_img__blue.png,blue_cast,340_img_.png,/workspace/underwater_enhancement/data/raw_underwater/UIEB/reference-890/340_img_.png
/workspace/underwater_enhancement/data/processed/physical_degradation/green_cast/340_img__green.png,green_cast,340_img_.png,/workspace/underwater_enhancement/data/raw_underwater/UIEB/reference-890/340_img_.png
/workspace/underwater_enhancement/data/processed/physical_degradation/low_light/340_img__lowlight.png,low_light,340_img_.png,/workspace/underwater_enhancement/data/raw_underwater/UIEB/reference-890/340_img_.png
/workspace/underwater_enhancement/data/processed/physical_degradation/blur/340_img__blur.png,blur,340_img_.png,/workspace/underwater_enhancement/data/raw_underwater/UIEB/reference-890/340_img_.png
/workspace/underwater_enhancement/data/processed/physical_degradation/blue_cast/341_img__blue.png,blue_cast,341_img_.png,/workspace/underwater_enhancement/data/raw_underwater/UIEB/reference-890/341_img_.png
/workspace/underwater_enhancement/data/processed/physical_degradation/green_cast/341_img__green.png,green_cast,341_img_.png,/workspace/underwater_enhancement/data/raw_underwater/UIEB/reference-890/341_img_.png
/workspace/underwater_enhancement/data/processed/physical_degradation/low_light/341_img__lowlight.png,low_light,341_img_.png,/workspace/underwater_enhancement/data/raw_underwater/UIEB/reference-890/341_img_.png
/workspace/underwater_enhancement/data/processed/physical_degradation/blur/341_img__blur.png,blur,341_img_.png,/workspace/underwater_enhancement/data/raw_underwater/UIEB/reference-890/341_img_.png
/workspace/underwater_enhancement/data/processed/physical_degradation/blue_cast/342_img__blue.png,blue_cast,342_img_.png,/workspace/underwater_enhancement/data/raw_underwater/UIEB/reference-890/342_img_.png
/workspace/underwater_enhancement/data/processed/physical_degradation/green_cast/342_img__green.png,green_cast,342_img_.png,/workspace/underwater_enhancement/data/raw_underwater/UIEB/reference-890/342_img_.png
/workspace/underwater_enhancement/data/processed/physical_degradation/low_light/342_img__lowlight.png,low_light,342_img_.png,/workspace/underwater_enhancement/data/raw_underwater/UIEB/reference-890/342_img_.png
/workspace/underwater_enhancement/data/processed/physical_degradation/blur/342_img__blur.png,blur,342_img_.png,/workspace/underwater_enhancement/data/raw_underwater/UIEB/reference-890/342_img_.png
/workspace/underwater_enhancement/data/processed/physical_degradation/blue_cast/343_img__blue.png,blue_cast,343_img_.png,/workspace/underwater_enhancement/data/raw_underwater/UIEB/reference-890/343_img_.png
/workspace/underwater_enhancement/data/processed/physical_degradation/green_cast/343_img__green.png,green_cast,343_img_.png,/workspace/underwater_enhancement/data/raw_underwater/UIEB/reference-890/343_img_.png
/workspace/underwater_enhancement/data/processed/physical_degradation/low_light/343_img__lowlight.png,low_light,343_img_.png,/workspace/underwater_enhancement/data/raw_underwater/UIEB/reference-890/343_img_.png
/workspace/underwater_enhancement/data/processed/physical_degradation/blur/343_img__blur.png,blur,343_img_.png,/workspace/underwater_enhancement/data/raw_underwater/UIEB/reference-890/343_img_.png
/workspace/underwater_enhancement/data/processed/physical_degradation/blue_cast/345_img__blue.png,blue_cast,345_img_.png,/workspace/underwater_enhancement/data/raw_underwater/UIEB/reference-890/345_img_.png
/workspace/underwater_enhancement/data/processed/physical_degradation/green_cast/345_img__green.png,green_cast,345_img_.png,/workspace/underwater_enhancement/data/raw_underwater/UIEB/reference-890/345_img_.png
/workspace/underwater_enhancement/data/processed/physical_degradation/low_light/345_img__lowlight.png,low_light,345_img_.png,/workspace/underwater_enhancement/data/raw_underwater/UIEB/reference-890/345_img_.png
/workspace/underwater_enhancement/data/processed/physical_degradation/blur/345_img__blur.png,blur,345_img_.png,/workspace/underwater_enhancement/data/raw_underwater/UIEB/reference-890/345_img_.png
/workspace/underwater_enhancement/data/processed/physical_degradation/blue_cast/346_img__blue.png,blue_cast,346_img_.png,/workspace/underwater_enhancement/data/raw_underwater/UIEB/reference-890/346_img_.png
/workspace/underwater_enhancement/data/processed/physical_degradation/green_cast/346_img__green.png,green_cast,346_img_.png,/workspace/underwater_enhancement/data/raw_underwater/UIEB/reference-890/346_img_.png
/workspace/underwater_enhancement/data/processed/physical_degradation/low_light/346_img__lowlight.png,low_light,346_img_.png,/workspace/underwater_enhancement/data/raw_underwater/UIEB/reference-890/346_img_.png
/workspace/underwater_enhancement/data/processed/physical_degradation/blur/346_img__blur.png,blur,346_img_.png,/workspace/underwater_enhancement/data/raw_underwater/UIEB/reference-890/346_img_.png
/workspace/underwater_enhancement/data/processed/physical_degradation/blue_cast/347_img__blue.png,blue_cast,347_img_.png,/workspace/underwater_enhancement/data/raw_underwater/UIEB/reference-890/347_img_.png
/workspace/underwater_enhancement/data/processed/physical_degradation/green_cast/347_img__green.png,green_cast,347_img_.png,/workspace/underwater_enhancement/data/raw_underwater/UIEB/reference-890/347_img_.png
/workspace/underwater_enhancement/data/processed/physical_degradation/low_light/347_img__lowlight.png,low_light,347_img_.png,/workspace/underwater_enhancement/data/raw_underwater/UIEB/reference-890/347_img_.png
/workspace/underwater_enhancement/data/processed/physical_degradation/blur/347_img__blur.png,blur,347_img_.png,/workspace/underwater_enhancement/data/raw_underwater/UIEB/reference-890/347_img_.png
/workspace/underwater_enhancement/data/processed/physical_degradation/blue_cast/348_img__blue.png,blue_cast,348_img_.png,/workspace/underwater_enhancement/data/raw_underwater/UIEB/reference-890/348_img_.png
/workspace/underwater_enhancement/data/processed/physical_degradation/green_cast/348_img__green.png,green_cast,348_img_.png,/workspace/underwater_enhancement/data/raw_underwater/UIEB/reference-890/348_img_.png
/workspace/underwater_enhancement/data/processed/physical_degradation/low_light/348_img__lowlight.png,low_light,348_img_.png,/workspace/underwater_enhancement/data/raw_underwater/UIEB/reference-890/348_img_.png
/workspace/underwater_enhancement/data/processed/physical_degradation/blur/348_img__blur.png,blur,348_img_.png,/workspace/underwater_enhancement/data/raw_underwater/UIEB/reference-890/348_img_.png
/workspace/underwater_enhancement/data/processed/physical_degradation/blue_cast/35_blue.png,blue_cast,35.png,/workspace/underwater_enhancement/data/raw_underwater/UIEB/reference-890/35.png
/workspace/underwater_enhancement/data/processed/physical_degradation/green_cast/35_green.png,green_cast,35.png,/workspace/underwater_enhancement/data/raw_underwater/UIEB/reference-890/35.png
/workspace/underwater_enhancement/data/processed/physical_degradation/low_light/35_lowlight.png,low_light,35.png,/workspace/underwater_enhancement/data/raw_underwater/UIEB/reference-890/35.png
/workspace/underwater_enhancement/data/processed/physical_degradation/blur/35_blur.png,blur,35.png,/workspace/underwater_enhancement/data/raw_underwater/UIEB/reference-890/35.png
/workspace/underwater_enhancement/data/processed/physical_degradation/blue_cast/350_img__blue.png,blue_cast,350_img_.png,/workspace/underwater_enhancement/data/raw_underwater/UIEB/reference-890/350_img_.png
/workspace/underwater_enhancement/data/processed/physical_degradation/green_cast/350_img__green.png,green_cast,350_img_.png,/workspace/underwater_enhancement/data/raw_underwater/UIEB/reference-890/350_img_.png
/workspace/underwater_enhancement/data/processed/physical_degradation/low_light/350_img__lowlight.png,low_light,350_img_.png,/workspace/underwater_enhancement/data/raw_underwater/UIEB/reference-890/350_img_.png
/workspace/underwater_enhancement/data/processed/physical_degradation/blur/350_img__blur.png,blur,350_img_.png,/workspace/underwater_enhancement/data/raw_underwater/UIEB/reference-890/350_img_.png
/workspace/underwater_enhancement/data/processed/physical_degradation/blue_cast/351_img__blue.png,blue_cast,351_img_.png,/workspace/underwater_enhancement/data/raw_underwater/UIEB/reference-890/351_img_.png
/workspace/underwater_enhancement/data/processed/physical_degradation/green_cast/351_img__green.png,green_cast,351_img_.png,/workspace/underwater_enhancement/data/raw_underwater/UIEB/reference-890/351_img_.png
/workspace/underwater_enhancement/data/processed/physical_degradation/low_light/351_img__lowlight.png,low_light,351_img_.png,/workspace/underwater_enhancement/data/raw_underwater/UIEB/reference-890/351_img_.png
/workspace/underwater_enhancement/data/processed/physical_degradation/blur/351_img__blur.png,blur,351_img_.png,/workspace/underwater_enhancement/data/raw_underwater/UIEB/reference-890/351_img_.png
/workspace/underwater_enhancement/data/processed/physical_degradation/blue_cast/353_img__blue.png,blue_cast,353_img_.png,/workspace/underwater_enhancement/data/raw_underwater/UIEB/reference-890/353_img_.png
/workspace/underwater_enhancement/data/processed/physical_degradation/green_cast/353_img__green.png,green_cast,353_img_.png,/workspace/underwater_enhancement/data/raw_underwater/UIEB/reference-890/353_img_.png
/workspace/underwater_enhancement/data/processed/physical_degradation/low_light/353_img__lowlight.png,low_light,353_img_.png,/workspace/underwater_enhancement/data/raw_underwater/UIEB/reference-890/353_img_.png
/workspace/underwater_enhancement/data/processed/physical_degradation/blur/353_img__blur.png,blur,353_img_.png,/workspace/underwater_enhancement/data/raw_underwater/UIEB/reference-890/353_img_.png
/workspace/underwater_enhancement/data/processed/physical_degradation/blue_cast/355_img__blue.png,blue_cast,355_img_.png,/workspace/underwater_enhancement/data/raw_underwater/UIEB/reference-890/355_img_.png
/workspace/underwater_enhancement/data/processed/physical_degradation/green_cast/355_img__green.png,green_cast,355_img_.png,/workspace/underwater_enhancement/data/raw_underwater/UIEB/reference-890/355_img_.png
/workspace/underwater_enhancement/data/processed/physical_degradation/low_light/355_img__lowlight.png,low_light,355_img_.png,/workspace/underwater_enhancement/data/raw_underwater/UIEB/reference-890/355_img_.png
/workspace/underwater_enhancement/data/processed/physical_degradation/blur/355_img__blur.png,blur,355_img_.png,/workspace/underwater_enhancement/data/raw_underwater/UIEB/reference-890/355_img_.png
/workspace/underwater_enhancement/data/processed/physical_degradation/blue_cast/356_img__blue.png,blue_cast,356_img_.png,/workspace/underwater_enhancement/data/raw_underwater/UIEB/reference-890/356_img_.png
/workspace/underwater_enhancement/data/processed/physical_degradation/green_cast/356_img__green.png,green_cast,356_img_.png,/workspace/underwater_enhancement/data/raw_underwater/UIEB/reference-890/356_img_.png
/workspace/underwater_enhancement/data/processed/physical_degradation/low_light/356_img__lowlight.png,low_light,356_img_.png,/workspace/underwater_enhancement/data/raw_underwater/UIEB/reference-890/356_img_.png
/workspace/underwater_enhancement/data/processed/physical_degradation/blur/356_img__blur.png,blur,356_img_.png,/workspace/underwater_enhancement/data/raw_underwater/UIEB/reference-890/356_img_.png
/workspace/underwater_enhancement/data/processed/physical_degradation/blue_cast/359_img__blue.png,blue_cast,359_img_.png,/workspace/underwater_enhancement/data/raw_underwater/UIEB/reference-890/359_img_.png
/workspace/underwater_enhancement/data/processed/physical_degradation/green_cast/359_img__green.png,green_cast,359_img_.png,/workspace/underwater_enhancement/data/raw_underwater/UIEB/reference-890/359_img_.png
/workspace/underwater_enhancement/data/processed/physical_degradation/low_light/359_img__lowlight.png,low_light,359_img_.png,/workspace/underwater_enhancement/data/raw_underwater/UIEB/reference-890/359_img_.png
/workspace/underwater_enhancement/data/processed/physical_degradation/blur/359_img__blur.png,blur,359_img_.png,/workspace/underwater_enhancement/data/raw_underwater/UIEB/reference-890/359_img_.png
/workspace/underwater_enhancement/data/processed/physical_degradation/blue_cast/360_img__blue.png,blue_cast,360_img_.png,/workspace/underwater_enhancement/data/raw_underwater/UIEB/reference-890/360_img_.png
/workspace/underwater_enhancement/data/processed/physical_degradation/green_cast/360_img__green.png,green_cast,360_img_.png,/workspace/underwater_enhancement/data/raw_underwater/UIEB/reference-890/360_img_.png
/workspace/underwater_enhancement/data/processed/physical_degradation/low_light/360_img__lowlight.png,low_light,360_img_.png,/workspace/underwater_enhancement/data/raw_underwater/UIEB/reference-890/360_img_.png
/workspace/underwater_enhancement/data/processed/physical_degradation/blur/360_img__blur.png,blur,360_img_.png,/workspace/underwater_enhancement/data/raw_underwater/UIEB/reference-890/360_img_.png
/workspace/underwater_enhancement/data/processed/physical_degradation/blue_cast/361_img__blue.png,blue_cast,361_img_.png,/workspace/underwater_enhancement/data/raw_underwater/UIEB/reference-890/361_img_.png
/workspace/underwater_enhancement/data/processed/physical_degradation/green_cast/361_img__green.png,green_cast,361_img_.png,/workspace/underwater_enhancement/data/raw_underwater/UIEB/reference-890/361_img_.png
/workspace/underwater_enhancement/data/processed/physical_degradation/low_light/361_img__lowlight.png,low_light,361_img_.png,/workspace/underwater_enhancement/data/raw_underwater/UIEB/reference-890/361_img_.png
/workspace/underwater_enhancement/data/processed/physical_degradation/blur/361_img__blur.png,blur,361_img_.png,/workspace/underwater_enhancement/data/raw_underwater/UIEB/reference-890/361_img_.png
/workspace/underwater_enhancement/data/processed/physical_degradation/blue_cast/362_img__blue.png,blue_cast,362_img_.png,/workspace/underwater_enhancement/data/raw_underwater/UIEB/reference-890/362_img_.png
/workspace/underwater_enhancement/data/processed/physical_degradation/green_cast/362_img__green.png,green_cast,362_img_.png,/workspace/underwater_enhancement/data/raw_underwater/UIEB/reference-890/362_img_.png
/workspace/underwater_enhancement/data/processed/physical_degradation/low_light/362_img__lowlight.png,low_light,362_img_.png,/workspace/underwater_enhancement/data/raw_underwater/UIEB/reference-890/362_img_.png
/workspace/underwater_enhancement/data/processed/physical_degradation/blur/362_img__blur.png,blur,362_img_.png,/workspace/underwater_enhancement/data/raw_underwater/UIEB/reference-890/362_img_.png
/workspace/underwater_enhancement/data/processed/physical_degradation/blue_cast/363_img__blue.png,blue_cast,363_img_.png,/workspace/underwater_enhancement/data/raw_underwater/UIEB/reference-890/363_img_.png
/workspace/underwater_enhancement/data/processed/physical_degradation/green_cast/363_img__green.png,green_cast,363_img_.png,/workspace/underwater_enhancement/data/raw_underwater/UIEB/reference-890/363_img_.png
/workspace/underwater_enhancement/data/processed/physical_degradation/low_light/363_img__lowlight.png,low_light,363_img_.png,/workspace/underwater_enhancement/data/raw_underwater/UIEB/reference-890/363_img_.png
/workspace/underwater_enhancement/data/processed/physical_degradation/blur/363_img__blur.png,blur,363_img_.png,/workspace/underwater_enhancement/data/raw_underwater/UIEB/reference-890/363_img_.png
/workspace/underwater_enhancement/data/processed/physical_degradation/blue_cast/364_img__blue.png,blue_cast,364_img_.png,/workspace/underwater_enhancement/data/raw_underwater/UIEB/reference-890/364_img_.png
/workspace/underwater_enhancement/data/processed/physical_degradation/green_cast/364_img__green.png,green_cast,364_img_.png,/workspace/underwater_enhancement/data/raw_underwater/UIEB/reference-890/364_img_.png
/workspace/underwater_enhancement/data/processed/physical_degradation/low_light/364_img__lowlight.png,low_light,364_img_.png,/workspace/underwater_enhancement/data/raw_underwater/UIEB/reference-890/364_img_.png
/workspace/underwater_enhancement/data/processed/physical_degradation/blur/364_img__blur.png,blur,364_img_.png,/workspace/underwater_enhancement/data/raw_underwater/UIEB/reference-890/364_img_.png
/workspace/underwater_enhancement/data/processed/physical_degradation/blue_cast/3650_blue.png,blue_cast,3650.png,/workspace/underwater_enhancement/data/raw_underwater/UIEB/reference-890/3650.png
/workspace/underwater_enhancement/data/processed/physical_degradation/green_cast/3650_green.png,green_cast,3650.png,/workspace/underwater_enhancement/data/raw_underwater/UIEB/reference-890/3650.png
/workspace/underwater_enhancement/data/processed/physical_degradation/low_light/3650_lowlight.png,low_light,3650.png,/workspace/underwater_enhancement/data/raw_underwater/UIEB/reference-890/3650.png
/workspace/underwater_enhancement/data/processed/physical_degradation/blur/3650_blur.png,blur,3650.png,/workspace/underwater_enhancement/data/raw_underwater/UIEB/reference-890/3650.png
/workspace/underwater_enhancement/data/processed/physical_degradation/blue_cast/365_img__blue.png,blue_cast,365_img_.png,/workspace/underwater_enhancement/data/raw_underwater/UIEB/reference-890/365_img_.png
/workspace/underwater_enhancement/data/processed/physical_degradation/green_cast/365_img__green.png,green_cast,365_img_.png,/workspace/underwater_enhancement/data/raw_underwater/UIEB/reference-890/365_img_.png
/workspace/underwater_enhancement/data/processed/physical_degradation/low_light/365_img__lowlight.png,low_light,365_img_.png,/workspace/underwater_enhancement/data/raw_underwater/UIEB/reference-890/365_img_.png
/workspace/underwater_enhancement/data/processed/physical_degradation/blur/365_img__blur.png,blur,365_img_.png,/workspace/underwater_enhancement/data/raw_underwater/UIEB/reference-890/365_img_.png
/workspace/underwater_enhancement/data/processed/physical_degradation/blue_cast/366_img__blue.png,blue_cast,366_img_.png,/workspace/underwater_enhancement/data/raw_underwater/UIEB/reference-890/366_img_.png
/workspace/underwater_enhancement/data/processed/physical_degradation/green_cast/366_img__green.png,green_cast,366_img_.png,/workspace/underwater_enhancement/data/raw_underwater/UIEB/reference-890/366_img_.png
/workspace/underwater_enhancement/data/processed/physical_degradation/low_light/366_img__lowlight.png,low_light,366_img_.png,/workspace/underwater_enhancement/data/raw_underwater/UIEB/reference-890/366_img_.png
/workspace/underwater_enhancement/data/processed/physical_degradation/blur/366_img__blur.png,blur,366_img_.png,/workspace/underwater_enhancement/data/raw_underwater/UIEB/reference-890/366_img_.png
/workspace/underwater_enhancement/data/processed/physical_degradation/blue_cast/367_img__blue.png,blue_cast,367_img_.png,/workspace/underwater_enhancement/data/raw_underwater/UIEB/reference-890/367_img_.png
/workspace/underwater_enhancement/data/processed/physical_degradation/green_cast/367_img__green.png,green_cast,367_img_.png,/workspace/underwater_enhancement/data/raw_underwater/UIEB/reference-890/367_img_.png
/workspace/underwater_enhancement/data/processed/physical_degradation/low_light/367_img__lowlight.png,low_light,367_img_.png,/workspace/underwater_enhancement/data/raw_underwater/UIEB/reference-890/367_img_.png
/workspace/underwater_enhancement/data/processed/physical_degradation/blur/367_img__blur.png,blur,367_img_.png,/workspace/underwater_enhancement/data/raw_underwater/UIEB/reference-890/367_img_.png
/workspace/underwater_enhancement/data/processed/physical_degradation/blue_cast/369_img__blue.png,blue_cast,369_img_.png,/workspace/underwater_enhancement/data/raw_underwater/UIEB/reference-890/369_img_.png
/workspace/underwater_enhancement/data/processed/physical_degradation/green_cast/369_img__green.png,green_cast,369_img_.png,/workspace/underwater_enhancement/data/raw_underwater/UIEB/reference-890/369_img_.png
/workspace/underwater_enhancement/data/processed/physical_degradation/low_light/369_img__lowlight.png,low_light,369_img_.png,/workspace/underwater_enhancement/data/raw_underwater/UIEB/reference-890/369_img_.png
/workspace/underwater_enhancement/data/processed/physical_degradation/blur/369_img__blur.png,blur,369_img_.png,/workspace/underwater_enhancement/data/raw_underwater/UIEB/reference-890/369_img_.png
/workspace/underwater_enhancement/data/processed/physical_degradation/blue_cast/370_img__blue.png,blue_cast,370_img_.png,/workspace/underwater_enhancement/data/raw_underwater/UIEB/reference-890/370_img_.png
/workspace/underwater_enhancement/data/processed/physical_degradation/green_cast/370_img__green.png,green_cast,370_img_.png,/workspace/underwater_enhancement/data/raw_underwater/UIEB/reference-890/370_img_.png
/workspace/underwater_enhancement/data/processed/physical_degradation/low_light/370_img__lowlight.png,low_light,370_img_.png,/workspace/underwater_enhancement/data/raw_underwater/UIEB/reference-890/370_img_.png
/workspace/underwater_enhancement/data/processed/physical_degradation/blur/370_img__blur.png,blur,370_img_.png,/workspace/underwater_enhancement/data/raw_underwater/UIEB/reference-890/370_img_.png
/workspace/underwater_enhancement/data/processed/physical_degradation/blue_cast/371_img__blue.png,blue_cast,371_img_.png,/workspace/underwater_enhancement/data/raw_underwater/UIEB/reference-890/371_img_.png
/workspace/underwater_enhancement/data/processed/physical_degradation/green_cast/371_img__green.png,green_cast,371_img_.png,/workspace/underwater_enhancement/data/raw_underwater/UIEB/reference-890/371_img_.png
/workspace/underwater_enhancement/data/processed/physical_degradation/low_light/371_img__lowlight.png,low_light,371_img_.png,/workspace/underwater_enhancement/data/raw_underwater/UIEB/reference-890/371_img_.png
/workspace/underwater_enhancement/data/processed/physical_degradation/blur/371_img__blur.png,blur,371_img_.png,/workspace/underwater_enhancement/data/raw_underwater/UIEB/reference-890/371_img_.png
/workspace/underwater_enhancement/data/processed/physical_degradation/blue_cast/3728_blue.png,blue_cast,3728.png,/workspace/underwater_enhancement/data/raw_underwater/UIEB/reference-890/3728.png
/workspace/underwater_enhancement/data/processed/physical_degradation/green_cast/3728_green.png,green_cast,3728.png,/workspace/underwater_enhancement/data/raw_underwater/UIEB/reference-890/3728.png
/workspace/underwater_enhancement/data/processed/physical_degradation/low_light/3728_lowlight.png,low_light,3728.png,/workspace/underwater_enhancement/data/raw_underwater/UIEB/reference-890/3728.png
/workspace/underwater_enhancement/data/processed/physical_degradation/blur/3728_blur.png,blur,3728.png,/workspace/underwater_enhancement/data/raw_underwater/UIEB/reference-890/3728.png
/workspace/underwater_enhancement/data/processed/physical_degradation/blue_cast/372_img__blue.png,blue_cast,372_img_.png,/workspace/underwater_enhancement/data/raw_underwater/UIEB/reference-890/372_img_.png
/workspace/underwater_enhancement/data/processed/physical_degradation/green_cast/372_img__green.png,green_cast,372_img_.png,/workspace/underwater_enhancement/data/raw_underwater/UIEB/reference-890/372_img_.png
/workspace/underwater_enhancement/data/processed/physical_degradation/low_light/372_img__lowlight.png,low_light,372_img_.png,/workspace/underwater_enhancement/data/raw_underwater/UIEB/reference-890/372_img_.png
/workspace/underwater_enhancement/data/processed/physical_degradation/blur/372_img__blur.png,blur,372_img_.png,/workspace/underwater_enhancement/data/raw_underwater/UIEB/reference-890/372_img_.png
/workspace/underwater_enhancement/data/processed/physical_degradation/blue_cast/373_img__blue.png,blue_cast,373_img_.png,/workspace/underwater_enhancement/data/raw_underwater/UIEB/reference-890/373_img_.png
/workspace/underwater_enhancement/data/processed/physical_degradation/green_cast/373_img__green.png,green_cast,373_img_.png,/workspace/underwater_enhancement/data/raw_underwater/UIEB/reference-890/373_img_.png
/workspace/underwater_enhancement/data/processed/physical_degradation/low_light/373_img__lowlight.png,low_light,373_img_.png,/workspace/underwater_enhancement/data/raw_underwater/UIEB/reference-890/373_img_.png
/workspace/underwater_enhancement/data/processed/physical_degradation/blur/373_img__blur.png,blur,373_img_.png,/workspace/underwater_enhancement/data/raw_underwater/UIEB/reference-890/373_img_.png
/workspace/underwater_enhancement/data/processed/physical_degradation/blue_cast/374_img__blue.png,blue_cast,374_img_.png,/workspace/underwater_enhancement/data/raw_underwater/UIEB/reference-890/374_img_.png
/workspace/underwater_enhancement/data/processed/physical_degradation/green_cast/374_img__green.png,green_cast,374_img_.png,/workspace/underwater_enhancement/data/raw_underwater/UIEB/reference-890/374_img_.png
/workspace/underwater_enhancement/data/processed/physical_degradation/low_light/374_img__lowlight.png,low_light,374_img_.png,/workspace/underwater_enhancement/data/raw_underwater/UIEB/reference-890/374_img_.png
/workspace/underwater_enhancement/data/processed/physical_degradation/blur/374_img__blur.png,blur,374_img_.png,/workspace/underwater_enhancement/data/raw_underwater/UIEB/reference-890/374_img_.png
/workspace/underwater_enhancement/data/processed/physical_degradation/blue_cast/375_img__blue.png,blue_cast,375_img_.png,/workspace/underwater_enhancement/data/raw_underwater/UIEB/reference-890/375_img_.png
/workspace/underwater_enhancement/data/processed/physical_degradation/green_cast/375_img__green.png,green_cast,375_img_.png,/workspace/underwater_enhancement/data/raw_underwater/UIEB/reference-890/375_img_.png
/workspace/underwater_enhancement/data/processed/physical_degradation/low_light/375_img__lowlight.png,low_light,375_img_.png,/workspace/underwater_enhancement/data/raw_underwater/UIEB/reference-890/375_img_.png
/workspace/underwater_enhancement/data/processed/physical_degradation/blur/375_img__blur.png,blur,375_img_.png,/workspace/underwater_enhancement/data/raw_underwater/UIEB/reference-890/375_img_.png
/workspace/underwater_enhancement/data/processed/physical_degradation/blue_cast/376_img__blue.png,blue_cast,376_img_.png,/workspace/underwater_enhancement/data/raw_underwater/UIEB/reference-890/376_img_.png
/workspace/underwater_enhancement/data/processed/physical_degradation/green_cast/376_img__green.png,green_cast,376_img_.png,/workspace/underwater_enhancement/data/raw_underwater/UIEB/reference-890/376_img_.png
/workspace/underwater_enhancement/data/processed/physical_degradation/low_light/376_img__lowlight.png,low_light,376_img_.png,/workspace/underwater_enhancement/data/raw_underwater/UIEB/reference-890/376_img_.png
/workspace/underwater_enhancement/data/processed/physical_degradation/blur/376_img__blur.png,blur,376_img_.png,/workspace/underwater_enhancement/data/raw_underwater/UIEB/reference-890/376_img_.png
/workspace/underwater_enhancement/data/processed/physical_degradation/blue_cast/377_img__blue.png,blue_cast,377_img_.png,/workspace/underwater_enhancement/data/raw_underwater/UIEB/reference-890/377_img_.png
/workspace/underwater_enhancement/data/processed/physical_degradation/green_cast/377_img__green.png,green_cast,377_img_.png,/workspace/underwater_enhancement/data/raw_underwater/UIEB/reference-890/377_img_.png
/workspace/underwater_enhancement/data/processed/physical_degradation/low_light/377_img__lowlight.png,low_light,377_img_.png,/workspace/underwater_enhancement/data/raw_underwater/UIEB/reference-890/377_img_.png
/workspace/underwater_enhancement/data/processed/physical_degradation/blur/377_img__blur.png,blur,377_img_.png,/workspace/underwater_enhancement/data/raw_underwater/UIEB/reference-890/377_img_.png
/workspace/underwater_enhancement/data/processed/physical_degradation/blue_cast/378_img__blue.png,blue_cast,378_img_.png,/workspace/underwater_enhancement/data/raw_underwater/UIEB/reference-890/378_img_.png
/workspace/underwater_enhancement/data/processed/physical_degradation/green_cast/378_img__green.png,green_cast,378_img_.png,/workspace/underwater_enhancement/data/raw_underwater/UIEB/reference-890/378_img_.png
/workspace/underwater_enhancement/data/processed/physical_degradation/low_light/378_img__lowlight.png,low_light,378_img_.png,/workspace/underwater_enhancement/data/raw_underwater/UIEB/reference-890/378_img_.png
/workspace/underwater_enhancement/data/processed/physical_degradation/blur/378_img__blur.png,blur,378_img_.png,/workspace/underwater_enhancement/data/raw_underwater/UIEB/reference-890/378_img_.png
/workspace/underwater_enhancement/data/processed/physical_degradation/blue_cast/379_img__blue.png,blue_cast,379_img_.png,/workspace/underwater_enhancement/data/raw_underwater/UIEB/reference-890/379_img_.png
/workspace/underwater_enhancement/data/processed/physical_degradation/green_cast/379_img__green.png,green_cast,379_img_.png,/workspace/underwater_enhancement/data/raw_underwater/UIEB/reference-890/379_img_.png
/workspace/underwater_enhancement/data/processed/physical_degradation/low_light/379_img__lowlight.png,low_light,379_img_.png,/workspace/underwater_enhancement/data/raw_underwater/UIEB/reference-890/379_img_.png
/workspace/underwater_enhancement/data/processed/physical_degradation/blur/379_img__blur.png,blur,379_img_.png,/workspace/underwater_enhancement/data/raw_underwater/UIEB/reference-890/379_img_.png
/workspace/underwater_enhancement/data/processed/physical_degradation/blue_cast/37_img__blue.png,blue_cast,37_img_.png,/workspace/underwater_enhancement/data/raw_underwater/UIEB/reference-890/37_img_.png
/workspace/underwater_enhancement/data/processed/physical_degradation/green_cast/37_img__green.png,green_cast,37_img_.png,/workspace/underwater_enhancement/data/raw_underwater/UIEB/reference-890/37_img_.png
/workspace/underwater_enhancement/data/processed/physical_degradation/low_light/37_img__lowlight.png,low_light,37_img_.png,/workspace/underwater_enhancement/data/raw_underwater/UIEB/reference-890/37_img_.png
/workspace/underwater_enhancement/data/processed/physical_degradation/blur/37_img__blur.png,blur,37_img_.png,/workspace/underwater_enhancement/data/raw_underwater/UIEB/reference-890/37_img_.png
/workspace/underwater_enhancement/data/processed/physical_degradation/blue_cast/380_img__blue.png,blue_cast,380_img_.png,/workspace/underwater_enhancement/data/raw_underwater/UIEB/reference-890/380_img_.png
/workspace/underwater_enhancement/data/processed/physical_degradation/green_cast/380_img__green.png,green_cast,380_img_.png,/workspace/underwater_enhancement/data/raw_underwater/UIEB/reference-890/380_img_.png
/workspace/underwater_enhancement/data/processed/physical_degradation/low_light/380_img__lowlight.png,low_light,380_img_.png,/workspace/underwater_enhancement/data/raw_underwater/UIEB/reference-890/380_img_.png
/workspace/underwater_enhancement/data/processed/physical_degradation/blur/380_img__blur.png,blur,380_img_.png,/workspace/underwater_enhancement/data/raw_underwater/UIEB/reference-890/380_img_.png
/workspace/underwater_enhancement/data/processed/physical_degradation/blue_cast/381_img__blue.png,blue_cast,381_img_.png,/workspace/underwater_enhancement/data/raw_underwater/UIEB/reference-890/381_img_.png
/workspace/underwater_enhancement/data/processed/physical_degradation/green_cast/381_img__green.png,green_cast,381_img_.png,/workspace/underwater_enhancement/data/raw_underwater/UIEB/reference-890/381_img_.png
/workspace/underwater_enhancement/data/processed/physical_degradation/low_light/381_img__lowlight.png,low_light,381_img_.png,/workspace/underwater_enhancement/data/raw_underwater/UIEB/reference-890/381_img_.png
/workspace/underwater_enhancement/data/processed/physical_degradation/blur/381_img__blur.png,blur,381_img_.png,/workspace/underwater_enhancement/data/raw_underwater/UIEB/reference-890/381_img_.png
/workspace/underwater_enhancement/data/processed/physical_degradation/blue_cast/382_img__blue.png,blue_cast,382_img_.png,/workspace/underwater_enhancement/data/raw_underwater/UIEB/reference-890/382_img_.png
/workspace/underwater_enhancement/data/processed/physical_degradation/green_cast/382_img__green.png,green_cast,382_img_.png,/workspace/underwater_enhancement/data/raw_underwater/UIEB/reference-890/382_img_.png
/workspace/underwater_enhancement/data/processed/physical_degradation/low_light/382_img__lowlight.png,low_light,382_img_.png,/workspace/underwater_enhancement/data/raw_underwater/UIEB/reference-890/382_img_.png
/workspace/underwater_enhancement/data/processed/physical_degradation/blur/382_img__blur.png,blur,382_img_.png,/workspace/underwater_enhancement/data/raw_underwater/UIEB/reference-890/382_img_.png
/workspace/underwater_enhancement/data/processed/physical_degradation/blue_cast/383_img__blue.png,blue_cast,383_img_.png,/workspace/underwater_enhancement/data/raw_underwater/UIEB/reference-890/383_img_.png
/workspace/underwater_enhancement/data/processed/physical_degradation/green_cast/383_img__green.png,green_cast,383_img_.png,/workspace/underwater_enhancement/data/raw_underwater/UIEB/reference-890/383_img_.png
/workspace/underwater_enhancement/data/processed/physical_degradation/low_light/383_img__lowlight.png,low_light,383_img_.png,/workspace/underwater_enhancement/data/raw_underwater/UIEB/reference-890/383_img_.png
/workspace/underwater_enhancement/data/processed/physical_degradation/blur/383_img__blur.png,blur,383_img_.png,/workspace/underwater_enhancement/data/raw_underwater/UIEB/reference-890/383_img_.png
/workspace/underwater_enhancement/data/processed/physical_degradation/blue_cast/384_img__blue.png,blue_cast,384_img_.png,/workspace/underwater_enhancement/data/raw_underwater/UIEB/reference-890/384_img_.png
/workspace/underwater_enhancement/data/processed/physical_degradation/green_cast/384_img__green.png,green_cast,384_img_.png,/workspace/underwater_enhancement/data/raw_underwater/UIEB/reference-890/384_img_.png
/workspace/underwater_enhancement/data/processed/physical_degradation/low_light/384_img__lowlight.png,low_light,384_img_.png,/workspace/underwater_enhancement/data/raw_underwater/UIEB/reference-890/384_img_.png
/workspace/underwater_enhancement/data/processed/physical_degradation/blur/384_img__blur.png,blur,384_img_.png,/workspace/underwater_enhancement/data/raw_underwater/UIEB/reference-890/384_img_.png
/workspace/underwater_enhancement/data/processed/physical_degradation/blue_cast/385_img__blue.png,blue_cast,385_img_.png,/workspace/underwater_enhancement/data/raw_underwater/UIEB/reference-890/385_img_.png
/workspace/underwater_enhancement/data/processed/physical_degradation/green_cast/385_img__green.png,green_cast,385_img_.png,/workspace/underwater_enhancement/data/raw_underwater/UIEB/reference-890/385_img_.png
/workspace/underwater_enhancement/data/processed/physical_degradation/low_light/385_img__lowlight.png,low_light,385_img_.png,/workspace/underwater_enhancement/data/raw_underwater/UIEB/reference-890/385_img_.png
/workspace/underwater_enhancement/data/processed/physical_degradation/blur/385_img__blur.png,blur,385_img_.png,/workspace/underwater_enhancement/data/raw_underwater/UIEB/reference-890/385_img_.png
/workspace/underwater_enhancement/data/processed/physical_degradation/blue_cast/386_img__blue.png,blue_cast,386_img_.png,/workspace/underwater_enhancement/data/raw_underwater/UIEB/reference-890/386_img_.png
/workspace/underwater_enhancement/data/processed/physical_degradation/green_cast/386_img__green.png,green_cast,386_img_.png,/workspace/underwater_enhancement/data/raw_underwater/UIEB/reference-890/386_img_.png
/workspace/underwater_enhancement/data/processed/physical_degradation/low_light/386_img__lowlight.png,low_light,386_img_.png,/workspace/underwater_enhancement/data/raw_underwater/UIEB/reference-890/386_img_.png
/workspace/underwater_enhancement/data/processed/physical_degradation/blur/386_img__blur.png,blur,386_img_.png,/workspace/underwater_enhancement/data/raw_underwater/UIEB/reference-890/386_img_.png
/workspace/underwater_enhancement/data/processed/physical_degradation/blue_cast/387_img__blue.png,blue_cast,387_img_.png,/workspace/underwater_enhancement/data/raw_underwater/UIEB/reference-890/387_img_.png
/workspace/underwater_enhancement/data/processed/physical_degradation/green_cast/387_img__green.png,green_cast,387_img_.png,/workspace/underwater_enhancement/data/raw_underwater/UIEB/reference-890/387_img_.png
/workspace/underwater_enhancement/data/processed/physical_degradation/low_light/387_img__lowlight.png,low_light,387_img_.png,/workspace/underwater_enhancement/data/raw_underwater/UIEB/reference-890/387_img_.png
/workspace/underwater_enhancement/data/processed/physical_degradation/blur/387_img__blur.png,blur,387_img_.png,/workspace/underwater_enhancement/data/raw_underwater/UIEB/reference-890/387_img_.png
/workspace/underwater_enhancement/data/processed/physical_degradation/blue_cast/389_img__blue.png,blue_cast,389_img_.png,/workspace/underwater_enhancement/data/raw_underwater/UIEB/reference-890/389_img_.png
/workspace/underwater_enhancement/data/processed/physical_degradation/green_cast/389_img__green.png,green_cast,389_img_.png,/workspace/underwater_enhancement/data/raw_underwater/UIEB/reference-890/389_img_.png
/workspace/underwater_enhancement/data/processed/physical_degradation/low_light/389_img__lowlight.png,low_light,389_img_.png,/workspace/underwater_enhancement/data/raw_underwater/UIEB/reference-890/389_img_.png
/workspace/underwater_enhancement/data/processed/physical_degradation/blur/389_img__blur.png,blur,389_img_.png,/workspace/underwater_enhancement/data/raw_underwater/UIEB/reference-890/389_img_.png
/workspace/underwater_enhancement/data/processed/physical_degradation/blue_cast/391_img__blue.png,blue_cast,391_img_.png,/workspace/underwater_enhancement/data/raw_underwater/UIEB/reference-890/391_img_.png
/workspace/underwater_enhancement/data/processed/physical_degradation/green_cast/391_img__green.png,green_cast,391_img_.png,/workspace/underwater_enhancement/data/raw_underwater/UIEB/reference-890/391_img_.png
/workspace/underwater_enhancement/data/processed/physical_degradation/low_light/391_img__lowlight.png,low_light,391_img_.png,/workspace/underwater_enhancement/data/raw_underwater/UIEB/reference-890/391_img_.png
/workspace/underwater_enhancement/data/processed/physical_degradation/blur/391_img__blur.png,blur,391_img_.png,/workspace/underwater_enhancement/data/raw_underwater/UIEB/reference-890/391_img_.png
/workspace/underwater_enhancement/data/processed/physical_degradation/blue_cast/3925_blue.png,blue_cast,3925.png,/workspace/underwater_enhancement/data/raw_underwater/UIEB/reference-890/3925.png
/workspace/underwater_enhancement/data/processed/physical_degradation/green_cast/3925_green.png,green_cast,3925.png,/workspace/underwater_enhancement/data/raw_underwater/UIEB/reference-890/3925.png
/workspace/underwater_enhancement/data/processed/physical_degradation/low_light/3925_lowlight.png,low_light,3925.png,/workspace/underwater_enhancement/data/raw_underwater/UIEB/reference-890/3925.png
/workspace/underwater_enhancement/data/processed/physical_degradation/blur/3925_blur.png,blur,3925.png,/workspace/underwater_enhancement/data/raw_underwater/UIEB/reference-890/3925.png
/workspace/underwater_enhancement/data/processed/physical_degradation/blue_cast/392_img__blue.png,blue_cast,392_img_.png,/workspace/underwater_enhancement/data/raw_underwater/UIEB/reference-890/392_img_.png
/workspace/underwater_enhancement/data/processed/physical_degradation/green_cast/392_img__green.png,green_cast,392_img_.png,/workspace/underwater_enhancement/data/raw_underwater/UIEB/reference-890/392_img_.png
/workspace/underwater_enhancement/data/processed/physical_degradation/low_light/392_img__lowlight.png,low_light,392_img_.png,/workspace/underwater_enhancement/data/raw_underwater/UIEB/reference-890/392_img_.png
/workspace/underwater_enhancement/data/processed/physical_degradation/blur/392_img__blur.png,blur,392_img_.png,/workspace/underwater_enhancement/data/raw_underwater/UIEB/reference-890/392_img_.png
/workspace/underwater_enhancement/data/processed/physical_degradation/blue_cast/393_img__blue.png,blue_cast,393_img_.png,/workspace/underwater_enhancement/data/raw_underwater/UIEB/reference-890/393_img_.png
/workspace/underwater_enhancement/data/processed/physical_degradation/green_cast/393_img__green.png,green_cast,393_img_.png,/workspace/underwater_enhancement/data/raw_underwater/UIEB/reference-890/393_img_.png
/workspace/underwater_enhancement/data/processed/physical_degradation/low_light/393_img__lowlight.png,low_light,393_img_.png,/workspace/underwater_enhancement/data/raw_underwater/UIEB/reference-890/393_img_.png
/workspace/underwater_enhancement/data/processed/physical_degradation/blur/393_img__blur.png,blur,393_img_.png,/workspace/underwater_enhancement/data/raw_underwater/UIEB/reference-890/393_img_.png
/workspace/underwater_enhancement/data/processed/physical_degradation/blue_cast/3947_blue.png,blue_cast,3947.png,/workspace/underwater_enhancement/data/raw_underwater/UIEB/reference-890/3947.png
/workspace/underwater_enhancement/data/processed/physical_degradation/green_cast/3947_green.png,green_cast,3947.png,/workspace/underwater_enhancement/data/raw_underwater/UIEB/reference-890/3947.png
/workspace/underwater_enhancement/data/processed/physical_degradation/low_light/3947_lowlight.png,low_light,3947.png,/workspace/underwater_enhancement/data/raw_underwater/UIEB/reference-890/3947.png
/workspace/underwater_enhancement/data/processed/physical_degradation/blur/3947_blur.png,blur,3947.png,/workspace/underwater_enhancement/data/raw_underwater/UIEB/reference-890/3947.png
/workspace/underwater_enhancement/data/processed/physical_degradation/blue_cast/394_img__blue.png,blue_cast,394_img_.png,/workspace/underwater_enhancement/data/raw_underwater/UIEB/reference-890/394_img_.png
/workspace/underwater_enhancement/data/processed/physical_degradation/green_cast/394_img__green.png,green_cast,394_img_.png,/workspace/underwater_enhancement/data/raw_underwater/UIEB/reference-890/394_img_.png
/workspace/underwater_enhancement/data/processed/physical_degradation/low_light/394_img__lowlight.png,low_light,394_img_.png,/workspace/underwater_enhancement/data/raw_underwater/UIEB/reference-890/394_img_.png
/workspace/underwater_enhancement/data/processed/physical_degradation/blur/394_img__blur.png,blur,394_img_.png,/workspace/underwater_enhancement/data/raw_underwater/UIEB/reference-890/394_img_.png
/workspace/underwater_enhancement/data/processed/physical_degradation/blue_cast/395_img__blue.png,blue_cast,395_img_.png,/workspace/underwater_enhancement/data/raw_underwater/UIEB/reference-890/395_img_.png
/workspace/underwater_enhancement/data/processed/physical_degradation/green_cast/395_img__green.png,green_cast,395_img_.png,/workspace/underwater_enhancement/data/raw_underwater/UIEB/reference-890/395_img_.png
/workspace/underwater_enhancement/data/processed/physical_degradation/low_light/395_img__lowlight.png,low_light,395_img_.png,/workspace/underwater_enhancement/data/raw_underwater/UIEB/reference-890/395_img_.png
/workspace/underwater_enhancement/data/processed/physical_degradation/blur/395_img__blur.png,blur,395_img_.png,/workspace/underwater_enhancement/data/raw_underwater/UIEB/reference-890/395_img_.png
/workspace/underwater_enhancement/data/processed/physical_degradation/blue_cast/39_img__blue.png,blue_cast,39_img_.png,/workspace/underwater_enhancement/data/raw_underwater/UIEB/reference-890/39_img_.png
/workspace/underwater_enhancement/data/processed/physical_degradation/green_cast/39_img__green.png,green_cast,39_img_.png,/workspace/underwater_enhancement/data/raw_underwater/UIEB/reference-890/39_img_.png
/workspace/underwater_enhancement/data/processed/physical_degradation/low_light/39_img__lowlight.png,low_light,39_img_.png,/workspace/underwater_enhancement/data/raw_underwater/UIEB/reference-890/39_img_.png
/workspace/underwater_enhancement/data/processed/physical_degradation/blur/39_img__blur.png,blur,39_img_.png,/workspace/underwater_enhancement/data/raw_underwater/UIEB/reference-890/39_img_.png
/workspace/underwater_enhancement/data/processed/physical_degradation/blue_cast/3_img__blue.png,blue_cast,3_img_.png,/workspace/underwater_enhancement/data/raw_underwater/UIEB/reference-890/3_img_.png
/workspace/underwater_enhancement/data/processed/physical_degradation/green_cast/3_img__green.png,green_cast,3_img_.png,/workspace/underwater_enhancement/data/raw_underwater/UIEB/reference-890/3_img_.png
/workspace/underwater_enhancement/data/processed/physical_degradation/low_light/3_img__lowlight.png,low_light,3_img_.png,/workspace/underwater_enhancement/data/raw_underwater/UIEB/reference-890/3_img_.png
/workspace/underwater_enhancement/data/processed/physical_degradation/blur/3_img__blur.png,blur,3_img_.png,/workspace/underwater_enhancement/data/raw_underwater/UIEB/reference-890/3_img_.png
/workspace/underwater_enhancement/data/processed/physical_degradation/blue_cast/4_blue.png,blue_cast,4.png,/workspace/underwater_enhancement/data/raw_underwater/UIEB/reference-890/4.png
/workspace/underwater_enhancement/data/processed/physical_degradation/green_cast/4_green.png,green_cast,4.png,/workspace/underwater_enhancement/data/raw_underwater/UIEB/reference-890/4.png
/workspace/underwater_enhancement/data/processed/physical_degradation/low_light/4_lowlight.png,low_light,4.png,/workspace/underwater_enhancement/data/raw_underwater/UIEB/reference-890/4.png
/workspace/underwater_enhancement/data/processed/physical_degradation/blur/4_blur.png,blur,4.png,/workspace/underwater_enhancement/data/raw_underwater/UIEB/reference-890/4.png
/workspace/underwater_enhancement/data/processed/physical_degradation/blue_cast/400_img__blue.png,blue_cast,400_img_.png,/workspace/underwater_enhancement/data/raw_underwater/UIEB/reference-890/400_img_.png
/workspace/underwater_enhancement/data/processed/physical_degradation/green_cast/400_img__green.png,green_cast,400_img_.png,/workspace/underwater_enhancement/data/raw_underwater/UIEB/reference-890/400_img_.png
/workspace/underwater_enhancement/data/processed/physical_degradation/low_light/400_img__lowlight.png,low_light,400_img_.png,/workspace/underwater_enhancement/data/raw_underwater/UIEB/reference-890/400_img_.png
/workspace/underwater_enhancement/data/processed/physical_degradation/blur/400_img__blur.png,blur,400_img_.png,/workspace/underwater_enhancement/data/raw_underwater/UIEB/reference-890/400_img_.png
/workspace/underwater_enhancement/data/processed/physical_degradation/blue_cast/401_img__blue.png,blue_cast,401_img_.png,/workspace/underwater_enhancement/data/raw_underwater/UIEB/reference-890/401_img_.png
/workspace/underwater_enhancement/data/processed/physical_degradation/green_cast/401_img__green.png,green_cast,401_img_.png,/workspace/underwater_enhancement/data/raw_underwater/UIEB/reference-890/401_img_.png
/workspace/underwater_enhancement/data/processed/physical_degradation/low_light/401_img__lowlight.png,low_light,401_img_.png,/workspace/underwater_enhancement/data/raw_underwater/UIEB/reference-890/401_img_.png
/workspace/underwater_enhancement/data/processed/physical_degradation/blur/401_img__blur.png,blur,401_img_.png,/workspace/underwater_enhancement/data/raw_underwater/UIEB/reference-890/401_img_.png
/workspace/underwater_enhancement/data/processed/physical_degradation/blue_cast/402_img__blue.png,blue_cast,402_img_.png,/workspace/underwater_enhancement/data/raw_underwater/UIEB/reference-890/402_img_.png
/workspace/underwater_enhancement/data/processed/physical_degradation/green_cast/402_img__green.png,green_cast,402_img_.png,/workspace/underwater_enhancement/data/raw_underwater/UIEB/reference-890/402_img_.png
/workspace/underwater_enhancement/data/processed/physical_degradation/low_light/402_img__lowlight.png,low_light,402_img_.png,/workspace/underwater_enhancement/data/raw_underwater/UIEB/reference-890/402_img_.png
/workspace/underwater_enhancement/data/processed/physical_degradation/blur/402_img__blur.png,blur,402_img_.png,/workspace/underwater_enhancement/data/raw_underwater/UIEB/reference-890/402_img_.png
/workspace/underwater_enhancement/data/processed/physical_degradation/blue_cast/403_img__blue.png,blue_cast,403_img_.png,/workspace/underwater_enhancement/data/raw_underwater/UIEB/reference-890/403_img_.png
/workspace/underwater_enhancement/data/processed/physical_degradation/green_cast/403_img__green.png,green_cast,403_img_.png,/workspace/underwater_enhancement/data/raw_underwater/UIEB/reference-890/403_img_.png
/workspace/underwater_enhancement/data/processed/physical_degradation/low_light/403_img__lowlight.png,low_light,403_img_.png,/workspace/underwater_enhancement/data/raw_underwater/UIEB/reference-890/403_img_.png
/workspace/underwater_enhancement/data/processed/physical_degradation/blur/403_img__blur.png,blur,403_img_.png,/workspace/underwater_enhancement/data/raw_underwater/UIEB/reference-890/403_img_.png
/workspace/underwater_enhancement/data/processed/physical_degradation/blue_cast/404_img__blue.png,blue_cast,404_img_.png,/workspace/underwater_enhancement/data/raw_underwater/UIEB/reference-890/404_img_.png
/workspace/underwater_enhancement/data/processed/physical_degradation/green_cast/404_img__green.png,green_cast,404_img_.png,/workspace/underwater_enhancement/data/raw_underwater/UIEB/reference-890/404_img_.png
/workspace/underwater_enhancement/data/processed/physical_degradation/low_light/404_img__lowlight.png,low_light,404_img_.png,/workspace/underwater_enhancement/data/raw_underwater/UIEB/reference-890/404_img_.png
/workspace/underwater_enhancement/data/processed/physical_degradation/blur/404_img__blur.png,blur,404_img_.png,/workspace/underwater_enhancement/data/raw_underwater/UIEB/reference-890/404_img_.png
/workspace/underwater_enhancement/data/processed/physical_degradation/blue_cast/405_img__blue.png,blue_cast,405_img_.png,/workspace/underwater_enhancement/data/raw_underwater/UIEB/reference-890/405_img_.png
/workspace/underwater_enhancement/data/processed/physical_degradation/green_cast/405_img__green.png,green_cast,405_img_.png,/workspace/underwater_enhancement/data/raw_underwater/UIEB/reference-890/405_img_.png
/workspace/underwater_enhancement/data/processed/physical_degradation/low_light/405_img__lowlight.png,low_light,405_img_.png,/workspace/underwater_enhancement/data/raw_underwater/UIEB/reference-890/405_img_.png
/workspace/underwater_enhancement/data/processed/physical_degradation/blur/405_img__blur.png,blur,405_img_.png,/workspace/underwater_enhancement/data/raw_underwater/UIEB/reference-890/405_img_.png
/workspace/underwater_enhancement/data/processed/physical_degradation/blue_cast/406_img__blue.png,blue_cast,406_img_.png,/workspace/underwater_enhancement/data/raw_underwater/UIEB/reference-890/406_img_.png
/workspace/underwater_enhancement/data/processed/physical_degradation/green_cast/406_img__green.png,green_cast,406_img_.png,/workspace/underwater_enhancement/data/raw_underwater/UIEB/reference-890/406_img_.png
/workspace/underwater_enhancement/data/processed/physical_degradation/low_light/406_img__lowlight.png,low_light,406_img_.png,/workspace/underwater_enhancement/data/raw_underwater/UIEB/reference-890/406_img_.png
/workspace/underwater_enhancement/data/processed/physical_degradation/blur/406_img__blur.png,blur,406_img_.png,/workspace/underwater_enhancement/data/raw_underwater/UIEB/reference-890/406_img_.png
/workspace/underwater_enhancement/data/processed/physical_degradation/blue_cast/4070_blue.png,blue_cast,4070.png,/workspace/underwater_enhancement/data/raw_underwater/UIEB/reference-890/4070.png
/workspace/underwater_enhancement/data/processed/physical_degradation/green_cast/4070_green.png,green_cast,4070.png,/workspace/underwater_enhancement/data/raw_underwater/UIEB/reference-890/4070.png
/workspace/underwater_enhancement/data/processed/physical_degradation/low_light/4070_lowlight.png,low_light,4070.png,/workspace/underwater_enhancement/data/raw_underwater/UIEB/reference-890/4070.png
/workspace/underwater_enhancement/data/processed/physical_degradation/blur/4070_blur.png,blur,4070.png,/workspace/underwater_enhancement/data/raw_underwater/UIEB/reference-890/4070.png
/workspace/underwater_enhancement/data/processed/physical_degradation/blue_cast/407_img__blue.png,blue_cast,407_img_.png,/workspace/underwater_enhancement/data/raw_underwater/UIEB/reference-890/407_img_.png
/workspace/underwater_enhancement/data/processed/physical_degradation/green_cast/407_img__green.png,green_cast,407_img_.png,/workspace/underwater_enhancement/data/raw_underwater/UIEB/reference-890/407_img_.png
/workspace/underwater_enhancement/data/processed/physical_degradation/low_light/407_img__lowlight.png,low_light,407_img_.png,/workspace/underwater_enhancement/data/raw_underwater/UIEB/reference-890/407_img_.png
/workspace/underwater_enhancement/data/processed/physical_degradation/blur/407_img__blur.png,blur,407_img_.png,/workspace/underwater_enhancement/data/raw_underwater/UIEB/reference-890/407_img_.png
/workspace/underwater_enhancement/data/processed/physical_degradation/blue_cast/408_img__blue.png,blue_cast,408_img_.png,/workspace/underwater_enhancement/data/raw_underwater/UIEB/reference-890/408_img_.png
/workspace/underwater_enhancement/data/processed/physical_degradation/green_cast/408_img__green.png,green_cast,408_img_.png,/workspace/underwater_enhancement/data/raw_underwater/UIEB/reference-890/408_img_.png
/workspace/underwater_enhancement/data/processed/physical_degradation/low_light/408_img__lowlight.png,low_light,408_img_.png,/workspace/underwater_enhancement/data/raw_underwater/UIEB/reference-890/408_img_.png
/workspace/underwater_enhancement/data/processed/physical_degradation/blur/408_img__blur.png,blur,408_img_.png,/workspace/underwater_enhancement/data/raw_underwater/UIEB/reference-890/408_img_.png
/workspace/underwater_enhancement/data/processed/physical_degradation/blue_cast/409_img__blue.png,blue_cast,409_img_.png,/workspace/underwater_enhancement/data/raw_underwater/UIEB/reference-890/409_img_.png
/workspace/underwater_enhancement/data/processed/physical_degradation/green_cast/409_img__green.png,green_cast,409_img_.png,/workspace/underwater_enhancement/data/raw_underwater/UIEB/reference-890/409_img_.png
/workspace/underwater_enhancement/data/processed/physical_degradation/low_light/409_img__lowlight.png,low_light,409_img_.png,/workspace/underwater_enhancement/data/raw_underwater/UIEB/reference-890/409_img_.png
/workspace/underwater_enhancement/data/processed/physical_degradation/blur/409_img__blur.png,blur,409_img_.png,/workspace/underwater_enhancement/data/raw_underwater/UIEB/reference-890/409_img_.png
/workspace/underwater_enhancement/data/processed/physical_degradation/blue_cast/410_img__blue.png,blue_cast,410_img_.png,/workspace/underwater_enhancement/data/raw_underwater/UIEB/reference-890/410_img_.png
/workspace/underwater_enhancement/data/processed/physical_degradation/green_cast/410_img__green.png,green_cast,410_img_.png,/workspace/underwater_enhancement/data/raw_underwater/UIEB/reference-890/410_img_.png
/workspace/underwater_enhancement/data/processed/physical_degradation/low_light/410_img__lowlight.png,low_light,410_img_.png,/workspace/underwater_enhancement/data/raw_underwater/UIEB/reference-890/410_img_.png
/workspace/underwater_enhancement/data/processed/physical_degradation/blur/410_img__blur.png,blur,410_img_.png,/workspace/underwater_enhancement/data/raw_underwater/UIEB/reference-890/410_img_.png
/workspace/underwater_enhancement/data/processed/physical_degradation/blue_cast/411_img__blue.png,blue_cast,411_img_.png,/workspace/underwater_enhancement/data/raw_underwater/UIEB/reference-890/411_img_.png
/workspace/underwater_enhancement/data/processed/physical_degradation/green_cast/411_img__green.png,green_cast,411_img_.png,/workspace/underwater_enhancement/data/raw_underwater/UIEB/reference-890/411_img_.png
/workspace/underwater_enhancement/data/processed/physical_degradation/low_light/411_img__lowlight.png,low_light,411_img_.png,/workspace/underwater_enhancement/data/raw_underwater/UIEB/reference-890/411_img_.png
/workspace/underwater_enhancement/data/processed/physical_degradation/blur/411_img__blur.png,blur,411_img_.png,/workspace/underwater_enhancement/data/raw_underwater/UIEB/reference-890/411_img_.png
/workspace/underwater_enhancement/data/processed/physical_degradation/blue_cast/412_img__blue.png,blue_cast,412_img_.png,/workspace/underwater_enhancement/data/raw_underwater/UIEB/reference-890/412_img_.png
/workspace/underwater_enhancement/data/processed/physical_degradation/green_cast/412_img__green.png,green_cast,412_img_.png,/workspace/underwater_enhancement/data/raw_underwater/UIEB/reference-890/412_img_.png
/workspace/underwater_enhancement/data/processed/physical_degradation/low_light/412_img__lowlight.png,low_light,412_img_.png,/workspace/underwater_enhancement/data/raw_underwater/UIEB/reference-890/412_img_.png
/workspace/underwater_enhancement/data/processed/physical_degradation/blur/412_img__blur.png,blur,412_img_.png,/workspace/underwater_enhancement/data/raw_underwater/UIEB/reference-890/412_img_.png
/workspace/underwater_enhancement/data/processed/physical_degradation/blue_cast/413_img__blue.png,blue_cast,413_img_.png,/workspace/underwater_enhancement/data/raw_underwater/UIEB/reference-890/413_img_.png
/workspace/underwater_enhancement/data/processed/physical_degradation/green_cast/413_img__green.png,green_cast,413_img_.png,/workspace/underwater_enhancement/data/raw_underwater/UIEB/reference-890/413_img_.png
/workspace/underwater_enhancement/data/processed/physical_degradation/low_light/413_img__lowlight.png,low_light,413_img_.png,/workspace/underwater_enhancement/data/raw_underwater/UIEB/reference-890/413_img_.png
/workspace/underwater_enhancement/data/processed/physical_degradation/blur/413_img__blur.png,blur,413_img_.png,/workspace/underwater_enhancement/data/raw_underwater/UIEB/reference-890/413_img_.png
/workspace/underwater_enhancement/data/processed/physical_degradation/blue_cast/415_img__blue.png,blue_cast,415_img_.png,/workspace/underwater_enhancement/data/raw_underwater/UIEB/reference-890/415_img_.png
/workspace/underwater_enhancement/data/processed/physical_degradation/green_cast/415_img__green.png,green_cast,415_img_.png,/workspace/underwater_enhancement/data/raw_underwater/UIEB/reference-890/415_img_.png
/workspace/underwater_enhancement/data/processed/physical_degradation/low_light/415_img__lowlight.png,low_light,415_img_.png,/workspace/underwater_enhancement/data/raw_underwater/UIEB/reference-890/415_img_.png
/workspace/underwater_enhancement/data/processed/physical_degradation/blur/415_img__blur.png,blur,415_img_.png,/workspace/underwater_enhancement/data/raw_underwater/UIEB/reference-890/415_img_.png
/workspace/underwater_enhancement/data/processed/physical_degradation/blue_cast/416_img__blue.png,blue_cast,416_img_.png,/workspace/underwater_enhancement/data/raw_underwater/UIEB/reference-890/416_img_.png
/workspace/underwater_enhancement/data/processed/physical_degradation/green_cast/416_img__green.png,green_cast,416_img_.png,/workspace/underwater_enhancement/data/raw_underwater/UIEB/reference-890/416_img_.png
/workspace/underwater_enhancement/data/processed/physical_degradation/low_light/416_img__lowlight.png,low_light,416_img_.png,/workspace/underwater_enhancement/data/raw_underwater/UIEB/reference-890/416_img_.png
/workspace/underwater_enhancement/data/processed/physical_degradation/blur/416_img__blur.png,blur,416_img_.png,/workspace/underwater_enhancement/data/raw_underwater/UIEB/reference-890/416_img_.png
/workspace/underwater_enhancement/data/processed/physical_degradation/blue_cast/417_img__blue.png,blue_cast,417_img_.png,/workspace/underwater_enhancement/data/raw_underwater/UIEB/reference-890/417_img_.png
/workspace/underwater_enhancement/data/processed/physical_degradation/green_cast/417_img__green.png,green_cast,417_img_.png,/workspace/underwater_enhancement/data/raw_underwater/UIEB/reference-890/417_img_.png
/workspace/underwater_enhancement/data/processed/physical_degradation/low_light/417_img__lowlight.png,low_light,417_img_.png,/workspace/underwater_enhancement/data/raw_underwater/UIEB/reference-890/417_img_.png
/workspace/underwater_enhancement/data/processed/physical_degradation/blur/417_img__blur.png,blur,417_img_.png,/workspace/underwater_enhancement/data/raw_underwater/UIEB/reference-890/417_img_.png
/workspace/underwater_enhancement/data/processed/physical_degradation/blue_cast/418_img__blue.png,blue_cast,418_img_.png,/workspace/underwater_enhancement/data/raw_underwater/UIEB/reference-890/418_img_.png
/workspace/underwater_enhancement/data/processed/physical_degradation/green_cast/418_img__green.png,green_cast,418_img_.png,/workspace/underwater_enhancement/data/raw_underwater/UIEB/reference-890/418_img_.png
/workspace/underwater_enhancement/data/processed/physical_degradation/low_light/418_img__lowlight.png,low_light,418_img_.png,/workspace/underwater_enhancement/data/raw_underwater/UIEB/reference-890/418_img_.png
/workspace/underwater_enhancement/data/processed/physical_degradation/blur/418_img__blur.png,blur,418_img_.png,/workspace/underwater_enhancement/data/raw_underwater/UIEB/reference-890/418_img_.png
/workspace/underwater_enhancement/data/processed/physical_degradation/blue_cast/419_img__blue.png,blue_cast,419_img_.png,/workspace/underwater_enhancement/data/raw_underwater/UIEB/reference-890/419_img_.png
/workspace/underwater_enhancement/data/processed/physical_degradation/green_cast/419_img__green.png,green_cast,419_img_.png,/workspace/underwater_enhancement/data/raw_underwater/UIEB/reference-890/419_img_.png
/workspace/underwater_enhancement/data/processed/physical_degradation/low_light/419_img__lowlight.png,low_light,419_img_.png,/workspace/underwater_enhancement/data/raw_underwater/UIEB/reference-890/419_img_.png
/workspace/underwater_enhancement/data/processed/physical_degradation/blur/419_img__blur.png,blur,419_img_.png,/workspace/underwater_enhancement/data/raw_underwater/UIEB/reference-890/419_img_.png
/workspace/underwater_enhancement/data/processed/physical_degradation/blue_cast/41_img__blue.png,blue_cast,41_img_.png,/workspace/underwater_enhancement/data/raw_underwater/UIEB/reference-890/41_img_.png
/workspace/underwater_enhancement/data/processed/physical_degradation/green_cast/41_img__green.png,green_cast,41_img_.png,/workspace/underwater_enhancement/data/raw_underwater/UIEB/reference-890/41_img_.png
/workspace/underwater_enhancement/data/processed/physical_degradation/low_light/41_img__lowlight.png,low_light,41_img_.png,/workspace/underwater_enhancement/data/raw_underwater/UIEB/reference-890/41_img_.png
/workspace/underwater_enhancement/data/processed/physical_degradation/blur/41_img__blur.png,blur,41_img_.png,/workspace/underwater_enhancement/data/raw_underwater/UIEB/reference-890/41_img_.png
/workspace/underwater_enhancement/data/processed/physical_degradation/blue_cast/420_img__blue.png,blue_cast,420_img_.png,/workspace/underwater_enhancement/data/raw_underwater/UIEB/reference-890/420_img_.png
/workspace/underwater_enhancement/data/processed/physical_degradation/green_cast/420_img__green.png,green_cast,420_img_.png,/workspace/underwater_enhancement/data/raw_underwater/UIEB/reference-890/420_img_.png
/workspace/underwater_enhancement/data/processed/physical_degradation/low_light/420_img__lowlight.png,low_light,420_img_.png,/workspace/underwater_enhancement/data/raw_underwater/UIEB/reference-890/420_img_.png
/workspace/underwater_enhancement/data/processed/physical_degradation/blur/420_img__blur.png,blur,420_img_.png,/workspace/underwater_enhancement/data/raw_underwater/UIEB/reference-890/420_img_.png
/workspace/underwater_enhancement/data/processed/physical_degradation/blue_cast/421_img__blue.png,blue_cast,421_img_.png,/workspace/underwater_enhancement/data/raw_underwater/UIEB/reference-890/421_img_.png
/workspace/underwater_enhancement/data/processed/physical_degradation/green_cast/421_img__green.png,green_cast,421_img_.png,/workspace/underwater_enhancement/data/raw_underwater/UIEB/reference-890/421_img_.png
/workspace/underwater_enhancement/data/processed/physical_degradation/low_light/421_img__lowlight.png,low_light,421_img_.png,/workspace/underwater_enhancement/data/raw_underwater/UIEB/reference-890/421_img_.png
/workspace/underwater_enhancement/data/processed/physical_degradation/blur/421_img__blur.png,blur,421_img_.png,/workspace/underwater_enhancement/data/raw_underwater/UIEB/reference-890/421_img_.png
/workspace/underwater_enhancement/data/processed/physical_degradation/blue_cast/422_img__blue.png,blue_cast,422_img_.png,/workspace/underwater_enhancement/data/raw_underwater/UIEB/reference-890/422_img_.png
/workspace/underwater_enhancement/data/processed/physical_degradation/green_cast/422_img__green.png,green_cast,422_img_.png,/workspace/underwater_enhancement/data/raw_underwater/UIEB/reference-890/422_img_.png
/workspace/underwater_enhancement/data/processed/physical_degradation/low_light/422_img__lowlight.png,low_light,422_img_.png,/workspace/underwater_enhancement/data/raw_underwater/UIEB/reference-890/422_img_.png
/workspace/underwater_enhancement/data/processed/physical_degradation/blur/422_img__blur.png,blur,422_img_.png,/workspace/underwater_enhancement/data/raw_underwater/UIEB/reference-890/422_img_.png
/workspace/underwater_enhancement/data/processed/physical_degradation/blue_cast/423_img__blue.png,blue_cast,423_img_.png,/workspace/underwater_enhancement/data/raw_underwater/UIEB/reference-890/423_img_.png
/workspace/underwater_enhancement/data/processed/physical_degradation/green_cast/423_img__green.png,green_cast,423_img_.png,/workspace/underwater_enhancement/data/raw_underwater/UIEB/reference-890/423_img_.png
/workspace/underwater_enhancement/data/processed/physical_degradation/low_light/423_img__lowlight.png,low_light,423_img_.png,/workspace/underwater_enhancement/data/raw_underwater/UIEB/reference-890/423_img_.png
/workspace/underwater_enhancement/data/processed/physical_degradation/blur/423_img__blur.png,blur,423_img_.png,/workspace/underwater_enhancement/data/raw_underwater/UIEB/reference-890/423_img_.png
/workspace/underwater_enhancement/data/processed/physical_degradation/blue_cast/424_img__blue.png,blue_cast,424_img_.png,/workspace/underwater_enhancement/data/raw_underwater/UIEB/reference-890/424_img_.png
/workspace/underwater_enhancement/data/processed/physical_degradation/green_cast/424_img__green.png,green_cast,424_img_.png,/workspace/underwater_enhancement/data/raw_underwater/UIEB/reference-890/424_img_.png
/workspace/underwater_enhancement/data/processed/physical_degradation/low_light/424_img__lowlight.png,low_light,424_img_.png,/workspace/underwater_enhancement/data/raw_underwater/UIEB/reference-890/424_img_.png
/workspace/underwater_enhancement/data/processed/physical_degradation/blur/424_img__blur.png,blur,424_img_.png,/workspace/underwater_enhancement/data/raw_underwater/UIEB/reference-890/424_img_.png
/workspace/underwater_enhancement/data/processed/physical_degradation/blue_cast/425_img__blue.png,blue_cast,425_img_.png,/workspace/underwater_enhancement/data/raw_underwater/UIEB/reference-890/425_img_.png
/workspace/underwater_enhancement/data/processed/physical_degradation/green_cast/425_img__green.png,green_cast,425_img_.png,/workspace/underwater_enhancement/data/raw_underwater/UIEB/reference-890/425_img_.png
/workspace/underwater_enhancement/data/processed/physical_degradation/low_light/425_img__lowlight.png,low_light,425_img_.png,/workspace/underwater_enhancement/data/raw_underwater/UIEB/reference-890/425_img_.png
/workspace/underwater_enhancement/data/processed/physical_degradation/blur/425_img__blur.png,blur,425_img_.png,/workspace/underwater_enhancement/data/raw_underwater/UIEB/reference-890/425_img_.png
/workspace/underwater_enhancement/data/processed/physical_degradation/blue_cast/428_img__blue.png,blue_cast,428_img_.png,/workspace/underwater_enhancement/data/raw_underwater/UIEB/reference-890/428_img_.png
/workspace/underwater_enhancement/data/processed/physical_degradation/green_cast/428_img__green.png,green_cast,428_img_.png,/workspace/underwater_enhancement/data/raw_underwater/UIEB/reference-890/428_img_.png
/workspace/underwater_enhancement/data/processed/physical_degradation/low_light/428_img__lowlight.png,low_light,428_img_.png,/workspace/underwater_enhancement/data/raw_underwater/UIEB/reference-890/428_img_.png
/workspace/underwater_enhancement/data/processed/physical_degradation/blur/428_img__blur.png,blur,428_img_.png,/workspace/underwater_enhancement/data/raw_underwater/UIEB/reference-890/428_img_.png
/workspace/underwater_enhancement/data/processed/physical_degradation/blue_cast/429_img__blue.png,blue_cast,429_img_.png,/workspace/underwater_enhancement/data/raw_underwater/UIEB/reference-890/429_img_.png
/workspace/underwater_enhancement/data/processed/physical_degradation/green_cast/429_img__green.png,green_cast,429_img_.png,/workspace/underwater_enhancement/data/raw_underwater/UIEB/reference-890/429_img_.png
/workspace/underwater_enhancement/data/processed/physical_degradation/low_light/429_img__lowlight.png,low_light,429_img_.png,/workspace/underwater_enhancement/data/raw_underwater/UIEB/reference-890/429_img_.png
/workspace/underwater_enhancement/data/processed/physical_degradation/blur/429_img__blur.png,blur,429_img_.png,/workspace/underwater_enhancement/data/raw_underwater/UIEB/reference-890/429_img_.png
/workspace/underwater_enhancement/data/processed/physical_degradation/blue_cast/42_img__blue.png,blue_cast,42_img_.png,/workspace/underwater_enhancement/data/raw_underwater/UIEB/reference-890/42_img_.png
/workspace/underwater_enhancement/data/processed/physical_degradation/green_cast/42_img__green.png,green_cast,42_img_.png,/workspace/underwater_enhancement/data/raw_underwater/UIEB/reference-890/42_img_.png
/workspace/underwater_enhancement/data/processed/physical_degradation/low_light/42_img__lowlight.png,low_light,42_img_.png,/workspace/underwater_enhancement/data/raw_underwater/UIEB/reference-890/42_img_.png
/workspace/underwater_enhancement/data/processed/physical_degradation/blur/42_img__blur.png,blur,42_img_.png,/workspace/underwater_enhancement/data/raw_underwater/UIEB/reference-890/42_img_.png
/workspace/underwater_enhancement/data/processed/physical_degradation/blue_cast/432_img__blue.png,blue_cast,432_img_.png,/workspace/underwater_enhancement/data/raw_underwater/UIEB/reference-890/432_img_.png
/workspace/underwater_enhancement/data/processed/physical_degradation/green_cast/432_img__green.png,green_cast,432_img_.png,/workspace/underwater_enhancement/data/raw_underwater/UIEB/reference-890/432_img_.png
/workspace/underwater_enhancement/data/processed/physical_degradation/low_light/432_img__lowlight.png,low_light,432_img_.png,/workspace/underwater_enhancement/data/raw_underwater/UIEB/reference-890/432_img_.png
/workspace/underwater_enhancement/data/processed/physical_degradation/blur/432_img__blur.png,blur,432_img_.png,/workspace/underwater_enhancement/data/raw_underwater/UIEB/reference-890/432_img_.png
/workspace/underwater_enhancement/data/processed/physical_degradation/blue_cast/433_img__blue.png,blue_cast,433_img_.png,/workspace/underwater_enhancement/data/raw_underwater/UIEB/reference-890/433_img_.png
/workspace/underwater_enhancement/data/processed/physical_degradation/green_cast/433_img__green.png,green_cast,433_img_.png,/workspace/underwater_enhancement/data/raw_underwater/UIEB/reference-890/433_img_.png
/workspace/underwater_enhancement/data/processed/physical_degradation/low_light/433_img__lowlight.png,low_light,433_img_.png,/workspace/underwater_enhancement/data/raw_underwater/UIEB/reference-890/433_img_.png
/workspace/underwater_enhancement/data/processed/physical_degradation/blur/433_img__blur.png,blur,433_img_.png,/workspace/underwater_enhancement/data/raw_underwater/UIEB/reference-890/433_img_.png
/workspace/underwater_enhancement/data/processed/physical_degradation/blue_cast/435_img__blue.png,blue_cast,435_img_.png,/workspace/underwater_enhancement/data/raw_underwater/UIEB/reference-890/435_img_.png
/workspace/underwater_enhancement/data/processed/physical_degradation/green_cast/435_img__green.png,green_cast,435_img_.png,/workspace/underwater_enhancement/data/raw_underwater/UIEB/reference-890/435_img_.png
/workspace/underwater_enhancement/data/processed/physical_degradation/low_light/435_img__lowlight.png,low_light,435_img_.png,/workspace/underwater_enhancement/data/raw_underwater/UIEB/reference-890/435_img_.png
/workspace/underwater_enhancement/data/processed/physical_degradation/blur/435_img__blur.png,blur,435_img_.png,/workspace/underwater_enhancement/data/raw_underwater/UIEB/reference-890/435_img_.png
/workspace/underwater_enhancement/data/processed/physical_degradation/blue_cast/436_img__blue.png,blue_cast,436_img_.png,/workspace/underwater_enhancement/data/raw_underwater/UIEB/reference-890/436_img_.png
/workspace/underwater_enhancement/data/processed/physical_degradation/green_cast/436_img__green.png,green_cast,436_img_.png,/workspace/underwater_enhancement/data/raw_underwater/UIEB/reference-890/436_img_.png
/workspace/underwater_enhancement/data/processed/physical_degradation/low_light/436_img__lowlight.png,low_light,436_img_.png,/workspace/underwater_enhancement/data/raw_underwater/UIEB/reference-890/436_img_.png
/workspace/underwater_enhancement/data/processed/physical_degradation/blur/436_img__blur.png,blur,436_img_.png,/workspace/underwater_enhancement/data/raw_underwater/UIEB/reference-890/436_img_.png
/workspace/underwater_enhancement/data/processed/physical_degradation/blue_cast/437_img__blue.png,blue_cast,437_img_.png,/workspace/underwater_enhancement/data/raw_underwater/UIEB/reference-890/437_img_.png
/workspace/underwater_enhancement/data/processed/physical_degradation/green_cast/437_img__green.png,green_cast,437_img_.png,/workspace/underwater_enhancement/data/raw_underwater/UIEB/reference-890/437_img_.png
/workspace/underwater_enhancement/data/processed/physical_degradation/low_light/437_img__lowlight.png,low_light,437_img_.png,/workspace/underwater_enhancement/data/raw_underwater/UIEB/reference-890/437_img_.png
/workspace/underwater_enhancement/data/processed/physical_degradation/blur/437_img__blur.png,blur,437_img_.png,/workspace/underwater_enhancement/data/raw_underwater/UIEB/reference-890/437_img_.png
/workspace/underwater_enhancement/data/processed/physical_degradation/blue_cast/438_img__blue.png,blue_cast,438_img_.png,/workspace/underwater_enhancement/data/raw_underwater/UIEB/reference-890/438_img_.png
/workspace/underwater_enhancement/data/processed/physical_degradation/green_cast/438_img__green.png,green_cast,438_img_.png,/workspace/underwater_enhancement/data/raw_underwater/UIEB/reference-890/438_img_.png
/workspace/underwater_enhancement/data/processed/physical_degradation/low_light/438_img__lowlight.png,low_light,438_img_.png,/workspace/underwater_enhancement/data/raw_underwater/UIEB/reference-890/438_img_.png
/workspace/underwater_enhancement/data/processed/physical_degradation/blur/438_img__blur.png,blur,438_img_.png,/workspace/underwater_enhancement/data/raw_underwater/UIEB/reference-890/438_img_.png
/workspace/underwater_enhancement/data/processed/physical_degradation/blue_cast/439_img__blue.png,blue_cast,439_img_.png,/workspace/underwater_enhancement/data/raw_underwater/UIEB/reference-890/439_img_.png
/workspace/underwater_enhancement/data/processed/physical_degradation/green_cast/439_img__green.png,green_cast,439_img_.png,/workspace/underwater_enhancement/data/raw_underwater/UIEB/reference-890/439_img_.png
/workspace/underwater_enhancement/data/processed/physical_degradation/low_light/439_img__lowlight.png,low_light,439_img_.png,/workspace/underwater_enhancement/data/raw_underwater/UIEB/reference-890/439_img_.png
/workspace/underwater_enhancement/data/processed/physical_degradation/blur/439_img__blur.png,blur,439_img_.png,/workspace/underwater_enhancement/data/raw_underwater/UIEB/reference-890/439_img_.png
/workspace/underwater_enhancement/data/processed/physical_degradation/blue_cast/43_img__blue.png,blue_cast,43_img_.png,/workspace/underwater_enhancement/data/raw_underwater/UIEB/reference-890/43_img_.png
/workspace/underwater_enhancement/data/processed/physical_degradation/green_cast/43_img__green.png,green_cast,43_img_.png,/workspace/underwater_enhancement/data/raw_underwater/UIEB/reference-890/43_img_.png
/workspace/underwater_enhancement/data/processed/physical_degradation/low_light/43_img__lowlight.png,low_light,43_img_.png,/workspace/underwater_enhancement/data/raw_underwater/UIEB/reference-890/43_img_.png
/workspace/underwater_enhancement/data/processed/physical_degradation/blur/43_img__blur.png,blur,43_img_.png,/workspace/underwater_enhancement/data/raw_underwater/UIEB/reference-890/43_img_.png
/workspace/underwater_enhancement/data/processed/physical_degradation/blue_cast/440_img__blue.png,blue_cast,440_img_.png,/workspace/underwater_enhancement/data/raw_underwater/UIEB/reference-890/440_img_.png
/workspace/underwater_enhancement/data/processed/physical_degradation/green_cast/440_img__green.png,green_cast,440_img_.png,/workspace/underwater_enhancement/data/raw_underwater/UIEB/reference-890/440_img_.png
/workspace/underwater_enhancement/data/processed/physical_degradation/low_light/440_img__lowlight.png,low_light,440_img_.png,/workspace/underwater_enhancement/data/raw_underwater/UIEB/reference-890/440_img_.png
/workspace/underwater_enhancement/data/processed/physical_degradation/blur/440_img__blur.png,blur,440_img_.png,/workspace/underwater_enhancement/data/raw_underwater/UIEB/reference-890/440_img_.png
/workspace/underwater_enhancement/data/processed/physical_degradation/blue_cast/441_img__blue.png,blue_cast,441_img_.png,/workspace/underwater_enhancement/data/raw_underwater/UIEB/reference-890/441_img_.png
/workspace/underwater_enhancement/data/processed/physical_degradation/green_cast/441_img__green.png,green_cast,441_img_.png,/workspace/underwater_enhancement/data/raw_underwater/UIEB/reference-890/441_img_.png
/workspace/underwater_enhancement/data/processed/physical_degradation/low_light/441_img__lowlight.png,low_light,441_img_.png,/workspace/underwater_enhancement/data/raw_underwater/UIEB/reference-890/441_img_.png
/workspace/underwater_enhancement/data/processed/physical_degradation/blur/441_img__blur.png,blur,441_img_.png,/workspace/underwater_enhancement/data/raw_underwater/UIEB/reference-890/441_img_.png
/workspace/underwater_enhancement/data/processed/physical_degradation/blue_cast/442_img__blue.png,blue_cast,442_img_.png,/workspace/underwater_enhancement/data/raw_underwater/UIEB/reference-890/442_img_.png
/workspace/underwater_enhancement/data/processed/physical_degradation/green_cast/442_img__green.png,green_cast,442_img_.png,/workspace/underwater_enhancement/data/raw_underwater/UIEB/reference-890/442_img_.png
/workspace/underwater_enhancement/data/processed/physical_degradation/low_light/442_img__lowlight.png,low_light,442_img_.png,/workspace/underwater_enhancement/data/raw_underwater/UIEB/reference-890/442_img_.png
/workspace/underwater_enhancement/data/processed/physical_degradation/blur/442_img__blur.png,blur,442_img_.png,/workspace/underwater_enhancement/data/raw_underwater/UIEB/reference-890/442_img_.png
/workspace/underwater_enhancement/data/processed/physical_degradation/blue_cast/443_img__blue.png,blue_cast,443_img_.png,/workspace/underwater_enhancement/data/raw_underwater/UIEB/reference-890/443_img_.png
/workspace/underwater_enhancement/data/processed/physical_degradation/green_cast/443_img__green.png,green_cast,443_img_.png,/workspace/underwater_enhancement/data/raw_underwater/UIEB/reference-890/443_img_.png
/workspace/underwater_enhancement/data/processed/physical_degradation/low_light/443_img__lowlight.png,low_light,443_img_.png,/workspace/underwater_enhancement/data/raw_underwater/UIEB/reference-890/443_img_.png
/workspace/underwater_enhancement/data/processed/physical_degradation/blur/443_img__blur.png,blur,443_img_.png,/workspace/underwater_enhancement/data/raw_underwater/UIEB/reference-890/443_img_.png
/workspace/underwater_enhancement/data/processed/physical_degradation/blue_cast/444_img__blue.png,blue_cast,444_img_.png,/workspace/underwater_enhancement/data/raw_underwater/UIEB/reference-890/444_img_.png
/workspace/underwater_enhancement/data/processed/physical_degradation/green_cast/444_img__green.png,green_cast,444_img_.png,/workspace/underwater_enhancement/data/raw_underwater/UIEB/reference-890/444_img_.png
/workspace/underwater_enhancement/data/processed/physical_degradation/low_light/444_img__lowlight.png,low_light,444_img_.png,/workspace/underwater_enhancement/data/raw_underwater/UIEB/reference-890/444_img_.png
/workspace/underwater_enhancement/data/processed/physical_degradation/blur/444_img__blur.png,blur,444_img_.png,/workspace/underwater_enhancement/data/raw_underwater/UIEB/reference-890/444_img_.png
/workspace/underwater_enhancement/data/processed/physical_degradation/blue_cast/445_img__blue.png,blue_cast,445_img_.png,/workspace/underwater_enhancement/data/raw_underwater/UIEB/reference-890/445_img_.png
/workspace/underwater_enhancement/data/processed/physical_degradation/green_cast/445_img__green.png,green_cast,445_img_.png,/workspace/underwater_enhancement/data/raw_underwater/UIEB/reference-890/445_img_.png
/workspace/underwater_enhancement/data/processed/physical_degradation/low_light/445_img__lowlight.png,low_light,445_img_.png,/workspace/underwater_enhancement/data/raw_underwater/UIEB/reference-890/445_img_.png
/workspace/underwater_enhancement/data/processed/physical_degradation/blur/445_img__blur.png,blur,445_img_.png,/workspace/underwater_enhancement/data/raw_underwater/UIEB/reference-890/445_img_.png
/workspace/underwater_enhancement/data/processed/physical_degradation/blue_cast/446_img__blue.png,blue_cast,446_img_.png,/workspace/underwater_enhancement/data/raw_underwater/UIEB/reference-890/446_img_.png
/workspace/underwater_enhancement/data/processed/physical_degradation/green_cast/446_img__green.png,green_cast,446_img_.png,/workspace/underwater_enhancement/data/raw_underwater/UIEB/reference-890/446_img_.png
/workspace/underwater_enhancement/data/processed/physical_degradation/low_light/446_img__lowlight.png,low_light,446_img_.png,/workspace/underwater_enhancement/data/raw_underwater/UIEB/reference-890/446_img_.png
/workspace/underwater_enhancement/data/processed/physical_degradation/blur/446_img__blur.png,blur,446_img_.png,/workspace/underwater_enhancement/data/raw_underwater/UIEB/reference-890/446_img_.png
/workspace/underwater_enhancement/data/processed/physical_degradation/blue_cast/447_img__blue.png,blue_cast,447_img_.png,/workspace/underwater_enhancement/data/raw_underwater/UIEB/reference-890/447_img_.png
/workspace/underwater_enhancement/data/processed/physical_degradation/green_cast/447_img__green.png,green_cast,447_img_.png,/workspace/underwater_enhancement/data/raw_underwater/UIEB/reference-890/447_img_.png
/workspace/underwater_enhancement/data/processed/physical_degradation/low_light/447_img__lowlight.png,low_light,447_img_.png,/workspace/underwater_enhancement/data/raw_underwater/UIEB/reference-890/447_img_.png
/workspace/underwater_enhancement/data/processed/physical_degradation/blur/447_img__blur.png,blur,447_img_.png,/workspace/underwater_enhancement/data/raw_underwater/UIEB/reference-890/447_img_.png
/workspace/underwater_enhancement/data/processed/physical_degradation/blue_cast/448_img__blue.png,blue_cast,448_img_.png,/workspace/underwater_enhancement/data/raw_underwater/UIEB/reference-890/448_img_.png
/workspace/underwater_enhancement/data/processed/physical_degradation/green_cast/448_img__green.png,green_cast,448_img_.png,/workspace/underwater_enhancement/data/raw_underwater/UIEB/reference-890/448_img_.png
/workspace/underwater_enhancement/data/processed/physical_degradation/low_light/448_img__lowlight.png,low_light,448_img_.png,/workspace/underwater_enhancement/data/raw_underwater/UIEB/reference-890/448_img_.png
/workspace/underwater_enhancement/data/processed/physical_degradation/blur/448_img__blur.png,blur,448_img_.png,/workspace/underwater_enhancement/data/raw_underwater/UIEB/reference-890/448_img_.png
/workspace/underwater_enhancement/data/processed/physical_degradation/blue_cast/449_img__blue.png,blue_cast,449_img_.png,/workspace/underwater_enhancement/data/raw_underwater/UIEB/reference-890/449_img_.png
/workspace/underwater_enhancement/data/processed/physical_degradation/green_cast/449_img__green.png,green_cast,449_img_.png,/workspace/underwater_enhancement/data/raw_underwater/UIEB/reference-890/449_img_.png
/workspace/underwater_enhancement/data/processed/physical_degradation/low_light/449_img__lowlight.png,low_light,449_img_.png,/workspace/underwater_enhancement/data/raw_underwater/UIEB/reference-890/449_img_.png
/workspace/underwater_enhancement/data/processed/physical_degradation/blur/449_img__blur.png,blur,449_img_.png,/workspace/underwater_enhancement/data/raw_underwater/UIEB/reference-890/449_img_.png
/workspace/underwater_enhancement/data/processed/physical_degradation/blue_cast/44_img__blue.png,blue_cast,44_img_.png,/workspace/underwater_enhancement/data/raw_underwater/UIEB/reference-890/44_img_.png
/workspace/underwater_enhancement/data/processed/physical_degradation/green_cast/44_img__green.png,green_cast,44_img_.png,/workspace/underwater_enhancement/data/raw_underwater/UIEB/reference-890/44_img_.png
/workspace/underwater_enhancement/data/processed/physical_degradation/low_light/44_img__lowlight.png,low_light,44_img_.png,/workspace/underwater_enhancement/data/raw_underwater/UIEB/reference-890/44_img_.png
/workspace/underwater_enhancement/data/processed/physical_degradation/blur/44_img__blur.png,blur,44_img_.png,/workspace/underwater_enhancement/data/raw_underwater/UIEB/reference-890/44_img_.png
/workspace/underwater_enhancement/data/processed/physical_degradation/blue_cast/450_img__blue.png,blue_cast,450_img_.png,/workspace/underwater_enhancement/data/raw_underwater/UIEB/reference-890/450_img_.png
/workspace/underwater_enhancement/data/processed/physical_degradation/green_cast/450_img__green.png,green_cast,450_img_.png,/workspace/underwater_enhancement/data/raw_underwater/UIEB/reference-890/450_img_.png
/workspace/underwater_enhancement/data/processed/physical_degradation/low_light/450_img__lowlight.png,low_light,450_img_.png,/workspace/underwater_enhancement/data/raw_underwater/UIEB/reference-890/450_img_.png
/workspace/underwater_enhancement/data/processed/physical_degradation/blur/450_img__blur.png,blur,450_img_.png,/workspace/underwater_enhancement/data/raw_underwater/UIEB/reference-890/450_img_.png
/workspace/underwater_enhancement/data/processed/physical_degradation/blue_cast/451_img__blue.png,blue_cast,451_img_.png,/workspace/underwater_enhancement/data/raw_underwater/UIEB/reference-890/451_img_.png
/workspace/underwater_enhancement/data/processed/physical_degradation/green_cast/451_img__green.png,green_cast,451_img_.png,/workspace/underwater_enhancement/data/raw_underwater/UIEB/reference-890/451_img_.png
/workspace/underwater_enhancement/data/processed/physical_degradation/low_light/451_img__lowlight.png,low_light,451_img_.png,/workspace/underwater_enhancement/data/raw_underwater/UIEB/reference-890/451_img_.png
/workspace/underwater_enhancement/data/processed/physical_degradation/blur/451_img__blur.png,blur,451_img_.png,/workspace/underwater_enhancement/data/raw_underwater/UIEB/reference-890/451_img_.png
/workspace/underwater_enhancement/data/processed/physical_degradation/blue_cast/452_img__blue.png,blue_cast,452_img_.png,/workspace/underwater_enhancement/data/raw_underwater/UIEB/reference-890/452_img_.png
/workspace/underwater_enhancement/data/processed/physical_degradation/green_cast/452_img__green.png,green_cast,452_img_.png,/workspace/underwater_enhancement/data/raw_underwater/UIEB/reference-890/452_img_.png
/workspace/underwater_enhancement/data/processed/physical_degradation/low_light/452_img__lowlight.png,low_light,452_img_.png,/workspace/underwater_enhancement/data/raw_underwater/UIEB/reference-890/452_img_.png
/workspace/underwater_enhancement/data/processed/physical_degradation/blur/452_img__blur.png,blur,452_img_.png,/workspace/underwater_enhancement/data/raw_underwater/UIEB/reference-890/452_img_.png
/workspace/underwater_enhancement/data/processed/physical_degradation/blue_cast/453_img__blue.png,blue_cast,453_img_.png,/workspace/underwater_enhancement/data/raw_underwater/UIEB/reference-890/453_img_.png
/workspace/underwater_enhancement/data/processed/physical_degradation/green_cast/453_img__green.png,green_cast,453_img_.png,/workspace/underwater_enhancement/data/raw_underwater/UIEB/reference-890/453_img_.png
/workspace/underwater_enhancement/data/processed/physical_degradation/low_light/453_img__lowlight.png,low_light,453_img_.png,/workspace/underwater_enhancement/data/raw_underwater/UIEB/reference-890/453_img_.png
/workspace/underwater_enhancement/data/processed/physical_degradation/blur/453_img__blur.png,blur,453_img_.png,/workspace/underwater_enhancement/data/raw_underwater/UIEB/reference-890/453_img_.png
/workspace/underwater_enhancement/data/processed/physical_degradation/blue_cast/454_img__blue.png,blue_cast,454_img_.png,/workspace/underwater_enhancement/data/raw_underwater/UIEB/reference-890/454_img_.png
/workspace/underwater_enhancement/data/processed/physical_degradation/green_cast/454_img__green.png,green_cast,454_img_.png,/workspace/underwater_enhancement/data/raw_underwater/UIEB/reference-890/454_img_.png
/workspace/underwater_enhancement/data/processed/physical_degradation/low_light/454_img__lowlight.png,low_light,454_img_.png,/workspace/underwater_enhancement/data/raw_underwater/UIEB/reference-890/454_img_.png
/workspace/underwater_enhancement/data/processed/physical_degradation/blur/454_img__blur.png,blur,454_img_.png,/workspace/underwater_enhancement/data/raw_underwater/UIEB/reference-890/454_img_.png
/workspace/underwater_enhancement/data/processed/physical_degradation/blue_cast/455_img__blue.png,blue_cast,455_img_.png,/workspace/underwater_enhancement/data/raw_underwater/UIEB/reference-890/455_img_.png
/workspace/underwater_enhancement/data/processed/physical_degradation/green_cast/455_img__green.png,green_cast,455_img_.png,/workspace/underwater_enhancement/data/raw_underwater/UIEB/reference-890/455_img_.png
/workspace/underwater_enhancement/data/processed/physical_degradation/low_light/455_img__lowlight.png,low_light,455_img_.png,/workspace/underwater_enhancement/data/raw_underwater/UIEB/reference-890/455_img_.png
/workspace/underwater_enhancement/data/processed/physical_degradation/blur/455_img__blur.png,blur,455_img_.png,/workspace/underwater_enhancement/data/raw_underwater/UIEB/reference-890/455_img_.png
/workspace/underwater_enhancement/data/processed/physical_degradation/blue_cast/457_img__blue.png,blue_cast,457_img_.png,/workspace/underwater_enhancement/data/raw_underwater/UIEB/reference-890/457_img_.png
/workspace/underwater_enhancement/data/processed/physical_degradation/green_cast/457_img__green.png,green_cast,457_img_.png,/workspace/underwater_enhancement/data/raw_underwater/UIEB/reference-890/457_img_.png
/workspace/underwater_enhancement/data/processed/physical_degradation/low_light/457_img__lowlight.png,low_light,457_img_.png,/workspace/underwater_enhancement/data/raw_underwater/UIEB/reference-890/457_img_.png
/workspace/underwater_enhancement/data/processed/physical_degradation/blur/457_img__blur.png,blur,457_img_.png,/workspace/underwater_enhancement/data/raw_underwater/UIEB/reference-890/457_img_.png
/workspace/underwater_enhancement/data/processed/physical_degradation/blue_cast/458_img__blue.png,blue_cast,458_img_.png,/workspace/underwater_enhancement/data/raw_underwater/UIEB/reference-890/458_img_.png
/workspace/underwater_enhancement/data/processed/physical_degradation/green_cast/458_img__green.png,green_cast,458_img_.png,/workspace/underwater_enhancement/data/raw_underwater/UIEB/reference-890/458_img_.png
/workspace/underwater_enhancement/data/processed/physical_degradation/low_light/458_img__lowlight.png,low_light,458_img_.png,/workspace/underwater_enhancement/data/raw_underwater/UIEB/reference-890/458_img_.png
/workspace/underwater_enhancement/data/processed/physical_degradation/blur/458_img__blur.png,blur,458_img_.png,/workspace/underwater_enhancement/data/raw_underwater/UIEB/reference-890/458_img_.png
/workspace/underwater_enhancement/data/processed/physical_degradation/blue_cast/459_img__blue.png,blue_cast,459_img_.png,/workspace/underwater_enhancement/data/raw_underwater/UIEB/reference-890/459_img_.png
/workspace/underwater_enhancement/data/processed/physical_degradation/green_cast/459_img__green.png,green_cast,459_img_.png,/workspace/underwater_enhancement/data/raw_underwater/UIEB/reference-890/459_img_.png
/workspace/underwater_enhancement/data/processed/physical_degradation/low_light/459_img__lowlight.png,low_light,459_img_.png,/workspace/underwater_enhancement/data/raw_underwater/UIEB/reference-890/459_img_.png
/workspace/underwater_enhancement/data/processed/physical_degradation/blur/459_img__blur.png,blur,459_img_.png,/workspace/underwater_enhancement/data/raw_underwater/UIEB/reference-890/459_img_.png
/workspace/underwater_enhancement/data/processed/physical_degradation/blue_cast/45_img__blue.png,blue_cast,45_img_.png,/workspace/underwater_enhancement/data/raw_underwater/UIEB/reference-890/45_img_.png
/workspace/underwater_enhancement/data/processed/physical_degradation/green_cast/45_img__green.png,green_cast,45_img_.png,/workspace/underwater_enhancement/data/raw_underwater/UIEB/reference-890/45_img_.png
/workspace/underwater_enhancement/data/processed/physical_degradation/low_light/45_img__lowlight.png,low_light,45_img_.png,/workspace/underwater_enhancement/data/raw_underwater/UIEB/reference-890/45_img_.png
/workspace/underwater_enhancement/data/processed/physical_degradation/blur/45_img__blur.png,blur,45_img_.png,/workspace/underwater_enhancement/data/raw_underwater/UIEB/reference-890/45_img_.png
/workspace/underwater_enhancement/data/processed/physical_degradation/blue_cast/460_img__blue.png,blue_cast,460_img_.png,/workspace/underwater_enhancement/data/raw_underwater/UIEB/reference-890/460_img_.png
/workspace/underwater_enhancement/data/processed/physical_degradation/green_cast/460_img__green.png,green_cast,460_img_.png,/workspace/underwater_enhancement/data/raw_underwater/UIEB/reference-890/460_img_.png
/workspace/underwater_enhancement/data/processed/physical_degradation/low_light/460_img__lowlight.png,low_light,460_img_.png,/workspace/underwater_enhancement/data/raw_underwater/UIEB/reference-890/460_img_.png
/workspace/underwater_enhancement/data/processed/physical_degradation/blur/460_img__blur.png,blur,460_img_.png,/workspace/underwater_enhancement/data/raw_underwater/UIEB/reference-890/460_img_.png
/workspace/underwater_enhancement/data/processed/physical_degradation/blue_cast/461_img__blue.png,blue_cast,461_img_.png,/workspace/underwater_enhancement/data/raw_underwater/UIEB/reference-890/461_img_.png
/workspace/underwater_enhancement/data/processed/physical_degradation/green_cast/461_img__green.png,green_cast,461_img_.png,/workspace/underwater_enhancement/data/raw_underwater/UIEB/reference-890/461_img_.png
/workspace/underwater_enhancement/data/processed/physical_degradation/low_light/461_img__lowlight.png,low_light,461_img_.png,/workspace/underwater_enhancement/data/raw_underwater/UIEB/reference-890/461_img_.png
/workspace/underwater_enhancement/data/processed/physical_degradation/blur/461_img__blur.png,blur,461_img_.png,/workspace/underwater_enhancement/data/raw_underwater/UIEB/reference-890/461_img_.png
/workspace/underwater_enhancement/data/processed/physical_degradation/blue_cast/462_img__blue.png,blue_cast,462_img_.png,/workspace/underwater_enhancement/data/raw_underwater/UIEB/reference-890/462_img_.png
/workspace/underwater_enhancement/data/processed/physical_degradation/green_cast/462_img__green.png,green_cast,462_img_.png,/workspace/underwater_enhancement/data/raw_underwater/UIEB/reference-890/462_img_.png
/workspace/underwater_enhancement/data/processed/physical_degradation/low_light/462_img__lowlight.png,low_light,462_img_.png,/workspace/underwater_enhancement/data/raw_underwater/UIEB/reference-890/462_img_.png
/workspace/underwater_enhancement/data/processed/physical_degradation/blur/462_img__blur.png,blur,462_img_.png,/workspace/underwater_enhancement/data/raw_underwater/UIEB/reference-890/462_img_.png
/workspace/underwater_enhancement/data/processed/physical_degradation/blue_cast/463_img__blue.png,blue_cast,463_img_.png,/workspace/underwater_enhancement/data/raw_underwater/UIEB/reference-890/463_img_.png
/workspace/underwater_enhancement/data/processed/physical_degradation/green_cast/463_img__green.png,green_cast,463_img_.png,/workspace/underwater_enhancement/data/raw_underwater/UIEB/reference-890/463_img_.png
/workspace/underwater_enhancement/data/processed/physical_degradation/low_light/463_img__lowlight.png,low_light,463_img_.png,/workspace/underwater_enhancement/data/raw_underwater/UIEB/reference-890/463_img_.png
/workspace/underwater_enhancement/data/processed/physical_degradation/blur/463_img__blur.png,blur,463_img_.png,/workspace/underwater_enhancement/data/raw_underwater/UIEB/reference-890/463_img_.png
/workspace/underwater_enhancement/data/processed/physical_degradation/blue_cast/464_img__blue.png,blue_cast,464_img_.png,/workspace/underwater_enhancement/data/raw_underwater/UIEB/reference-890/464_img_.png
/workspace/underwater_enhancement/data/processed/physical_degradation/green_cast/464_img__green.png,green_cast,464_img_.png,/workspace/underwater_enhancement/data/raw_underwater/UIEB/reference-890/464_img_.png
/workspace/underwater_enhancement/data/processed/physical_degradation/low_light/464_img__lowlight.png,low_light,464_img_.png,/workspace/underwater_enhancement/data/raw_underwater/UIEB/reference-890/464_img_.png
/workspace/underwater_enhancement/data/processed/physical_degradation/blur/464_img__blur.png,blur,464_img_.png,/workspace/underwater_enhancement/data/raw_underwater/UIEB/reference-890/464_img_.png
/workspace/underwater_enhancement/data/processed/physical_degradation/blue_cast/465_img__blue.png,blue_cast,465_img_.png,/workspace/underwater_enhancement/data/raw_underwater/UIEB/reference-890/465_img_.png
/workspace/underwater_enhancement/data/processed/physical_degradation/green_cast/465_img__green.png,green_cast,465_img_.png,/workspace/underwater_enhancement/data/raw_underwater/UIEB/reference-890/465_img_.png
/workspace/underwater_enhancement/data/processed/physical_degradation/low_light/465_img__lowlight.png,low_light,465_img_.png,/workspace/underwater_enhancement/data/raw_underwater/UIEB/reference-890/465_img_.png
/workspace/underwater_enhancement/data/processed/physical_degradation/blur/465_img__blur.png,blur,465_img_.png,/workspace/underwater_enhancement/data/raw_underwater/UIEB/reference-890/465_img_.png
/workspace/underwater_enhancement/data/processed/physical_degradation/blue_cast/466_img__blue.png,blue_cast,466_img_.png,/workspace/underwater_enhancement/data/raw_underwater/UIEB/reference-890/466_img_.png
/workspace/underwater_enhancement/data/processed/physical_degradation/green_cast/466_img__green.png,green_cast,466_img_.png,/workspace/underwater_enhancement/data/raw_underwater/UIEB/reference-890/466_img_.png
/workspace/underwater_enhancement/data/processed/physical_degradation/low_light/466_img__lowlight.png,low_light,466_img_.png,/workspace/underwater_enhancement/data/raw_underwater/UIEB/reference-890/466_img_.png
/workspace/underwater_enhancement/data/processed/physical_degradation/blur/466_img__blur.png,blur,466_img_.png,/workspace/underwater_enhancement/data/raw_underwater/UIEB/reference-890/466_img_.png
/workspace/underwater_enhancement/data/processed/physical_degradation/blue_cast/467_img__blue.png,blue_cast,467_img_.png,/workspace/underwater_enhancement/data/raw_underwater/UIEB/reference-890/467_img_.png
/workspace/underwater_enhancement/data/processed/physical_degradation/green_cast/467_img__green.png,green_cast,467_img_.png,/workspace/underwater_enhancement/data/raw_underwater/UIEB/reference-890/467_img_.png
/workspace/underwater_enhancement/data/processed/physical_degradation/low_light/467_img__lowlight.png,low_light,467_img_.png,/workspace/underwater_enhancement/data/raw_underwater/UIEB/reference-890/467_img_.png
/workspace/underwater_enhancement/data/processed/physical_degradation/blur/467_img__blur.png,blur,467_img_.png,/workspace/underwater_enhancement/data/raw_underwater/UIEB/reference-890/467_img_.png
/workspace/underwater_enhancement/data/processed/physical_degradation/blue_cast/468_img__blue.png,blue_cast,468_img_.png,/workspace/underwater_enhancement/data/raw_underwater/UIEB/reference-890/468_img_.png
/workspace/underwater_enhancement/data/processed/physical_degradation/green_cast/468_img__green.png,green_cast,468_img_.png,/workspace/underwater_enhancement/data/raw_underwater/UIEB/reference-890/468_img_.png
/workspace/underwater_enhancement/data/processed/physical_degradation/low_light/468_img__lowlight.png,low_light,468_img_.png,/workspace/underwater_enhancement/data/raw_underwater/UIEB/reference-890/468_img_.png
/workspace/underwater_enhancement/data/processed/physical_degradation/blur/468_img__blur.png,blur,468_img_.png,/workspace/underwater_enhancement/data/raw_underwater/UIEB/reference-890/468_img_.png
/workspace/underwater_enhancement/data/processed/physical_degradation/blue_cast/469_img__blue.png,blue_cast,469_img_.png,/workspace/underwater_enhancement/data/raw_underwater/UIEB/reference-890/469_img_.png
/workspace/underwater_enhancement/data/processed/physical_degradation/green_cast/469_img__green.png,green_cast,469_img_.png,/workspace/underwater_enhancement/data/raw_underwater/UIEB/reference-890/469_img_.png
/workspace/underwater_enhancement/data/processed/physical_degradation/low_light/469_img__lowlight.png,low_light,469_img_.png,/workspace/underwater_enhancement/data/raw_underwater/UIEB/reference-890/469_img_.png
/workspace/underwater_enhancement/data/processed/physical_degradation/blur/469_img__blur.png,blur,469_img_.png,/workspace/underwater_enhancement/data/raw_underwater/UIEB/reference-890/469_img_.png
/workspace/underwater_enhancement/data/processed/physical_degradation/blue_cast/46_img__blue.png,blue_cast,46_img_.png,/workspace/underwater_enhancement/data/raw_underwater/UIEB/reference-890/46_img_.png
/workspace/underwater_enhancement/data/processed/physical_degradation/green_cast/46_img__green.png,green_cast,46_img_.png,/workspace/underwater_enhancement/data/raw_underwater/UIEB/reference-890/46_img_.png
/workspace/underwater_enhancement/data/processed/physical_degradation/low_light/46_img__lowlight.png,low_light,46_img_.png,/workspace/underwater_enhancement/data/raw_underwater/UIEB/reference-890/46_img_.png
/workspace/underwater_enhancement/data/processed/physical_degradation/blur/46_img__blur.png,blur,46_img_.png,/workspace/underwater_enhancement/data/raw_underwater/UIEB/reference-890/46_img_.png
/workspace/underwater_enhancement/data/processed/physical_degradation/blue_cast/470_img__blue.png,blue_cast,470_img_.png,/workspace/underwater_enhancement/data/raw_underwater/UIEB/reference-890/470_img_.png
/workspace/underwater_enhancement/data/processed/physical_degradation/green_cast/470_img__green.png,green_cast,470_img_.png,/workspace/underwater_enhancement/data/raw_underwater/UIEB/reference-890/470_img_.png
/workspace/underwater_enhancement/data/processed/physical_degradation/low_light/470_img__lowlight.png,low_light,470_img_.png,/workspace/underwater_enhancement/data/raw_underwater/UIEB/reference-890/470_img_.png
/workspace/underwater_enhancement/data/processed/physical_degradation/blur/470_img__blur.png,blur,470_img_.png,/workspace/underwater_enhancement/data/raw_underwater/UIEB/reference-890/470_img_.png
/workspace/underwater_enhancement/data/processed/physical_degradation/blue_cast/471_img__blue.png,blue_cast,471_img_.png,/workspace/underwater_enhancement/data/raw_underwater/UIEB/reference-890/471_img_.png
/workspace/underwater_enhancement/data/processed/physical_degradation/green_cast/471_img__green.png,green_cast,471_img_.png,/workspace/underwater_enhancement/data/raw_underwater/UIEB/reference-890/471_img_.png
/workspace/underwater_enhancement/data/processed/physical_degradation/low_light/471_img__lowlight.png,low_light,471_img_.png,/workspace/underwater_enhancement/data/raw_underwater/UIEB/reference-890/471_img_.png
/workspace/underwater_enhancement/data/processed/physical_degradation/blur/471_img__blur.png,blur,471_img_.png,/workspace/underwater_enhancement/data/raw_underwater/UIEB/reference-890/471_img_.png
/workspace/underwater_enhancement/data/processed/physical_degradation/blue_cast/472_img__blue.png,blue_cast,472_img_.png,/workspace/underwater_enhancement/data/raw_underwater/UIEB/reference-890/472_img_.png
/workspace/underwater_enhancement/data/processed/physical_degradation/green_cast/472_img__green.png,green_cast,472_img_.png,/workspace/underwater_enhancement/data/raw_underwater/UIEB/reference-890/472_img_.png
/workspace/underwater_enhancement/data/processed/physical_degradation/low_light/472_img__lowlight.png,low_light,472_img_.png,/workspace/underwater_enhancement/data/raw_underwater/UIEB/reference-890/472_img_.png
/workspace/underwater_enhancement/data/processed/physical_degradation/blur/472_img__blur.png,blur,472_img_.png,/workspace/underwater_enhancement/data/raw_underwater/UIEB/reference-890/472_img_.png
/workspace/underwater_enhancement/data/processed/physical_degradation/blue_cast/473_img__blue.png,blue_cast,473_img_.png,/workspace/underwater_enhancement/data/raw_underwater/UIEB/reference-890/473_img_.png
/workspace/underwater_enhancement/data/processed/physical_degradation/green_cast/473_img__green.png,green_cast,473_img_.png,/workspace/underwater_enhancement/data/raw_underwater/UIEB/reference-890/473_img_.png
/workspace/underwater_enhancement/data/processed/physical_degradation/low_light/473_img__lowlight.png,low_light,473_img_.png,/workspace/underwater_enhancement/data/raw_underwater/UIEB/reference-890/473_img_.png
/workspace/underwater_enhancement/data/processed/physical_degradation/blur/473_img__blur.png,blur,473_img_.png,/workspace/underwater_enhancement/data/raw_underwater/UIEB/reference-890/473_img_.png
/workspace/underwater_enhancement/data/processed/physical_degradation/blue_cast/476_img__blue.png,blue_cast,476_img_.png,/workspace/underwater_enhancement/data/raw_underwater/UIEB/reference-890/476_img_.png
/workspace/underwater_enhancement/data/processed/physical_degradation/green_cast/476_img__green.png,green_cast,476_img_.png,/workspace/underwater_enhancement/data/raw_underwater/UIEB/reference-890/476_img_.png
/workspace/underwater_enhancement/data/processed/physical_degradation/low_light/476_img__lowlight.png,low_light,476_img_.png,/workspace/underwater_enhancement/data/raw_underwater/UIEB/reference-890/476_img_.png
/workspace/underwater_enhancement/data/processed/physical_degradation/blur/476_img__blur.png,blur,476_img_.png,/workspace/underwater_enhancement/data/raw_underwater/UIEB/reference-890/476_img_.png
/workspace/underwater_enhancement/data/processed/physical_degradation/blue_cast/477_img__blue.png,blue_cast,477_img_.png,/workspace/underwater_enhancement/data/raw_underwater/UIEB/reference-890/477_img_.png
/workspace/underwater_enhancement/data/processed/physical_degradation/green_cast/477_img__green.png,green_cast,477_img_.png,/workspace/underwater_enhancement/data/raw_underwater/UIEB/reference-890/477_img_.png
/workspace/underwater_enhancement/data/processed/physical_degradation/low_light/477_img__lowlight.png,low_light,477_img_.png,/workspace/underwater_enhancement/data/raw_underwater/UIEB/reference-890/477_img_.png
/workspace/underwater_enhancement/data/processed/physical_degradation/blur/477_img__blur.png,blur,477_img_.png,/workspace/underwater_enhancement/data/raw_underwater/UIEB/reference-890/477_img_.png
/workspace/underwater_enhancement/data/processed/physical_degradation/blue_cast/478_img__blue.png,blue_cast,478_img_.png,/workspace/underwater_enhancement/data/raw_underwater/UIEB/reference-890/478_img_.png
/workspace/underwater_enhancement/data/processed/physical_degradation/green_cast/478_img__green.png,green_cast,478_img_.png,/workspace/underwater_enhancement/data/raw_underwater/UIEB/reference-890/478_img_.png
/workspace/underwater_enhancement/data/processed/physical_degradation/low_light/478_img__lowlight.png,low_light,478_img_.png,/workspace/underwater_enhancement/data/raw_underwater/UIEB/reference-890/478_img_.png
/workspace/underwater_enhancement/data/processed/physical_degradation/blur/478_img__blur.png,blur,478_img_.png,/workspace/underwater_enhancement/data/raw_underwater/UIEB/reference-890/478_img_.png
/workspace/underwater_enhancement/data/processed/physical_degradation/blue_cast/479_img__blue.png,blue_cast,479_img_.png,/workspace/underwater_enhancement/data/raw_underwater/UIEB/reference-890/479_img_.png
/workspace/underwater_enhancement/data/processed/physical_degradation/green_cast/479_img__green.png,green_cast,479_img_.png,/workspace/underwater_enhancement/data/raw_underwater/UIEB/reference-890/479_img_.png
/workspace/underwater_enhancement/data/processed/physical_degradation/low_light/479_img__lowlight.png,low_light,479_img_.png,/workspace/underwater_enhancement/data/raw_underwater/UIEB/reference-890/479_img_.png
/workspace/underwater_enhancement/data/processed/physical_degradation/blur/479_img__blur.png,blur,479_img_.png,/workspace/underwater_enhancement/data/raw_underwater/UIEB/reference-890/479_img_.png
/workspace/underwater_enhancement/data/processed/physical_degradation/blue_cast/480_img__blue.png,blue_cast,480_img_.png,/workspace/underwater_enhancement/data/raw_underwater/UIEB/reference-890/480_img_.png
/workspace/underwater_enhancement/data/processed/physical_degradation/green_cast/480_img__green.png,green_cast,480_img_.png,/workspace/underwater_enhancement/data/raw_underwater/UIEB/reference-890/480_img_.png
/workspace/underwater_enhancement/data/processed/physical_degradation/low_light/480_img__lowlight.png,low_light,480_img_.png,/workspace/underwater_enhancement/data/raw_underwater/UIEB/reference-890/480_img_.png
/workspace/underwater_enhancement/data/processed/physical_degradation/blur/480_img__blur.png,blur,480_img_.png,/workspace/underwater_enhancement/data/raw_underwater/UIEB/reference-890/480_img_.png
/workspace/underwater_enhancement/data/processed/physical_degradation/blue_cast/481_img__blue.png,blue_cast,481_img_.png,/workspace/underwater_enhancement/data/raw_underwater/UIEB/reference-890/481_img_.png
/workspace/underwater_enhancement/data/processed/physical_degradation/green_cast/481_img__green.png,green_cast,481_img_.png,/workspace/underwater_enhancement/data/raw_underwater/UIEB/reference-890/481_img_.png
/workspace/underwater_enhancement/data/processed/physical_degradation/low_light/481_img__lowlight.png,low_light,481_img_.png,/workspace/underwater_enhancement/data/raw_underwater/UIEB/reference-890/481_img_.png
/workspace/underwater_enhancement/data/processed/physical_degradation/blur/481_img__blur.png,blur,481_img_.png,/workspace/underwater_enhancement/data/raw_underwater/UIEB/reference-890/481_img_.png
/workspace/underwater_enhancement/data/processed/physical_degradation/blue_cast/482_img__blue.png,blue_cast,482_img_.png,/workspace/underwater_enhancement/data/raw_underwater/UIEB/reference-890/482_img_.png
/workspace/underwater_enhancement/data/processed/physical_degradation/green_cast/482_img__green.png,green_cast,482_img_.png,/workspace/underwater_enhancement/data/raw_underwater/UIEB/reference-890/482_img_.png
/workspace/underwater_enhancement/data/processed/physical_degradation/low_light/482_img__lowlight.png,low_light,482_img_.png,/workspace/underwater_enhancement/data/raw_underwater/UIEB/reference-890/482_img_.png
/workspace/underwater_enhancement/data/processed/physical_degradation/blur/482_img__blur.png,blur,482_img_.png,/workspace/underwater_enhancement/data/raw_underwater/UIEB/reference-890/482_img_.png
/workspace/underwater_enhancement/data/processed/physical_degradation/blue_cast/483_img__blue.png,blue_cast,483_img_.png,/workspace/underwater_enhancement/data/raw_underwater/UIEB/reference-890/483_img_.png
/workspace/underwater_enhancement/data/processed/physical_degradation/green_cast/483_img__green.png,green_cast,483_img_.png,/workspace/underwater_enhancement/data/raw_underwater/UIEB/reference-890/483_img_.png
/workspace/underwater_enhancement/data/processed/physical_degradation/low_light/483_img__lowlight.png,low_light,483_img_.png,/workspace/underwater_enhancement/data/raw_underwater/UIEB/reference-890/483_img_.png
/workspace/underwater_enhancement/data/processed/physical_degradation/blur/483_img__blur.png,blur,483_img_.png,/workspace/underwater_enhancement/data/raw_underwater/UIEB/reference-890/483_img_.png
/workspace/underwater_enhancement/data/processed/physical_degradation/blue_cast/484_img__blue.png,blue_cast,484_img_.png,/workspace/underwater_enhancement/data/raw_underwater/UIEB/reference-890/484_img_.png
/workspace/underwater_enhancement/data/processed/physical_degradation/green_cast/484_img__green.png,green_cast,484_img_.png,/workspace/underwater_enhancement/data/raw_underwater/UIEB/reference-890/484_img_.png
/workspace/underwater_enhancement/data/processed/physical_degradation/low_light/484_img__lowlight.png,low_light,484_img_.png,/workspace/underwater_enhancement/data/raw_underwater/UIEB/reference-890/484_img_.png
/workspace/underwater_enhancement/data/processed/physical_degradation/blur/484_img__blur.png,blur,484_img_.png,/workspace/underwater_enhancement/data/raw_underwater/UIEB/reference-890/484_img_.png
/workspace/underwater_enhancement/data/processed/physical_degradation/blue_cast/485_img__blue.png,blue_cast,485_img_.png,/workspace/underwater_enhancement/data/raw_underwater/UIEB/reference-890/485_img_.png
/workspace/underwater_enhancement/data/processed/physical_degradation/green_cast/485_img__green.png,green_cast,485_img_.png,/workspace/underwater_enhancement/data/raw_underwater/UIEB/reference-890/485_img_.png
/workspace/underwater_enhancement/data/processed/physical_degradation/low_light/485_img__lowlight.png,low_light,485_img_.png,/workspace/underwater_enhancement/data/raw_underwater/UIEB/reference-890/485_img_.png
/workspace/underwater_enhancement/data/processed/physical_degradation/blur/485_img__blur.png,blur,485_img_.png,/workspace/underwater_enhancement/data/raw_underwater/UIEB/reference-890/485_img_.png
/workspace/underwater_enhancement/data/processed/physical_degradation/blue_cast/486_img__blue.png,blue_cast,486_img_.png,/workspace/underwater_enhancement/data/raw_underwater/UIEB/reference-890/486_img_.png
/workspace/underwater_enhancement/data/processed/physical_degradation/green_cast/486_img__green.png,green_cast,486_img_.png,/workspace/underwater_enhancement/data/raw_underwater/UIEB/reference-890/486_img_.png
/workspace/underwater_enhancement/data/processed/physical_degradation/low_light/486_img__lowlight.png,low_light,486_img_.png,/workspace/underwater_enhancement/data/raw_underwater/UIEB/reference-890/486_img_.png
/workspace/underwater_enhancement/data/processed/physical_degradation/blur/486_img__blur.png,blur,486_img_.png,/workspace/underwater_enhancement/data/raw_underwater/UIEB/reference-890/486_img_.png
/workspace/underwater_enhancement/data/processed/physical_degradation/blue_cast/487_img__blue.png,blue_cast,487_img_.png,/workspace/underwater_enhancement/data/raw_underwater/UIEB/reference-890/487_img_.png
/workspace/underwater_enhancement/data/processed/physical_degradation/green_cast/487_img__green.png,green_cast,487_img_.png,/workspace/underwater_enhancement/data/raw_underwater/UIEB/reference-890/487_img_.png
/workspace/underwater_enhancement/data/processed/physical_degradation/low_light/487_img__lowlight.png,low_light,487_img_.png,/workspace/underwater_enhancement/data/raw_underwater/UIEB/reference-890/487_img_.png
/workspace/underwater_enhancement/data/processed/physical_degradation/blur/487_img__blur.png,blur,487_img_.png,/workspace/underwater_enhancement/data/raw_underwater/UIEB/reference-890/487_img_.png
/workspace/underwater_enhancement/data/processed/physical_degradation/blue_cast/488_img__blue.png,blue_cast,488_img_.png,/workspace/underwater_enhancement/data/raw_underwater/UIEB/reference-890/488_img_.png
/workspace/underwater_enhancement/data/processed/physical_degradation/green_cast/488_img__green.png,green_cast,488_img_.png,/workspace/underwater_enhancement/data/raw_underwater/UIEB/reference-890/488_img_.png
/workspace/underwater_enhancement/data/processed/physical_degradation/low_light/488_img__lowlight.png,low_light,488_img_.png,/workspace/underwater_enhancement/data/raw_underwater/UIEB/reference-890/488_img_.png
/workspace/underwater_enhancement/data/processed/physical_degradation/blur/488_img__blur.png,blur,488_img_.png,/workspace/underwater_enhancement/data/raw_underwater/UIEB/reference-890/488_img_.png
/workspace/underwater_enhancement/data/processed/physical_degradation/blue_cast/489_img__blue.png,blue_cast,489_img_.png,/workspace/underwater_enhancement/data/raw_underwater/UIEB/reference-890/489_img_.png
/workspace/underwater_enhancement/data/processed/physical_degradation/green_cast/489_img__green.png,green_cast,489_img_.png,/workspace/underwater_enhancement/data/raw_underwater/UIEB/reference-890/489_img_.png
/workspace/underwater_enhancement/data/processed/physical_degradation/low_light/489_img__lowlight.png,low_light,489_img_.png,/workspace/underwater_enhancement/data/raw_underwater/UIEB/reference-890/489_img_.png
/workspace/underwater_enhancement/data/processed/physical_degradation/blur/489_img__blur.png,blur,489_img_.png,/workspace/underwater_enhancement/data/raw_underwater/UIEB/reference-890/489_img_.png
/workspace/underwater_enhancement/data/processed/physical_degradation/blue_cast/48_img__blue.png,blue_cast,48_img_.png,/workspace/underwater_enhancement/data/raw_underwater/UIEB/reference-890/48_img_.png
/workspace/underwater_enhancement/data/processed/physical_degradation/green_cast/48_img__green.png,green_cast,48_img_.png,/workspace/underwater_enhancement/data/raw_underwater/UIEB/reference-890/48_img_.png
/workspace/underwater_enhancement/data/processed/physical_degradation/low_light/48_img__lowlight.png,low_light,48_img_.png,/workspace/underwater_enhancement/data/raw_underwater/UIEB/reference-890/48_img_.png
/workspace/underwater_enhancement/data/processed/physical_degradation/blur/48_img__blur.png,blur,48_img_.png,/workspace/underwater_enhancement/data/raw_underwater/UIEB/reference-890/48_img_.png
/workspace/underwater_enhancement/data/processed/physical_degradation/blue_cast/490_img__blue.png,blue_cast,490_img_.png,/workspace/underwater_enhancement/data/raw_underwater/UIEB/reference-890/490_img_.png
/workspace/underwater_enhancement/data/processed/physical_degradation/green_cast/490_img__green.png,green_cast,490_img_.png,/workspace/underwater_enhancement/data/raw_underwater/UIEB/reference-890/490_img_.png
/workspace/underwater_enhancement/data/processed/physical_degradation/low_light/490_img__lowlight.png,low_light,490_img_.png,/workspace/underwater_enhancement/data/raw_underwater/UIEB/reference-890/490_img_.png
/workspace/underwater_enhancement/data/processed/physical_degradation/blur/490_img__blur.png,blur,490_img_.png,/workspace/underwater_enhancement/data/raw_underwater/UIEB/reference-890/490_img_.png
/workspace/underwater_enhancement/data/processed/physical_degradation/blue_cast/491_img__blue.png,blue_cast,491_img_.png,/workspace/underwater_enhancement/data/raw_underwater/UIEB/reference-890/491_img_.png
/workspace/underwater_enhancement/data/processed/physical_degradation/green_cast/491_img__green.png,green_cast,491_img_.png,/workspace/underwater_enhancement/data/raw_underwater/UIEB/reference-890/491_img_.png
/workspace/underwater_enhancement/data/processed/physical_degradation/low_light/491_img__lowlight.png,low_light,491_img_.png,/workspace/underwater_enhancement/data/raw_underwater/UIEB/reference-890/491_img_.png
/workspace/underwater_enhancement/data/processed/physical_degradation/blur/491_img__blur.png,blur,491_img_.png,/workspace/underwater_enhancement/data/raw_underwater/UIEB/reference-890/491_img_.png
/workspace/underwater_enhancement/data/processed/physical_degradation/blue_cast/492_img__blue.png,blue_cast,492_img_.png,/workspace/underwater_enhancement/data/raw_underwater/UIEB/reference-890/492_img_.png
/workspace/underwater_enhancement/data/processed/physical_degradation/green_cast/492_img__green.png,green_cast,492_img_.png,/workspace/underwater_enhancement/data/raw_underwater/UIEB/reference-890/492_img_.png
/workspace/underwater_enhancement/data/processed/physical_degradation/low_light/492_img__lowlight.png,low_light,492_img_.png,/workspace/underwater_enhancement/data/raw_underwater/UIEB/reference-890/492_img_.png
/workspace/underwater_enhancement/data/processed/physical_degradation/blur/492_img__blur.png,blur,492_img_.png,/workspace/underwater_enhancement/data/raw_underwater/UIEB/reference-890/492_img_.png
/workspace/underwater_enhancement/data/processed/physical_degradation/blue_cast/493_img__blue.png,blue_cast,493_img_.png,/workspace/underwater_enhancement/data/raw_underwater/UIEB/reference-890/493_img_.png
/workspace/underwater_enhancement/data/processed/physical_degradation/green_cast/493_img__green.png,green_cast,493_img_.png,/workspace/underwater_enhancement/data/raw_underwater/UIEB/reference-890/493_img_.png
/workspace/underwater_enhancement/data/processed/physical_degradation/low_light/493_img__lowlight.png,low_light,493_img_.png,/workspace/underwater_enhancement/data/raw_underwater/UIEB/reference-890/493_img_.png
/workspace/underwater_enhancement/data/processed/physical_degradation/blur/493_img__blur.png,blur,493_img_.png,/workspace/underwater_enhancement/data/raw_underwater/UIEB/reference-890/493_img_.png
/workspace/underwater_enhancement/data/processed/physical_degradation/blue_cast/494_img__blue.png,blue_cast,494_img_.png,/workspace/underwater_enhancement/data/raw_underwater/UIEB/reference-890/494_img_.png
/workspace/underwater_enhancement/data/processed/physical_degradation/green_cast/494_img__green.png,green_cast,494_img_.png,/workspace/underwater_enhancement/data/raw_underwater/UIEB/reference-890/494_img_.png
/workspace/underwater_enhancement/data/processed/physical_degradation/low_light/494_img__lowlight.png,low_light,494_img_.png,/workspace/underwater_enhancement/data/raw_underwater/UIEB/reference-890/494_img_.png
/workspace/underwater_enhancement/data/processed/physical_degradation/blur/494_img__blur.png,blur,494_img_.png,/workspace/underwater_enhancement/data/raw_underwater/UIEB/reference-890/494_img_.png
/workspace/underwater_enhancement/data/processed/physical_degradation/blue_cast/495_img__blue.png,blue_cast,495_img_.png,/workspace/underwater_enhancement/data/raw_underwater/UIEB/reference-890/495_img_.png
/workspace/underwater_enhancement/data/processed/physical_degradation/green_cast/495_img__green.png,green_cast,495_img_.png,/workspace/underwater_enhancement/data/raw_underwater/UIEB/reference-890/495_img_.png
/workspace/underwater_enhancement/data/processed/physical_degradation/low_light/495_img__lowlight.png,low_light,495_img_.png,/workspace/underwater_enhancement/data/raw_underwater/UIEB/reference-890/495_img_.png
/workspace/underwater_enhancement/data/processed/physical_degradation/blur/495_img__blur.png,blur,495_img_.png,/workspace/underwater_enhancement/data/raw_underwater/UIEB/reference-890/495_img_.png
/workspace/underwater_enhancement/data/processed/physical_degradation/blue_cast/496_img__blue.png,blue_cast,496_img_.png,/workspace/underwater_enhancement/data/raw_underwater/UIEB/reference-890/496_img_.png
/workspace/underwater_enhancement/data/processed/physical_degradation/green_cast/496_img__green.png,green_cast,496_img_.png,/workspace/underwater_enhancement/data/raw_underwater/UIEB/reference-890/496_img_.png
/workspace/underwater_enhancement/data/processed/physical_degradation/low_light/496_img__lowlight.png,low_light,496_img_.png,/workspace/underwater_enhancement/data/raw_underwater/UIEB/reference-890/496_img_.png
/workspace/underwater_enhancement/data/processed/physical_degradation/blur/496_img__blur.png,blur,496_img_.png,/workspace/underwater_enhancement/data/raw_underwater/UIEB/reference-890/496_img_.png
/workspace/underwater_enhancement/data/processed/physical_degradation/blue_cast/497_img__blue.png,blue_cast,497_img_.png,/workspace/underwater_enhancement/data/raw_underwater/UIEB/reference-890/497_img_.png
/workspace/underwater_enhancement/data/processed/physical_degradation/green_cast/497_img__green.png,green_cast,497_img_.png,/workspace/underwater_enhancement/data/raw_underwater/UIEB/reference-890/497_img_.png
/workspace/underwater_enhancement/data/processed/physical_degradation/low_light/497_img__lowlight.png,low_light,497_img_.png,/workspace/underwater_enhancement/data/raw_underwater/UIEB/reference-890/497_img_.png
/workspace/underwater_enhancement/data/processed/physical_degradation/blur/497_img__blur.png,blur,497_img_.png,/workspace/underwater_enhancement/data/raw_underwater/UIEB/reference-890/497_img_.png
/workspace/underwater_enhancement/data/processed/physical_degradation/blue_cast/498_img__blue.png,blue_cast,498_img_.png,/workspace/underwater_enhancement/data/raw_underwater/UIEB/reference-890/498_img_.png
/workspace/underwater_enhancement/data/processed/physical_degradation/green_cast/498_img__green.png,green_cast,498_img_.png,/workspace/underwater_enhancement/data/raw_underwater/UIEB/reference-890/498_img_.png
/workspace/underwater_enhancement/data/processed/physical_degradation/low_light/498_img__lowlight.png,low_light,498_img_.png,/workspace/underwater_enhancement/data/raw_underwater/UIEB/reference-890/498_img_.png
/workspace/underwater_enhancement/data/processed/physical_degradation/blur/498_img__blur.png,blur,498_img_.png,/workspace/underwater_enhancement/data/raw_underwater/UIEB/reference-890/498_img_.png
/workspace/underwater_enhancement/data/processed/physical_degradation/blue_cast/499_img__blue.png,blue_cast,499_img_.png,/workspace/underwater_enhancement/data/raw_underwater/UIEB/reference-890/499_img_.png
/workspace/underwater_enhancement/data/processed/physical_degradation/green_cast/499_img__green.png,green_cast,499_img_.png,/workspace/underwater_enhancement/data/raw_underwater/UIEB/reference-890/499_img_.png
/workspace/underwater_enhancement/data/processed/physical_degradation/low_light/499_img__lowlight.png,low_light,499_img_.png,/workspace/underwater_enhancement/data/raw_underwater/UIEB/reference-890/499_img_.png
/workspace/underwater_enhancement/data/processed/physical_degradation/blur/499_img__blur.png,blur,499_img_.png,/workspace/underwater_enhancement/data/raw_underwater/UIEB/reference-890/499_img_.png
/workspace/underwater_enhancement/data/processed/physical_degradation/blue_cast/49_img__blue.png,blue_cast,49_img_.png,/workspace/underwater_enhancement/data/raw_underwater/UIEB/reference-890/49_img_.png
/workspace/underwater_enhancement/data/processed/physical_degradation/green_cast/49_img__green.png,green_cast,49_img_.png,/workspace/underwater_enhancement/data/raw_underwater/UIEB/reference-890/49_img_.png
/workspace/underwater_enhancement/data/processed/physical_degradation/low_light/49_img__lowlight.png,low_light,49_img_.png,/workspace/underwater_enhancement/data/raw_underwater/UIEB/reference-890/49_img_.png
/workspace/underwater_enhancement/data/processed/physical_degradation/blur/49_img__blur.png,blur,49_img_.png,/workspace/underwater_enhancement/data/raw_underwater/UIEB/reference-890/49_img_.png
/workspace/underwater_enhancement/data/processed/physical_degradation/blue_cast/4_img__blue.png,blue_cast,4_img_.png,/workspace/underwater_enhancement/data/raw_underwater/UIEB/reference-890/4_img_.png
/workspace/underwater_enhancement/data/processed/physical_degradation/green_cast/4_img__green.png,green_cast,4_img_.png,/workspace/underwater_enhancement/data/raw_underwater/UIEB/reference-890/4_img_.png
/workspace/underwater_enhancement/data/processed/physical_degradation/low_light/4_img__lowlight.png,low_light,4_img_.png,/workspace/underwater_enhancement/data/raw_underwater/UIEB/reference-890/4_img_.png
/workspace/underwater_enhancement/data/processed/physical_degradation/blur/4_img__blur.png,blur,4_img_.png,/workspace/underwater_enhancement/data/raw_underwater/UIEB/reference-890/4_img_.png
/workspace/underwater_enhancement/data/processed/physical_degradation/blue_cast/501_img__blue.png,blue_cast,501_img_.png,/workspace/underwater_enhancement/data/raw_underwater/UIEB/reference-890/501_img_.png
/workspace/underwater_enhancement/data/processed/physical_degradation/green_cast/501_img__green.png,green_cast,501_img_.png,/workspace/underwater_enhancement/data/raw_underwater/UIEB/reference-890/501_img_.png
/workspace/underwater_enhancement/data/processed/physical_degradation/low_light/501_img__lowlight.png,low_light,501_img_.png,/workspace/underwater_enhancement/data/raw_underwater/UIEB/reference-890/501_img_.png
/workspace/underwater_enhancement/data/processed/physical_degradation/blur/501_img__blur.png,blur,501_img_.png,/workspace/underwater_enhancement/data/raw_underwater/UIEB/reference-890/501_img_.png
/workspace/underwater_enhancement/data/processed/physical_degradation/blue_cast/502_img__blue.png,blue_cast,502_img_.png,/workspace/underwater_enhancement/data/raw_underwater/UIEB/reference-890/502_img_.png
/workspace/underwater_enhancement/data/processed/physical_degradation/green_cast/502_img__green.png,green_cast,502_img_.png,/workspace/underwater_enhancement/data/raw_underwater/UIEB/reference-890/502_img_.png
/workspace/underwater_enhancement/data/processed/physical_degradation/low_light/502_img__lowlight.png,low_light,502_img_.png,/workspace/underwater_enhancement/data/raw_underwater/UIEB/reference-890/502_img_.png
/workspace/underwater_enhancement/data/processed/physical_degradation/blur/502_img__blur.png,blur,502_img_.png,/workspace/underwater_enhancement/data/raw_underwater/UIEB/reference-890/502_img_.png
/workspace/underwater_enhancement/data/processed/physical_degradation/blue_cast/503_img__blue.png,blue_cast,503_img_.png,/workspace/underwater_enhancement/data/raw_underwater/UIEB/reference-890/503_img_.png
/workspace/underwater_enhancement/data/processed/physical_degradation/green_cast/503_img__green.png,green_cast,503_img_.png,/workspace/underwater_enhancement/data/raw_underwater/UIEB/reference-890/503_img_.png
/workspace/underwater_enhancement/data/processed/physical_degradation/low_light/503_img__lowlight.png,low_light,503_img_.png,/workspace/underwater_enhancement/data/raw_underwater/UIEB/reference-890/503_img_.png
/workspace/underwater_enhancement/data/processed/physical_degradation/blur/503_img__blur.png,blur,503_img_.png,/workspace/underwater_enhancement/data/raw_underwater/UIEB/reference-890/503_img_.png
/workspace/underwater_enhancement/data/processed/physical_degradation/blue_cast/504_img__blue.png,blue_cast,504_img_.png,/workspace/underwater_enhancement/data/raw_underwater/UIEB/reference-890/504_img_.png
/workspace/underwater_enhancement/data/processed/physical_degradation/green_cast/504_img__green.png,green_cast,504_img_.png,/workspace/underwater_enhancement/data/raw_underwater/UIEB/reference-890/504_img_.png
/workspace/underwater_enhancement/data/processed/physical_degradation/low_light/504_img__lowlight.png,low_light,504_img_.png,/workspace/underwater_enhancement/data/raw_underwater/UIEB/reference-890/504_img_.png
/workspace/underwater_enhancement/data/processed/physical_degradation/blur/504_img__blur.png,blur,504_img_.png,/workspace/underwater_enhancement/data/raw_underwater/UIEB/reference-890/504_img_.png
/workspace/underwater_enhancement/data/processed/physical_degradation/blue_cast/505_img__blue.png,blue_cast,505_img_.png,/workspace/underwater_enhancement/data/raw_underwater/UIEB/reference-890/505_img_.png
/workspace/underwater_enhancement/data/processed/physical_degradation/green_cast/505_img__green.png,green_cast,505_img_.png,/workspace/underwater_enhancement/data/raw_underwater/UIEB/reference-890/505_img_.png
/workspace/underwater_enhancement/data/processed/physical_degradation/low_light/505_img__lowlight.png,low_light,505_img_.png,/workspace/underwater_enhancement/data/raw_underwater/UIEB/reference-890/505_img_.png
/workspace/underwater_enhancement/data/processed/physical_degradation/blur/505_img__blur.png,blur,505_img_.png,/workspace/underwater_enhancement/data/raw_underwater/UIEB/reference-890/505_img_.png
/workspace/underwater_enhancement/data/processed/physical_degradation/blue_cast/506_img__blue.png,blue_cast,506_img_.png,/workspace/underwater_enhancement/data/raw_underwater/UIEB/reference-890/506_img_.png
/workspace/underwater_enhancement/data/processed/physical_degradation/green_cast/506_img__green.png,green_cast,506_img_.png,/workspace/underwater_enhancement/data/raw_underwater/UIEB/reference-890/506_img_.png
/workspace/underwater_enhancement/data/processed/physical_degradation/low_light/506_img__lowlight.png,low_light,506_img_.png,/workspace/underwater_enhancement/data/raw_underwater/UIEB/reference-890/506_img_.png
/workspace/underwater_enhancement/data/processed/physical_degradation/blur/506_img__blur.png,blur,506_img_.png,/workspace/underwater_enhancement/data/raw_underwater/UIEB/reference-890/506_img_.png
/workspace/underwater_enhancement/data/processed/physical_degradation/blue_cast/507_img__blue.png,blue_cast,507_img_.png,/workspace/underwater_enhancement/data/raw_underwater/UIEB/reference-890/507_img_.png
/workspace/underwater_enhancement/data/processed/physical_degradation/green_cast/507_img__green.png,green_cast,507_img_.png,/workspace/underwater_enhancement/data/raw_underwater/UIEB/reference-890/507_img_.png
/workspace/underwater_enhancement/data/processed/physical_degradation/low_light/507_img__lowlight.png,low_light,507_img_.png,/workspace/underwater_enhancement/data/raw_underwater/UIEB/reference-890/507_img_.png
/workspace/underwater_enhancement/data/processed/physical_degradation/blur/507_img__blur.png,blur,507_img_.png,/workspace/underwater_enhancement/data/raw_underwater/UIEB/reference-890/507_img_.png
/workspace/underwater_enhancement/data/processed/physical_degradation/blue_cast/508_img__blue.png,blue_cast,508_img_.png,/workspace/underwater_enhancement/data/raw_underwater/UIEB/reference-890/508_img_.png
/workspace/underwater_enhancement/data/processed/physical_degradation/green_cast/508_img__green.png,green_cast,508_img_.png,/workspace/underwater_enhancement/data/raw_underwater/UIEB/reference-890/508_img_.png
/workspace/underwater_enhancement/data/processed/physical_degradation/low_light/508_img__lowlight.png,low_light,508_img_.png,/workspace/underwater_enhancement/data/raw_underwater/UIEB/reference-890/508_img_.png
/workspace/underwater_enhancement/data/processed/physical_degradation/blur/508_img__blur.png,blur,508_img_.png,/workspace/underwater_enhancement/data/raw_underwater/UIEB/reference-890/508_img_.png
/workspace/underwater_enhancement/data/processed/physical_degradation/blue_cast/509_img__blue.png,blue_cast,509_img_.png,/workspace/underwater_enhancement/data/raw_underwater/UIEB/reference-890/509_img_.png
/workspace/underwater_enhancement/data/processed/physical_degradation/green_cast/509_img__green.png,green_cast,509_img_.png,/workspace/underwater_enhancement/data/raw_underwater/UIEB/reference-890/509_img_.png
/workspace/underwater_enhancement/data/processed/physical_degradation/low_light/509_img__lowlight.png,low_light,509_img_.png,/workspace/underwater_enhancement/data/raw_underwater/UIEB/reference-890/509_img_.png
/workspace/underwater_enhancement/data/processed/physical_degradation/blur/509_img__blur.png,blur,509_img_.png,/workspace/underwater_enhancement/data/raw_underwater/UIEB/reference-890/509_img_.png
/workspace/underwater_enhancement/data/processed/physical_degradation/blue_cast/50_img__blue.png,blue_cast,50_img_.png,/workspace/underwater_enhancement/data/raw_underwater/UIEB/reference-890/50_img_.png
/workspace/underwater_enhancement/data/processed/physical_degradation/green_cast/50_img__green.png,green_cast,50_img_.png,/workspace/underwater_enhancement/data/raw_underwater/UIEB/reference-890/50_img_.png
/workspace/underwater_enhancement/data/processed/physical_degradation/low_light/50_img__lowlight.png,low_light,50_img_.png,/workspace/underwater_enhancement/data/raw_underwater/UIEB/reference-890/50_img_.png
/workspace/underwater_enhancement/data/processed/physical_degradation/blur/50_img__blur.png,blur,50_img_.png,/workspace/underwater_enhancement/data/raw_underwater/UIEB/reference-890/50_img_.png
/workspace/underwater_enhancement/data/processed/physical_degradation/blue_cast/510_img__blue.png,blue_cast,510_img_.png,/workspace/underwater_enhancement/data/raw_underwater/UIEB/reference-890/510_img_.png
/workspace/underwater_enhancement/data/processed/physical_degradation/green_cast/510_img__green.png,green_cast,510_img_.png,/workspace/underwater_enhancement/data/raw_underwater/UIEB/reference-890/510_img_.png
/workspace/underwater_enhancement/data/processed/physical_degradation/low_light/510_img__lowlight.png,low_light,510_img_.png,/workspace/underwater_enhancement/data/raw_underwater/UIEB/reference-890/510_img_.png
/workspace/underwater_enhancement/data/processed/physical_degradation/blur/510_img__blur.png,blur,510_img_.png,/workspace/underwater_enhancement/data/raw_underwater/UIEB/reference-890/510_img_.png
/workspace/underwater_enhancement/data/processed/physical_degradation/blue_cast/511_img__blue.png,blue_cast,511_img_.png,/workspace/underwater_enhancement/data/raw_underwater/UIEB/reference-890/511_img_.png
/workspace/underwater_enhancement/data/processed/physical_degradation/green_cast/511_img__green.png,green_cast,511_img_.png,/workspace/underwater_enhancement/data/raw_underwater/UIEB/reference-890/511_img_.png
/workspace/underwater_enhancement/data/processed/physical_degradation/low_light/511_img__lowlight.png,low_light,511_img_.png,/workspace/underwater_enhancement/data/raw_underwater/UIEB/reference-890/511_img_.png
/workspace/underwater_enhancement/data/processed/physical_degradation/blur/511_img__blur.png,blur,511_img_.png,/workspace/underwater_enhancement/data/raw_underwater/UIEB/reference-890/511_img_.png
/workspace/underwater_enhancement/data/processed/physical_degradation/blue_cast/512_img__blue.png,blue_cast,512_img_.png,/workspace/underwater_enhancement/data/raw_underwater/UIEB/reference-890/512_img_.png
/workspace/underwater_enhancement/data/processed/physical_degradation/green_cast/512_img__green.png,green_cast,512_img_.png,/workspace/underwater_enhancement/data/raw_underwater/UIEB/reference-890/512_img_.png
/workspace/underwater_enhancement/data/processed/physical_degradation/low_light/512_img__lowlight.png,low_light,512_img_.png,/workspace/underwater_enhancement/data/raw_underwater/UIEB/reference-890/512_img_.png
/workspace/underwater_enhancement/data/processed/physical_degradation/blur/512_img__blur.png,blur,512_img_.png,/workspace/underwater_enhancement/data/raw_underwater/UIEB/reference-890/512_img_.png
/workspace/underwater_enhancement/data/processed/physical_degradation/blue_cast/513_img__blue.png,blue_cast,513_img_.png,/workspace/underwater_enhancement/data/raw_underwater/UIEB/reference-890/513_img_.png
/workspace/underwater_enhancement/data/processed/physical_degradation/green_cast/513_img__green.png,green_cast,513_img_.png,/workspace/underwater_enhancement/data/raw_underwater/UIEB/reference-890/513_img_.png
/workspace/underwater_enhancement/data/processed/physical_degradation/low_light/513_img__lowlight.png,low_light,513_img_.png,/workspace/underwater_enhancement/data/raw_underwater/UIEB/reference-890/513_img_.png
/workspace/underwater_enhancement/data/processed/physical_degradation/blur/513_img__blur.png,blur,513_img_.png,/workspace/underwater_enhancement/data/raw_underwater/UIEB/reference-890/513_img_.png
/workspace/underwater_enhancement/data/processed/physical_degradation/blue_cast/515_img__blue.png,blue_cast,515_img_.png,/workspace/underwater_enhancement/data/raw_underwater/UIEB/reference-890/515_img_.png
/workspace/underwater_enhancement/data/processed/physical_degradation/green_cast/515_img__green.png,green_cast,515_img_.png,/workspace/underwater_enhancement/data/raw_underwater/UIEB/reference-890/515_img_.png
/workspace/underwater_enhancement/data/processed/physical_degradation/low_light/515_img__lowlight.png,low_light,515_img_.png,/workspace/underwater_enhancement/data/raw_underwater/UIEB/reference-890/515_img_.png
/workspace/underwater_enhancement/data/processed/physical_degradation/blur/515_img__blur.png,blur,515_img_.png,/workspace/underwater_enhancement/data/raw_underwater/UIEB/reference-890/515_img_.png
/workspace/underwater_enhancement/data/processed/physical_degradation/blue_cast/516_img__blue.png,blue_cast,516_img_.png,/workspace/underwater_enhancement/data/raw_underwater/UIEB/reference-890/516_img_.png
/workspace/underwater_enhancement/data/processed/physical_degradation/green_cast/516_img__green.png,green_cast,516_img_.png,/workspace/underwater_enhancement/data/raw_underwater/UIEB/reference-890/516_img_.png
/workspace/underwater_enhancement/data/processed/physical_degradation/low_light/516_img__lowlight.png,low_light,516_img_.png,/workspace/underwater_enhancement/data/raw_underwater/UIEB/reference-890/516_img_.png
/workspace/underwater_enhancement/data/processed/physical_degradation/blur/516_img__blur.png,blur,516_img_.png,/workspace/underwater_enhancement/data/raw_underwater/UIEB/reference-890/516_img_.png
/workspace/underwater_enhancement/data/processed/physical_degradation/blue_cast/517_img__blue.png,blue_cast,517_img_.png,/workspace/underwater_enhancement/data/raw_underwater/UIEB/reference-890/517_img_.png
/workspace/underwater_enhancement/data/processed/physical_degradation/green_cast/517_img__green.png,green_cast,517_img_.png,/workspace/underwater_enhancement/data/raw_underwater/UIEB/reference-890/517_img_.png
/workspace/underwater_enhancement/data/processed/physical_degradation/low_light/517_img__lowlight.png,low_light,517_img_.png,/workspace/underwater_enhancement/data/raw_underwater/UIEB/reference-890/517_img_.png
/workspace/underwater_enhancement/data/processed/physical_degradation/blur/517_img__blur.png,blur,517_img_.png,/workspace/underwater_enhancement/data/raw_underwater/UIEB/reference-890/517_img_.png
/workspace/underwater_enhancement/data/processed/physical_degradation/blue_cast/518_img__blue.png,blue_cast,518_img_.png,/workspace/underwater_enhancement/data/raw_underwater/UIEB/reference-890/518_img_.png
/workspace/underwater_enhancement/data/processed/physical_degradation/green_cast/518_img__green.png,green_cast,518_img_.png,/workspace/underwater_enhancement/data/raw_underwater/UIEB/reference-890/518_img_.png
/workspace/underwater_enhancement/data/processed/physical_degradation/low_light/518_img__lowlight.png,low_light,518_img_.png,/workspace/underwater_enhancement/data/raw_underwater/UIEB/reference-890/518_img_.png
/workspace/underwater_enhancement/data/processed/physical_degradation/blur/518_img__blur.png,blur,518_img_.png,/workspace/underwater_enhancement/data/raw_underwater/UIEB/reference-890/518_img_.png
/workspace/underwater_enhancement/data/processed/physical_degradation/blue_cast/519_img__blue.png,blue_cast,519_img_.png,/workspace/underwater_enhancement/data/raw_underwater/UIEB/reference-890/519_img_.png
/workspace/underwater_enhancement/data/processed/physical_degradation/green_cast/519_img__green.png,green_cast,519_img_.png,/workspace/underwater_enhancement/data/raw_underwater/UIEB/reference-890/519_img_.png
/workspace/underwater_enhancement/data/processed/physical_degradation/low_light/519_img__lowlight.png,low_light,519_img_.png,/workspace/underwater_enhancement/data/raw_underwater/UIEB/reference-890/519_img_.png
/workspace/underwater_enhancement/data/processed/physical_degradation/blur/519_img__blur.png,blur,519_img_.png,/workspace/underwater_enhancement/data/raw_underwater/UIEB/reference-890/519_img_.png
/workspace/underwater_enhancement/data/processed/physical_degradation/blue_cast/51_img__blue.png,blue_cast,51_img_.png,/workspace/underwater_enhancement/data/raw_underwater/UIEB/reference-890/51_img_.png
/workspace/underwater_enhancement/data/processed/physical_degradation/green_cast/51_img__green.png,green_cast,51_img_.png,/workspace/underwater_enhancement/data/raw_underwater/UIEB/reference-890/51_img_.png
/workspace/underwater_enhancement/data/processed/physical_degradation/low_light/51_img__lowlight.png,low_light,51_img_.png,/workspace/underwater_enhancement/data/raw_underwater/UIEB/reference-890/51_img_.png
/workspace/underwater_enhancement/data/processed/physical_degradation/blur/51_img__blur.png,blur,51_img_.png,/workspace/underwater_enhancement/data/raw_underwater/UIEB/reference-890/51_img_.png
/workspace/underwater_enhancement/data/processed/physical_degradation/blue_cast/524_img__blue.png,blue_cast,524_img_.png,/workspace/underwater_enhancement/data/raw_underwater/UIEB/reference-890/524_img_.png
/workspace/underwater_enhancement/data/processed/physical_degradation/green_cast/524_img__green.png,green_cast,524_img_.png,/workspace/underwater_enhancement/data/raw_underwater/UIEB/reference-890/524_img_.png
/workspace/underwater_enhancement/data/processed/physical_degradation/low_light/524_img__lowlight.png,low_light,524_img_.png,/workspace/underwater_enhancement/data/raw_underwater/UIEB/reference-890/524_img_.png
/workspace/underwater_enhancement/data/processed/physical_degradation/blur/524_img__blur.png,blur,524_img_.png,/workspace/underwater_enhancement/data/raw_underwater/UIEB/reference-890/524_img_.png
/workspace/underwater_enhancement/data/processed/physical_degradation/blue_cast/526_img__blue.png,blue_cast,526_img_.png,/workspace/underwater_enhancement/data/raw_underwater/UIEB/reference-890/526_img_.png
/workspace/underwater_enhancement/data/processed/physical_degradation/green_cast/526_img__green.png,green_cast,526_img_.png,/workspace/underwater_enhancement/data/raw_underwater/UIEB/reference-890/526_img_.png
/workspace/underwater_enhancement/data/processed/physical_degradation/low_light/526_img__lowlight.png,low_light,526_img_.png,/workspace/underwater_enhancement/data/raw_underwater/UIEB/reference-890/526_img_.png
/workspace/underwater_enhancement/data/processed/physical_degradation/blur/526_img__blur.png,blur,526_img_.png,/workspace/underwater_enhancement/data/raw_underwater/UIEB/reference-890/526_img_.png
/workspace/underwater_enhancement/data/processed/physical_degradation/blue_cast/527_img__blue.png,blue_cast,527_img_.png,/workspace/underwater_enhancement/data/raw_underwater/UIEB/reference-890/527_img_.png
/workspace/underwater_enhancement/data/processed/physical_degradation/green_cast/527_img__green.png,green_cast,527_img_.png,/workspace/underwater_enhancement/data/raw_underwater/UIEB/reference-890/527_img_.png
/workspace/underwater_enhancement/data/processed/physical_degradation/low_light/527_img__lowlight.png,low_light,527_img_.png,/workspace/underwater_enhancement/data/raw_underwater/UIEB/reference-890/527_img_.png
/workspace/underwater_enhancement/data/processed/physical_degradation/blur/527_img__blur.png,blur,527_img_.png,/workspace/underwater_enhancement/data/raw_underwater/UIEB/reference-890/527_img_.png
/workspace/underwater_enhancement/data/processed/physical_degradation/blue_cast/528_img__blue.png,blue_cast,528_img_.png,/workspace/underwater_enhancement/data/raw_underwater/UIEB/reference-890/528_img_.png
/workspace/underwater_enhancement/data/processed/physical_degradation/green_cast/528_img__green.png,green_cast,528_img_.png,/workspace/underwater_enhancement/data/raw_underwater/UIEB/reference-890/528_img_.png
/workspace/underwater_enhancement/data/processed/physical_degradation/low_light/528_img__lowlight.png,low_light,528_img_.png,/workspace/underwater_enhancement/data/raw_underwater/UIEB/reference-890/528_img_.png
/workspace/underwater_enhancement/data/processed/physical_degradation/blur/528_img__blur.png,blur,528_img_.png,/workspace/underwater_enhancement/data/raw_underwater/UIEB/reference-890/528_img_.png
/workspace/underwater_enhancement/data/processed/physical_degradation/blue_cast/52_img__blue.png,blue_cast,52_img_.png,/workspace/underwater_enhancement/data/raw_underwater/UIEB/reference-890/52_img_.png
/workspace/underwater_enhancement/data/processed/physical_degradation/green_cast/52_img__green.png,green_cast,52_img_.png,/workspace/underwater_enhancement/data/raw_underwater/UIEB/reference-890/52_img_.png
/workspace/underwater_enhancement/data/processed/physical_degradation/low_light/52_img__lowlight.png,low_light,52_img_.png,/workspace/underwater_enhancement/data/raw_underwater/UIEB/reference-890/52_img_.png
/workspace/underwater_enhancement/data/processed/physical_degradation/blur/52_img__blur.png,blur,52_img_.png,/workspace/underwater_enhancement/data/raw_underwater/UIEB/reference-890/52_img_.png
/workspace/underwater_enhancement/data/processed/physical_degradation/blue_cast/530_img__blue.png,blue_cast,530_img_.png,/workspace/underwater_enhancement/data/raw_underwater/UIEB/reference-890/530_img_.png
/workspace/underwater_enhancement/data/processed/physical_degradation/green_cast/530_img__green.png,green_cast,530_img_.png,/workspace/underwater_enhancement/data/raw_underwater/UIEB/reference-890/530_img_.png
/workspace/underwater_enhancement/data/processed/physical_degradation/low_light/530_img__lowlight.png,low_light,530_img_.png,/workspace/underwater_enhancement/data/raw_underwater/UIEB/reference-890/530_img_.png
/workspace/underwater_enhancement/data/processed/physical_degradation/blur/530_img__blur.png,blur,530_img_.png,/workspace/underwater_enhancement/data/raw_underwater/UIEB/reference-890/530_img_.png
/workspace/underwater_enhancement/data/processed/physical_degradation/blue_cast/531_img__blue.png,blue_cast,531_img_.png,/workspace/underwater_enhancement/data/raw_underwater/UIEB/reference-890/531_img_.png
/workspace/underwater_enhancement/data/processed/physical_degradation/green_cast/531_img__green.png,green_cast,531_img_.png,/workspace/underwater_enhancement/data/raw_underwater/UIEB/reference-890/531_img_.png
/workspace/underwater_enhancement/data/processed/physical_degradation/low_light/531_img__lowlight.png,low_light,531_img_.png,/workspace/underwater_enhancement/data/raw_underwater/UIEB/reference-890/531_img_.png
/workspace/underwater_enhancement/data/processed/physical_degradation/blur/531_img__blur.png,blur,531_img_.png,/workspace/underwater_enhancement/data/raw_underwater/UIEB/reference-890/531_img_.png
/workspace/underwater_enhancement/data/processed/physical_degradation/blue_cast/532_img__blue.png,blue_cast,532_img_.png,/workspace/underwater_enhancement/data/raw_underwater/UIEB/reference-890/532_img_.png
/workspace/underwater_enhancement/data/processed/physical_degradation/green_cast/532_img__green.png,green_cast,532_img_.png,/workspace/underwater_enhancement/data/raw_underwater/UIEB/reference-890/532_img_.png
/workspace/underwater_enhancement/data/processed/physical_degradation/low_light/532_img__lowlight.png,low_light,532_img_.png,/workspace/underwater_enhancement/data/raw_underwater/UIEB/reference-890/532_img_.png
/workspace/underwater_enhancement/data/processed/physical_degradation/blur/532_img__blur.png,blur,532_img_.png,/workspace/underwater_enhancement/data/raw_underwater/UIEB/reference-890/532_img_.png
/workspace/underwater_enhancement/data/processed/physical_degradation/blue_cast/533_img__blue.png,blue_cast,533_img_.png,/workspace/underwater_enhancement/data/raw_underwater/UIEB/reference-890/533_img_.png
/workspace/underwater_enhancement/data/processed/physical_degradation/green_cast/533_img__green.png,green_cast,533_img_.png,/workspace/underwater_enhancement/data/raw_underwater/UIEB/reference-890/533_img_.png
/workspace/underwater_enhancement/data/processed/physical_degradation/low_light/533_img__lowlight.png,low_light,533_img_.png,/workspace/underwater_enhancement/data/raw_underwater/UIEB/reference-890/533_img_.png
/workspace/underwater_enhancement/data/processed/physical_degradation/blur/533_img__blur.png,blur,533_img_.png,/workspace/underwater_enhancement/data/raw_underwater/UIEB/reference-890/533_img_.png
/workspace/underwater_enhancement/data/processed/physical_degradation/blue_cast/534_img__blue.png,blue_cast,534_img_.png,/workspace/underwater_enhancement/data/raw_underwater/UIEB/reference-890/534_img_.png
/workspace/underwater_enhancement/data/processed/physical_degradation/green_cast/534_img__green.png,green_cast,534_img_.png,/workspace/underwater_enhancement/data/raw_underwater/UIEB/reference-890/534_img_.png
/workspace/underwater_enhancement/data/processed/physical_degradation/low_light/534_img__lowlight.png,low_light,534_img_.png,/workspace/underwater_enhancement/data/raw_underwater/UIEB/reference-890/534_img_.png
/workspace/underwater_enhancement/data/processed/physical_degradation/blur/534_img__blur.png,blur,534_img_.png,/workspace/underwater_enhancement/data/raw_underwater/UIEB/reference-890/534_img_.png
/workspace/underwater_enhancement/data/processed/physical_degradation/blue_cast/535_img__blue.png,blue_cast,535_img_.png,/workspace/underwater_enhancement/data/raw_underwater/UIEB/reference-890/535_img_.png
/workspace/underwater_enhancement/data/processed/physical_degradation/green_cast/535_img__green.png,green_cast,535_img_.png,/workspace/underwater_enhancement/data/raw_underwater/UIEB/reference-890/535_img_.png
/workspace/underwater_enhancement/data/processed/physical_degradation/low_light/535_img__lowlight.png,low_light,535_img_.png,/workspace/underwater_enhancement/data/raw_underwater/UIEB/reference-890/535_img_.png
/workspace/underwater_enhancement/data/processed/physical_degradation/blur/535_img__blur.png,blur,535_img_.png,/workspace/underwater_enhancement/data/raw_underwater/UIEB/reference-890/535_img_.png
/workspace/underwater_enhancement/data/processed/physical_degradation/blue_cast/536_img__blue.png,blue_cast,536_img_.png,/workspace/underwater_enhancement/data/raw_underwater/UIEB/reference-890/536_img_.png
/workspace/underwater_enhancement/data/processed/physical_degradation/green_cast/536_img__green.png,green_cast,536_img_.png,/workspace/underwater_enhancement/data/raw_underwater/UIEB/reference-890/536_img_.png
/workspace/underwater_enhancement/data/processed/physical_degradation/low_light/536_img__lowlight.png,low_light,536_img_.png,/workspace/underwater_enhancement/data/raw_underwater/UIEB/reference-890/536_img_.png
/workspace/underwater_enhancement/data/processed/physical_degradation/blur/536_img__blur.png,blur,536_img_.png,/workspace/underwater_enhancement/data/raw_underwater/UIEB/reference-890/536_img_.png
/workspace/underwater_enhancement/data/processed/physical_degradation/blue_cast/537_img__blue.png,blue_cast,537_img_.png,/workspace/underwater_enhancement/data/raw_underwater/UIEB/reference-890/537_img_.png
/workspace/underwater_enhancement/data/processed/physical_degradation/green_cast/537_img__green.png,green_cast,537_img_.png,/workspace/underwater_enhancement/data/raw_underwater/UIEB/reference-890/537_img_.png
/workspace/underwater_enhancement/data/processed/physical_degradation/low_light/537_img__lowlight.png,low_light,537_img_.png,/workspace/underwater_enhancement/data/raw_underwater/UIEB/reference-890/537_img_.png
/workspace/underwater_enhancement/data/processed/physical_degradation/blur/537_img__blur.png,blur,537_img_.png,/workspace/underwater_enhancement/data/raw_underwater/UIEB/reference-890/537_img_.png
/workspace/underwater_enhancement/data/processed/physical_degradation/blue_cast/538_img__blue.png,blue_cast,538_img_.png,/workspace/underwater_enhancement/data/raw_underwater/UIEB/reference-890/538_img_.png
/workspace/underwater_enhancement/data/processed/physical_degradation/green_cast/538_img__green.png,green_cast,538_img_.png,/workspace/underwater_enhancement/data/raw_underwater/UIEB/reference-890/538_img_.png
/workspace/underwater_enhancement/data/processed/physical_degradation/low_light/538_img__lowlight.png,low_light,538_img_.png,/workspace/underwater_enhancement/data/raw_underwater/UIEB/reference-890/538_img_.png
/workspace/underwater_enhancement/data/processed/physical_degradation/blur/538_img__blur.png,blur,538_img_.png,/workspace/underwater_enhancement/data/raw_underwater/UIEB/reference-890/538_img_.png
/workspace/underwater_enhancement/data/processed/physical_degradation/blue_cast/539_blue.png,blue_cast,539.png,/workspace/underwater_enhancement/data/raw_underwater/UIEB/reference-890/539.png
/workspace/underwater_enhancement/data/processed/physical_degradation/green_cast/539_green.png,green_cast,539.png,/workspace/underwater_enhancement/data/raw_underwater/UIEB/reference-890/539.png
/workspace/underwater_enhancement/data/processed/physical_degradation/low_light/539_lowlight.png,low_light,539.png,/workspace/underwater_enhancement/data/raw_underwater/UIEB/reference-890/539.png
/workspace/underwater_enhancement/data/processed/physical_degradation/blur/539_blur.png,blur,539.png,/workspace/underwater_enhancement/data/raw_underwater/UIEB/reference-890/539.png
/workspace/underwater_enhancement/data/processed/physical_degradation/blue_cast/539_img__blue.png,blue_cast,539_img_.png,/workspace/underwater_enhancement/data/raw_underwater/UIEB/reference-890/539_img_.png
/workspace/underwater_enhancement/data/processed/physical_degradation/green_cast/539_img__green.png,green_cast,539_img_.png,/workspace/underwater_enhancement/data/raw_underwater/UIEB/reference-890/539_img_.png
/workspace/underwater_enhancement/data/processed/physical_degradation/low_light/539_img__lowlight.png,low_light,539_img_.png,/workspace/underwater_enhancement/data/raw_underwater/UIEB/reference-890/539_img_.png
/workspace/underwater_enhancement/data/processed/physical_degradation/blur/539_img__blur.png,blur,539_img_.png,/workspace/underwater_enhancement/data/raw_underwater/UIEB/reference-890/539_img_.png
/workspace/underwater_enhancement/data/processed/physical_degradation/blue_cast/53_img__blue.png,blue_cast,53_img_.png,/workspace/underwater_enhancement/data/raw_underwater/UIEB/reference-890/53_img_.png
/workspace/underwater_enhancement/data/processed/physical_degradation/green_cast/53_img__green.png,green_cast,53_img_.png,/workspace/underwater_enhancement/data/raw_underwater/UIEB/reference-890/53_img_.png
/workspace/underwater_enhancement/data/processed/physical_degradation/low_light/53_img__lowlight.png,low_light,53_img_.png,/workspace/underwater_enhancement/data/raw_underwater/UIEB/reference-890/53_img_.png
/workspace/underwater_enhancement/data/processed/physical_degradation/blur/53_img__blur.png,blur,53_img_.png,/workspace/underwater_enhancement/data/raw_underwater/UIEB/reference-890/53_img_.png
/workspace/underwater_enhancement/data/processed/physical_degradation/blue_cast/540_img__blue.png,blue_cast,540_img_.png,/workspace/underwater_enhancement/data/raw_underwater/UIEB/reference-890/540_img_.png
/workspace/underwater_enhancement/data/processed/physical_degradation/green_cast/540_img__green.png,green_cast,540_img_.png,/workspace/underwater_enhancement/data/raw_underwater/UIEB/reference-890/540_img_.png
/workspace/underwater_enhancement/data/processed/physical_degradation/low_light/540_img__lowlight.png,low_light,540_img_.png,/workspace/underwater_enhancement/data/raw_underwater/UIEB/reference-890/540_img_.png
/workspace/underwater_enhancement/data/processed/physical_degradation/blur/540_img__blur.png,blur,540_img_.png,/workspace/underwater_enhancement/data/raw_underwater/UIEB/reference-890/540_img_.png
/workspace/underwater_enhancement/data/processed/physical_degradation/blue_cast/541_img__blue.png,blue_cast,541_img_.png,/workspace/underwater_enhancement/data/raw_underwater/UIEB/reference-890/541_img_.png
/workspace/underwater_enhancement/data/processed/physical_degradation/green_cast/541_img__green.png,green_cast,541_img_.png,/workspace/underwater_enhancement/data/raw_underwater/UIEB/reference-890/541_img_.png
/workspace/underwater_enhancement/data/processed/physical_degradation/low_light/541_img__lowlight.png,low_light,541_img_.png,/workspace/underwater_enhancement/data/raw_underwater/UIEB/reference-890/541_img_.png
/workspace/underwater_enhancement/data/processed/physical_degradation/blur/541_img__blur.png,blur,541_img_.png,/workspace/underwater_enhancement/data/raw_underwater/UIEB/reference-890/541_img_.png
/workspace/underwater_enhancement/data/processed/physical_degradation/blue_cast/542_img__blue.png,blue_cast,542_img_.png,/workspace/underwater_enhancement/data/raw_underwater/UIEB/reference-890/542_img_.png
/workspace/underwater_enhancement/data/processed/physical_degradation/green_cast/542_img__green.png,green_cast,542_img_.png,/workspace/underwater_enhancement/data/raw_underwater/UIEB/reference-890/542_img_.png
/workspace/underwater_enhancement/data/processed/physical_degradation/low_light/542_img__lowlight.png,low_light,542_img_.png,/workspace/underwater_enhancement/data/raw_underwater/UIEB/reference-890/542_img_.png
/workspace/underwater_enhancement/data/processed/physical_degradation/blur/542_img__blur.png,blur,542_img_.png,/workspace/underwater_enhancement/data/raw_underwater/UIEB/reference-890/542_img_.png
/workspace/underwater_enhancement/data/processed/physical_degradation/blue_cast/543_img__blue.png,blue_cast,543_img_.png,/workspace/underwater_enhancement/data/raw_underwater/UIEB/reference-890/543_img_.png
/workspace/underwater_enhancement/data/processed/physical_degradation/green_cast/543_img__green.png,green_cast,543_img_.png,/workspace/underwater_enhancement/data/raw_underwater/UIEB/reference-890/543_img_.png
/workspace/underwater_enhancement/data/processed/physical_degradation/low_light/543_img__lowlight.png,low_light,543_img_.png,/workspace/underwater_enhancement/data/raw_underwater/UIEB/reference-890/543_img_.png
/workspace/underwater_enhancement/data/processed/physical_degradation/blur/543_img__blur.png,blur,543_img_.png,/workspace/underwater_enhancement/data/raw_underwater/UIEB/reference-890/543_img_.png
/workspace/underwater_enhancement/data/processed/physical_degradation/blue_cast/544_img__blue.png,blue_cast,544_img_.png,/workspace/underwater_enhancement/data/raw_underwater/UIEB/reference-890/544_img_.png
/workspace/underwater_enhancement/data/processed/physical_degradation/green_cast/544_img__green.png,green_cast,544_img_.png,/workspace/underwater_enhancement/data/raw_underwater/UIEB/reference-890/544_img_.png
/workspace/underwater_enhancement/data/processed/physical_degradation/low_light/544_img__lowlight.png,low_light,544_img_.png,/workspace/underwater_enhancement/data/raw_underwater/UIEB/reference-890/544_img_.png
/workspace/underwater_enhancement/data/processed/physical_degradation/blur/544_img__blur.png,blur,544_img_.png,/workspace/underwater_enhancement/data/raw_underwater/UIEB/reference-890/544_img_.png
/workspace/underwater_enhancement/data/processed/physical_degradation/blue_cast/545_img__blue.png,blue_cast,545_img_.png,/workspace/underwater_enhancement/data/raw_underwater/UIEB/reference-890/545_img_.png
/workspace/underwater_enhancement/data/processed/physical_degradation/green_cast/545_img__green.png,green_cast,545_img_.png,/workspace/underwater_enhancement/data/raw_underwater/UIEB/reference-890/545_img_.png
/workspace/underwater_enhancement/data/processed/physical_degradation/low_light/545_img__lowlight.png,low_light,545_img_.png,/workspace/underwater_enhancement/data/raw_underwater/UIEB/reference-890/545_img_.png
/workspace/underwater_enhancement/data/processed/physical_degradation/blur/545_img__blur.png,blur,545_img_.png,/workspace/underwater_enhancement/data/raw_underwater/UIEB/reference-890/545_img_.png
/workspace/underwater_enhancement/data/processed/physical_degradation/blue_cast/546_img__blue.png,blue_cast,546_img_.png,/workspace/underwater_enhancement/data/raw_underwater/UIEB/reference-890/546_img_.png
/workspace/underwater_enhancement/data/processed/physical_degradation/green_cast/546_img__green.png,green_cast,546_img_.png,/workspace/underwater_enhancement/data/raw_underwater/UIEB/reference-890/546_img_.png
/workspace/underwater_enhancement/data/processed/physical_degradation/low_light/546_img__lowlight.png,low_light,546_img_.png,/workspace/underwater_enhancement/data/raw_underwater/UIEB/reference-890/546_img_.png
/workspace/underwater_enhancement/data/processed/physical_degradation/blur/546_img__blur.png,blur,546_img_.png,/workspace/underwater_enhancement/data/raw_underwater/UIEB/reference-890/546_img_.png
/workspace/underwater_enhancement/data/processed/physical_degradation/blue_cast/547_img__blue.png,blue_cast,547_img_.png,/workspace/underwater_enhancement/data/raw_underwater/UIEB/reference-890/547_img_.png
/workspace/underwater_enhancement/data/processed/physical_degradation/green_cast/547_img__green.png,green_cast,547_img_.png,/workspace/underwater_enhancement/data/raw_underwater/UIEB/reference-890/547_img_.png
/workspace/underwater_enhancement/data/processed/physical_degradation/low_light/547_img__lowlight.png,low_light,547_img_.png,/workspace/underwater_enhancement/data/raw_underwater/UIEB/reference-890/547_img_.png
/workspace/underwater_enhancement/data/processed/physical_degradation/blur/547_img__blur.png,blur,547_img_.png,/workspace/underwater_enhancement/data/raw_underwater/UIEB/reference-890/547_img_.png
/workspace/underwater_enhancement/data/processed/physical_degradation/blue_cast/549_img__blue.png,blue_cast,549_img_.png,/workspace/underwater_enhancement/data/raw_underwater/UIEB/reference-890/549_img_.png
/workspace/underwater_enhancement/data/processed/physical_degradation/green_cast/549_img__green.png,green_cast,549_img_.png,/workspace/underwater_enhancement/data/raw_underwater/UIEB/reference-890/549_img_.png
/workspace/underwater_enhancement/data/processed/physical_degradation/low_light/549_img__lowlight.png,low_light,549_img_.png,/workspace/underwater_enhancement/data/raw_underwater/UIEB/reference-890/549_img_.png
/workspace/underwater_enhancement/data/processed/physical_degradation/blur/549_img__blur.png,blur,549_img_.png,/workspace/underwater_enhancement/data/raw_underwater/UIEB/reference-890/549_img_.png
/workspace/underwater_enhancement/data/processed/physical_degradation/blue_cast/550_img__blue.png,blue_cast,550_img_.png,/workspace/underwater_enhancement/data/raw_underwater/UIEB/reference-890/550_img_.png
/workspace/underwater_enhancement/data/processed/physical_degradation/green_cast/550_img__green.png,green_cast,550_img_.png,/workspace/underwater_enhancement/data/raw_underwater/UIEB/reference-890/550_img_.png
/workspace/underwater_enhancement/data/processed/physical_degradation/low_light/550_img__lowlight.png,low_light,550_img_.png,/workspace/underwater_enhancement/data/raw_underwater/UIEB/reference-890/550_img_.png
/workspace/underwater_enhancement/data/processed/physical_degradation/blur/550_img__blur.png,blur,550_img_.png,/workspace/underwater_enhancement/data/raw_underwater/UIEB/reference-890/550_img_.png
/workspace/underwater_enhancement/data/processed/physical_degradation/blue_cast/551_img__blue.png,blue_cast,551_img_.png,/workspace/underwater_enhancement/data/raw_underwater/UIEB/reference-890/551_img_.png
/workspace/underwater_enhancement/data/processed/physical_degradation/green_cast/551_img__green.png,green_cast,551_img_.png,/workspace/underwater_enhancement/data/raw_underwater/UIEB/reference-890/551_img_.png
/workspace/underwater_enhancement/data/processed/physical_degradation/low_light/551_img__lowlight.png,low_light,551_img_.png,/workspace/underwater_enhancement/data/raw_underwater/UIEB/reference-890/551_img_.png
/workspace/underwater_enhancement/data/processed/physical_degradation/blur/551_img__blur.png,blur,551_img_.png,/workspace/underwater_enhancement/data/raw_underwater/UIEB/reference-890/551_img_.png
/workspace/underwater_enhancement/data/processed/physical_degradation/blue_cast/552_img__blue.png,blue_cast,552_img_.png,/workspace/underwater_enhancement/data/raw_underwater/UIEB/reference-890/552_img_.png
/workspace/underwater_enhancement/data/processed/physical_degradation/green_cast/552_img__green.png,green_cast,552_img_.png,/workspace/underwater_enhancement/data/raw_underwater/UIEB/reference-890/552_img_.png
/workspace/underwater_enhancement/data/processed/physical_degradation/low_light/552_img__lowlight.png,low_light,552_img_.png,/workspace/underwater_enhancement/data/raw_underwater/UIEB/reference-890/552_img_.png
/workspace/underwater_enhancement/data/processed/physical_degradation/blur/552_img__blur.png,blur,552_img_.png,/workspace/underwater_enhancement/data/raw_underwater/UIEB/reference-890/552_img_.png
/workspace/underwater_enhancement/data/processed/physical_degradation/blue_cast/554_img__blue.png,blue_cast,554_img_.png,/workspace/underwater_enhancement/data/raw_underwater/UIEB/reference-890/554_img_.png
/workspace/underwater_enhancement/data/processed/physical_degradation/green_cast/554_img__green.png,green_cast,554_img_.png,/workspace/underwater_enhancement/data/raw_underwater/UIEB/reference-890/554_img_.png
/workspace/underwater_enhancement/data/processed/physical_degradation/low_light/554_img__lowlight.png,low_light,554_img_.png,/workspace/underwater_enhancement/data/raw_underwater/UIEB/reference-890/554_img_.png
/workspace/underwater_enhancement/data/processed/physical_degradation/blur/554_img__blur.png,blur,554_img_.png,/workspace/underwater_enhancement/data/raw_underwater/UIEB/reference-890/554_img_.png
/workspace/underwater_enhancement/data/processed/physical_degradation/blue_cast/5554_blue.png,blue_cast,5554.png,/workspace/underwater_enhancement/data/raw_underwater/UIEB/reference-890/5554.png
/workspace/underwater_enhancement/data/processed/physical_degradation/green_cast/5554_green.png,green_cast,5554.png,/workspace/underwater_enhancement/data/raw_underwater/UIEB/reference-890/5554.png
/workspace/underwater_enhancement/data/processed/physical_degradation/low_light/5554_lowlight.png,low_light,5554.png,/workspace/underwater_enhancement/data/raw_underwater/UIEB/reference-890/5554.png
/workspace/underwater_enhancement/data/processed/physical_degradation/blur/5554_blur.png,blur,5554.png,/workspace/underwater_enhancement/data/raw_underwater/UIEB/reference-890/5554.png
/workspace/underwater_enhancement/data/processed/physical_degradation/blue_cast/555_img__blue.png,blue_cast,555_img_.png,/workspace/underwater_enhancement/data/raw_underwater/UIEB/reference-890/555_img_.png
/workspace/underwater_enhancement/data/processed/physical_degradation/green_cast/555_img__green.png,green_cast,555_img_.png,/workspace/underwater_enhancement/data/raw_underwater/UIEB/reference-890/555_img_.png
/workspace/underwater_enhancement/data/processed/physical_degradation/low_light/555_img__lowlight.png,low_light,555_img_.png,/workspace/underwater_enhancement/data/raw_underwater/UIEB/reference-890/555_img_.png
/workspace/underwater_enhancement/data/processed/physical_degradation/blur/555_img__blur.png,blur,555_img_.png,/workspace/underwater_enhancement/data/raw_underwater/UIEB/reference-890/555_img_.png
/workspace/underwater_enhancement/data/processed/physical_degradation/blue_cast/556_img__blue.png,blue_cast,556_img_.png,/workspace/underwater_enhancement/data/raw_underwater/UIEB/reference-890/556_img_.png
/workspace/underwater_enhancement/data/processed/physical_degradation/green_cast/556_img__green.png,green_cast,556_img_.png,/workspace/underwater_enhancement/data/raw_underwater/UIEB/reference-890/556_img_.png
/workspace/underwater_enhancement/data/processed/physical_degradation/low_light/556_img__lowlight.png,low_light,556_img_.png,/workspace/underwater_enhancement/data/raw_underwater/UIEB/reference-890/556_img_.png
/workspace/underwater_enhancement/data/processed/physical_degradation/blur/556_img__blur.png,blur,556_img_.png,/workspace/underwater_enhancement/data/raw_underwater/UIEB/reference-890/556_img_.png
/workspace/underwater_enhancement/data/processed/physical_degradation/blue_cast/557_blue.png,blue_cast,557.png,/workspace/underwater_enhancement/data/raw_underwater/UIEB/reference-890/557.png
/workspace/underwater_enhancement/data/processed/physical_degradation/green_cast/557_green.png,green_cast,557.png,/workspace/underwater_enhancement/data/raw_underwater/UIEB/reference-890/557.png
/workspace/underwater_enhancement/data/processed/physical_degradation/low_light/557_lowlight.png,low_light,557.png,/workspace/underwater_enhancement/data/raw_underwater/UIEB/reference-890/557.png
/workspace/underwater_enhancement/data/processed/physical_degradation/blur/557_blur.png,blur,557.png,/workspace/underwater_enhancement/data/raw_underwater/UIEB/reference-890/557.png
/workspace/underwater_enhancement/data/processed/physical_degradation/blue_cast/557_img__blue.png,blue_cast,557_img_.png,/workspace/underwater_enhancement/data/raw_underwater/UIEB/reference-890/557_img_.png
/workspace/underwater_enhancement/data/processed/physical_degradation/green_cast/557_img__green.png,green_cast,557_img_.png,/workspace/underwater_enhancement/data/raw_underwater/UIEB/reference-890/557_img_.png
/workspace/underwater_enhancement/data/processed/physical_degradation/low_light/557_img__lowlight.png,low_light,557_img_.png,/workspace/underwater_enhancement/data/raw_underwater/UIEB/reference-890/557_img_.png
/workspace/underwater_enhancement/data/processed/physical_degradation/blur/557_img__blur.png,blur,557_img_.png,/workspace/underwater_enhancement/data/raw_underwater/UIEB/reference-890/557_img_.png
/workspace/underwater_enhancement/data/processed/physical_degradation/blue_cast/558_img__blue.png,blue_cast,558_img_.png,/workspace/underwater_enhancement/data/raw_underwater/UIEB/reference-890/558_img_.png
/workspace/underwater_enhancement/data/processed/physical_degradation/green_cast/558_img__green.png,green_cast,558_img_.png,/workspace/underwater_enhancement/data/raw_underwater/UIEB/reference-890/558_img_.png
/workspace/underwater_enhancement/data/processed/physical_degradation/low_light/558_img__lowlight.png,low_light,558_img_.png,/workspace/underwater_enhancement/data/raw_underwater/UIEB/reference-890/558_img_.png
/workspace/underwater_enhancement/data/processed/physical_degradation/blur/558_img__blur.png,blur,558_img_.png,/workspace/underwater_enhancement/data/raw_underwater/UIEB/reference-890/558_img_.png
/workspace/underwater_enhancement/data/processed/physical_degradation/blue_cast/559_blue.png,blue_cast,559.png,/workspace/underwater_enhancement/data/raw_underwater/UIEB/reference-890/559.png
/workspace/underwater_enhancement/data/processed/physical_degradation/green_cast/559_green.png,green_cast,559.png,/workspace/underwater_enhancement/data/raw_underwater/UIEB/reference-890/559.png
/workspace/underwater_enhancement/data/processed/physical_degradation/low_light/559_lowlight.png,low_light,559.png,/workspace/underwater_enhancement/data/raw_underwater/UIEB/reference-890/559.png
/workspace/underwater_enhancement/data/processed/physical_degradation/blur/559_blur.png,blur,559.png,/workspace/underwater_enhancement/data/raw_underwater/UIEB/reference-890/559.png
/workspace/underwater_enhancement/data/processed/physical_degradation/blue_cast/55_img__blue.png,blue_cast,55_img_.png,/workspace/underwater_enhancement/data/raw_underwater/UIEB/reference-890/55_img_.png
/workspace/underwater_enhancement/data/processed/physical_degradation/green_cast/55_img__green.png,green_cast,55_img_.png,/workspace/underwater_enhancement/data/raw_underwater/UIEB/reference-890/55_img_.png
/workspace/underwater_enhancement/data/processed/physical_degradation/low_light/55_img__lowlight.png,low_light,55_img_.png,/workspace/underwater_enhancement/data/raw_underwater/UIEB/reference-890/55_img_.png
/workspace/underwater_enhancement/data/processed/physical_degradation/blur/55_img__blur.png,blur,55_img_.png,/workspace/underwater_enhancement/data/raw_underwater/UIEB/reference-890/55_img_.png
/workspace/underwater_enhancement/data/processed/physical_degradation/blue_cast/560_img__blue.png,blue_cast,560_img_.png,/workspace/underwater_enhancement/data/raw_underwater/UIEB/reference-890/560_img_.png
/workspace/underwater_enhancement/data/processed/physical_degradation/green_cast/560_img__green.png,green_cast,560_img_.png,/workspace/underwater_enhancement/data/raw_underwater/UIEB/reference-890/560_img_.png
/workspace/underwater_enhancement/data/processed/physical_degradation/low_light/560_img__lowlight.png,low_light,560_img_.png,/workspace/underwater_enhancement/data/raw_underwater/UIEB/reference-890/560_img_.png
/workspace/underwater_enhancement/data/processed/physical_degradation/blur/560_img__blur.png,blur,560_img_.png,/workspace/underwater_enhancement/data/raw_underwater/UIEB/reference-890/560_img_.png
/workspace/underwater_enhancement/data/processed/physical_degradation/blue_cast/561_img__blue.png,blue_cast,561_img_.png,/workspace/underwater_enhancement/data/raw_underwater/UIEB/reference-890/561_img_.png
/workspace/underwater_enhancement/data/processed/physical_degradation/green_cast/561_img__green.png,green_cast,561_img_.png,/workspace/underwater_enhancement/data/raw_underwater/UIEB/reference-890/561_img_.png
/workspace/underwater_enhancement/data/processed/physical_degradation/low_light/561_img__lowlight.png,low_light,561_img_.png,/workspace/underwater_enhancement/data/raw_underwater/UIEB/reference-890/561_img_.png
/workspace/underwater_enhancement/data/processed/physical_degradation/blur/561_img__blur.png,blur,561_img_.png,/workspace/underwater_enhancement/data/raw_underwater/UIEB/reference-890/561_img_.png
/workspace/underwater_enhancement/data/processed/physical_degradation/blue_cast/562_img__blue.png,blue_cast,562_img_.png,/workspace/underwater_enhancement/data/raw_underwater/UIEB/reference-890/562_img_.png
/workspace/underwater_enhancement/data/processed/physical_degradation/green_cast/562_img__green.png,green_cast,562_img_.png,/workspace/underwater_enhancement/data/raw_underwater/UIEB/reference-890/562_img_.png
/workspace/underwater_enhancement/data/processed/physical_degradation/low_light/562_img__lowlight.png,low_light,562_img_.png,/workspace/underwater_enhancement/data/raw_underwater/UIEB/reference-890/562_img_.png
/workspace/underwater_enhancement/data/processed/physical_degradation/blur/562_img__blur.png,blur,562_img_.png,/workspace/underwater_enhancement/data/raw_underwater/UIEB/reference-890/562_img_.png
/workspace/underwater_enhancement/data/processed/physical_degradation/blue_cast/563_blue.png,blue_cast,563.png,/workspace/underwater_enhancement/data/raw_underwater/UIEB/reference-890/563.png
/workspace/underwater_enhancement/data/processed/physical_degradation/green_cast/563_green.png,green_cast,563.png,/workspace/underwater_enhancement/data/raw_underwater/UIEB/reference-890/563.png
/workspace/underwater_enhancement/data/processed/physical_degradation/low_light/563_lowlight.png,low_light,563.png,/workspace/underwater_enhancement/data/raw_underwater/UIEB/reference-890/563.png
/workspace/underwater_enhancement/data/processed/physical_degradation/blur/563_blur.png,blur,563.png,/workspace/underwater_enhancement/data/raw_underwater/UIEB/reference-890/563.png
/workspace/underwater_enhancement/data/processed/physical_degradation/blue_cast/563_img__blue.png,blue_cast,563_img_.png,/workspace/underwater_enhancement/data/raw_underwater/UIEB/reference-890/563_img_.png
/workspace/underwater_enhancement/data/processed/physical_degradation/green_cast/563_img__green.png,green_cast,563_img_.png,/workspace/underwater_enhancement/data/raw_underwater/UIEB/reference-890/563_img_.png
/workspace/underwater_enhancement/data/processed/physical_degradation/low_light/563_img__lowlight.png,low_light,563_img_.png,/workspace/underwater_enhancement/data/raw_underwater/UIEB/reference-890/563_img_.png
/workspace/underwater_enhancement/data/processed/physical_degradation/blur/563_img__blur.png,blur,563_img_.png,/workspace/underwater_enhancement/data/raw_underwater/UIEB/reference-890/563_img_.png
/workspace/underwater_enhancement/data/processed/physical_degradation/blue_cast/564_img__blue.png,blue_cast,564_img_.png,/workspace/underwater_enhancement/data/raw_underwater/UIEB/reference-890/564_img_.png
/workspace/underwater_enhancement/data/processed/physical_degradation/green_cast/564_img__green.png,green_cast,564_img_.png,/workspace/underwater_enhancement/data/raw_underwater/UIEB/reference-890/564_img_.png
/workspace/underwater_enhancement/data/processed/physical_degradation/low_light/564_img__lowlight.png,low_light,564_img_.png,/workspace/underwater_enhancement/data/raw_underwater/UIEB/reference-890/564_img_.png
/workspace/underwater_enhancement/data/processed/physical_degradation/blur/564_img__blur.png,blur,564_img_.png,/workspace/underwater_enhancement/data/raw_underwater/UIEB/reference-890/564_img_.png
/workspace/underwater_enhancement/data/processed/physical_degradation/blue_cast/566_img__blue.png,blue_cast,566_img_.png,/workspace/underwater_enhancement/data/raw_underwater/UIEB/reference-890/566_img_.png
/workspace/underwater_enhancement/data/processed/physical_degradation/green_cast/566_img__green.png,green_cast,566_img_.png,/workspace/underwater_enhancement/data/raw_underwater/UIEB/reference-890/566_img_.png
/workspace/underwater_enhancement/data/processed/physical_degradation/low_light/566_img__lowlight.png,low_light,566_img_.png,/workspace/underwater_enhancement/data/raw_underwater/UIEB/reference-890/566_img_.png
/workspace/underwater_enhancement/data/processed/physical_degradation/blur/566_img__blur.png,blur,566_img_.png,/workspace/underwater_enhancement/data/raw_underwater/UIEB/reference-890/566_img_.png
/workspace/underwater_enhancement/data/processed/physical_degradation/blue_cast/567_blue.png,blue_cast,567.png,/workspace/underwater_enhancement/data/raw_underwater/UIEB/reference-890/567.png
/workspace/underwater_enhancement/data/processed/physical_degradation/green_cast/567_green.png,green_cast,567.png,/workspace/underwater_enhancement/data/raw_underwater/UIEB/reference-890/567.png
/workspace/underwater_enhancement/data/processed/physical_degradation/low_light/567_lowlight.png,low_light,567.png,/workspace/underwater_enhancement/data/raw_underwater/UIEB/reference-890/567.png
/workspace/underwater_enhancement/data/processed/physical_degradation/blur/567_blur.png,blur,567.png,/workspace/underwater_enhancement/data/raw_underwater/UIEB/reference-890/567.png
/workspace/underwater_enhancement/data/processed/physical_degradation/blue_cast/567_img__blue.png,blue_cast,567_img_.png,/workspace/underwater_enhancement/data/raw_underwater/UIEB/reference-890/567_img_.png
/workspace/underwater_enhancement/data/processed/physical_degradation/green_cast/567_img__green.png,green_cast,567_img_.png,/workspace/underwater_enhancement/data/raw_underwater/UIEB/reference-890/567_img_.png
/workspace/underwater_enhancement/data/processed/physical_degradation/low_light/567_img__lowlight.png,low_light,567_img_.png,/workspace/underwater_enhancement/data/raw_underwater/UIEB/reference-890/567_img_.png
/workspace/underwater_enhancement/data/processed/physical_degradation/blur/567_img__blur.png,blur,567_img_.png,/workspace/underwater_enhancement/data/raw_underwater/UIEB/reference-890/567_img_.png
/workspace/underwater_enhancement/data/processed/physical_degradation/blue_cast/568_img__blue.png,blue_cast,568_img_.png,/workspace/underwater_enhancement/data/raw_underwater/UIEB/reference-890/568_img_.png
/workspace/underwater_enhancement/data/processed/physical_degradation/green_cast/568_img__green.png,green_cast,568_img_.png,/workspace/underwater_enhancement/data/raw_underwater/UIEB/reference-890/568_img_.png
/workspace/underwater_enhancement/data/processed/physical_degradation/low_light/568_img__lowlight.png,low_light,568_img_.png,/workspace/underwater_enhancement/data/raw_underwater/UIEB/reference-890/568_img_.png
/workspace/underwater_enhancement/data/processed/physical_degradation/blur/568_img__blur.png,blur,568_img_.png,/workspace/underwater_enhancement/data/raw_underwater/UIEB/reference-890/568_img_.png
/workspace/underwater_enhancement/data/processed/physical_degradation/blue_cast/569_img__blue.png,blue_cast,569_img_.png,/workspace/underwater_enhancement/data/raw_underwater/UIEB/reference-890/569_img_.png
/workspace/underwater_enhancement/data/processed/physical_degradation/green_cast/569_img__green.png,green_cast,569_img_.png,/workspace/underwater_enhancement/data/raw_underwater/UIEB/reference-890/569_img_.png
/workspace/underwater_enhancement/data/processed/physical_degradation/low_light/569_img__lowlight.png,low_light,569_img_.png,/workspace/underwater_enhancement/data/raw_underwater/UIEB/reference-890/569_img_.png
/workspace/underwater_enhancement/data/processed/physical_degradation/blur/569_img__blur.png,blur,569_img_.png,/workspace/underwater_enhancement/data/raw_underwater/UIEB/reference-890/569_img_.png
/workspace/underwater_enhancement/data/processed/physical_degradation/blue_cast/56_img__blue.png,blue_cast,56_img_.png,/workspace/underwater_enhancement/data/raw_underwater/UIEB/reference-890/56_img_.png
/workspace/underwater_enhancement/data/processed/physical_degradation/green_cast/56_img__green.png,green_cast,56_img_.png,/workspace/underwater_enhancement/data/raw_underwater/UIEB/reference-890/56_img_.png
/workspace/underwater_enhancement/data/processed/physical_degradation/low_light/56_img__lowlight.png,low_light,56_img_.png,/workspace/underwater_enhancement/data/raw_underwater/UIEB/reference-890/56_img_.png
/workspace/underwater_enhancement/data/processed/physical_degradation/blur/56_img__blur.png,blur,56_img_.png,/workspace/underwater_enhancement/data/raw_underwater/UIEB/reference-890/56_img_.png
/workspace/underwater_enhancement/data/processed/physical_degradation/blue_cast/570_img__blue.png,blue_cast,570_img_.png,/workspace/underwater_enhancement/data/raw_underwater/UIEB/reference-890/570_img_.png
/workspace/underwater_enhancement/data/processed/physical_degradation/green_cast/570_img__green.png,green_cast,570_img_.png,/workspace/underwater_enhancement/data/raw_underwater/UIEB/reference-890/570_img_.png
/workspace/underwater_enhancement/data/processed/physical_degradation/low_light/570_img__lowlight.png,low_light,570_img_.png,/workspace/underwater_enhancement/data/raw_underwater/UIEB/reference-890/570_img_.png
/workspace/underwater_enhancement/data/processed/physical_degradation/blur/570_img__blur.png,blur,570_img_.png,/workspace/underwater_enhancement/data/raw_underwater/UIEB/reference-890/570_img_.png
/workspace/underwater_enhancement/data/processed/physical_degradation/blue_cast/571_img__blue.png,blue_cast,571_img_.png,/workspace/underwater_enhancement/data/raw_underwater/UIEB/reference-890/571_img_.png
/workspace/underwater_enhancement/data/processed/physical_degradation/green_cast/571_img__green.png,green_cast,571_img_.png,/workspace/underwater_enhancement/data/raw_underwater/UIEB/reference-890/571_img_.png
/workspace/underwater_enhancement/data/processed/physical_degradation/low_light/571_img__lowlight.png,low_light,571_img_.png,/workspace/underwater_enhancement/data/raw_underwater/UIEB/reference-890/571_img_.png
/workspace/underwater_enhancement/data/processed/physical_degradation/blur/571_img__blur.png,blur,571_img_.png,/workspace/underwater_enhancement/data/raw_underwater/UIEB/reference-890/571_img_.png
/workspace/underwater_enhancement/data/processed/physical_degradation/blue_cast/572_img__blue.png,blue_cast,572_img_.png,/workspace/underwater_enhancement/data/raw_underwater/UIEB/reference-890/572_img_.png
/workspace/underwater_enhancement/data/processed/physical_degradation/green_cast/572_img__green.png,green_cast,572_img_.png,/workspace/underwater_enhancement/data/raw_underwater/UIEB/reference-890/572_img_.png
/workspace/underwater_enhancement/data/processed/physical_degradation/low_light/572_img__lowlight.png,low_light,572_img_.png,/workspace/underwater_enhancement/data/raw_underwater/UIEB/reference-890/572_img_.png
/workspace/underwater_enhancement/data/processed/physical_degradation/blur/572_img__blur.png,blur,572_img_.png,/workspace/underwater_enhancement/data/raw_underwater/UIEB/reference-890/572_img_.png
/workspace/underwater_enhancement/data/processed/physical_degradation/blue_cast/573_img__blue.png,blue_cast,573_img_.png,/workspace/underwater_enhancement/data/raw_underwater/UIEB/reference-890/573_img_.png
/workspace/underwater_enhancement/data/processed/physical_degradation/green_cast/573_img__green.png,green_cast,573_img_.png,/workspace/underwater_enhancement/data/raw_underwater/UIEB/reference-890/573_img_.png
/workspace/underwater_enhancement/data/processed/physical_degradation/low_light/573_img__lowlight.png,low_light,573_img_.png,/workspace/underwater_enhancement/data/raw_underwater/UIEB/reference-890/573_img_.png
/workspace/underwater_enhancement/data/processed/physical_degradation/blur/573_img__blur.png,blur,573_img_.png,/workspace/underwater_enhancement/data/raw_underwater/UIEB/reference-890/573_img_.png
/workspace/underwater_enhancement/data/processed/physical_degradation/blue_cast/574_img__blue.png,blue_cast,574_img_.png,/workspace/underwater_enhancement/data/raw_underwater/UIEB/reference-890/574_img_.png
/workspace/underwater_enhancement/data/processed/physical_degradation/green_cast/574_img__green.png,green_cast,574_img_.png,/workspace/underwater_enhancement/data/raw_underwater/UIEB/reference-890/574_img_.png
/workspace/underwater_enhancement/data/processed/physical_degradation/low_light/574_img__lowlight.png,low_light,574_img_.png,/workspace/underwater_enhancement/data/raw_underwater/UIEB/reference-890/574_img_.png
/workspace/underwater_enhancement/data/processed/physical_degradation/blur/574_img__blur.png,blur,574_img_.png,/workspace/underwater_enhancement/data/raw_underwater/UIEB/reference-890/574_img_.png
/workspace/underwater_enhancement/data/processed/physical_degradation/blue_cast/575_img__blue.png,blue_cast,575_img_.png,/workspace/underwater_enhancement/data/raw_underwater/UIEB/reference-890/575_img_.png
/workspace/underwater_enhancement/data/processed/physical_degradation/green_cast/575_img__green.png,green_cast,575_img_.png,/workspace/underwater_enhancement/data/raw_underwater/UIEB/reference-890/575_img_.png
/workspace/underwater_enhancement/data/processed/physical_degradation/low_light/575_img__lowlight.png,low_light,575_img_.png,/workspace/underwater_enhancement/data/raw_underwater/UIEB/reference-890/575_img_.png
/workspace/underwater_enhancement/data/processed/physical_degradation/blur/575_img__blur.png,blur,575_img_.png,/workspace/underwater_enhancement/data/raw_underwater/UIEB/reference-890/575_img_.png
/workspace/underwater_enhancement/data/processed/physical_degradation/blue_cast/576_img__blue.png,blue_cast,576_img_.png,/workspace/underwater_enhancement/data/raw_underwater/UIEB/reference-890/576_img_.png
/workspace/underwater_enhancement/data/processed/physical_degradation/green_cast/576_img__green.png,green_cast,576_img_.png,/workspace/underwater_enhancement/data/raw_underwater/UIEB/reference-890/576_img_.png
/workspace/underwater_enhancement/data/processed/physical_degradation/low_light/576_img__lowlight.png,low_light,576_img_.png,/workspace/underwater_enhancement/data/raw_underwater/UIEB/reference-890/576_img_.png
/workspace/underwater_enhancement/data/processed/physical_degradation/blur/576_img__blur.png,blur,576_img_.png,/workspace/underwater_enhancement/data/raw_underwater/UIEB/reference-890/576_img_.png
/workspace/underwater_enhancement/data/processed/physical_degradation/blue_cast/577_img__blue.png,blue_cast,577_img_.png,/workspace/underwater_enhancement/data/raw_underwater/UIEB/reference-890/577_img_.png
/workspace/underwater_enhancement/data/processed/physical_degradation/green_cast/577_img__green.png,green_cast,577_img_.png,/workspace/underwater_enhancement/data/raw_underwater/UIEB/reference-890/577_img_.png
/workspace/underwater_enhancement/data/processed/physical_degradation/low_light/577_img__lowlight.png,low_light,577_img_.png,/workspace/underwater_enhancement/data/raw_underwater/UIEB/reference-890/577_img_.png
/workspace/underwater_enhancement/data/processed/physical_degradation/blur/577_img__blur.png,blur,577_img_.png,/workspace/underwater_enhancement/data/raw_underwater/UIEB/reference-890/577_img_.png
/workspace/underwater_enhancement/data/processed/physical_degradation/blue_cast/578_img__blue.png,blue_cast,578_img_.png,/workspace/underwater_enhancement/data/raw_underwater/UIEB/reference-890/578_img_.png
/workspace/underwater_enhancement/data/processed/physical_degradation/green_cast/578_img__green.png,green_cast,578_img_.png,/workspace/underwater_enhancement/data/raw_underwater/UIEB/reference-890/578_img_.png
/workspace/underwater_enhancement/data/processed/physical_degradation/low_light/578_img__lowlight.png,low_light,578_img_.png,/workspace/underwater_enhancement/data/raw_underwater/UIEB/reference-890/578_img_.png
/workspace/underwater_enhancement/data/processed/physical_degradation/blur/578_img__blur.png,blur,578_img_.png,/workspace/underwater_enhancement/data/raw_underwater/UIEB/reference-890/578_img_.png
/workspace/underwater_enhancement/data/processed/physical_degradation/blue_cast/579_img__blue.png,blue_cast,579_img_.png,/workspace/underwater_enhancement/data/raw_underwater/UIEB/reference-890/579_img_.png
/workspace/underwater_enhancement/data/processed/physical_degradation/green_cast/579_img__green.png,green_cast,579_img_.png,/workspace/underwater_enhancement/data/raw_underwater/UIEB/reference-890/579_img_.png
/workspace/underwater_enhancement/data/processed/physical_degradation/low_light/579_img__lowlight.png,low_light,579_img_.png,/workspace/underwater_enhancement/data/raw_underwater/UIEB/reference-890/579_img_.png
/workspace/underwater_enhancement/data/processed/physical_degradation/blur/579_img__blur.png,blur,579_img_.png,/workspace/underwater_enhancement/data/raw_underwater/UIEB/reference-890/579_img_.png
/workspace/underwater_enhancement/data/processed/physical_degradation/blue_cast/57_img__blue.png,blue_cast,57_img_.png,/workspace/underwater_enhancement/data/raw_underwater/UIEB/reference-890/57_img_.png
/workspace/underwater_enhancement/data/processed/physical_degradation/green_cast/57_img__green.png,green_cast,57_img_.png,/workspace/underwater_enhancement/data/raw_underwater/UIEB/reference-890/57_img_.png
/workspace/underwater_enhancement/data/processed/physical_degradation/low_light/57_img__lowlight.png,low_light,57_img_.png,/workspace/underwater_enhancement/data/raw_underwater/UIEB/reference-890/57_img_.png
/workspace/underwater_enhancement/data/processed/physical_degradation/blur/57_img__blur.png,blur,57_img_.png,/workspace/underwater_enhancement/data/raw_underwater/UIEB/reference-890/57_img_.png
/workspace/underwater_enhancement/data/processed/physical_degradation/blue_cast/580_img__blue.png,blue_cast,580_img_.png,/workspace/underwater_enhancement/data/raw_underwater/UIEB/reference-890/580_img_.png
/workspace/underwater_enhancement/data/processed/physical_degradation/green_cast/580_img__green.png,green_cast,580_img_.png,/workspace/underwater_enhancement/data/raw_underwater/UIEB/reference-890/580_img_.png
/workspace/underwater_enhancement/data/processed/physical_degradation/low_light/580_img__lowlight.png,low_light,580_img_.png,/workspace/underwater_enhancement/data/raw_underwater/UIEB/reference-890/580_img_.png
/workspace/underwater_enhancement/data/processed/physical_degradation/blur/580_img__blur.png,blur,580_img_.png,/workspace/underwater_enhancement/data/raw_underwater/UIEB/reference-890/580_img_.png
/workspace/underwater_enhancement/data/processed/physical_degradation/blue_cast/5818_blue.png,blue_cast,5818.png,/workspace/underwater_enhancement/data/raw_underwater/UIEB/reference-890/5818.png
/workspace/underwater_enhancement/data/processed/physical_degradation/green_cast/5818_green.png,green_cast,5818.png,/workspace/underwater_enhancement/data/raw_underwater/UIEB/reference-890/5818.png
/workspace/underwater_enhancement/data/processed/physical_degradation/low_light/5818_lowlight.png,low_light,5818.png,/workspace/underwater_enhancement/data/raw_underwater/UIEB/reference-890/5818.png
/workspace/underwater_enhancement/data/processed/physical_degradation/blur/5818_blur.png,blur,5818.png,/workspace/underwater_enhancement/data/raw_underwater/UIEB/reference-890/5818.png
/workspace/underwater_enhancement/data/processed/physical_degradation/blue_cast/581_img__blue.png,blue_cast,581_img_.png,/workspace/underwater_enhancement/data/raw_underwater/UIEB/reference-890/581_img_.png
/workspace/underwater_enhancement/data/processed/physical_degradation/green_cast/581_img__green.png,green_cast,581_img_.png,/workspace/underwater_enhancement/data/raw_underwater/UIEB/reference-890/581_img_.png
/workspace/underwater_enhancement/data/processed/physical_degradation/low_light/581_img__lowlight.png,low_light,581_img_.png,/workspace/underwater_enhancement/data/raw_underwater/UIEB/reference-890/581_img_.png
/workspace/underwater_enhancement/data/processed/physical_degradation/blur/581_img__blur.png,blur,581_img_.png,/workspace/underwater_enhancement/data/raw_underwater/UIEB/reference-890/581_img_.png
/workspace/underwater_enhancement/data/processed/physical_degradation/blue_cast/582_img__blue.png,blue_cast,582_img_.png,/workspace/underwater_enhancement/data/raw_underwater/UIEB/reference-890/582_img_.png
/workspace/underwater_enhancement/data/processed/physical_degradation/green_cast/582_img__green.png,green_cast,582_img_.png,/workspace/underwater_enhancement/data/raw_underwater/UIEB/reference-890/582_img_.png
/workspace/underwater_enhancement/data/processed/physical_degradation/low_light/582_img__lowlight.png,low_light,582_img_.png,/workspace/underwater_enhancement/data/raw_underwater/UIEB/reference-890/582_img_.png
/workspace/underwater_enhancement/data/processed/physical_degradation/blur/582_img__blur.png,blur,582_img_.png,/workspace/underwater_enhancement/data/raw_underwater/UIEB/reference-890/582_img_.png
/workspace/underwater_enhancement/data/processed/physical_degradation/blue_cast/5830_blue.png,blue_cast,5830.png,/workspace/underwater_enhancement/data/raw_underwater/UIEB/reference-890/5830.png
/workspace/underwater_enhancement/data/processed/physical_degradation/green_cast/5830_green.png,green_cast,5830.png,/workspace/underwater_enhancement/data/raw_underwater/UIEB/reference-890/5830.png
/workspace/underwater_enhancement/data/processed/physical_degradation/low_light/5830_lowlight.png,low_light,5830.png,/workspace/underwater_enhancement/data/raw_underwater/UIEB/reference-890/5830.png
/workspace/underwater_enhancement/data/processed/physical_degradation/blur/5830_blur.png,blur,5830.png,/workspace/underwater_enhancement/data/raw_underwater/UIEB/reference-890/5830.png
/workspace/underwater_enhancement/data/processed/physical_degradation/blue_cast/583_img__blue.png,blue_cast,583_img_.png,/workspace/underwater_enhancement/data/raw_underwater/UIEB/reference-890/583_img_.png
/workspace/underwater_enhancement/data/processed/physical_degradation/green_cast/583_img__green.png,green_cast,583_img_.png,/workspace/underwater_enhancement/data/raw_underwater/UIEB/reference-890/583_img_.png
/workspace/underwater_enhancement/data/processed/physical_degradation/low_light/583_img__lowlight.png,low_light,583_img_.png,/workspace/underwater_enhancement/data/raw_underwater/UIEB/reference-890/583_img_.png
/workspace/underwater_enhancement/data/processed/physical_degradation/blur/583_img__blur.png,blur,583_img_.png,/workspace/underwater_enhancement/data/raw_underwater/UIEB/reference-890/583_img_.png
/workspace/underwater_enhancement/data/processed/physical_degradation/blue_cast/584_img__blue.png,blue_cast,584_img_.png,/workspace/underwater_enhancement/data/raw_underwater/UIEB/reference-890/584_img_.png
/workspace/underwater_enhancement/data/processed/physical_degradation/green_cast/584_img__green.png,green_cast,584_img_.png,/workspace/underwater_enhancement/data/raw_underwater/UIEB/reference-890/584_img_.png
/workspace/underwater_enhancement/data/processed/physical_degradation/low_light/584_img__lowlight.png,low_light,584_img_.png,/workspace/underwater_enhancement/data/raw_underwater/UIEB/reference-890/584_img_.png
/workspace/underwater_enhancement/data/processed/physical_degradation/blur/584_img__blur.png,blur,584_img_.png,/workspace/underwater_enhancement/data/raw_underwater/UIEB/reference-890/584_img_.png
/workspace/underwater_enhancement/data/processed/physical_degradation/blue_cast/585_img__blue.png,blue_cast,585_img_.png,/workspace/underwater_enhancement/data/raw_underwater/UIEB/reference-890/585_img_.png
/workspace/underwater_enhancement/data/processed/physical_degradation/green_cast/585_img__green.png,green_cast,585_img_.png,/workspace/underwater_enhancement/data/raw_underwater/UIEB/reference-890/585_img_.png
/workspace/underwater_enhancement/data/processed/physical_degradation/low_light/585_img__lowlight.png,low_light,585_img_.png,/workspace/underwater_enhancement/data/raw_underwater/UIEB/reference-890/585_img_.png
/workspace/underwater_enhancement/data/processed/physical_degradation/blur/585_img__blur.png,blur,585_img_.png,/workspace/underwater_enhancement/data/raw_underwater/UIEB/reference-890/585_img_.png
/workspace/underwater_enhancement/data/processed/physical_degradation/blue_cast/586_img__blue.png,blue_cast,586_img_.png,/workspace/underwater_enhancement/data/raw_underwater/UIEB/reference-890/586_img_.png
/workspace/underwater_enhancement/data/processed/physical_degradation/green_cast/586_img__green.png,green_cast,586_img_.png,/workspace/underwater_enhancement/data/raw_underwater/UIEB/reference-890/586_img_.png
/workspace/underwater_enhancement/data/processed/physical_degradation/low_light/586_img__lowlight.png,low_light,586_img_.png,/workspace/underwater_enhancement/data/raw_underwater/UIEB/reference-890/586_img_.png
/workspace/underwater_enhancement/data/processed/physical_degradation/blur/586_img__blur.png,blur,586_img_.png,/workspace/underwater_enhancement/data/raw_underwater/UIEB/reference-890/586_img_.png
/workspace/underwater_enhancement/data/processed/physical_degradation/blue_cast/587_img__blue.png,blue_cast,587_img_.png,/workspace/underwater_enhancement/data/raw_underwater/UIEB/reference-890/587_img_.png
/workspace/underwater_enhancement/data/processed/physical_degradation/green_cast/587_img__green.png,green_cast,587_img_.png,/workspace/underwater_enhancement/data/raw_underwater/UIEB/reference-890/587_img_.png
/workspace/underwater_enhancement/data/processed/physical_degradation/low_light/587_img__lowlight.png,low_light,587_img_.png,/workspace/underwater_enhancement/data/raw_underwater/UIEB/reference-890/587_img_.png
/workspace/underwater_enhancement/data/processed/physical_degradation/blur/587_img__blur.png,blur,587_img_.png,/workspace/underwater_enhancement/data/raw_underwater/UIEB/reference-890/587_img_.png
/workspace/underwater_enhancement/data/processed/physical_degradation/blue_cast/588_img__blue.png,blue_cast,588_img_.png,/workspace/underwater_enhancement/data/raw_underwater/UIEB/reference-890/588_img_.png
/workspace/underwater_enhancement/data/processed/physical_degradation/green_cast/588_img__green.png,green_cast,588_img_.png,/workspace/underwater_enhancement/data/raw_underwater/UIEB/reference-890/588_img_.png
/workspace/underwater_enhancement/data/processed/physical_degradation/low_light/588_img__lowlight.png,low_light,588_img_.png,/workspace/underwater_enhancement/data/raw_underwater/UIEB/reference-890/588_img_.png
/workspace/underwater_enhancement/data/processed/physical_degradation/blur/588_img__blur.png,blur,588_img_.png,/workspace/underwater_enhancement/data/raw_underwater/UIEB/reference-890/588_img_.png
/workspace/underwater_enhancement/data/processed/physical_degradation/blue_cast/589_img__blue.png,blue_cast,589_img_.png,/workspace/underwater_enhancement/data/raw_underwater/UIEB/reference-890/589_img_.png
/workspace/underwater_enhancement/data/processed/physical_degradation/green_cast/589_img__green.png,green_cast,589_img_.png,/workspace/underwater_enhancement/data/raw_underwater/UIEB/reference-890/589_img_.png
/workspace/underwater_enhancement/data/processed/physical_degradation/low_light/589_img__lowlight.png,low_light,589_img_.png,/workspace/underwater_enhancement/data/raw_underwater/UIEB/reference-890/589_img_.png
/workspace/underwater_enhancement/data/processed/physical_degradation/blur/589_img__blur.png,blur,589_img_.png,/workspace/underwater_enhancement/data/raw_underwater/UIEB/reference-890/589_img_.png
/workspace/underwater_enhancement/data/processed/physical_degradation/blue_cast/58_img__blue.png,blue_cast,58_img_.png,/workspace/underwater_enhancement/data/raw_underwater/UIEB/reference-890/58_img_.png
/workspace/underwater_enhancement/data/processed/physical_degradation/green_cast/58_img__green.png,green_cast,58_img_.png,/workspace/underwater_enhancement/data/raw_underwater/UIEB/reference-890/58_img_.png
/workspace/underwater_enhancement/data/processed/physical_degradation/low_light/58_img__lowlight.png,low_light,58_img_.png,/workspace/underwater_enhancement/data/raw_underwater/UIEB/reference-890/58_img_.png
/workspace/underwater_enhancement/data/processed/physical_degradation/blur/58_img__blur.png,blur,58_img_.png,/workspace/underwater_enhancement/data/raw_underwater/UIEB/reference-890/58_img_.png
/workspace/underwater_enhancement/data/processed/physical_degradation/blue_cast/590_img__blue.png,blue_cast,590_img_.png,/workspace/underwater_enhancement/data/raw_underwater/UIEB/reference-890/590_img_.png
/workspace/underwater_enhancement/data/processed/physical_degradation/green_cast/590_img__green.png,green_cast,590_img_.png,/workspace/underwater_enhancement/data/raw_underwater/UIEB/reference-890/590_img_.png
/workspace/underwater_enhancement/data/processed/physical_degradation/low_light/590_img__lowlight.png,low_light,590_img_.png,/workspace/underwater_enhancement/data/raw_underwater/UIEB/reference-890/590_img_.png
/workspace/underwater_enhancement/data/processed/physical_degradation/blur/590_img__blur.png,blur,590_img_.png,/workspace/underwater_enhancement/data/raw_underwater/UIEB/reference-890/590_img_.png
/workspace/underwater_enhancement/data/processed/physical_degradation/blue_cast/591_img__blue.png,blue_cast,591_img_.png,/workspace/underwater_enhancement/data/raw_underwater/UIEB/reference-890/591_img_.png
/workspace/underwater_enhancement/data/processed/physical_degradation/green_cast/591_img__green.png,green_cast,591_img_.png,/workspace/underwater_enhancement/data/raw_underwater/UIEB/reference-890/591_img_.png
/workspace/underwater_enhancement/data/processed/physical_degradation/low_light/591_img__lowlight.png,low_light,591_img_.png,/workspace/underwater_enhancement/data/raw_underwater/UIEB/reference-890/591_img_.png
/workspace/underwater_enhancement/data/processed/physical_degradation/blur/591_img__blur.png,blur,591_img_.png,/workspace/underwater_enhancement/data/raw_underwater/UIEB/reference-890/591_img_.png
/workspace/underwater_enhancement/data/processed/physical_degradation/blue_cast/592_img__blue.png,blue_cast,592_img_.png,/workspace/underwater_enhancement/data/raw_underwater/UIEB/reference-890/592_img_.png
/workspace/underwater_enhancement/data/processed/physical_degradation/green_cast/592_img__green.png,green_cast,592_img_.png,/workspace/underwater_enhancement/data/raw_underwater/UIEB/reference-890/592_img_.png
/workspace/underwater_enhancement/data/processed/physical_degradation/low_light/592_img__lowlight.png,low_light,592_img_.png,/workspace/underwater_enhancement/data/raw_underwater/UIEB/reference-890/592_img_.png
/workspace/underwater_enhancement/data/processed/physical_degradation/blur/592_img__blur.png,blur,592_img_.png,/workspace/underwater_enhancement/data/raw_underwater/UIEB/reference-890/592_img_.png
/workspace/underwater_enhancement/data/processed/physical_degradation/blue_cast/593_img__blue.png,blue_cast,593_img_.png,/workspace/underwater_enhancement/data/raw_underwater/UIEB/reference-890/593_img_.png
/workspace/underwater_enhancement/data/processed/physical_degradation/green_cast/593_img__green.png,green_cast,593_img_.png,/workspace/underwater_enhancement/data/raw_underwater/UIEB/reference-890/593_img_.png
/workspace/underwater_enhancement/data/processed/physical_degradation/low_light/593_img__lowlight.png,low_light,593_img_.png,/workspace/underwater_enhancement/data/raw_underwater/UIEB/reference-890/593_img_.png
/workspace/underwater_enhancement/data/processed/physical_degradation/blur/593_img__blur.png,blur,593_img_.png,/workspace/underwater_enhancement/data/raw_underwater/UIEB/reference-890/593_img_.png
/workspace/underwater_enhancement/data/processed/physical_degradation/blue_cast/594_img__blue.png,blue_cast,594_img_.png,/workspace/underwater_enhancement/data/raw_underwater/UIEB/reference-890/594_img_.png
/workspace/underwater_enhancement/data/processed/physical_degradation/green_cast/594_img__green.png,green_cast,594_img_.png,/workspace/underwater_enhancement/data/raw_underwater/UIEB/reference-890/594_img_.png
/workspace/underwater_enhancement/data/processed/physical_degradation/low_light/594_img__lowlight.png,low_light,594_img_.png,/workspace/underwater_enhancement/data/raw_underwater/UIEB/reference-890/594_img_.png
/workspace/underwater_enhancement/data/processed/physical_degradation/blur/594_img__blur.png,blur,594_img_.png,/workspace/underwater_enhancement/data/raw_underwater/UIEB/reference-890/594_img_.png
/workspace/underwater_enhancement/data/processed/physical_degradation/blue_cast/595_img__blue.png,blue_cast,595_img_.png,/workspace/underwater_enhancement/data/raw_underwater/UIEB/reference-890/595_img_.png
/workspace/underwater_enhancement/data/processed/physical_degradation/green_cast/595_img__green.png,green_cast,595_img_.png,/workspace/underwater_enhancement/data/raw_underwater/UIEB/reference-890/595_img_.png
/workspace/underwater_enhancement/data/processed/physical_degradation/low_light/595_img__lowlight.png,low_light,595_img_.png,/workspace/underwater_enhancement/data/raw_underwater/UIEB/reference-890/595_img_.png
/workspace/underwater_enhancement/data/processed/physical_degradation/blur/595_img__blur.png,blur,595_img_.png,/workspace/underwater_enhancement/data/raw_underwater/UIEB/reference-890/595_img_.png
/workspace/underwater_enhancement/data/processed/physical_degradation/blue_cast/596_img__blue.png,blue_cast,596_img_.png,/workspace/underwater_enhancement/data/raw_underwater/UIEB/reference-890/596_img_.png
/workspace/underwater_enhancement/data/processed/physical_degradation/green_cast/596_img__green.png,green_cast,596_img_.png,/workspace/underwater_enhancement/data/raw_underwater/UIEB/reference-890/596_img_.png
/workspace/underwater_enhancement/data/processed/physical_degradation/low_light/596_img__lowlight.png,low_light,596_img_.png,/workspace/underwater_enhancement/data/raw_underwater/UIEB/reference-890/596_img_.png
/workspace/underwater_enhancement/data/processed/physical_degradation/blur/596_img__blur.png,blur,596_img_.png,/workspace/underwater_enhancement/data/raw_underwater/UIEB/reference-890/596_img_.png
/workspace/underwater_enhancement/data/processed/physical_degradation/blue_cast/597_img__blue.png,blue_cast,597_img_.png,/workspace/underwater_enhancement/data/raw_underwater/UIEB/reference-890/597_img_.png
/workspace/underwater_enhancement/data/processed/physical_degradation/green_cast/597_img__green.png,green_cast,597_img_.png,/workspace/underwater_enhancement/data/raw_underwater/UIEB/reference-890/597_img_.png
/workspace/underwater_enhancement/data/processed/physical_degradation/low_light/597_img__lowlight.png,low_light,597_img_.png,/workspace/underwater_enhancement/data/raw_underwater/UIEB/reference-890/597_img_.png
/workspace/underwater_enhancement/data/processed/physical_degradation/blur/597_img__blur.png,blur,597_img_.png,/workspace/underwater_enhancement/data/raw_underwater/UIEB/reference-890/597_img_.png
/workspace/underwater_enhancement/data/processed/physical_degradation/blue_cast/598_blue.png,blue_cast,598.png,/workspace/underwater_enhancement/data/raw_underwater/UIEB/reference-890/598.png
/workspace/underwater_enhancement/data/processed/physical_degradation/green_cast/598_green.png,green_cast,598.png,/workspace/underwater_enhancement/data/raw_underwater/UIEB/reference-890/598.png
/workspace/underwater_enhancement/data/processed/physical_degradation/low_light/598_lowlight.png,low_light,598.png,/workspace/underwater_enhancement/data/raw_underwater/UIEB/reference-890/598.png
/workspace/underwater_enhancement/data/processed/physical_degradation/blur/598_blur.png,blur,598.png,/workspace/underwater_enhancement/data/raw_underwater/UIEB/reference-890/598.png
/workspace/underwater_enhancement/data/processed/physical_degradation/blue_cast/598_img__blue.png,blue_cast,598_img_.png,/workspace/underwater_enhancement/data/raw_underwater/UIEB/reference-890/598_img_.png
/workspace/underwater_enhancement/data/processed/physical_degradation/green_cast/598_img__green.png,green_cast,598_img_.png,/workspace/underwater_enhancement/data/raw_underwater/UIEB/reference-890/598_img_.png
/workspace/underwater_enhancement/data/processed/physical_degradation/low_light/598_img__lowlight.png,low_light,598_img_.png,/workspace/underwater_enhancement/data/raw_underwater/UIEB/reference-890/598_img_.png
/workspace/underwater_enhancement/data/processed/physical_degradation/blur/598_img__blur.png,blur,598_img_.png,/workspace/underwater_enhancement/data/raw_underwater/UIEB/reference-890/598_img_.png
/workspace/underwater_enhancement/data/processed/physical_degradation/blue_cast/599_img__blue.png,blue_cast,599_img_.png,/workspace/underwater_enhancement/data/raw_underwater/UIEB/reference-890/599_img_.png
/workspace/underwater_enhancement/data/processed/physical_degradation/green_cast/599_img__green.png,green_cast,599_img_.png,/workspace/underwater_enhancement/data/raw_underwater/UIEB/reference-890/599_img_.png
/workspace/underwater_enhancement/data/processed/physical_degradation/low_light/599_img__lowlight.png,low_light,599_img_.png,/workspace/underwater_enhancement/data/raw_underwater/UIEB/reference-890/599_img_.png
/workspace/underwater_enhancement/data/processed/physical_degradation/blur/599_img__blur.png,blur,599_img_.png,/workspace/underwater_enhancement/data/raw_underwater/UIEB/reference-890/599_img_.png
/workspace/underwater_enhancement/data/processed/physical_degradation/blue_cast/59_img__blue.png,blue_cast,59_img_.png,/workspace/underwater_enhancement/data/raw_underwater/UIEB/reference-890/59_img_.png
/workspace/underwater_enhancement/data/processed/physical_degradation/green_cast/59_img__green.png,green_cast,59_img_.png,/workspace/underwater_enhancement/data/raw_underwater/UIEB/reference-890/59_img_.png
/workspace/underwater_enhancement/data/processed/physical_degradation/low_light/59_img__lowlight.png,low_light,59_img_.png,/workspace/underwater_enhancement/data/raw_underwater/UIEB/reference-890/59_img_.png
/workspace/underwater_enhancement/data/processed/physical_degradation/blur/59_img__blur.png,blur,59_img_.png,/workspace/underwater_enhancement/data/raw_underwater/UIEB/reference-890/59_img_.png
/workspace/underwater_enhancement/data/processed/physical_degradation/blue_cast/600_img__blue.png,blue_cast,600_img_.png,/workspace/underwater_enhancement/data/raw_underwater/UIEB/reference-890/600_img_.png
/workspace/underwater_enhancement/data/processed/physical_degradation/green_cast/600_img__green.png,green_cast,600_img_.png,/workspace/underwater_enhancement/data/raw_underwater/UIEB/reference-890/600_img_.png
/workspace/underwater_enhancement/data/processed/physical_degradation/low_light/600_img__lowlight.png,low_light,600_img_.png,/workspace/underwater_enhancement/data/raw_underwater/UIEB/reference-890/600_img_.png
/workspace/underwater_enhancement/data/processed/physical_degradation/blur/600_img__blur.png,blur,600_img_.png,/workspace/underwater_enhancement/data/raw_underwater/UIEB/reference-890/600_img_.png
/workspace/underwater_enhancement/data/processed/physical_degradation/blue_cast/601_img__blue.png,blue_cast,601_img_.png,/workspace/underwater_enhancement/data/raw_underwater/UIEB/reference-890/601_img_.png
/workspace/underwater_enhancement/data/processed/physical_degradation/green_cast/601_img__green.png,green_cast,601_img_.png,/workspace/underwater_enhancement/data/raw_underwater/UIEB/reference-890/601_img_.png
/workspace/underwater_enhancement/data/processed/physical_degradation/low_light/601_img__lowlight.png,low_light,601_img_.png,/workspace/underwater_enhancement/data/raw_underwater/UIEB/reference-890/601_img_.png
/workspace/underwater_enhancement/data/processed/physical_degradation/blur/601_img__blur.png,blur,601_img_.png,/workspace/underwater_enhancement/data/raw_underwater/UIEB/reference-890/601_img_.png
/workspace/underwater_enhancement/data/processed/physical_degradation/blue_cast/602_img__blue.png,blue_cast,602_img_.png,/workspace/underwater_enhancement/data/raw_underwater/UIEB/reference-890/602_img_.png
/workspace/underwater_enhancement/data/processed/physical_degradation/green_cast/602_img__green.png,green_cast,602_img_.png,/workspace/underwater_enhancement/data/raw_underwater/UIEB/reference-890/602_img_.png
/workspace/underwater_enhancement/data/processed/physical_degradation/low_light/602_img__lowlight.png,low_light,602_img_.png,/workspace/underwater_enhancement/data/raw_underwater/UIEB/reference-890/602_img_.png
/workspace/underwater_enhancement/data/processed/physical_degradation/blur/602_img__blur.png,blur,602_img_.png,/workspace/underwater_enhancement/data/raw_underwater/UIEB/reference-890/602_img_.png
/workspace/underwater_enhancement/data/processed/physical_degradation/blue_cast/603_img__blue.png,blue_cast,603_img_.png,/workspace/underwater_enhancement/data/raw_underwater/UIEB/reference-890/603_img_.png
/workspace/underwater_enhancement/data/processed/physical_degradation/green_cast/603_img__green.png,green_cast,603_img_.png,/workspace/underwater_enhancement/data/raw_underwater/UIEB/reference-890/603_img_.png
/workspace/underwater_enhancement/data/processed/physical_degradation/low_light/603_img__lowlight.png,low_light,603_img_.png,/workspace/underwater_enhancement/data/raw_underwater/UIEB/reference-890/603_img_.png
/workspace/underwater_enhancement/data/processed/physical_degradation/blur/603_img__blur.png,blur,603_img_.png,/workspace/underwater_enhancement/data/raw_underwater/UIEB/reference-890/603_img_.png
/workspace/underwater_enhancement/data/processed/physical_degradation/blue_cast/604_img__blue.png,blue_cast,604_img_.png,/workspace/underwater_enhancement/data/raw_underwater/UIEB/reference-890/604_img_.png
/workspace/underwater_enhancement/data/processed/physical_degradation/green_cast/604_img__green.png,green_cast,604_img_.png,/workspace/underwater_enhancement/data/raw_underwater/UIEB/reference-890/604_img_.png
/workspace/underwater_enhancement/data/processed/physical_degradation/low_light/604_img__lowlight.png,low_light,604_img_.png,/workspace/underwater_enhancement/data/raw_underwater/UIEB/reference-890/604_img_.png
/workspace/underwater_enhancement/data/processed/physical_degradation/blur/604_img__blur.png,blur,604_img_.png,/workspace/underwater_enhancement/data/raw_underwater/UIEB/reference-890/604_img_.png
/workspace/underwater_enhancement/data/processed/physical_degradation/blue_cast/605_img__blue.png,blue_cast,605_img_.png,/workspace/underwater_enhancement/data/raw_underwater/UIEB/reference-890/605_img_.png
/workspace/underwater_enhancement/data/processed/physical_degradation/green_cast/605_img__green.png,green_cast,605_img_.png,/workspace/underwater_enhancement/data/raw_underwater/UIEB/reference-890/605_img_.png
/workspace/underwater_enhancement/data/processed/physical_degradation/low_light/605_img__lowlight.png,low_light,605_img_.png,/workspace/underwater_enhancement/data/raw_underwater/UIEB/reference-890/605_img_.png
/workspace/underwater_enhancement/data/processed/physical_degradation/blur/605_img__blur.png,blur,605_img_.png,/workspace/underwater_enhancement/data/raw_underwater/UIEB/reference-890/605_img_.png
/workspace/underwater_enhancement/data/processed/physical_degradation/blue_cast/6062_blue.png,blue_cast,6062.png,/workspace/underwater_enhancement/data/raw_underwater/UIEB/reference-890/6062.png
/workspace/underwater_enhancement/data/processed/physical_degradation/green_cast/6062_green.png,green_cast,6062.png,/workspace/underwater_enhancement/data/raw_underwater/UIEB/reference-890/6062.png
/workspace/underwater_enhancement/data/processed/physical_degradation/low_light/6062_lowlight.png,low_light,6062.png,/workspace/underwater_enhancement/data/raw_underwater/UIEB/reference-890/6062.png
/workspace/underwater_enhancement/data/processed/physical_degradation/blur/6062_blur.png,blur,6062.png,/workspace/underwater_enhancement/data/raw_underwater/UIEB/reference-890/6062.png
/workspace/underwater_enhancement/data/processed/physical_degradation/blue_cast/606_img__blue.png,blue_cast,606_img_.png,/workspace/underwater_enhancement/data/raw_underwater/UIEB/reference-890/606_img_.png
/workspace/underwater_enhancement/data/processed/physical_degradation/green_cast/606_img__green.png,green_cast,606_img_.png,/workspace/underwater_enhancement/data/raw_underwater/UIEB/reference-890/606_img_.png
/workspace/underwater_enhancement/data/processed/physical_degradation/low_light/606_img__lowlight.png,low_light,606_img_.png,/workspace/underwater_enhancement/data/raw_underwater/UIEB/reference-890/606_img_.png
/workspace/underwater_enhancement/data/processed/physical_degradation/blur/606_img__blur.png,blur,606_img_.png,/workspace/underwater_enhancement/data/raw_underwater/UIEB/reference-890/606_img_.png
/workspace/underwater_enhancement/data/processed/physical_degradation/blue_cast/607_img__blue.png,blue_cast,607_img_.png,/workspace/underwater_enhancement/data/raw_underwater/UIEB/reference-890/607_img_.png
/workspace/underwater_enhancement/data/processed/physical_degradation/green_cast/607_img__green.png,green_cast,607_img_.png,/workspace/underwater_enhancement/data/raw_underwater/UIEB/reference-890/607_img_.png
/workspace/underwater_enhancement/data/processed/physical_degradation/low_light/607_img__lowlight.png,low_light,607_img_.png,/workspace/underwater_enhancement/data/raw_underwater/UIEB/reference-890/607_img_.png
/workspace/underwater_enhancement/data/processed/physical_degradation/blur/607_img__blur.png,blur,607_img_.png,/workspace/underwater_enhancement/data/raw_underwater/UIEB/reference-890/607_img_.png
/workspace/underwater_enhancement/data/processed/physical_degradation/blue_cast/6082_blue.png,blue_cast,6082.png,/workspace/underwater_enhancement/data/raw_underwater/UIEB/reference-890/6082.png
/workspace/underwater_enhancement/data/processed/physical_degradation/green_cast/6082_green.png,green_cast,6082.png,/workspace/underwater_enhancement/data/raw_underwater/UIEB/reference-890/6082.png
/workspace/underwater_enhancement/data/processed/physical_degradation/low_light/6082_lowlight.png,low_light,6082.png,/workspace/underwater_enhancement/data/raw_underwater/UIEB/reference-890/6082.png
/workspace/underwater_enhancement/data/processed/physical_degradation/blur/6082_blur.png,blur,6082.png,/workspace/underwater_enhancement/data/raw_underwater/UIEB/reference-890/6082.png
/workspace/underwater_enhancement/data/processed/physical_degradation/blue_cast/608_img__blue.png,blue_cast,608_img_.png,/workspace/underwater_enhancement/data/raw_underwater/UIEB/reference-890/608_img_.png
/workspace/underwater_enhancement/data/processed/physical_degradation/green_cast/608_img__green.png,green_cast,608_img_.png,/workspace/underwater_enhancement/data/raw_underwater/UIEB/reference-890/608_img_.png
/workspace/underwater_enhancement/data/processed/physical_degradation/low_light/608_img__lowlight.png,low_light,608_img_.png,/workspace/underwater_enhancement/data/raw_underwater/UIEB/reference-890/608_img_.png
/workspace/underwater_enhancement/data/processed/physical_degradation/blur/608_img__blur.png,blur,608_img_.png,/workspace/underwater_enhancement/data/raw_underwater/UIEB/reference-890/608_img_.png
/workspace/underwater_enhancement/data/processed/physical_degradation/blue_cast/609_img__blue.png,blue_cast,609_img_.png,/workspace/underwater_enhancement/data/raw_underwater/UIEB/reference-890/609_img_.png
/workspace/underwater_enhancement/data/processed/physical_degradation/green_cast/609_img__green.png,green_cast,609_img_.png,/workspace/underwater_enhancement/data/raw_underwater/UIEB/reference-890/609_img_.png
/workspace/underwater_enhancement/data/processed/physical_degradation/low_light/609_img__lowlight.png,low_light,609_img_.png,/workspace/underwater_enhancement/data/raw_underwater/UIEB/reference-890/609_img_.png
/workspace/underwater_enhancement/data/processed/physical_degradation/blur/609_img__blur.png,blur,609_img_.png,/workspace/underwater_enhancement/data/raw_underwater/UIEB/reference-890/609_img_.png
/workspace/underwater_enhancement/data/processed/physical_degradation/blue_cast/60_img__blue.png,blue_cast,60_img_.png,/workspace/underwater_enhancement/data/raw_underwater/UIEB/reference-890/60_img_.png
/workspace/underwater_enhancement/data/processed/physical_degradation/green_cast/60_img__green.png,green_cast,60_img_.png,/workspace/underwater_enhancement/data/raw_underwater/UIEB/reference-890/60_img_.png
/workspace/underwater_enhancement/data/processed/physical_degradation/low_light/60_img__lowlight.png,low_light,60_img_.png,/workspace/underwater_enhancement/data/raw_underwater/UIEB/reference-890/60_img_.png
/workspace/underwater_enhancement/data/processed/physical_degradation/blur/60_img__blur.png,blur,60_img_.png,/workspace/underwater_enhancement/data/raw_underwater/UIEB/reference-890/60_img_.png
/workspace/underwater_enhancement/data/processed/physical_degradation/blue_cast/610_img__blue.png,blue_cast,610_img_.png,/workspace/underwater_enhancement/data/raw_underwater/UIEB/reference-890/610_img_.png
/workspace/underwater_enhancement/data/processed/physical_degradation/green_cast/610_img__green.png,green_cast,610_img_.png,/workspace/underwater_enhancement/data/raw_underwater/UIEB/reference-890/610_img_.png
/workspace/underwater_enhancement/data/processed/physical_degradation/low_light/610_img__lowlight.png,low_light,610_img_.png,/workspace/underwater_enhancement/data/raw_underwater/UIEB/reference-890/610_img_.png
/workspace/underwater_enhancement/data/processed/physical_degradation/blur/610_img__blur.png,blur,610_img_.png,/workspace/underwater_enhancement/data/raw_underwater/UIEB/reference-890/610_img_.png
/workspace/underwater_enhancement/data/processed/physical_degradation/blue_cast/611_img__blue.png,blue_cast,611_img_.png,/workspace/underwater_enhancement/data/raw_underwater/UIEB/reference-890/611_img_.png
/workspace/underwater_enhancement/data/processed/physical_degradation/green_cast/611_img__green.png,green_cast,611_img_.png,/workspace/underwater_enhancement/data/raw_underwater/UIEB/reference-890/611_img_.png
/workspace/underwater_enhancement/data/processed/physical_degradation/low_light/611_img__lowlight.png,low_light,611_img_.png,/workspace/underwater_enhancement/data/raw_underwater/UIEB/reference-890/611_img_.png
/workspace/underwater_enhancement/data/processed/physical_degradation/blur/611_img__blur.png,blur,611_img_.png,/workspace/underwater_enhancement/data/raw_underwater/UIEB/reference-890/611_img_.png
/workspace/underwater_enhancement/data/processed/physical_degradation/blue_cast/612_img__blue.png,blue_cast,612_img_.png,/workspace/underwater_enhancement/data/raw_underwater/UIEB/reference-890/612_img_.png
/workspace/underwater_enhancement/data/processed/physical_degradation/green_cast/612_img__green.png,green_cast,612_img_.png,/workspace/underwater_enhancement/data/raw_underwater/UIEB/reference-890/612_img_.png
/workspace/underwater_enhancement/data/processed/physical_degradation/low_light/612_img__lowlight.png,low_light,612_img_.png,/workspace/underwater_enhancement/data/raw_underwater/UIEB/reference-890/612_img_.png
/workspace/underwater_enhancement/data/processed/physical_degradation/blur/612_img__blur.png,blur,612_img_.png,/workspace/underwater_enhancement/data/raw_underwater/UIEB/reference-890/612_img_.png
/workspace/underwater_enhancement/data/processed/physical_degradation/blue_cast/613_img__blue.png,blue_cast,613_img_.png,/workspace/underwater_enhancement/data/raw_underwater/UIEB/reference-890/613_img_.png
/workspace/underwater_enhancement/data/processed/physical_degradation/green_cast/613_img__green.png,green_cast,613_img_.png,/workspace/underwater_enhancement/data/raw_underwater/UIEB/reference-890/613_img_.png
/workspace/underwater_enhancement/data/processed/physical_degradation/low_light/613_img__lowlight.png,low_light,613_img_.png,/workspace/underwater_enhancement/data/raw_underwater/UIEB/reference-890/613_img_.png
/workspace/underwater_enhancement/data/processed/physical_degradation/blur/613_img__blur.png,blur,613_img_.png,/workspace/underwater_enhancement/data/raw_underwater/UIEB/reference-890/613_img_.png
/workspace/underwater_enhancement/data/processed/physical_degradation/blue_cast/614_img__blue.png,blue_cast,614_img_.png,/workspace/underwater_enhancement/data/raw_underwater/UIEB/reference-890/614_img_.png
/workspace/underwater_enhancement/data/processed/physical_degradation/green_cast/614_img__green.png,green_cast,614_img_.png,/workspace/underwater_enhancement/data/raw_underwater/UIEB/reference-890/614_img_.png
/workspace/underwater_enhancement/data/processed/physical_degradation/low_light/614_img__lowlight.png,low_light,614_img_.png,/workspace/underwater_enhancement/data/raw_underwater/UIEB/reference-890/614_img_.png
/workspace/underwater_enhancement/data/processed/physical_degradation/blur/614_img__blur.png,blur,614_img_.png,/workspace/underwater_enhancement/data/raw_underwater/UIEB/reference-890/614_img_.png
/workspace/underwater_enhancement/data/processed/physical_degradation/blue_cast/615_img__blue.png,blue_cast,615_img_.png,/workspace/underwater_enhancement/data/raw_underwater/UIEB/reference-890/615_img_.png
/workspace/underwater_enhancement/data/processed/physical_degradation/green_cast/615_img__green.png,green_cast,615_img_.png,/workspace/underwater_enhancement/data/raw_underwater/UIEB/reference-890/615_img_.png
/workspace/underwater_enhancement/data/processed/physical_degradation/low_light/615_img__lowlight.png,low_light,615_img_.png,/workspace/underwater_enhancement/data/raw_underwater/UIEB/reference-890/615_img_.png
/workspace/underwater_enhancement/data/processed/physical_degradation/blur/615_img__blur.png,blur,615_img_.png,/workspace/underwater_enhancement/data/raw_underwater/UIEB/reference-890/615_img_.png
/workspace/underwater_enhancement/data/processed/physical_degradation/blue_cast/616_img__blue.png,blue_cast,616_img_.png,/workspace/underwater_enhancement/data/raw_underwater/UIEB/reference-890/616_img_.png
/workspace/underwater_enhancement/data/processed/physical_degradation/green_cast/616_img__green.png,green_cast,616_img_.png,/workspace/underwater_enhancement/data/raw_underwater/UIEB/reference-890/616_img_.png
/workspace/underwater_enhancement/data/processed/physical_degradation/low_light/616_img__lowlight.png,low_light,616_img_.png,/workspace/underwater_enhancement/data/raw_underwater/UIEB/reference-890/616_img_.png
/workspace/underwater_enhancement/data/processed/physical_degradation/blur/616_img__blur.png,blur,616_img_.png,/workspace/underwater_enhancement/data/raw_underwater/UIEB/reference-890/616_img_.png
/workspace/underwater_enhancement/data/processed/physical_degradation/blue_cast/617_img__blue.png,blue_cast,617_img_.png,/workspace/underwater_enhancement/data/raw_underwater/UIEB/reference-890/617_img_.png
/workspace/underwater_enhancement/data/processed/physical_degradation/green_cast/617_img__green.png,green_cast,617_img_.png,/workspace/underwater_enhancement/data/raw_underwater/UIEB/reference-890/617_img_.png
/workspace/underwater_enhancement/data/processed/physical_degradation/low_light/617_img__lowlight.png,low_light,617_img_.png,/workspace/underwater_enhancement/data/raw_underwater/UIEB/reference-890/617_img_.png
/workspace/underwater_enhancement/data/processed/physical_degradation/blur/617_img__blur.png,blur,617_img_.png,/workspace/underwater_enhancement/data/raw_underwater/UIEB/reference-890/617_img_.png
/workspace/underwater_enhancement/data/processed/physical_degradation/blue_cast/618_img__blue.png,blue_cast,618_img_.png,/workspace/underwater_enhancement/data/raw_underwater/UIEB/reference-890/618_img_.png
/workspace/underwater_enhancement/data/processed/physical_degradation/green_cast/618_img__green.png,green_cast,618_img_.png,/workspace/underwater_enhancement/data/raw_underwater/UIEB/reference-890/618_img_.png
/workspace/underwater_enhancement/data/processed/physical_degradation/low_light/618_img__lowlight.png,low_light,618_img_.png,/workspace/underwater_enhancement/data/raw_underwater/UIEB/reference-890/618_img_.png
/workspace/underwater_enhancement/data/processed/physical_degradation/blur/618_img__blur.png,blur,618_img_.png,/workspace/underwater_enhancement/data/raw_underwater/UIEB/reference-890/618_img_.png
/workspace/underwater_enhancement/data/processed/physical_degradation/blue_cast/619_img__blue.png,blue_cast,619_img_.png,/workspace/underwater_enhancement/data/raw_underwater/UIEB/reference-890/619_img_.png
/workspace/underwater_enhancement/data/processed/physical_degradation/green_cast/619_img__green.png,green_cast,619_img_.png,/workspace/underwater_enhancement/data/raw_underwater/UIEB/reference-890/619_img_.png
/workspace/underwater_enhancement/data/processed/physical_degradation/low_light/619_img__lowlight.png,low_light,619_img_.png,/workspace/underwater_enhancement/data/raw_underwater/UIEB/reference-890/619_img_.png
/workspace/underwater_enhancement/data/processed/physical_degradation/blur/619_img__blur.png,blur,619_img_.png,/workspace/underwater_enhancement/data/raw_underwater/UIEB/reference-890/619_img_.png
/workspace/underwater_enhancement/data/processed/physical_degradation/blue_cast/61_img__blue.png,blue_cast,61_img_.png,/workspace/underwater_enhancement/data/raw_underwater/UIEB/reference-890/61_img_.png
/workspace/underwater_enhancement/data/processed/physical_degradation/green_cast/61_img__green.png,green_cast,61_img_.png,/workspace/underwater_enhancement/data/raw_underwater/UIEB/reference-890/61_img_.png
/workspace/underwater_enhancement/data/processed/physical_degradation/low_light/61_img__lowlight.png,low_light,61_img_.png,/workspace/underwater_enhancement/data/raw_underwater/UIEB/reference-890/61_img_.png
/workspace/underwater_enhancement/data/processed/physical_degradation/blur/61_img__blur.png,blur,61_img_.png,/workspace/underwater_enhancement/data/raw_underwater/UIEB/reference-890/61_img_.png
/workspace/underwater_enhancement/data/processed/physical_degradation/blue_cast/620_img__blue.png,blue_cast,620_img_.png,/workspace/underwater_enhancement/data/raw_underwater/UIEB/reference-890/620_img_.png
/workspace/underwater_enhancement/data/processed/physical_degradation/green_cast/620_img__green.png,green_cast,620_img_.png,/workspace/underwater_enhancement/data/raw_underwater/UIEB/reference-890/620_img_.png
/workspace/underwater_enhancement/data/processed/physical_degradation/low_light/620_img__lowlight.png,low_light,620_img_.png,/workspace/underwater_enhancement/data/raw_underwater/UIEB/reference-890/620_img_.png
/workspace/underwater_enhancement/data/processed/physical_degradation/blur/620_img__blur.png,blur,620_img_.png,/workspace/underwater_enhancement/data/raw_underwater/UIEB/reference-890/620_img_.png
/workspace/underwater_enhancement/data/processed/physical_degradation/blue_cast/621_img__blue.png,blue_cast,621_img_.png,/workspace/underwater_enhancement/data/raw_underwater/UIEB/reference-890/621_img_.png
/workspace/underwater_enhancement/data/processed/physical_degradation/green_cast/621_img__green.png,green_cast,621_img_.png,/workspace/underwater_enhancement/data/raw_underwater/UIEB/reference-890/621_img_.png
/workspace/underwater_enhancement/data/processed/physical_degradation/low_light/621_img__lowlight.png,low_light,621_img_.png,/workspace/underwater_enhancement/data/raw_underwater/UIEB/reference-890/621_img_.png
/workspace/underwater_enhancement/data/processed/physical_degradation/blur/621_img__blur.png,blur,621_img_.png,/workspace/underwater_enhancement/data/raw_underwater/UIEB/reference-890/621_img_.png
/workspace/underwater_enhancement/data/processed/physical_degradation/blue_cast/622_img__blue.png,blue_cast,622_img_.png,/workspace/underwater_enhancement/data/raw_underwater/UIEB/reference-890/622_img_.png
/workspace/underwater_enhancement/data/processed/physical_degradation/green_cast/622_img__green.png,green_cast,622_img_.png,/workspace/underwater_enhancement/data/raw_underwater/UIEB/reference-890/622_img_.png
/workspace/underwater_enhancement/data/processed/physical_degradation/low_light/622_img__lowlight.png,low_light,622_img_.png,/workspace/underwater_enhancement/data/raw_underwater/UIEB/reference-890/622_img_.png
/workspace/underwater_enhancement/data/processed/physical_degradation/blur/622_img__blur.png,blur,622_img_.png,/workspace/underwater_enhancement/data/raw_underwater/UIEB/reference-890/622_img_.png
/workspace/underwater_enhancement/data/processed/physical_degradation/blue_cast/623_img__blue.png,blue_cast,623_img_.png,/workspace/underwater_enhancement/data/raw_underwater/UIEB/reference-890/623_img_.png
/workspace/underwater_enhancement/data/processed/physical_degradation/green_cast/623_img__green.png,green_cast,623_img_.png,/workspace/underwater_enhancement/data/raw_underwater/UIEB/reference-890/623_img_.png
/workspace/underwater_enhancement/data/processed/physical_degradation/low_light/623_img__lowlight.png,low_light,623_img_.png,/workspace/underwater_enhancement/data/raw_underwater/UIEB/reference-890/623_img_.png
/workspace/underwater_enhancement/data/processed/physical_degradation/blur/623_img__blur.png,blur,623_img_.png,/workspace/underwater_enhancement/data/raw_underwater/UIEB/reference-890/623_img_.png
/workspace/underwater_enhancement/data/processed/physical_degradation/blue_cast/625_img__blue.png,blue_cast,625_img_.png,/workspace/underwater_enhancement/data/raw_underwater/UIEB/reference-890/625_img_.png
/workspace/underwater_enhancement/data/processed/physical_degradation/green_cast/625_img__green.png,green_cast,625_img_.png,/workspace/underwater_enhancement/data/raw_underwater/UIEB/reference-890/625_img_.png
/workspace/underwater_enhancement/data/processed/physical_degradation/low_light/625_img__lowlight.png,low_light,625_img_.png,/workspace/underwater_enhancement/data/raw_underwater/UIEB/reference-890/625_img_.png
/workspace/underwater_enhancement/data/processed/physical_degradation/blur/625_img__blur.png,blur,625_img_.png,/workspace/underwater_enhancement/data/raw_underwater/UIEB/reference-890/625_img_.png
/workspace/underwater_enhancement/data/processed/physical_degradation/blue_cast/626_img__blue.png,blue_cast,626_img_.png,/workspace/underwater_enhancement/data/raw_underwater/UIEB/reference-890/626_img_.png
/workspace/underwater_enhancement/data/processed/physical_degradation/green_cast/626_img__green.png,green_cast,626_img_.png,/workspace/underwater_enhancement/data/raw_underwater/UIEB/reference-890/626_img_.png
/workspace/underwater_enhancement/data/processed/physical_degradation/low_light/626_img__lowlight.png,low_light,626_img_.png,/workspace/underwater_enhancement/data/raw_underwater/UIEB/reference-890/626_img_.png
/workspace/underwater_enhancement/data/processed/physical_degradation/blur/626_img__blur.png,blur,626_img_.png,/workspace/underwater_enhancement/data/raw_underwater/UIEB/reference-890/626_img_.png
/workspace/underwater_enhancement/data/processed/physical_degradation/blue_cast/627_img__blue.png,blue_cast,627_img_.png,/workspace/underwater_enhancement/data/raw_underwater/UIEB/reference-890/627_img_.png
/workspace/underwater_enhancement/data/processed/physical_degradation/green_cast/627_img__green.png,green_cast,627_img_.png,/workspace/underwater_enhancement/data/raw_underwater/UIEB/reference-890/627_img_.png
/workspace/underwater_enhancement/data/processed/physical_degradation/low_light/627_img__lowlight.png,low_light,627_img_.png,/workspace/underwater_enhancement/data/raw_underwater/UIEB/reference-890/627_img_.png
/workspace/underwater_enhancement/data/processed/physical_degradation/blur/627_img__blur.png,blur,627_img_.png,/workspace/underwater_enhancement/data/raw_underwater/UIEB/reference-890/627_img_.png
/workspace/underwater_enhancement/data/processed/physical_degradation/blue_cast/628_img__blue.png,blue_cast,628_img_.png,/workspace/underwater_enhancement/data/raw_underwater/UIEB/reference-890/628_img_.png
/workspace/underwater_enhancement/data/processed/physical_degradation/green_cast/628_img__green.png,green_cast,628_img_.png,/workspace/underwater_enhancement/data/raw_underwater/UIEB/reference-890/628_img_.png
/workspace/underwater_enhancement/data/processed/physical_degradation/low_light/628_img__lowlight.png,low_light,628_img_.png,/workspace/underwater_enhancement/data/raw_underwater/UIEB/reference-890/628_img_.png
/workspace/underwater_enhancement/data/processed/physical_degradation/blur/628_img__blur.png,blur,628_img_.png,/workspace/underwater_enhancement/data/raw_underwater/UIEB/reference-890/628_img_.png
/workspace/underwater_enhancement/data/processed/physical_degradation/blue_cast/629_img__blue.png,blue_cast,629_img_.png,/workspace/underwater_enhancement/data/raw_underwater/UIEB/reference-890/629_img_.png
/workspace/underwater_enhancement/data/processed/physical_degradation/green_cast/629_img__green.png,green_cast,629_img_.png,/workspace/underwater_enhancement/data/raw_underwater/UIEB/reference-890/629_img_.png
/workspace/underwater_enhancement/data/processed/physical_degradation/low_light/629_img__lowlight.png,low_light,629_img_.png,/workspace/underwater_enhancement/data/raw_underwater/UIEB/reference-890/629_img_.png
/workspace/underwater_enhancement/data/processed/physical_degradation/blur/629_img__blur.png,blur,629_img_.png,/workspace/underwater_enhancement/data/raw_underwater/UIEB/reference-890/629_img_.png
/workspace/underwater_enhancement/data/processed/physical_degradation/blue_cast/62_img__blue.png,blue_cast,62_img_.png,/workspace/underwater_enhancement/data/raw_underwater/UIEB/reference-890/62_img_.png
/workspace/underwater_enhancement/data/processed/physical_degradation/green_cast/62_img__green.png,green_cast,62_img_.png,/workspace/underwater_enhancement/data/raw_underwater/UIEB/reference-890/62_img_.png
/workspace/underwater_enhancement/data/processed/physical_degradation/low_light/62_img__lowlight.png,low_light,62_img_.png,/workspace/underwater_enhancement/data/raw_underwater/UIEB/reference-890/62_img_.png
/workspace/underwater_enhancement/data/processed/physical_degradation/blur/62_img__blur.png,blur,62_img_.png,/workspace/underwater_enhancement/data/raw_underwater/UIEB/reference-890/62_img_.png
/workspace/underwater_enhancement/data/processed/physical_degradation/blue_cast/630_img__blue.png,blue_cast,630_img_.png,/workspace/underwater_enhancement/data/raw_underwater/UIEB/reference-890/630_img_.png
/workspace/underwater_enhancement/data/processed/physical_degradation/green_cast/630_img__green.png,green_cast,630_img_.png,/workspace/underwater_enhancement/data/raw_underwater/UIEB/reference-890/630_img_.png
/workspace/underwater_enhancement/data/processed/physical_degradation/low_light/630_img__lowlight.png,low_light,630_img_.png,/workspace/underwater_enhancement/data/raw_underwater/UIEB/reference-890/630_img_.png
/workspace/underwater_enhancement/data/processed/physical_degradation/blur/630_img__blur.png,blur,630_img_.png,/workspace/underwater_enhancement/data/raw_underwater/UIEB/reference-890/630_img_.png
/workspace/underwater_enhancement/data/processed/physical_degradation/blue_cast/631_img__blue.png,blue_cast,631_img_.png,/workspace/underwater_enhancement/data/raw_underwater/UIEB/reference-890/631_img_.png
/workspace/underwater_enhancement/data/processed/physical_degradation/green_cast/631_img__green.png,green_cast,631_img_.png,/workspace/underwater_enhancement/data/raw_underwater/UIEB/reference-890/631_img_.png
/workspace/underwater_enhancement/data/processed/physical_degradation/low_light/631_img__lowlight.png,low_light,631_img_.png,/workspace/underwater_enhancement/data/raw_underwater/UIEB/reference-890/631_img_.png
/workspace/underwater_enhancement/data/processed/physical_degradation/blur/631_img__blur.png,blur,631_img_.png,/workspace/underwater_enhancement/data/raw_underwater/UIEB/reference-890/631_img_.png
/workspace/underwater_enhancement/data/processed/physical_degradation/blue_cast/632_img__blue.png,blue_cast,632_img_.png,/workspace/underwater_enhancement/data/raw_underwater/UIEB/reference-890/632_img_.png
/workspace/underwater_enhancement/data/processed/physical_degradation/green_cast/632_img__green.png,green_cast,632_img_.png,/workspace/underwater_enhancement/data/raw_underwater/UIEB/reference-890/632_img_.png
/workspace/underwater_enhancement/data/processed/physical_degradation/low_light/632_img__lowlight.png,low_light,632_img_.png,/workspace/underwater_enhancement/data/raw_underwater/UIEB/reference-890/632_img_.png
/workspace/underwater_enhancement/data/processed/physical_degradation/blur/632_img__blur.png,blur,632_img_.png,/workspace/underwater_enhancement/data/raw_underwater/UIEB/reference-890/632_img_.png
/workspace/underwater_enhancement/data/processed/physical_degradation/blue_cast/633_img__blue.png,blue_cast,633_img_.png,/workspace/underwater_enhancement/data/raw_underwater/UIEB/reference-890/633_img_.png
/workspace/underwater_enhancement/data/processed/physical_degradation/green_cast/633_img__green.png,green_cast,633_img_.png,/workspace/underwater_enhancement/data/raw_underwater/UIEB/reference-890/633_img_.png
/workspace/underwater_enhancement/data/processed/physical_degradation/low_light/633_img__lowlight.png,low_light,633_img_.png,/workspace/underwater_enhancement/data/raw_underwater/UIEB/reference-890/633_img_.png
/workspace/underwater_enhancement/data/processed/physical_degradation/blur/633_img__blur.png,blur,633_img_.png,/workspace/underwater_enhancement/data/raw_underwater/UIEB/reference-890/633_img_.png
/workspace/underwater_enhancement/data/processed/physical_degradation/blue_cast/634_img__blue.png,blue_cast,634_img_.png,/workspace/underwater_enhancement/data/raw_underwater/UIEB/reference-890/634_img_.png
/workspace/underwater_enhancement/data/processed/physical_degradation/green_cast/634_img__green.png,green_cast,634_img_.png,/workspace/underwater_enhancement/data/raw_underwater/UIEB/reference-890/634_img_.png
/workspace/underwater_enhancement/data/processed/physical_degradation/low_light/634_img__lowlight.png,low_light,634_img_.png,/workspace/underwater_enhancement/data/raw_underwater/UIEB/reference-890/634_img_.png
/workspace/underwater_enhancement/data/processed/physical_degradation/blur/634_img__blur.png,blur,634_img_.png,/workspace/underwater_enhancement/data/raw_underwater/UIEB/reference-890/634_img_.png
/workspace/underwater_enhancement/data/processed/physical_degradation/blue_cast/635_img__blue.png,blue_cast,635_img_.png,/workspace/underwater_enhancement/data/raw_underwater/UIEB/reference-890/635_img_.png
/workspace/underwater_enhancement/data/processed/physical_degradation/green_cast/635_img__green.png,green_cast,635_img_.png,/workspace/underwater_enhancement/data/raw_underwater/UIEB/reference-890/635_img_.png
/workspace/underwater_enhancement/data/processed/physical_degradation/low_light/635_img__lowlight.png,low_light,635_img_.png,/workspace/underwater_enhancement/data/raw_underwater/UIEB/reference-890/635_img_.png
/workspace/underwater_enhancement/data/processed/physical_degradation/blur/635_img__blur.png,blur,635_img_.png,/workspace/underwater_enhancement/data/raw_underwater/UIEB/reference-890/635_img_.png
/workspace/underwater_enhancement/data/processed/physical_degradation/blue_cast/636_img__blue.png,blue_cast,636_img_.png,/workspace/underwater_enhancement/data/raw_underwater/UIEB/reference-890/636_img_.png
/workspace/underwater_enhancement/data/processed/physical_degradation/green_cast/636_img__green.png,green_cast,636_img_.png,/workspace/underwater_enhancement/data/raw_underwater/UIEB/reference-890/636_img_.png
/workspace/underwater_enhancement/data/processed/physical_degradation/low_light/636_img__lowlight.png,low_light,636_img_.png,/workspace/underwater_enhancement/data/raw_underwater/UIEB/reference-890/636_img_.png
/workspace/underwater_enhancement/data/processed/physical_degradation/blur/636_img__blur.png,blur,636_img_.png,/workspace/underwater_enhancement/data/raw_underwater/UIEB/reference-890/636_img_.png
/workspace/underwater_enhancement/data/processed/physical_degradation/blue_cast/637_img__blue.png,blue_cast,637_img_.png,/workspace/underwater_enhancement/data/raw_underwater/UIEB/reference-890/637_img_.png
/workspace/underwater_enhancement/data/processed/physical_degradation/green_cast/637_img__green.png,green_cast,637_img_.png,/workspace/underwater_enhancement/data/raw_underwater/UIEB/reference-890/637_img_.png
/workspace/underwater_enhancement/data/processed/physical_degradation/low_light/637_img__lowlight.png,low_light,637_img_.png,/workspace/underwater_enhancement/data/raw_underwater/UIEB/reference-890/637_img_.png
/workspace/underwater_enhancement/data/processed/physical_degradation/blur/637_img__blur.png,blur,637_img_.png,/workspace/underwater_enhancement/data/raw_underwater/UIEB/reference-890/637_img_.png
/workspace/underwater_enhancement/data/processed/physical_degradation/blue_cast/638_img__blue.png,blue_cast,638_img_.png,/workspace/underwater_enhancement/data/raw_underwater/UIEB/reference-890/638_img_.png
/workspace/underwater_enhancement/data/processed/physical_degradation/green_cast/638_img__green.png,green_cast,638_img_.png,/workspace/underwater_enhancement/data/raw_underwater/UIEB/reference-890/638_img_.png
/workspace/underwater_enhancement/data/processed/physical_degradation/low_light/638_img__lowlight.png,low_light,638_img_.png,/workspace/underwater_enhancement/data/raw_underwater/UIEB/reference-890/638_img_.png
/workspace/underwater_enhancement/data/processed/physical_degradation/blur/638_img__blur.png,blur,638_img_.png,/workspace/underwater_enhancement/data/raw_underwater/UIEB/reference-890/638_img_.png
/workspace/underwater_enhancement/data/processed/physical_degradation/blue_cast/639_img__blue.png,blue_cast,639_img_.png,/workspace/underwater_enhancement/data/raw_underwater/UIEB/reference-890/639_img_.png
/workspace/underwater_enhancement/data/processed/physical_degradation/green_cast/639_img__green.png,green_cast,639_img_.png,/workspace/underwater_enhancement/data/raw_underwater/UIEB/reference-890/639_img_.png
/workspace/underwater_enhancement/data/processed/physical_degradation/low_light/639_img__lowlight.png,low_light,639_img_.png,/workspace/underwater_enhancement/data/raw_underwater/UIEB/reference-890/639_img_.png
/workspace/underwater_enhancement/data/processed/physical_degradation/blur/639_img__blur.png,blur,639_img_.png,/workspace/underwater_enhancement/data/raw_underwater/UIEB/reference-890/639_img_.png
/workspace/underwater_enhancement/data/processed/physical_degradation/blue_cast/63_img__blue.png,blue_cast,63_img_.png,/workspace/underwater_enhancement/data/raw_underwater/UIEB/reference-890/63_img_.png
/workspace/underwater_enhancement/data/processed/physical_degradation/green_cast/63_img__green.png,green_cast,63_img_.png,/workspace/underwater_enhancement/data/raw_underwater/UIEB/reference-890/63_img_.png
/workspace/underwater_enhancement/data/processed/physical_degradation/low_light/63_img__lowlight.png,low_light,63_img_.png,/workspace/underwater_enhancement/data/raw_underwater/UIEB/reference-890/63_img_.png
/workspace/underwater_enhancement/data/processed/physical_degradation/blur/63_img__blur.png,blur,63_img_.png,/workspace/underwater_enhancement/data/raw_underwater/UIEB/reference-890/63_img_.png
/workspace/underwater_enhancement/data/processed/physical_degradation/blue_cast/640_img__blue.png,blue_cast,640_img_.png,/workspace/underwater_enhancement/data/raw_underwater/UIEB/reference-890/640_img_.png
/workspace/underwater_enhancement/data/processed/physical_degradation/green_cast/640_img__green.png,green_cast,640_img_.png,/workspace/underwater_enhancement/data/raw_underwater/UIEB/reference-890/640_img_.png
/workspace/underwater_enhancement/data/processed/physical_degradation/low_light/640_img__lowlight.png,low_light,640_img_.png,/workspace/underwater_enhancement/data/raw_underwater/UIEB/reference-890/640_img_.png
/workspace/underwater_enhancement/data/processed/physical_degradation/blur/640_img__blur.png,blur,640_img_.png,/workspace/underwater_enhancement/data/raw_underwater/UIEB/reference-890/640_img_.png
/workspace/underwater_enhancement/data/processed/physical_degradation/blue_cast/641_img__blue.png,blue_cast,641_img_.png,/workspace/underwater_enhancement/data/raw_underwater/UIEB/reference-890/641_img_.png
/workspace/underwater_enhancement/data/processed/physical_degradation/green_cast/641_img__green.png,green_cast,641_img_.png,/workspace/underwater_enhancement/data/raw_underwater/UIEB/reference-890/641_img_.png
/workspace/underwater_enhancement/data/processed/physical_degradation/low_light/641_img__lowlight.png,low_light,641_img_.png,/workspace/underwater_enhancement/data/raw_underwater/UIEB/reference-890/641_img_.png
/workspace/underwater_enhancement/data/processed/physical_degradation/blur/641_img__blur.png,blur,641_img_.png,/workspace/underwater_enhancement/data/raw_underwater/UIEB/reference-890/641_img_.png
/workspace/underwater_enhancement/data/processed/physical_degradation/blue_cast/642_img__blue.png,blue_cast,642_img_.png,/workspace/underwater_enhancement/data/raw_underwater/UIEB/reference-890/642_img_.png
/workspace/underwater_enhancement/data/processed/physical_degradation/green_cast/642_img__green.png,green_cast,642_img_.png,/workspace/underwater_enhancement/data/raw_underwater/UIEB/reference-890/642_img_.png
/workspace/underwater_enhancement/data/processed/physical_degradation/low_light/642_img__lowlight.png,low_light,642_img_.png,/workspace/underwater_enhancement/data/raw_underwater/UIEB/reference-890/642_img_.png
/workspace/underwater_enhancement/data/processed/physical_degradation/blur/642_img__blur.png,blur,642_img_.png,/workspace/underwater_enhancement/data/raw_underwater/UIEB/reference-890/642_img_.png
/workspace/underwater_enhancement/data/processed/physical_degradation/blue_cast/645_img__blue.png,blue_cast,645_img_.png,/workspace/underwater_enhancement/data/raw_underwater/UIEB/reference-890/645_img_.png
/workspace/underwater_enhancement/data/processed/physical_degradation/green_cast/645_img__green.png,green_cast,645_img_.png,/workspace/underwater_enhancement/data/raw_underwater/UIEB/reference-890/645_img_.png
/workspace/underwater_enhancement/data/processed/physical_degradation/low_light/645_img__lowlight.png,low_light,645_img_.png,/workspace/underwater_enhancement/data/raw_underwater/UIEB/reference-890/645_img_.png
/workspace/underwater_enhancement/data/processed/physical_degradation/blur/645_img__blur.png,blur,645_img_.png,/workspace/underwater_enhancement/data/raw_underwater/UIEB/reference-890/645_img_.png
/workspace/underwater_enhancement/data/processed/physical_degradation/blue_cast/646_img__blue.png,blue_cast,646_img_.png,/workspace/underwater_enhancement/data/raw_underwater/UIEB/reference-890/646_img_.png
/workspace/underwater_enhancement/data/processed/physical_degradation/green_cast/646_img__green.png,green_cast,646_img_.png,/workspace/underwater_enhancement/data/raw_underwater/UIEB/reference-890/646_img_.png
/workspace/underwater_enhancement/data/processed/physical_degradation/low_light/646_img__lowlight.png,low_light,646_img_.png,/workspace/underwater_enhancement/data/raw_underwater/UIEB/reference-890/646_img_.png
/workspace/underwater_enhancement/data/processed/physical_degradation/blur/646_img__blur.png,blur,646_img_.png,/workspace/underwater_enhancement/data/raw_underwater/UIEB/reference-890/646_img_.png
/workspace/underwater_enhancement/data/processed/physical_degradation/blue_cast/647_img__blue.png,blue_cast,647_img_.png,/workspace/underwater_enhancement/data/raw_underwater/UIEB/reference-890/647_img_.png
/workspace/underwater_enhancement/data/processed/physical_degradation/green_cast/647_img__green.png,green_cast,647_img_.png,/workspace/underwater_enhancement/data/raw_underwater/UIEB/reference-890/647_img_.png
/workspace/underwater_enhancement/data/processed/physical_degradation/low_light/647_img__lowlight.png,low_light,647_img_.png,/workspace/underwater_enhancement/data/raw_underwater/UIEB/reference-890/647_img_.png
/workspace/underwater_enhancement/data/processed/physical_degradation/blur/647_img__blur.png,blur,647_img_.png,/workspace/underwater_enhancement/data/raw_underwater/UIEB/reference-890/647_img_.png
/workspace/underwater_enhancement/data/processed/physical_degradation/blue_cast/648_img__blue.png,blue_cast,648_img_.png,/workspace/underwater_enhancement/data/raw_underwater/UIEB/reference-890/648_img_.png
/workspace/underwater_enhancement/data/processed/physical_degradation/green_cast/648_img__green.png,green_cast,648_img_.png,/workspace/underwater_enhancement/data/raw_underwater/UIEB/reference-890/648_img_.png
/workspace/underwater_enhancement/data/processed/physical_degradation/low_light/648_img__lowlight.png,low_light,648_img_.png,/workspace/underwater_enhancement/data/raw_underwater/UIEB/reference-890/648_img_.png
/workspace/underwater_enhancement/data/processed/physical_degradation/blur/648_img__blur.png,blur,648_img_.png,/workspace/underwater_enhancement/data/raw_underwater/UIEB/reference-890/648_img_.png
/workspace/underwater_enhancement/data/processed/physical_degradation/blue_cast/649_img__blue.png,blue_cast,649_img_.png,/workspace/underwater_enhancement/data/raw_underwater/UIEB/reference-890/649_img_.png
/workspace/underwater_enhancement/data/processed/physical_degradation/green_cast/649_img__green.png,green_cast,649_img_.png,/workspace/underwater_enhancement/data/raw_underwater/UIEB/reference-890/649_img_.png
/workspace/underwater_enhancement/data/processed/physical_degradation/low_light/649_img__lowlight.png,low_light,649_img_.png,/workspace/underwater_enhancement/data/raw_underwater/UIEB/reference-890/649_img_.png
/workspace/underwater_enhancement/data/processed/physical_degradation/blur/649_img__blur.png,blur,649_img_.png,/workspace/underwater_enhancement/data/raw_underwater/UIEB/reference-890/649_img_.png
/workspace/underwater_enhancement/data/processed/physical_degradation/blue_cast/64_img__blue.png,blue_cast,64_img_.png,/workspace/underwater_enhancement/data/raw_underwater/UIEB/reference-890/64_img_.png
/workspace/underwater_enhancement/data/processed/physical_degradation/green_cast/64_img__green.png,green_cast,64_img_.png,/workspace/underwater_enhancement/data/raw_underwater/UIEB/reference-890/64_img_.png
/workspace/underwater_enhancement/data/processed/physical_degradation/low_light/64_img__lowlight.png,low_light,64_img_.png,/workspace/underwater_enhancement/data/raw_underwater/UIEB/reference-890/64_img_.png
/workspace/underwater_enhancement/data/processed/physical_degradation/blur/64_img__blur.png,blur,64_img_.png,/workspace/underwater_enhancement/data/raw_underwater/UIEB/reference-890/64_img_.png
/workspace/underwater_enhancement/data/processed/physical_degradation/blue_cast/650_img__blue.png,blue_cast,650_img_.png,/workspace/underwater_enhancement/data/raw_underwater/UIEB/reference-890/650_img_.png
/workspace/underwater_enhancement/data/processed/physical_degradation/green_cast/650_img__green.png,green_cast,650_img_.png,/workspace/underwater_enhancement/data/raw_underwater/UIEB/reference-890/650_img_.png
/workspace/underwater_enhancement/data/processed/physical_degradation/low_light/650_img__lowlight.png,low_light,650_img_.png,/workspace/underwater_enhancement/data/raw_underwater/UIEB/reference-890/650_img_.png
/workspace/underwater_enhancement/data/processed/physical_degradation/blur/650_img__blur.png,blur,650_img_.png,/workspace/underwater_enhancement/data/raw_underwater/UIEB/reference-890/650_img_.png
/workspace/underwater_enhancement/data/processed/physical_degradation/blue_cast/651_blue.png,blue_cast,651.png,/workspace/underwater_enhancement/data/raw_underwater/UIEB/reference-890/651.png
/workspace/underwater_enhancement/data/processed/physical_degradation/green_cast/651_green.png,green_cast,651.png,/workspace/underwater_enhancement/data/raw_underwater/UIEB/reference-890/651.png
/workspace/underwater_enhancement/data/processed/physical_degradation/low_light/651_lowlight.png,low_light,651.png,/workspace/underwater_enhancement/data/raw_underwater/UIEB/reference-890/651.png
/workspace/underwater_enhancement/data/processed/physical_degradation/blur/651_blur.png,blur,651.png,/workspace/underwater_enhancement/data/raw_underwater/UIEB/reference-890/651.png
/workspace/underwater_enhancement/data/processed/physical_degradation/blue_cast/651_img__blue.png,blue_cast,651_img_.png,/workspace/underwater_enhancement/data/raw_underwater/UIEB/reference-890/651_img_.png
/workspace/underwater_enhancement/data/processed/physical_degradation/green_cast/651_img__green.png,green_cast,651_img_.png,/workspace/underwater_enhancement/data/raw_underwater/UIEB/reference-890/651_img_.png
/workspace/underwater_enhancement/data/processed/physical_degradation/low_light/651_img__lowlight.png,low_light,651_img_.png,/workspace/underwater_enhancement/data/raw_underwater/UIEB/reference-890/651_img_.png
/workspace/underwater_enhancement/data/processed/physical_degradation/blur/651_img__blur.png,blur,651_img_.png,/workspace/underwater_enhancement/data/raw_underwater/UIEB/reference-890/651_img_.png
/workspace/underwater_enhancement/data/processed/physical_degradation/blue_cast/652_img__blue.png,blue_cast,652_img_.png,/workspace/underwater_enhancement/data/raw_underwater/UIEB/reference-890/652_img_.png
/workspace/underwater_enhancement/data/processed/physical_degradation/green_cast/652_img__green.png,green_cast,652_img_.png,/workspace/underwater_enhancement/data/raw_underwater/UIEB/reference-890/652_img_.png
/workspace/underwater_enhancement/data/processed/physical_degradation/low_light/652_img__lowlight.png,low_light,652_img_.png,/workspace/underwater_enhancement/data/raw_underwater/UIEB/reference-890/652_img_.png
/workspace/underwater_enhancement/data/processed/physical_degradation/blur/652_img__blur.png,blur,652_img_.png,/workspace/underwater_enhancement/data/raw_underwater/UIEB/reference-890/652_img_.png
/workspace/underwater_enhancement/data/processed/physical_degradation/blue_cast/653_img__blue.png,blue_cast,653_img_.png,/workspace/underwater_enhancement/data/raw_underwater/UIEB/reference-890/653_img_.png
/workspace/underwater_enhancement/data/processed/physical_degradation/green_cast/653_img__green.png,green_cast,653_img_.png,/workspace/underwater_enhancement/data/raw_underwater/UIEB/reference-890/653_img_.png
/workspace/underwater_enhancement/data/processed/physical_degradation/low_light/653_img__lowlight.png,low_light,653_img_.png,/workspace/underwater_enhancement/data/raw_underwater/UIEB/reference-890/653_img_.png
/workspace/underwater_enhancement/data/processed/physical_degradation/blur/653_img__blur.png,blur,653_img_.png,/workspace/underwater_enhancement/data/raw_underwater/UIEB/reference-890/653_img_.png
/workspace/underwater_enhancement/data/processed/physical_degradation/blue_cast/654_img__blue.png,blue_cast,654_img_.png,/workspace/underwater_enhancement/data/raw_underwater/UIEB/reference-890/654_img_.png
/workspace/underwater_enhancement/data/processed/physical_degradation/green_cast/654_img__green.png,green_cast,654_img_.png,/workspace/underwater_enhancement/data/raw_underwater/UIEB/reference-890/654_img_.png
/workspace/underwater_enhancement/data/processed/physical_degradation/low_light/654_img__lowlight.png,low_light,654_img_.png,/workspace/underwater_enhancement/data/raw_underwater/UIEB/reference-890/654_img_.png
/workspace/underwater_enhancement/data/processed/physical_degradation/blur/654_img__blur.png,blur,654_img_.png,/workspace/underwater_enhancement/data/raw_underwater/UIEB/reference-890/654_img_.png
/workspace/underwater_enhancement/data/processed/physical_degradation/blue_cast/655_img__blue.png,blue_cast,655_img_.png,/workspace/underwater_enhancement/data/raw_underwater/UIEB/reference-890/655_img_.png
/workspace/underwater_enhancement/data/processed/physical_degradation/green_cast/655_img__green.png,green_cast,655_img_.png,/workspace/underwater_enhancement/data/raw_underwater/UIEB/reference-890/655_img_.png
/workspace/underwater_enhancement/data/processed/physical_degradation/low_light/655_img__lowlight.png,low_light,655_img_.png,/workspace/underwater_enhancement/data/raw_underwater/UIEB/reference-890/655_img_.png
/workspace/underwater_enhancement/data/processed/physical_degradation/blur/655_img__blur.png,blur,655_img_.png,/workspace/underwater_enhancement/data/raw_underwater/UIEB/reference-890/655_img_.png
/workspace/underwater_enhancement/data/processed/physical_degradation/blue_cast/656_img__blue.png,blue_cast,656_img_.png,/workspace/underwater_enhancement/data/raw_underwater/UIEB/reference-890/656_img_.png
/workspace/underwater_enhancement/data/processed/physical_degradation/green_cast/656_img__green.png,green_cast,656_img_.png,/workspace/underwater_enhancement/data/raw_underwater/UIEB/reference-890/656_img_.png
/workspace/underwater_enhancement/data/processed/physical_degradation/low_light/656_img__lowlight.png,low_light,656_img_.png,/workspace/underwater_enhancement/data/raw_underwater/UIEB/reference-890/656_img_.png
/workspace/underwater_enhancement/data/processed/physical_degradation/blur/656_img__blur.png,blur,656_img_.png,/workspace/underwater_enhancement/data/raw_underwater/UIEB/reference-890/656_img_.png
/workspace/underwater_enhancement/data/processed/physical_degradation/blue_cast/657_img__blue.png,blue_cast,657_img_.png,/workspace/underwater_enhancement/data/raw_underwater/UIEB/reference-890/657_img_.png
/workspace/underwater_enhancement/data/processed/physical_degradation/green_cast/657_img__green.png,green_cast,657_img_.png,/workspace/underwater_enhancement/data/raw_underwater/UIEB/reference-890/657_img_.png
/workspace/underwater_enhancement/data/processed/physical_degradation/low_light/657_img__lowlight.png,low_light,657_img_.png,/workspace/underwater_enhancement/data/raw_underwater/UIEB/reference-890/657_img_.png
/workspace/underwater_enhancement/data/processed/physical_degradation/blur/657_img__blur.png,blur,657_img_.png,/workspace/underwater_enhancement/data/raw_underwater/UIEB/reference-890/657_img_.png
/workspace/underwater_enhancement/data/processed/physical_degradation/blue_cast/658_img__blue.png,blue_cast,658_img_.png,/workspace/underwater_enhancement/data/raw_underwater/UIEB/reference-890/658_img_.png
/workspace/underwater_enhancement/data/processed/physical_degradation/green_cast/658_img__green.png,green_cast,658_img_.png,/workspace/underwater_enhancement/data/raw_underwater/UIEB/reference-890/658_img_.png
/workspace/underwater_enhancement/data/processed/physical_degradation/low_light/658_img__lowlight.png,low_light,658_img_.png,/workspace/underwater_enhancement/data/raw_underwater/UIEB/reference-890/658_img_.png
/workspace/underwater_enhancement/data/processed/physical_degradation/blur/658_img__blur.png,blur,658_img_.png,/workspace/underwater_enhancement/data/raw_underwater/UIEB/reference-890/658_img_.png
/workspace/underwater_enhancement/data/processed/physical_degradation/blue_cast/659_img__blue.png,blue_cast,659_img_.png,/workspace/underwater_enhancement/data/raw_underwater/UIEB/reference-890/659_img_.png
/workspace/underwater_enhancement/data/processed/physical_degradation/green_cast/659_img__green.png,green_cast,659_img_.png,/workspace/underwater_enhancement/data/raw_underwater/UIEB/reference-890/659_img_.png
/workspace/underwater_enhancement/data/processed/physical_degradation/low_light/659_img__lowlight.png,low_light,659_img_.png,/workspace/underwater_enhancement/data/raw_underwater/UIEB/reference-890/659_img_.png
/workspace/underwater_enhancement/data/processed/physical_degradation/blur/659_img__blur.png,blur,659_img_.png,/workspace/underwater_enhancement/data/raw_underwater/UIEB/reference-890/659_img_.png
/workspace/underwater_enhancement/data/processed/physical_degradation/blue_cast/65_img__blue.png,blue_cast,65_img_.png,/workspace/underwater_enhancement/data/raw_underwater/UIEB/reference-890/65_img_.png
/workspace/underwater_enhancement/data/processed/physical_degradation/green_cast/65_img__green.png,green_cast,65_img_.png,/workspace/underwater_enhancement/data/raw_underwater/UIEB/reference-890/65_img_.png
/workspace/underwater_enhancement/data/processed/physical_degradation/low_light/65_img__lowlight.png,low_light,65_img_.png,/workspace/underwater_enhancement/data/raw_underwater/UIEB/reference-890/65_img_.png
/workspace/underwater_enhancement/data/processed/physical_degradation/blur/65_img__blur.png,blur,65_img_.png,/workspace/underwater_enhancement/data/raw_underwater/UIEB/reference-890/65_img_.png
/workspace/underwater_enhancement/data/processed/physical_degradation/blue_cast/660_img__blue.png,blue_cast,660_img_.png,/workspace/underwater_enhancement/data/raw_underwater/UIEB/reference-890/660_img_.png
/workspace/underwater_enhancement/data/processed/physical_degradation/green_cast/660_img__green.png,green_cast,660_img_.png,/workspace/underwater_enhancement/data/raw_underwater/UIEB/reference-890/660_img_.png
/workspace/underwater_enhancement/data/processed/physical_degradation/low_light/660_img__lowlight.png,low_light,660_img_.png,/workspace/underwater_enhancement/data/raw_underwater/UIEB/reference-890/660_img_.png
/workspace/underwater_enhancement/data/processed/physical_degradation/blur/660_img__blur.png,blur,660_img_.png,/workspace/underwater_enhancement/data/raw_underwater/UIEB/reference-890/660_img_.png
/workspace/underwater_enhancement/data/processed/physical_degradation/blue_cast/661_img__blue.png,blue_cast,661_img_.png,/workspace/underwater_enhancement/data/raw_underwater/UIEB/reference-890/661_img_.png
/workspace/underwater_enhancement/data/processed/physical_degradation/green_cast/661_img__green.png,green_cast,661_img_.png,/workspace/underwater_enhancement/data/raw_underwater/UIEB/reference-890/661_img_.png
/workspace/underwater_enhancement/data/processed/physical_degradation/low_light/661_img__lowlight.png,low_light,661_img_.png,/workspace/underwater_enhancement/data/raw_underwater/UIEB/reference-890/661_img_.png
/workspace/underwater_enhancement/data/processed/physical_degradation/blur/661_img__blur.png,blur,661_img_.png,/workspace/underwater_enhancement/data/raw_underwater/UIEB/reference-890/661_img_.png
/workspace/underwater_enhancement/data/processed/physical_degradation/blue_cast/662_img__blue.png,blue_cast,662_img_.png,/workspace/underwater_enhancement/data/raw_underwater/UIEB/reference-890/662_img_.png
/workspace/underwater_enhancement/data/processed/physical_degradation/green_cast/662_img__green.png,green_cast,662_img_.png,/workspace/underwater_enhancement/data/raw_underwater/UIEB/reference-890/662_img_.png
/workspace/underwater_enhancement/data/processed/physical_degradation/low_light/662_img__lowlight.png,low_light,662_img_.png,/workspace/underwater_enhancement/data/raw_underwater/UIEB/reference-890/662_img_.png
/workspace/underwater_enhancement/data/processed/physical_degradation/blur/662_img__blur.png,blur,662_img_.png,/workspace/underwater_enhancement/data/raw_underwater/UIEB/reference-890/662_img_.png
/workspace/underwater_enhancement/data/processed/physical_degradation/blue_cast/663_img__blue.png,blue_cast,663_img_.png,/workspace/underwater_enhancement/data/raw_underwater/UIEB/reference-890/663_img_.png
/workspace/underwater_enhancement/data/processed/physical_degradation/green_cast/663_img__green.png,green_cast,663_img_.png,/workspace/underwater_enhancement/data/raw_underwater/UIEB/reference-890/663_img_.png
/workspace/underwater_enhancement/data/processed/physical_degradation/low_light/663_img__lowlight.png,low_light,663_img_.png,/workspace/underwater_enhancement/data/raw_underwater/UIEB/reference-890/663_img_.png
/workspace/underwater_enhancement/data/processed/physical_degradation/blur/663_img__blur.png,blur,663_img_.png,/workspace/underwater_enhancement/data/raw_underwater/UIEB/reference-890/663_img_.png
/workspace/underwater_enhancement/data/processed/physical_degradation/blue_cast/666_img__blue.png,blue_cast,666_img_.png,/workspace/underwater_enhancement/data/raw_underwater/UIEB/reference-890/666_img_.png
/workspace/underwater_enhancement/data/processed/physical_degradation/green_cast/666_img__green.png,green_cast,666_img_.png,/workspace/underwater_enhancement/data/raw_underwater/UIEB/reference-890/666_img_.png
/workspace/underwater_enhancement/data/processed/physical_degradation/low_light/666_img__lowlight.png,low_light,666_img_.png,/workspace/underwater_enhancement/data/raw_underwater/UIEB/reference-890/666_img_.png
/workspace/underwater_enhancement/data/processed/physical_degradation/blur/666_img__blur.png,blur,666_img_.png,/workspace/underwater_enhancement/data/raw_underwater/UIEB/reference-890/666_img_.png
/workspace/underwater_enhancement/data/processed/physical_degradation/blue_cast/668_img__blue.png,blue_cast,668_img_.png,/workspace/underwater_enhancement/data/raw_underwater/UIEB/reference-890/668_img_.png
/workspace/underwater_enhancement/data/processed/physical_degradation/green_cast/668_img__green.png,green_cast,668_img_.png,/workspace/underwater_enhancement/data/raw_underwater/UIEB/reference-890/668_img_.png
/workspace/underwater_enhancement/data/processed/physical_degradation/low_light/668_img__lowlight.png,low_light,668_img_.png,/workspace/underwater_enhancement/data/raw_underwater/UIEB/reference-890/668_img_.png
/workspace/underwater_enhancement/data/processed/physical_degradation/blur/668_img__blur.png,blur,668_img_.png,/workspace/underwater_enhancement/data/raw_underwater/UIEB/reference-890/668_img_.png
/workspace/underwater_enhancement/data/processed/physical_degradation/blue_cast/670_img__blue.png,blue_cast,670_img_.png,/workspace/underwater_enhancement/data/raw_underwater/UIEB/reference-890/670_img_.png
/workspace/underwater_enhancement/data/processed/physical_degradation/green_cast/670_img__green.png,green_cast,670_img_.png,/workspace/underwater_enhancement/data/raw_underwater/UIEB/reference-890/670_img_.png
/workspace/underwater_enhancement/data/processed/physical_degradation/low_light/670_img__lowlight.png,low_light,670_img_.png,/workspace/underwater_enhancement/data/raw_underwater/UIEB/reference-890/670_img_.png
/workspace/underwater_enhancement/data/processed/physical_degradation/blur/670_img__blur.png,blur,670_img_.png,/workspace/underwater_enhancement/data/raw_underwater/UIEB/reference-890/670_img_.png
/workspace/underwater_enhancement/data/processed/physical_degradation/blue_cast/672_img__blue.png,blue_cast,672_img_.png,/workspace/underwater_enhancement/data/raw_underwater/UIEB/reference-890/672_img_.png
/workspace/underwater_enhancement/data/processed/physical_degradation/green_cast/672_img__green.png,green_cast,672_img_.png,/workspace/underwater_enhancement/data/raw_underwater/UIEB/reference-890/672_img_.png
/workspace/underwater_enhancement/data/processed/physical_degradation/low_light/672_img__lowlight.png,low_light,672_img_.png,/workspace/underwater_enhancement/data/raw_underwater/UIEB/reference-890/672_img_.png
/workspace/underwater_enhancement/data/processed/physical_degradation/blur/672_img__blur.png,blur,672_img_.png,/workspace/underwater_enhancement/data/raw_underwater/UIEB/reference-890/672_img_.png
/workspace/underwater_enhancement/data/processed/physical_degradation/blue_cast/673_img__blue.png,blue_cast,673_img_.png,/workspace/underwater_enhancement/data/raw_underwater/UIEB/reference-890/673_img_.png
/workspace/underwater_enhancement/data/processed/physical_degradation/green_cast/673_img__green.png,green_cast,673_img_.png,/workspace/underwater_enhancement/data/raw_underwater/UIEB/reference-890/673_img_.png
/workspace/underwater_enhancement/data/processed/physical_degradation/low_light/673_img__lowlight.png,low_light,673_img_.png,/workspace/underwater_enhancement/data/raw_underwater/UIEB/reference-890/673_img_.png
/workspace/underwater_enhancement/data/processed/physical_degradation/blur/673_img__blur.png,blur,673_img_.png,/workspace/underwater_enhancement/data/raw_underwater/UIEB/reference-890/673_img_.png
/workspace/underwater_enhancement/data/processed/physical_degradation/blue_cast/674_img__blue.png,blue_cast,674_img_.png,/workspace/underwater_enhancement/data/raw_underwater/UIEB/reference-890/674_img_.png
/workspace/underwater_enhancement/data/processed/physical_degradation/green_cast/674_img__green.png,green_cast,674_img_.png,/workspace/underwater_enhancement/data/raw_underwater/UIEB/reference-890/674_img_.png
/workspace/underwater_enhancement/data/processed/physical_degradation/low_light/674_img__lowlight.png,low_light,674_img_.png,/workspace/underwater_enhancement/data/raw_underwater/UIEB/reference-890/674_img_.png
/workspace/underwater_enhancement/data/processed/physical_degradation/blur/674_img__blur.png,blur,674_img_.png,/workspace/underwater_enhancement/data/raw_underwater/UIEB/reference-890/674_img_.png
/workspace/underwater_enhancement/data/processed/physical_degradation/blue_cast/675_img__blue.png,blue_cast,675_img_.png,/workspace/underwater_enhancement/data/raw_underwater/UIEB/reference-890/675_img_.png
/workspace/underwater_enhancement/data/processed/physical_degradation/green_cast/675_img__green.png,green_cast,675_img_.png,/workspace/underwater_enhancement/data/raw_underwater/UIEB/reference-890/675_img_.png
/workspace/underwater_enhancement/data/processed/physical_degradation/low_light/675_img__lowlight.png,low_light,675_img_.png,/workspace/underwater_enhancement/data/raw_underwater/UIEB/reference-890/675_img_.png
/workspace/underwater_enhancement/data/processed/physical_degradation/blur/675_img__blur.png,blur,675_img_.png,/workspace/underwater_enhancement/data/raw_underwater/UIEB/reference-890/675_img_.png
/workspace/underwater_enhancement/data/processed/physical_degradation/blue_cast/676_img__blue.png,blue_cast,676_img_.png,/workspace/underwater_enhancement/data/raw_underwater/UIEB/reference-890/676_img_.png
/workspace/underwater_enhancement/data/processed/physical_degradation/green_cast/676_img__green.png,green_cast,676_img_.png,/workspace/underwater_enhancement/data/raw_underwater/UIEB/reference-890/676_img_.png
/workspace/underwater_enhancement/data/processed/physical_degradation/low_light/676_img__lowlight.png,low_light,676_img_.png,/workspace/underwater_enhancement/data/raw_underwater/UIEB/reference-890/676_img_.png
/workspace/underwater_enhancement/data/processed/physical_degradation/blur/676_img__blur.png,blur,676_img_.png,/workspace/underwater_enhancement/data/raw_underwater/UIEB/reference-890/676_img_.png
/workspace/underwater_enhancement/data/processed/physical_degradation/blue_cast/677_img__blue.png,blue_cast,677_img_.png,/workspace/underwater_enhancement/data/raw_underwater/UIEB/reference-890/677_img_.png
/workspace/underwater_enhancement/data/processed/physical_degradation/green_cast/677_img__green.png,green_cast,677_img_.png,/workspace/underwater_enhancement/data/raw_underwater/UIEB/reference-890/677_img_.png
/workspace/underwater_enhancement/data/processed/physical_degradation/low_light/677_img__lowlight.png,low_light,677_img_.png,/workspace/underwater_enhancement/data/raw_underwater/UIEB/reference-890/677_img_.png
/workspace/underwater_enhancement/data/processed/physical_degradation/blur/677_img__blur.png,blur,677_img_.png,/workspace/underwater_enhancement/data/raw_underwater/UIEB/reference-890/677_img_.png
/workspace/underwater_enhancement/data/processed/physical_degradation/blue_cast/6788_blue.png,blue_cast,6788.png,/workspace/underwater_enhancement/data/raw_underwater/UIEB/reference-890/6788.png
/workspace/underwater_enhancement/data/processed/physical_degradation/green_cast/6788_green.png,green_cast,6788.png,/workspace/underwater_enhancement/data/raw_underwater/UIEB/reference-890/6788.png
/workspace/underwater_enhancement/data/processed/physical_degradation/low_light/6788_lowlight.png,low_light,6788.png,/workspace/underwater_enhancement/data/raw_underwater/UIEB/reference-890/6788.png
/workspace/underwater_enhancement/data/processed/physical_degradation/blur/6788_blur.png,blur,6788.png,/workspace/underwater_enhancement/data/raw_underwater/UIEB/reference-890/6788.png
/workspace/underwater_enhancement/data/processed/physical_degradation/blue_cast/678_img__blue.png,blue_cast,678_img_.png,/workspace/underwater_enhancement/data/raw_underwater/UIEB/reference-890/678_img_.png
/workspace/underwater_enhancement/data/processed/physical_degradation/green_cast/678_img__green.png,green_cast,678_img_.png,/workspace/underwater_enhancement/data/raw_underwater/UIEB/reference-890/678_img_.png
/workspace/underwater_enhancement/data/processed/physical_degradation/low_light/678_img__lowlight.png,low_light,678_img_.png,/workspace/underwater_enhancement/data/raw_underwater/UIEB/reference-890/678_img_.png
/workspace/underwater_enhancement/data/processed/physical_degradation/blur/678_img__blur.png,blur,678_img_.png,/workspace/underwater_enhancement/data/raw_underwater/UIEB/reference-890/678_img_.png
/workspace/underwater_enhancement/data/processed/physical_degradation/blue_cast/679_img__blue.png,blue_cast,679_img_.png,/workspace/underwater_enhancement/data/raw_underwater/UIEB/reference-890/679_img_.png
/workspace/underwater_enhancement/data/processed/physical_degradation/green_cast/679_img__green.png,green_cast,679_img_.png,/workspace/underwater_enhancement/data/raw_underwater/UIEB/reference-890/679_img_.png
/workspace/underwater_enhancement/data/processed/physical_degradation/low_light/679_img__lowlight.png,low_light,679_img_.png,/workspace/underwater_enhancement/data/raw_underwater/UIEB/reference-890/679_img_.png
/workspace/underwater_enhancement/data/processed/physical_degradation/blur/679_img__blur.png,blur,679_img_.png,/workspace/underwater_enhancement/data/raw_underwater/UIEB/reference-890/679_img_.png
/workspace/underwater_enhancement/data/processed/physical_degradation/blue_cast/67_img__blue.png,blue_cast,67_img_.png,/workspace/underwater_enhancement/data/raw_underwater/UIEB/reference-890/67_img_.png
/workspace/underwater_enhancement/data/processed/physical_degradation/green_cast/67_img__green.png,green_cast,67_img_.png,/workspace/underwater_enhancement/data/raw_underwater/UIEB/reference-890/67_img_.png
/workspace/underwater_enhancement/data/processed/physical_degradation/low_light/67_img__lowlight.png,low_light,67_img_.png,/workspace/underwater_enhancement/data/raw_underwater/UIEB/reference-890/67_img_.png
/workspace/underwater_enhancement/data/processed/physical_degradation/blur/67_img__blur.png,blur,67_img_.png,/workspace/underwater_enhancement/data/raw_underwater/UIEB/reference-890/67_img_.png
/workspace/underwater_enhancement/data/processed/physical_degradation/blue_cast/680_img__blue.png,blue_cast,680_img_.png,/workspace/underwater_enhancement/data/raw_underwater/UIEB/reference-890/680_img_.png
/workspace/underwater_enhancement/data/processed/physical_degradation/green_cast/680_img__green.png,green_cast,680_img_.png,/workspace/underwater_enhancement/data/raw_underwater/UIEB/reference-890/680_img_.png
/workspace/underwater_enhancement/data/processed/physical_degradation/low_light/680_img__lowlight.png,low_light,680_img_.png,/workspace/underwater_enhancement/data/raw_underwater/UIEB/reference-890/680_img_.png
/workspace/underwater_enhancement/data/processed/physical_degradation/blur/680_img__blur.png,blur,680_img_.png,/workspace/underwater_enhancement/data/raw_underwater/UIEB/reference-890/680_img_.png
/workspace/underwater_enhancement/data/processed/physical_degradation/blue_cast/681_img__blue.png,blue_cast,681_img_.png,/workspace/underwater_enhancement/data/raw_underwater/UIEB/reference-890/681_img_.png
/workspace/underwater_enhancement/data/processed/physical_degradation/green_cast/681_img__green.png,green_cast,681_img_.png,/workspace/underwater_enhancement/data/raw_underwater/UIEB/reference-890/681_img_.png
/workspace/underwater_enhancement/data/processed/physical_degradation/low_light/681_img__lowlight.png,low_light,681_img_.png,/workspace/underwater_enhancement/data/raw_underwater/UIEB/reference-890/681_img_.png
/workspace/underwater_enhancement/data/processed/physical_degradation/blur/681_img__blur.png,blur,681_img_.png,/workspace/underwater_enhancement/data/raw_underwater/UIEB/reference-890/681_img_.png
/workspace/underwater_enhancement/data/processed/physical_degradation/blue_cast/6820_blue.png,blue_cast,6820.png,/workspace/underwater_enhancement/data/raw_underwater/UIEB/reference-890/6820.png
/workspace/underwater_enhancement/data/processed/physical_degradation/green_cast/6820_green.png,green_cast,6820.png,/workspace/underwater_enhancement/data/raw_underwater/UIEB/reference-890/6820.png
/workspace/underwater_enhancement/data/processed/physical_degradation/low_light/6820_lowlight.png,low_light,6820.png,/workspace/underwater_enhancement/data/raw_underwater/UIEB/reference-890/6820.png
/workspace/underwater_enhancement/data/processed/physical_degradation/blur/6820_blur.png,blur,6820.png,/workspace/underwater_enhancement/data/raw_underwater/UIEB/reference-890/6820.png
/workspace/underwater_enhancement/data/processed/physical_degradation/blue_cast/682_img__blue.png,blue_cast,682_img_.png,/workspace/underwater_enhancement/data/raw_underwater/UIEB/reference-890/682_img_.png
/workspace/underwater_enhancement/data/processed/physical_degradation/green_cast/682_img__green.png,green_cast,682_img_.png,/workspace/underwater_enhancement/data/raw_underwater/UIEB/reference-890/682_img_.png
/workspace/underwater_enhancement/data/processed/physical_degradation/low_light/682_img__lowlight.png,low_light,682_img_.png,/workspace/underwater_enhancement/data/raw_underwater/UIEB/reference-890/682_img_.png
/workspace/underwater_enhancement/data/processed/physical_degradation/blur/682_img__blur.png,blur,682_img_.png,/workspace/underwater_enhancement/data/raw_underwater/UIEB/reference-890/682_img_.png
/workspace/underwater_enhancement/data/processed/physical_degradation/blue_cast/683_img__blue.png,blue_cast,683_img_.png,/workspace/underwater_enhancement/data/raw_underwater/UIEB/reference-890/683_img_.png
/workspace/underwater_enhancement/data/processed/physical_degradation/green_cast/683_img__green.png,green_cast,683_img_.png,/workspace/underwater_enhancement/data/raw_underwater/UIEB/reference-890/683_img_.png
/workspace/underwater_enhancement/data/processed/physical_degradation/low_light/683_img__lowlight.png,low_light,683_img_.png,/workspace/underwater_enhancement/data/raw_underwater/UIEB/reference-890/683_img_.png
/workspace/underwater_enhancement/data/processed/physical_degradation/blur/683_img__blur.png,blur,683_img_.png,/workspace/underwater_enhancement/data/raw_underwater/UIEB/reference-890/683_img_.png
/workspace/underwater_enhancement/data/processed/physical_degradation/blue_cast/684_img__blue.png,blue_cast,684_img_.png,/workspace/underwater_enhancement/data/raw_underwater/UIEB/reference-890/684_img_.png
/workspace/underwater_enhancement/data/processed/physical_degradation/green_cast/684_img__green.png,green_cast,684_img_.png,/workspace/underwater_enhancement/data/raw_underwater/UIEB/reference-890/684_img_.png
/workspace/underwater_enhancement/data/processed/physical_degradation/low_light/684_img__lowlight.png,low_light,684_img_.png,/workspace/underwater_enhancement/data/raw_underwater/UIEB/reference-890/684_img_.png
/workspace/underwater_enhancement/data/processed/physical_degradation/blur/684_img__blur.png,blur,684_img_.png,/workspace/underwater_enhancement/data/raw_underwater/UIEB/reference-890/684_img_.png
/workspace/underwater_enhancement/data/processed/physical_degradation/blue_cast/685_img__blue.png,blue_cast,685_img_.png,/workspace/underwater_enhancement/data/raw_underwater/UIEB/reference-890/685_img_.png
/workspace/underwater_enhancement/data/processed/physical_degradation/green_cast/685_img__green.png,green_cast,685_img_.png,/workspace/underwater_enhancement/data/raw_underwater/UIEB/reference-890/685_img_.png
/workspace/underwater_enhancement/data/processed/physical_degradation/low_light/685_img__lowlight.png,low_light,685_img_.png,/workspace/underwater_enhancement/data/raw_underwater/UIEB/reference-890/685_img_.png
/workspace/underwater_enhancement/data/processed/physical_degradation/blur/685_img__blur.png,blur,685_img_.png,/workspace/underwater_enhancement/data/raw_underwater/UIEB/reference-890/685_img_.png
/workspace/underwater_enhancement/data/processed/physical_degradation/blue_cast/686_img__blue.png,blue_cast,686_img_.png,/workspace/underwater_enhancement/data/raw_underwater/UIEB/reference-890/686_img_.png
/workspace/underwater_enhancement/data/processed/physical_degradation/green_cast/686_img__green.png,green_cast,686_img_.png,/workspace/underwater_enhancement/data/raw_underwater/UIEB/reference-890/686_img_.png
/workspace/underwater_enhancement/data/processed/physical_degradation/low_light/686_img__lowlight.png,low_light,686_img_.png,/workspace/underwater_enhancement/data/raw_underwater/UIEB/reference-890/686_img_.png
/workspace/underwater_enhancement/data/processed/physical_degradation/blur/686_img__blur.png,blur,686_img_.png,/workspace/underwater_enhancement/data/raw_underwater/UIEB/reference-890/686_img_.png
/workspace/underwater_enhancement/data/processed/physical_degradation/blue_cast/6872_blue.png,blue_cast,6872.png,/workspace/underwater_enhancement/data/raw_underwater/UIEB/reference-890/6872.png
/workspace/underwater_enhancement/data/processed/physical_degradation/green_cast/6872_green.png,green_cast,6872.png,/workspace/underwater_enhancement/data/raw_underwater/UIEB/reference-890/6872.png
/workspace/underwater_enhancement/data/processed/physical_degradation/low_light/6872_lowlight.png,low_light,6872.png,/workspace/underwater_enhancement/data/raw_underwater/UIEB/reference-890/6872.png
/workspace/underwater_enhancement/data/processed/physical_degradation/blur/6872_blur.png,blur,6872.png,/workspace/underwater_enhancement/data/raw_underwater/UIEB/reference-890/6872.png
/workspace/underwater_enhancement/data/processed/physical_degradation/blue_cast/687_img__blue.png,blue_cast,687_img_.png,/workspace/underwater_enhancement/data/raw_underwater/UIEB/reference-890/687_img_.png
/workspace/underwater_enhancement/data/processed/physical_degradation/green_cast/687_img__green.png,green_cast,687_img_.png,/workspace/underwater_enhancement/data/raw_underwater/UIEB/reference-890/687_img_.png
/workspace/underwater_enhancement/data/processed/physical_degradation/low_light/687_img__lowlight.png,low_light,687_img_.png,/workspace/underwater_enhancement/data/raw_underwater/UIEB/reference-890/687_img_.png
/workspace/underwater_enhancement/data/processed/physical_degradation/blur/687_img__blur.png,blur,687_img_.png,/workspace/underwater_enhancement/data/raw_underwater/UIEB/reference-890/687_img_.png
/workspace/underwater_enhancement/data/processed/physical_degradation/blue_cast/688_img__blue.png,blue_cast,688_img_.png,/workspace/underwater_enhancement/data/raw_underwater/UIEB/reference-890/688_img_.png
/workspace/underwater_enhancement/data/processed/physical_degradation/green_cast/688_img__green.png,green_cast,688_img_.png,/workspace/underwater_enhancement/data/raw_underwater/UIEB/reference-890/688_img_.png
/workspace/underwater_enhancement/data/processed/physical_degradation/low_light/688_img__lowlight.png,low_light,688_img_.png,/workspace/underwater_enhancement/data/raw_underwater/UIEB/reference-890/688_img_.png
/workspace/underwater_enhancement/data/processed/physical_degradation/blur/688_img__blur.png,blur,688_img_.png,/workspace/underwater_enhancement/data/raw_underwater/UIEB/reference-890/688_img_.png
/workspace/underwater_enhancement/data/processed/physical_degradation/blue_cast/689_img__blue.png,blue_cast,689_img_.png,/workspace/underwater_enhancement/data/raw_underwater/UIEB/reference-890/689_img_.png
/workspace/underwater_enhancement/data/processed/physical_degradation/green_cast/689_img__green.png,green_cast,689_img_.png,/workspace/underwater_enhancement/data/raw_underwater/UIEB/reference-890/689_img_.png
/workspace/underwater_enhancement/data/processed/physical_degradation/low_light/689_img__lowlight.png,low_light,689_img_.png,/workspace/underwater_enhancement/data/raw_underwater/UIEB/reference-890/689_img_.png
/workspace/underwater_enhancement/data/processed/physical_degradation/blur/689_img__blur.png,blur,689_img_.png,/workspace/underwater_enhancement/data/raw_underwater/UIEB/reference-890/689_img_.png
/workspace/underwater_enhancement/data/processed/physical_degradation/blue_cast/690_img__blue.png,blue_cast,690_img_.png,/workspace/underwater_enhancement/data/raw_underwater/UIEB/reference-890/690_img_.png
/workspace/underwater_enhancement/data/processed/physical_degradation/green_cast/690_img__green.png,green_cast,690_img_.png,/workspace/underwater_enhancement/data/raw_underwater/UIEB/reference-890/690_img_.png
/workspace/underwater_enhancement/data/processed/physical_degradation/low_light/690_img__lowlight.png,low_light,690_img_.png,/workspace/underwater_enhancement/data/raw_underwater/UIEB/reference-890/690_img_.png
/workspace/underwater_enhancement/data/processed/physical_degradation/blur/690_img__blur.png,blur,690_img_.png,/workspace/underwater_enhancement/data/raw_underwater/UIEB/reference-890/690_img_.png
/workspace/underwater_enhancement/data/processed/physical_degradation/blue_cast/691_img__blue.png,blue_cast,691_img_.png,/workspace/underwater_enhancement/data/raw_underwater/UIEB/reference-890/691_img_.png
/workspace/underwater_enhancement/data/processed/physical_degradation/green_cast/691_img__green.png,green_cast,691_img_.png,/workspace/underwater_enhancement/data/raw_underwater/UIEB/reference-890/691_img_.png
/workspace/underwater_enhancement/data/processed/physical_degradation/low_light/691_img__lowlight.png,low_light,691_img_.png,/workspace/underwater_enhancement/data/raw_underwater/UIEB/reference-890/691_img_.png
/workspace/underwater_enhancement/data/processed/physical_degradation/blur/691_img__blur.png,blur,691_img_.png,/workspace/underwater_enhancement/data/raw_underwater/UIEB/reference-890/691_img_.png
/workspace/underwater_enhancement/data/processed/physical_degradation/blue_cast/692_img__blue.png,blue_cast,692_img_.png,/workspace/underwater_enhancement/data/raw_underwater/UIEB/reference-890/692_img_.png
/workspace/underwater_enhancement/data/processed/physical_degradation/green_cast/692_img__green.png,green_cast,692_img_.png,/workspace/underwater_enhancement/data/raw_underwater/UIEB/reference-890/692_img_.png
/workspace/underwater_enhancement/data/processed/physical_degradation/low_light/692_img__lowlight.png,low_light,692_img_.png,/workspace/underwater_enhancement/data/raw_underwater/UIEB/reference-890/692_img_.png
/workspace/underwater_enhancement/data/processed/physical_degradation/blur/692_img__blur.png,blur,692_img_.png,/workspace/underwater_enhancement/data/raw_underwater/UIEB/reference-890/692_img_.png
/workspace/underwater_enhancement/data/processed/physical_degradation/blue_cast/694_img__blue.png,blue_cast,694_img_.png,/workspace/underwater_enhancement/data/raw_underwater/UIEB/reference-890/694_img_.png
/workspace/underwater_enhancement/data/processed/physical_degradation/green_cast/694_img__green.png,green_cast,694_img_.png,/workspace/underwater_enhancement/data/raw_underwater/UIEB/reference-890/694_img_.png
/workspace/underwater_enhancement/data/processed/physical_degradation/low_light/694_img__lowlight.png,low_light,694_img_.png,/workspace/underwater_enhancement/data/raw_underwater/UIEB/reference-890/694_img_.png
/workspace/underwater_enhancement/data/processed/physical_degradation/blur/694_img__blur.png,blur,694_img_.png,/workspace/underwater_enhancement/data/raw_underwater/UIEB/reference-890/694_img_.png
/workspace/underwater_enhancement/data/processed/physical_degradation/blue_cast/695_img__blue.png,blue_cast,695_img_.png,/workspace/underwater_enhancement/data/raw_underwater/UIEB/reference-890/695_img_.png
/workspace/underwater_enhancement/data/processed/physical_degradation/green_cast/695_img__green.png,green_cast,695_img_.png,/workspace/underwater_enhancement/data/raw_underwater/UIEB/reference-890/695_img_.png
/workspace/underwater_enhancement/data/processed/physical_degradation/low_light/695_img__lowlight.png,low_light,695_img_.png,/workspace/underwater_enhancement/data/raw_underwater/UIEB/reference-890/695_img_.png
/workspace/underwater_enhancement/data/processed/physical_degradation/blur/695_img__blur.png,blur,695_img_.png,/workspace/underwater_enhancement/data/raw_underwater/UIEB/reference-890/695_img_.png
/workspace/underwater_enhancement/data/processed/physical_degradation/blue_cast/696_img__blue.png,blue_cast,696_img_.png,/workspace/underwater_enhancement/data/raw_underwater/UIEB/reference-890/696_img_.png
/workspace/underwater_enhancement/data/processed/physical_degradation/green_cast/696_img__green.png,green_cast,696_img_.png,/workspace/underwater_enhancement/data/raw_underwater/UIEB/reference-890/696_img_.png
/workspace/underwater_enhancement/data/processed/physical_degradation/low_light/696_img__lowlight.png,low_light,696_img_.png,/workspace/underwater_enhancement/data/raw_underwater/UIEB/reference-890/696_img_.png
/workspace/underwater_enhancement/data/processed/physical_degradation/blur/696_img__blur.png,blur,696_img_.png,/workspace/underwater_enhancement/data/raw_underwater/UIEB/reference-890/696_img_.png
/workspace/underwater_enhancement/data/processed/physical_degradation/blue_cast/697_img__blue.png,blue_cast,697_img_.png,/workspace/underwater_enhancement/data/raw_underwater/UIEB/reference-890/697_img_.png
/workspace/underwater_enhancement/data/processed/physical_degradation/green_cast/697_img__green.png,green_cast,697_img_.png,/workspace/underwater_enhancement/data/raw_underwater/UIEB/reference-890/697_img_.png
/workspace/underwater_enhancement/data/processed/physical_degradation/low_light/697_img__lowlight.png,low_light,697_img_.png,/workspace/underwater_enhancement/data/raw_underwater/UIEB/reference-890/697_img_.png
/workspace/underwater_enhancement/data/processed/physical_degradation/blur/697_img__blur.png,blur,697_img_.png,/workspace/underwater_enhancement/data/raw_underwater/UIEB/reference-890/697_img_.png
/workspace/underwater_enhancement/data/processed/physical_degradation/blue_cast/698_img__blue.png,blue_cast,698_img_.png,/workspace/underwater_enhancement/data/raw_underwater/UIEB/reference-890/698_img_.png
/workspace/underwater_enhancement/data/processed/physical_degradation/green_cast/698_img__green.png,green_cast,698_img_.png,/workspace/underwater_enhancement/data/raw_underwater/UIEB/reference-890/698_img_.png
/workspace/underwater_enhancement/data/processed/physical_degradation/low_light/698_img__lowlight.png,low_light,698_img_.png,/workspace/underwater_enhancement/data/raw_underwater/UIEB/reference-890/698_img_.png
/workspace/underwater_enhancement/data/processed/physical_degradation/blur/698_img__blur.png,blur,698_img_.png,/workspace/underwater_enhancement/data/raw_underwater/UIEB/reference-890/698_img_.png
/workspace/underwater_enhancement/data/processed/physical_degradation/blue_cast/699_img__blue.png,blue_cast,699_img_.png,/workspace/underwater_enhancement/data/raw_underwater/UIEB/reference-890/699_img_.png
/workspace/underwater_enhancement/data/processed/physical_degradation/green_cast/699_img__green.png,green_cast,699_img_.png,/workspace/underwater_enhancement/data/raw_underwater/UIEB/reference-890/699_img_.png
/workspace/underwater_enhancement/data/processed/physical_degradation/low_light/699_img__lowlight.png,low_light,699_img_.png,/workspace/underwater_enhancement/data/raw_underwater/UIEB/reference-890/699_img_.png
/workspace/underwater_enhancement/data/processed/physical_degradation/blur/699_img__blur.png,blur,699_img_.png,/workspace/underwater_enhancement/data/raw_underwater/UIEB/reference-890/699_img_.png
/workspace/underwater_enhancement/data/processed/physical_degradation/blue_cast/6_img__blue.png,blue_cast,6_img_.png,/workspace/underwater_enhancement/data/raw_underwater/UIEB/reference-890/6_img_.png
/workspace/underwater_enhancement/data/processed/physical_degradation/green_cast/6_img__green.png,green_cast,6_img_.png,/workspace/underwater_enhancement/data/raw_underwater/UIEB/reference-890/6_img_.png
/workspace/underwater_enhancement/data/processed/physical_degradation/low_light/6_img__lowlight.png,low_light,6_img_.png,/workspace/underwater_enhancement/data/raw_underwater/UIEB/reference-890/6_img_.png
/workspace/underwater_enhancement/data/processed/physical_degradation/blur/6_img__blur.png,blur,6_img_.png,/workspace/underwater_enhancement/data/raw_underwater/UIEB/reference-890/6_img_.png
/workspace/underwater_enhancement/data/processed/physical_degradation/blue_cast/700_img__blue.png,blue_cast,700_img_.png,/workspace/underwater_enhancement/data/raw_underwater/UIEB/reference-890/700_img_.png
/workspace/underwater_enhancement/data/processed/physical_degradation/green_cast/700_img__green.png,green_cast,700_img_.png,/workspace/underwater_enhancement/data/raw_underwater/UIEB/reference-890/700_img_.png
/workspace/underwater_enhancement/data/processed/physical_degradation/low_light/700_img__lowlight.png,low_light,700_img_.png,/workspace/underwater_enhancement/data/raw_underwater/UIEB/reference-890/700_img_.png
/workspace/underwater_enhancement/data/processed/physical_degradation/blur/700_img__blur.png,blur,700_img_.png,/workspace/underwater_enhancement/data/raw_underwater/UIEB/reference-890/700_img_.png
/workspace/underwater_enhancement/data/processed/physical_degradation/blue_cast/701_img__blue.png,blue_cast,701_img_.png,/workspace/underwater_enhancement/data/raw_underwater/UIEB/reference-890/701_img_.png
/workspace/underwater_enhancement/data/processed/physical_degradation/green_cast/701_img__green.png,green_cast,701_img_.png,/workspace/underwater_enhancement/data/raw_underwater/UIEB/reference-890/701_img_.png
/workspace/underwater_enhancement/data/processed/physical_degradation/low_light/701_img__lowlight.png,low_light,701_img_.png,/workspace/underwater_enhancement/data/raw_underwater/UIEB/reference-890/701_img_.png
/workspace/underwater_enhancement/data/processed/physical_degradation/blur/701_img__blur.png,blur,701_img_.png,/workspace/underwater_enhancement/data/raw_underwater/UIEB/reference-890/701_img_.png
/workspace/underwater_enhancement/data/processed/physical_degradation/blue_cast/7027_blue.png,blue_cast,7027.png,/workspace/underwater_enhancement/data/raw_underwater/UIEB/reference-890/7027.png
/workspace/underwater_enhancement/data/processed/physical_degradation/green_cast/7027_green.png,green_cast,7027.png,/workspace/underwater_enhancement/data/raw_underwater/UIEB/reference-890/7027.png
/workspace/underwater_enhancement/data/processed/physical_degradation/low_light/7027_lowlight.png,low_light,7027.png,/workspace/underwater_enhancement/data/raw_underwater/UIEB/reference-890/7027.png
/workspace/underwater_enhancement/data/processed/physical_degradation/blur/7027_blur.png,blur,7027.png,/workspace/underwater_enhancement/data/raw_underwater/UIEB/reference-890/7027.png
/workspace/underwater_enhancement/data/processed/physical_degradation/blue_cast/702_img__blue.png,blue_cast,702_img_.png,/workspace/underwater_enhancement/data/raw_underwater/UIEB/reference-890/702_img_.png
/workspace/underwater_enhancement/data/processed/physical_degradation/green_cast/702_img__green.png,green_cast,702_img_.png,/workspace/underwater_enhancement/data/raw_underwater/UIEB/reference-890/702_img_.png
/workspace/underwater_enhancement/data/processed/physical_degradation/low_light/702_img__lowlight.png,low_light,702_img_.png,/workspace/underwater_enhancement/data/raw_underwater/UIEB/reference-890/702_img_.png
/workspace/underwater_enhancement/data/processed/physical_degradation/blur/702_img__blur.png,blur,702_img_.png,/workspace/underwater_enhancement/data/raw_underwater/UIEB/reference-890/702_img_.png
/workspace/underwater_enhancement/data/processed/physical_degradation/blue_cast/703_img__blue.png,blue_cast,703_img_.png,/workspace/underwater_enhancement/data/raw_underwater/UIEB/reference-890/703_img_.png
/workspace/underwater_enhancement/data/processed/physical_degradation/green_cast/703_img__green.png,green_cast,703_img_.png,/workspace/underwater_enhancement/data/raw_underwater/UIEB/reference-890/703_img_.png
/workspace/underwater_enhancement/data/processed/physical_degradation/low_light/703_img__lowlight.png,low_light,703_img_.png,/workspace/underwater_enhancement/data/raw_underwater/UIEB/reference-890/703_img_.png
/workspace/underwater_enhancement/data/processed/physical_degradation/blur/703_img__blur.png,blur,703_img_.png,/workspace/underwater_enhancement/data/raw_underwater/UIEB/reference-890/703_img_.png
/workspace/underwater_enhancement/data/processed/physical_degradation/blue_cast/704_img__blue.png,blue_cast,704_img_.png,/workspace/underwater_enhancement/data/raw_underwater/UIEB/reference-890/704_img_.png
/workspace/underwater_enhancement/data/processed/physical_degradation/green_cast/704_img__green.png,green_cast,704_img_.png,/workspace/underwater_enhancement/data/raw_underwater/UIEB/reference-890/704_img_.png
/workspace/underwater_enhancement/data/processed/physical_degradation/low_light/704_img__lowlight.png,low_light,704_img_.png,/workspace/underwater_enhancement/data/raw_underwater/UIEB/reference-890/704_img_.png
/workspace/underwater_enhancement/data/processed/physical_degradation/blur/704_img__blur.png,blur,704_img_.png,/workspace/underwater_enhancement/data/raw_underwater/UIEB/reference-890/704_img_.png
/workspace/underwater_enhancement/data/processed/physical_degradation/blue_cast/705_img__blue.png,blue_cast,705_img_.png,/workspace/underwater_enhancement/data/raw_underwater/UIEB/reference-890/705_img_.png
/workspace/underwater_enhancement/data/processed/physical_degradation/green_cast/705_img__green.png,green_cast,705_img_.png,/workspace/underwater_enhancement/data/raw_underwater/UIEB/reference-890/705_img_.png
/workspace/underwater_enhancement/data/processed/physical_degradation/low_light/705_img__lowlight.png,low_light,705_img_.png,/workspace/underwater_enhancement/data/raw_underwater/UIEB/reference-890/705_img_.png
/workspace/underwater_enhancement/data/processed/physical_degradation/blur/705_img__blur.png,blur,705_img_.png,/workspace/underwater_enhancement/data/raw_underwater/UIEB/reference-890/705_img_.png
/workspace/underwater_enhancement/data/processed/physical_degradation/blue_cast/706_img__blue.png,blue_cast,706_img_.png,/workspace/underwater_enhancement/data/raw_underwater/UIEB/reference-890/706_img_.png
/workspace/underwater_enhancement/data/processed/physical_degradation/green_cast/706_img__green.png,green_cast,706_img_.png,/workspace/underwater_enhancement/data/raw_underwater/UIEB/reference-890/706_img_.png
/workspace/underwater_enhancement/data/processed/physical_degradation/low_light/706_img__lowlight.png,low_light,706_img_.png,/workspace/underwater_enhancement/data/raw_underwater/UIEB/reference-890/706_img_.png
/workspace/underwater_enhancement/data/processed/physical_degradation/blur/706_img__blur.png,blur,706_img_.png,/workspace/underwater_enhancement/data/raw_underwater/UIEB/reference-890/706_img_.png
/workspace/underwater_enhancement/data/processed/physical_degradation/blue_cast/707_img__blue.png,blue_cast,707_img_.png,/workspace/underwater_enhancement/data/raw_underwater/UIEB/reference-890/707_img_.png
/workspace/underwater_enhancement/data/processed/physical_degradation/green_cast/707_img__green.png,green_cast,707_img_.png,/workspace/underwater_enhancement/data/raw_underwater/UIEB/reference-890/707_img_.png
/workspace/underwater_enhancement/data/processed/physical_degradation/low_light/707_img__lowlight.png,low_light,707_img_.png,/workspace/underwater_enhancement/data/raw_underwater/UIEB/reference-890/707_img_.png
/workspace/underwater_enhancement/data/processed/physical_degradation/blur/707_img__blur.png,blur,707_img_.png,/workspace/underwater_enhancement/data/raw_underwater/UIEB/reference-890/707_img_.png
/workspace/underwater_enhancement/data/processed/physical_degradation/blue_cast/708_img__blue.png,blue_cast,708_img_.png,/workspace/underwater_enhancement/data/raw_underwater/UIEB/reference-890/708_img_.png
/workspace/underwater_enhancement/data/processed/physical_degradation/green_cast/708_img__green.png,green_cast,708_img_.png,/workspace/underwater_enhancement/data/raw_underwater/UIEB/reference-890/708_img_.png
/workspace/underwater_enhancement/data/processed/physical_degradation/low_light/708_img__lowlight.png,low_light,708_img_.png,/workspace/underwater_enhancement/data/raw_underwater/UIEB/reference-890/708_img_.png
/workspace/underwater_enhancement/data/processed/physical_degradation/blur/708_img__blur.png,blur,708_img_.png,/workspace/underwater_enhancement/data/raw_underwater/UIEB/reference-890/708_img_.png
/workspace/underwater_enhancement/data/processed/physical_degradation/blue_cast/709_img__blue.png,blue_cast,709_img_.png,/workspace/underwater_enhancement/data/raw_underwater/UIEB/reference-890/709_img_.png
/workspace/underwater_enhancement/data/processed/physical_degradation/green_cast/709_img__green.png,green_cast,709_img_.png,/workspace/underwater_enhancement/data/raw_underwater/UIEB/reference-890/709_img_.png
/workspace/underwater_enhancement/data/processed/physical_degradation/low_light/709_img__lowlight.png,low_light,709_img_.png,/workspace/underwater_enhancement/data/raw_underwater/UIEB/reference-890/709_img_.png
/workspace/underwater_enhancement/data/processed/physical_degradation/blur/709_img__blur.png,blur,709_img_.png,/workspace/underwater_enhancement/data/raw_underwater/UIEB/reference-890/709_img_.png
/workspace/underwater_enhancement/data/processed/physical_degradation/blue_cast/70_img__blue.png,blue_cast,70_img_.png,/workspace/underwater_enhancement/data/raw_underwater/UIEB/reference-890/70_img_.png
/workspace/underwater_enhancement/data/processed/physical_degradation/green_cast/70_img__green.png,green_cast,70_img_.png,/workspace/underwater_enhancement/data/raw_underwater/UIEB/reference-890/70_img_.png
/workspace/underwater_enhancement/data/processed/physical_degradation/low_light/70_img__lowlight.png,low_light,70_img_.png,/workspace/underwater_enhancement/data/raw_underwater/UIEB/reference-890/70_img_.png
/workspace/underwater_enhancement/data/processed/physical_degradation/blur/70_img__blur.png,blur,70_img_.png,/workspace/underwater_enhancement/data/raw_underwater/UIEB/reference-890/70_img_.png
/workspace/underwater_enhancement/data/processed/physical_degradation/blue_cast/710_img__blue.png,blue_cast,710_img_.png,/workspace/underwater_enhancement/data/raw_underwater/UIEB/reference-890/710_img_.png
/workspace/underwater_enhancement/data/processed/physical_degradation/green_cast/710_img__green.png,green_cast,710_img_.png,/workspace/underwater_enhancement/data/raw_underwater/UIEB/reference-890/710_img_.png
/workspace/underwater_enhancement/data/processed/physical_degradation/low_light/710_img__lowlight.png,low_light,710_img_.png,/workspace/underwater_enhancement/data/raw_underwater/UIEB/reference-890/710_img_.png
/workspace/underwater_enhancement/data/processed/physical_degradation/blur/710_img__blur.png,blur,710_img_.png,/workspace/underwater_enhancement/data/raw_underwater/UIEB/reference-890/710_img_.png
/workspace/underwater_enhancement/data/processed/physical_degradation/blue_cast/711_img__blue.png,blue_cast,711_img_.png,/workspace/underwater_enhancement/data/raw_underwater/UIEB/reference-890/711_img_.png
/workspace/underwater_enhancement/data/processed/physical_degradation/green_cast/711_img__green.png,green_cast,711_img_.png,/workspace/underwater_enhancement/data/raw_underwater/UIEB/reference-890/711_img_.png
/workspace/underwater_enhancement/data/processed/physical_degradation/low_light/711_img__lowlight.png,low_light,711_img_.png,/workspace/underwater_enhancement/data/raw_underwater/UIEB/reference-890/711_img_.png
/workspace/underwater_enhancement/data/processed/physical_degradation/blur/711_img__blur.png,blur,711_img_.png,/workspace/underwater_enhancement/data/raw_underwater/UIEB/reference-890/711_img_.png
/workspace/underwater_enhancement/data/processed/physical_degradation/blue_cast/712_img__blue.png,blue_cast,712_img_.png,/workspace/underwater_enhancement/data/raw_underwater/UIEB/reference-890/712_img_.png
/workspace/underwater_enhancement/data/processed/physical_degradation/green_cast/712_img__green.png,green_cast,712_img_.png,/workspace/underwater_enhancement/data/raw_underwater/UIEB/reference-890/712_img_.png
/workspace/underwater_enhancement/data/processed/physical_degradation/low_light/712_img__lowlight.png,low_light,712_img_.png,/workspace/underwater_enhancement/data/raw_underwater/UIEB/reference-890/712_img_.png
/workspace/underwater_enhancement/data/processed/physical_degradation/blur/712_img__blur.png,blur,712_img_.png,/workspace/underwater_enhancement/data/raw_underwater/UIEB/reference-890/712_img_.png
/workspace/underwater_enhancement/data/processed/physical_degradation/blue_cast/713_img__blue.png,blue_cast,713_img_.png,/workspace/underwater_enhancement/data/raw_underwater/UIEB/reference-890/713_img_.png
/workspace/underwater_enhancement/data/processed/physical_degradation/green_cast/713_img__green.png,green_cast,713_img_.png,/workspace/underwater_enhancement/data/raw_underwater/UIEB/reference-890/713_img_.png
/workspace/underwater_enhancement/data/processed/physical_degradation/low_light/713_img__lowlight.png,low_light,713_img_.png,/workspace/underwater_enhancement/data/raw_underwater/UIEB/reference-890/713_img_.png
/workspace/underwater_enhancement/data/processed/physical_degradation/blur/713_img__blur.png,blur,713_img_.png,/workspace/underwater_enhancement/data/raw_underwater/UIEB/reference-890/713_img_.png
/workspace/underwater_enhancement/data/processed/physical_degradation/blue_cast/714_img__blue.png,blue_cast,714_img_.png,/workspace/underwater_enhancement/data/raw_underwater/UIEB/reference-890/714_img_.png
/workspace/underwater_enhancement/data/processed/physical_degradation/green_cast/714_img__green.png,green_cast,714_img_.png,/workspace/underwater_enhancement/data/raw_underwater/UIEB/reference-890/714_img_.png
/workspace/underwater_enhancement/data/processed/physical_degradation/low_light/714_img__lowlight.png,low_light,714_img_.png,/workspace/underwater_enhancement/data/raw_underwater/UIEB/reference-890/714_img_.png
/workspace/underwater_enhancement/data/processed/physical_degradation/blur/714_img__blur.png,blur,714_img_.png,/workspace/underwater_enhancement/data/raw_underwater/UIEB/reference-890/714_img_.png
/workspace/underwater_enhancement/data/processed/physical_degradation/blue_cast/715_img__blue.png,blue_cast,715_img_.png,/workspace/underwater_enhancement/data/raw_underwater/UIEB/reference-890/715_img_.png
/workspace/underwater_enhancement/data/processed/physical_degradation/green_cast/715_img__green.png,green_cast,715_img_.png,/workspace/underwater_enhancement/data/raw_underwater/UIEB/reference-890/715_img_.png
/workspace/underwater_enhancement/data/processed/physical_degradation/low_light/715_img__lowlight.png,low_light,715_img_.png,/workspace/underwater_enhancement/data/raw_underwater/UIEB/reference-890/715_img_.png
/workspace/underwater_enhancement/data/processed/physical_degradation/blur/715_img__blur.png,blur,715_img_.png,/workspace/underwater_enhancement/data/raw_underwater/UIEB/reference-890/715_img_.png
/workspace/underwater_enhancement/data/processed/physical_degradation/blue_cast/716_img__blue.png,blue_cast,716_img_.png,/workspace/underwater_enhancement/data/raw_underwater/UIEB/reference-890/716_img_.png
/workspace/underwater_enhancement/data/processed/physical_degradation/green_cast/716_img__green.png,green_cast,716_img_.png,/workspace/underwater_enhancement/data/raw_underwater/UIEB/reference-890/716_img_.png
/workspace/underwater_enhancement/data/processed/physical_degradation/low_light/716_img__lowlight.png,low_light,716_img_.png,/workspace/underwater_enhancement/data/raw_underwater/UIEB/reference-890/716_img_.png
/workspace/underwater_enhancement/data/processed/physical_degradation/blur/716_img__blur.png,blur,716_img_.png,/workspace/underwater_enhancement/data/raw_underwater/UIEB/reference-890/716_img_.png
/workspace/underwater_enhancement/data/processed/physical_degradation/blue_cast/718_img__blue.png,blue_cast,718_img_.png,/workspace/underwater_enhancement/data/raw_underwater/UIEB/reference-890/718_img_.png
/workspace/underwater_enhancement/data/processed/physical_degradation/green_cast/718_img__green.png,green_cast,718_img_.png,/workspace/underwater_enhancement/data/raw_underwater/UIEB/reference-890/718_img_.png
/workspace/underwater_enhancement/data/processed/physical_degradation/low_light/718_img__lowlight.png,low_light,718_img_.png,/workspace/underwater_enhancement/data/raw_underwater/UIEB/reference-890/718_img_.png
/workspace/underwater_enhancement/data/processed/physical_degradation/blur/718_img__blur.png,blur,718_img_.png,/workspace/underwater_enhancement/data/raw_underwater/UIEB/reference-890/718_img_.png
/workspace/underwater_enhancement/data/processed/physical_degradation/blue_cast/719_img__blue.png,blue_cast,719_img_.png,/workspace/underwater_enhancement/data/raw_underwater/UIEB/reference-890/719_img_.png
/workspace/underwater_enhancement/data/processed/physical_degradation/green_cast/719_img__green.png,green_cast,719_img_.png,/workspace/underwater_enhancement/data/raw_underwater/UIEB/reference-890/719_img_.png
/workspace/underwater_enhancement/data/processed/physical_degradation/low_light/719_img__lowlight.png,low_light,719_img_.png,/workspace/underwater_enhancement/data/raw_underwater/UIEB/reference-890/719_img_.png
/workspace/underwater_enhancement/data/processed/physical_degradation/blur/719_img__blur.png,blur,719_img_.png,/workspace/underwater_enhancement/data/raw_underwater/UIEB/reference-890/719_img_.png
/workspace/underwater_enhancement/data/processed/physical_degradation/blue_cast/720_img__blue.png,blue_cast,720_img_.png,/workspace/underwater_enhancement/data/raw_underwater/UIEB/reference-890/720_img_.png
/workspace/underwater_enhancement/data/processed/physical_degradation/green_cast/720_img__green.png,green_cast,720_img_.png,/workspace/underwater_enhancement/data/raw_underwater/UIEB/reference-890/720_img_.png
/workspace/underwater_enhancement/data/processed/physical_degradation/low_light/720_img__lowlight.png,low_light,720_img_.png,/workspace/underwater_enhancement/data/raw_underwater/UIEB/reference-890/720_img_.png
/workspace/underwater_enhancement/data/processed/physical_degradation/blur/720_img__blur.png,blur,720_img_.png,/workspace/underwater_enhancement/data/raw_underwater/UIEB/reference-890/720_img_.png
/workspace/underwater_enhancement/data/processed/physical_degradation/blue_cast/721_img__blue.png,blue_cast,721_img_.png,/workspace/underwater_enhancement/data/raw_underwater/UIEB/reference-890/721_img_.png
/workspace/underwater_enhancement/data/processed/physical_degradation/green_cast/721_img__green.png,green_cast,721_img_.png,/workspace/underwater_enhancement/data/raw_underwater/UIEB/reference-890/721_img_.png
/workspace/underwater_enhancement/data/processed/physical_degradation/low_light/721_img__lowlight.png,low_light,721_img_.png,/workspace/underwater_enhancement/data/raw_underwater/UIEB/reference-890/721_img_.png
/workspace/underwater_enhancement/data/processed/physical_degradation/blur/721_img__blur.png,blur,721_img_.png,/workspace/underwater_enhancement/data/raw_underwater/UIEB/reference-890/721_img_.png
/workspace/underwater_enhancement/data/processed/physical_degradation/blue_cast/722_img__blue.png,blue_cast,722_img_.png,/workspace/underwater_enhancement/data/raw_underwater/UIEB/reference-890/722_img_.png
/workspace/underwater_enhancement/data/processed/physical_degradation/green_cast/722_img__green.png,green_cast,722_img_.png,/workspace/underwater_enhancement/data/raw_underwater/UIEB/reference-890/722_img_.png
/workspace/underwater_enhancement/data/processed/physical_degradation/low_light/722_img__lowlight.png,low_light,722_img_.png,/workspace/underwater_enhancement/data/raw_underwater/UIEB/reference-890/722_img_.png
/workspace/underwater_enhancement/data/processed/physical_degradation/blur/722_img__blur.png,blur,722_img_.png,/workspace/underwater_enhancement/data/raw_underwater/UIEB/reference-890/722_img_.png
/workspace/underwater_enhancement/data/processed/physical_degradation/blue_cast/723_img__blue.png,blue_cast,723_img_.png,/workspace/underwater_enhancement/data/raw_underwater/UIEB/reference-890/723_img_.png
/workspace/underwater_enhancement/data/processed/physical_degradation/green_cast/723_img__green.png,green_cast,723_img_.png,/workspace/underwater_enhancement/data/raw_underwater/UIEB/reference-890/723_img_.png
/workspace/underwater_enhancement/data/processed/physical_degradation/low_light/723_img__lowlight.png,low_light,723_img_.png,/workspace/underwater_enhancement/data/raw_underwater/UIEB/reference-890/723_img_.png
/workspace/underwater_enhancement/data/processed/physical_degradation/blur/723_img__blur.png,blur,723_img_.png,/workspace/underwater_enhancement/data/raw_underwater/UIEB/reference-890/723_img_.png
/workspace/underwater_enhancement/data/processed/physical_degradation/blue_cast/724_img__blue.png,blue_cast,724_img_.png,/workspace/underwater_enhancement/data/raw_underwater/UIEB/reference-890/724_img_.png
/workspace/underwater_enhancement/data/processed/physical_degradation/green_cast/724_img__green.png,green_cast,724_img_.png,/workspace/underwater_enhancement/data/raw_underwater/UIEB/reference-890/724_img_.png
/workspace/underwater_enhancement/data/processed/physical_degradation/low_light/724_img__lowlight.png,low_light,724_img_.png,/workspace/underwater_enhancement/data/raw_underwater/UIEB/reference-890/724_img_.png
/workspace/underwater_enhancement/data/processed/physical_degradation/blur/724_img__blur.png,blur,724_img_.png,/workspace/underwater_enhancement/data/raw_underwater/UIEB/reference-890/724_img_.png
/workspace/underwater_enhancement/data/processed/physical_degradation/blue_cast/725_img__blue.png,blue_cast,725_img_.png,/workspace/underwater_enhancement/data/raw_underwater/UIEB/reference-890/725_img_.png
/workspace/underwater_enhancement/data/processed/physical_degradation/green_cast/725_img__green.png,green_cast,725_img_.png,/workspace/underwater_enhancement/data/raw_underwater/UIEB/reference-890/725_img_.png
/workspace/underwater_enhancement/data/processed/physical_degradation/low_light/725_img__lowlight.png,low_light,725_img_.png,/workspace/underwater_enhancement/data/raw_underwater/UIEB/reference-890/725_img_.png
/workspace/underwater_enhancement/data/processed/physical_degradation/blur/725_img__blur.png,blur,725_img_.png,/workspace/underwater_enhancement/data/raw_underwater/UIEB/reference-890/725_img_.png
/workspace/underwater_enhancement/data/processed/physical_degradation/blue_cast/726_img__blue.png,blue_cast,726_img_.png,/workspace/underwater_enhancement/data/raw_underwater/UIEB/reference-890/726_img_.png
/workspace/underwater_enhancement/data/processed/physical_degradation/green_cast/726_img__green.png,green_cast,726_img_.png,/workspace/underwater_enhancement/data/raw_underwater/UIEB/reference-890/726_img_.png
/workspace/underwater_enhancement/data/processed/physical_degradation/low_light/726_img__lowlight.png,low_light,726_img_.png,/workspace/underwater_enhancement/data/raw_underwater/UIEB/reference-890/726_img_.png
/workspace/underwater_enhancement/data/processed/physical_degradation/blur/726_img__blur.png,blur,726_img_.png,/workspace/underwater_enhancement/data/raw_underwater/UIEB/reference-890/726_img_.png
/workspace/underwater_enhancement/data/processed/physical_degradation/blue_cast/727_img__blue.png,blue_cast,727_img_.png,/workspace/underwater_enhancement/data/raw_underwater/UIEB/reference-890/727_img_.png
/workspace/underwater_enhancement/data/processed/physical_degradation/green_cast/727_img__green.png,green_cast,727_img_.png,/workspace/underwater_enhancement/data/raw_underwater/UIEB/reference-890/727_img_.png
/workspace/underwater_enhancement/data/processed/physical_degradation/low_light/727_img__lowlight.png,low_light,727_img_.png,/workspace/underwater_enhancement/data/raw_underwater/UIEB/reference-890/727_img_.png
/workspace/underwater_enhancement/data/processed/physical_degradation/blur/727_img__blur.png,blur,727_img_.png,/workspace/underwater_enhancement/data/raw_underwater/UIEB/reference-890/727_img_.png
/workspace/underwater_enhancement/data/processed/physical_degradation/blue_cast/728_img__blue.png,blue_cast,728_img_.png,/workspace/underwater_enhancement/data/raw_underwater/UIEB/reference-890/728_img_.png
/workspace/underwater_enhancement/data/processed/physical_degradation/green_cast/728_img__green.png,green_cast,728_img_.png,/workspace/underwater_enhancement/data/raw_underwater/UIEB/reference-890/728_img_.png
/workspace/underwater_enhancement/data/processed/physical_degradation/low_light/728_img__lowlight.png,low_light,728_img_.png,/workspace/underwater_enhancement/data/raw_underwater/UIEB/reference-890/728_img_.png
/workspace/underwater_enhancement/data/processed/physical_degradation/blur/728_img__blur.png,blur,728_img_.png,/workspace/underwater_enhancement/data/raw_underwater/UIEB/reference-890/728_img_.png
/workspace/underwater_enhancement/data/processed/physical_degradation/blue_cast/729_img__blue.png,blue_cast,729_img_.png,/workspace/underwater_enhancement/data/raw_underwater/UIEB/reference-890/729_img_.png
/workspace/underwater_enhancement/data/processed/physical_degradation/green_cast/729_img__green.png,green_cast,729_img_.png,/workspace/underwater_enhancement/data/raw_underwater/UIEB/reference-890/729_img_.png
/workspace/underwater_enhancement/data/processed/physical_degradation/low_light/729_img__lowlight.png,low_light,729_img_.png,/workspace/underwater_enhancement/data/raw_underwater/UIEB/reference-890/729_img_.png
/workspace/underwater_enhancement/data/processed/physical_degradation/blur/729_img__blur.png,blur,729_img_.png,/workspace/underwater_enhancement/data/raw_underwater/UIEB/reference-890/729_img_.png
/workspace/underwater_enhancement/data/processed/physical_degradation/blue_cast/72_img__blue.png,blue_cast,72_img_.png,/workspace/underwater_enhancement/data/raw_underwater/UIEB/reference-890/72_img_.png
/workspace/underwater_enhancement/data/processed/physical_degradation/green_cast/72_img__green.png,green_cast,72_img_.png,/workspace/underwater_enhancement/data/raw_underwater/UIEB/reference-890/72_img_.png
/workspace/underwater_enhancement/data/processed/physical_degradation/low_light/72_img__lowlight.png,low_light,72_img_.png,/workspace/underwater_enhancement/data/raw_underwater/UIEB/reference-890/72_img_.png
/workspace/underwater_enhancement/data/processed/physical_degradation/blur/72_img__blur.png,blur,72_img_.png,/workspace/underwater_enhancement/data/raw_underwater/UIEB/reference-890/72_img_.png
/workspace/underwater_enhancement/data/processed/physical_degradation/blue_cast/730_img__blue.png,blue_cast,730_img_.png,/workspace/underwater_enhancement/data/raw_underwater/UIEB/reference-890/730_img_.png
/workspace/underwater_enhancement/data/processed/physical_degradation/green_cast/730_img__green.png,green_cast,730_img_.png,/workspace/underwater_enhancement/data/raw_underwater/UIEB/reference-890/730_img_.png
/workspace/underwater_enhancement/data/processed/physical_degradation/low_light/730_img__lowlight.png,low_light,730_img_.png,/workspace/underwater_enhancement/data/raw_underwater/UIEB/reference-890/730_img_.png
/workspace/underwater_enhancement/data/processed/physical_degradation/blur/730_img__blur.png,blur,730_img_.png,/workspace/underwater_enhancement/data/raw_underwater/UIEB/reference-890/730_img_.png
/workspace/underwater_enhancement/data/processed/physical_degradation/blue_cast/731_img__blue.png,blue_cast,731_img_.png,/workspace/underwater_enhancement/data/raw_underwater/UIEB/reference-890/731_img_.png
/workspace/underwater_enhancement/data/processed/physical_degradation/green_cast/731_img__green.png,green_cast,731_img_.png,/workspace/underwater_enhancement/data/raw_underwater/UIEB/reference-890/731_img_.png
/workspace/underwater_enhancement/data/processed/physical_degradation/low_light/731_img__lowlight.png,low_light,731_img_.png,/workspace/underwater_enhancement/data/raw_underwater/UIEB/reference-890/731_img_.png
/workspace/underwater_enhancement/data/processed/physical_degradation/blur/731_img__blur.png,blur,731_img_.png,/workspace/underwater_enhancement/data/raw_underwater/UIEB/reference-890/731_img_.png
/workspace/underwater_enhancement/data/processed/physical_degradation/blue_cast/732_img__blue.png,blue_cast,732_img_.png,/workspace/underwater_enhancement/data/raw_underwater/UIEB/reference-890/732_img_.png
/workspace/underwater_enhancement/data/processed/physical_degradation/green_cast/732_img__green.png,green_cast,732_img_.png,/workspace/underwater_enhancement/data/raw_underwater/UIEB/reference-890/732_img_.png
/workspace/underwater_enhancement/data/processed/physical_degradation/low_light/732_img__lowlight.png,low_light,732_img_.png,/workspace/underwater_enhancement/data/raw_underwater/UIEB/reference-890/732_img_.png
/workspace/underwater_enhancement/data/processed/physical_degradation/blur/732_img__blur.png,blur,732_img_.png,/workspace/underwater_enhancement/data/raw_underwater/UIEB/reference-890/732_img_.png
/workspace/underwater_enhancement/data/processed/physical_degradation/blue_cast/733_img__blue.png,blue_cast,733_img_.png,/workspace/underwater_enhancement/data/raw_underwater/UIEB/reference-890/733_img_.png
/workspace/underwater_enhancement/data/processed/physical_degradation/green_cast/733_img__green.png,green_cast,733_img_.png,/workspace/underwater_enhancement/data/raw_underwater/UIEB/reference-890/733_img_.png
/workspace/underwater_enhancement/data/processed/physical_degradation/low_light/733_img__lowlight.png,low_light,733_img_.png,/workspace/underwater_enhancement/data/raw_underwater/UIEB/reference-890/733_img_.png
/workspace/underwater_enhancement/data/processed/physical_degradation/blur/733_img__blur.png,blur,733_img_.png,/workspace/underwater_enhancement/data/raw_underwater/UIEB/reference-890/733_img_.png
/workspace/underwater_enhancement/data/processed/physical_degradation/blue_cast/734_img__blue.png,blue_cast,734_img_.png,/workspace/underwater_enhancement/data/raw_underwater/UIEB/reference-890/734_img_.png
/workspace/underwater_enhancement/data/processed/physical_degradation/green_cast/734_img__green.png,green_cast,734_img_.png,/workspace/underwater_enhancement/data/raw_underwater/UIEB/reference-890/734_img_.png
/workspace/underwater_enhancement/data/processed/physical_degradation/low_light/734_img__lowlight.png,low_light,734_img_.png,/workspace/underwater_enhancement/data/raw_underwater/UIEB/reference-890/734_img_.png
/workspace/underwater_enhancement/data/processed/physical_degradation/blur/734_img__blur.png,blur,734_img_.png,/workspace/underwater_enhancement/data/raw_underwater/UIEB/reference-890/734_img_.png
/workspace/underwater_enhancement/data/processed/physical_degradation/blue_cast/735_img__blue.png,blue_cast,735_img_.png,/workspace/underwater_enhancement/data/raw_underwater/UIEB/reference-890/735_img_.png
/workspace/underwater_enhancement/data/processed/physical_degradation/green_cast/735_img__green.png,green_cast,735_img_.png,/workspace/underwater_enhancement/data/raw_underwater/UIEB/reference-890/735_img_.png
/workspace/underwater_enhancement/data/processed/physical_degradation/low_light/735_img__lowlight.png,low_light,735_img_.png,/workspace/underwater_enhancement/data/raw_underwater/UIEB/reference-890/735_img_.png
/workspace/underwater_enhancement/data/processed/physical_degradation/blur/735_img__blur.png,blur,735_img_.png,/workspace/underwater_enhancement/data/raw_underwater/UIEB/reference-890/735_img_.png
/workspace/underwater_enhancement/data/processed/physical_degradation/blue_cast/736_img__blue.png,blue_cast,736_img_.png,/workspace/underwater_enhancement/data/raw_underwater/UIEB/reference-890/736_img_.png
/workspace/underwater_enhancement/data/processed/physical_degradation/green_cast/736_img__green.png,green_cast,736_img_.png,/workspace/underwater_enhancement/data/raw_underwater/UIEB/reference-890/736_img_.png
/workspace/underwater_enhancement/data/processed/physical_degradation/low_light/736_img__lowlight.png,low_light,736_img_.png,/workspace/underwater_enhancement/data/raw_underwater/UIEB/reference-890/736_img_.png
/workspace/underwater_enhancement/data/processed/physical_degradation/blur/736_img__blur.png,blur,736_img_.png,/workspace/underwater_enhancement/data/raw_underwater/UIEB/reference-890/736_img_.png
/workspace/underwater_enhancement/data/processed/physical_degradation/blue_cast/737_img__blue.png,blue_cast,737_img_.png,/workspace/underwater_enhancement/data/raw_underwater/UIEB/reference-890/737_img_.png
/workspace/underwater_enhancement/data/processed/physical_degradation/green_cast/737_img__green.png,green_cast,737_img_.png,/workspace/underwater_enhancement/data/raw_underwater/UIEB/reference-890/737_img_.png
/workspace/underwater_enhancement/data/processed/physical_degradation/low_light/737_img__lowlight.png,low_light,737_img_.png,/workspace/underwater_enhancement/data/raw_underwater/UIEB/reference-890/737_img_.png
/workspace/underwater_enhancement/data/processed/physical_degradation/blur/737_img__blur.png,blur,737_img_.png,/workspace/underwater_enhancement/data/raw_underwater/UIEB/reference-890/737_img_.png
/workspace/underwater_enhancement/data/processed/physical_degradation/blue_cast/738_img__blue.png,blue_cast,738_img_.png,/workspace/underwater_enhancement/data/raw_underwater/UIEB/reference-890/738_img_.png
/workspace/underwater_enhancement/data/processed/physical_degradation/green_cast/738_img__green.png,green_cast,738_img_.png,/workspace/underwater_enhancement/data/raw_underwater/UIEB/reference-890/738_img_.png
/workspace/underwater_enhancement/data/processed/physical_degradation/low_light/738_img__lowlight.png,low_light,738_img_.png,/workspace/underwater_enhancement/data/raw_underwater/UIEB/reference-890/738_img_.png
/workspace/underwater_enhancement/data/processed/physical_degradation/blur/738_img__blur.png,blur,738_img_.png,/workspace/underwater_enhancement/data/raw_underwater/UIEB/reference-890/738_img_.png
/workspace/underwater_enhancement/data/processed/physical_degradation/blue_cast/73_img__blue.png,blue_cast,73_img_.png,/workspace/underwater_enhancement/data/raw_underwater/UIEB/reference-890/73_img_.png
/workspace/underwater_enhancement/data/processed/physical_degradation/green_cast/73_img__green.png,green_cast,73_img_.png,/workspace/underwater_enhancement/data/raw_underwater/UIEB/reference-890/73_img_.png
/workspace/underwater_enhancement/data/processed/physical_degradation/low_light/73_img__lowlight.png,low_light,73_img_.png,/workspace/underwater_enhancement/data/raw_underwater/UIEB/reference-890/73_img_.png
/workspace/underwater_enhancement/data/processed/physical_degradation/blur/73_img__blur.png,blur,73_img_.png,/workspace/underwater_enhancement/data/raw_underwater/UIEB/reference-890/73_img_.png
/workspace/underwater_enhancement/data/processed/physical_degradation/blue_cast/740_img__blue.png,blue_cast,740_img_.png,/workspace/underwater_enhancement/data/raw_underwater/UIEB/reference-890/740_img_.png
/workspace/underwater_enhancement/data/processed/physical_degradation/green_cast/740_img__green.png,green_cast,740_img_.png,/workspace/underwater_enhancement/data/raw_underwater/UIEB/reference-890/740_img_.png
/workspace/underwater_enhancement/data/processed/physical_degradation/low_light/740_img__lowlight.png,low_light,740_img_.png,/workspace/underwater_enhancement/data/raw_underwater/UIEB/reference-890/740_img_.png
/workspace/underwater_enhancement/data/processed/physical_degradation/blur/740_img__blur.png,blur,740_img_.png,/workspace/underwater_enhancement/data/raw_underwater/UIEB/reference-890/740_img_.png
/workspace/underwater_enhancement/data/processed/physical_degradation/blue_cast/741_img__blue.png,blue_cast,741_img_.png,/workspace/underwater_enhancement/data/raw_underwater/UIEB/reference-890/741_img_.png
/workspace/underwater_enhancement/data/processed/physical_degradation/green_cast/741_img__green.png,green_cast,741_img_.png,/workspace/underwater_enhancement/data/raw_underwater/UIEB/reference-890/741_img_.png
/workspace/underwater_enhancement/data/processed/physical_degradation/low_light/741_img__lowlight.png,low_light,741_img_.png,/workspace/underwater_enhancement/data/raw_underwater/UIEB/reference-890/741_img_.png
/workspace/underwater_enhancement/data/processed/physical_degradation/blur/741_img__blur.png,blur,741_img_.png,/workspace/underwater_enhancement/data/raw_underwater/UIEB/reference-890/741_img_.png
/workspace/underwater_enhancement/data/processed/physical_degradation/blue_cast/743_img__blue.png,blue_cast,743_img_.png,/workspace/underwater_enhancement/data/raw_underwater/UIEB/reference-890/743_img_.png
/workspace/underwater_enhancement/data/processed/physical_degradation/green_cast/743_img__green.png,green_cast,743_img_.png,/workspace/underwater_enhancement/data/raw_underwater/UIEB/reference-890/743_img_.png
/workspace/underwater_enhancement/data/processed/physical_degradation/low_light/743_img__lowlight.png,low_light,743_img_.png,/workspace/underwater_enhancement/data/raw_underwater/UIEB/reference-890/743_img_.png
/workspace/underwater_enhancement/data/processed/physical_degradation/blur/743_img__blur.png,blur,743_img_.png,/workspace/underwater_enhancement/data/raw_underwater/UIEB/reference-890/743_img_.png
/workspace/underwater_enhancement/data/processed/physical_degradation/blue_cast/744_img__blue.png,blue_cast,744_img_.png,/workspace/underwater_enhancement/data/raw_underwater/UIEB/reference-890/744_img_.png
/workspace/underwater_enhancement/data/processed/physical_degradation/green_cast/744_img__green.png,green_cast,744_img_.png,/workspace/underwater_enhancement/data/raw_underwater/UIEB/reference-890/744_img_.png
/workspace/underwater_enhancement/data/processed/physical_degradation/low_light/744_img__lowlight.png,low_light,744_img_.png,/workspace/underwater_enhancement/data/raw_underwater/UIEB/reference-890/744_img_.png
/workspace/underwater_enhancement/data/processed/physical_degradation/blur/744_img__blur.png,blur,744_img_.png,/workspace/underwater_enhancement/data/raw_underwater/UIEB/reference-890/744_img_.png
/workspace/underwater_enhancement/data/processed/physical_degradation/blue_cast/745_img__blue.png,blue_cast,745_img_.png,/workspace/underwater_enhancement/data/raw_underwater/UIEB/reference-890/745_img_.png
/workspace/underwater_enhancement/data/processed/physical_degradation/green_cast/745_img__green.png,green_cast,745_img_.png,/workspace/underwater_enhancement/data/raw_underwater/UIEB/reference-890/745_img_.png
/workspace/underwater_enhancement/data/processed/physical_degradation/low_light/745_img__lowlight.png,low_light,745_img_.png,/workspace/underwater_enhancement/data/raw_underwater/UIEB/reference-890/745_img_.png
/workspace/underwater_enhancement/data/processed/physical_degradation/blur/745_img__blur.png,blur,745_img_.png,/workspace/underwater_enhancement/data/raw_underwater/UIEB/reference-890/745_img_.png
/workspace/underwater_enhancement/data/processed/physical_degradation/blue_cast/746_img__blue.png,blue_cast,746_img_.png,/workspace/underwater_enhancement/data/raw_underwater/UIEB/reference-890/746_img_.png
/workspace/underwater_enhancement/data/processed/physical_degradation/green_cast/746_img__green.png,green_cast,746_img_.png,/workspace/underwater_enhancement/data/raw_underwater/UIEB/reference-890/746_img_.png
/workspace/underwater_enhancement/data/processed/physical_degradation/low_light/746_img__lowlight.png,low_light,746_img_.png,/workspace/underwater_enhancement/data/raw_underwater/UIEB/reference-890/746_img_.png
/workspace/underwater_enhancement/data/processed/physical_degradation/blur/746_img__blur.png,blur,746_img_.png,/workspace/underwater_enhancement/data/raw_underwater/UIEB/reference-890/746_img_.png
/workspace/underwater_enhancement/data/processed/physical_degradation/blue_cast/747_img__blue.png,blue_cast,747_img_.png,/workspace/underwater_enhancement/data/raw_underwater/UIEB/reference-890/747_img_.png
/workspace/underwater_enhancement/data/processed/physical_degradation/green_cast/747_img__green.png,green_cast,747_img_.png,/workspace/underwater_enhancement/data/raw_underwater/UIEB/reference-890/747_img_.png
/workspace/underwater_enhancement/data/processed/physical_degradation/low_light/747_img__lowlight.png,low_light,747_img_.png,/workspace/underwater_enhancement/data/raw_underwater/UIEB/reference-890/747_img_.png
/workspace/underwater_enhancement/data/processed/physical_degradation/blur/747_img__blur.png,blur,747_img_.png,/workspace/underwater_enhancement/data/raw_underwater/UIEB/reference-890/747_img_.png
/workspace/underwater_enhancement/data/processed/physical_degradation/blue_cast/748_img__blue.png,blue_cast,748_img_.png,/workspace/underwater_enhancement/data/raw_underwater/UIEB/reference-890/748_img_.png
/workspace/underwater_enhancement/data/processed/physical_degradation/green_cast/748_img__green.png,green_cast,748_img_.png,/workspace/underwater_enhancement/data/raw_underwater/UIEB/reference-890/748_img_.png
/workspace/underwater_enhancement/data/processed/physical_degradation/low_light/748_img__lowlight.png,low_light,748_img_.png,/workspace/underwater_enhancement/data/raw_underwater/UIEB/reference-890/748_img_.png
/workspace/underwater_enhancement/data/processed/physical_degradation/blur/748_img__blur.png,blur,748_img_.png,/workspace/underwater_enhancement/data/raw_underwater/UIEB/reference-890/748_img_.png
/workspace/underwater_enhancement/data/processed/physical_degradation/blue_cast/749_img__blue.png,blue_cast,749_img_.png,/workspace/underwater_enhancement/data/raw_underwater/UIEB/reference-890/749_img_.png
/workspace/underwater_enhancement/data/processed/physical_degradation/green_cast/749_img__green.png,green_cast,749_img_.png,/workspace/underwater_enhancement/data/raw_underwater/UIEB/reference-890/749_img_.png
/workspace/underwater_enhancement/data/processed/physical_degradation/low_light/749_img__lowlight.png,low_light,749_img_.png,/workspace/underwater_enhancement/data/raw_underwater/UIEB/reference-890/749_img_.png
/workspace/underwater_enhancement/data/processed/physical_degradation/blur/749_img__blur.png,blur,749_img_.png,/workspace/underwater_enhancement/data/raw_underwater/UIEB/reference-890/749_img_.png
/workspace/underwater_enhancement/data/processed/physical_degradation/blue_cast/74_img__blue.png,blue_cast,74_img_.png,/workspace/underwater_enhancement/data/raw_underwater/UIEB/reference-890/74_img_.png
/workspace/underwater_enhancement/data/processed/physical_degradation/green_cast/74_img__green.png,green_cast,74_img_.png,/workspace/underwater_enhancement/data/raw_underwater/UIEB/reference-890/74_img_.png
/workspace/underwater_enhancement/data/processed/physical_degradation/low_light/74_img__lowlight.png,low_light,74_img_.png,/workspace/underwater_enhancement/data/raw_underwater/UIEB/reference-890/74_img_.png
/workspace/underwater_enhancement/data/processed/physical_degradation/blur/74_img__blur.png,blur,74_img_.png,/workspace/underwater_enhancement/data/raw_underwater/UIEB/reference-890/74_img_.png
/workspace/underwater_enhancement/data/processed/physical_degradation/blue_cast/750_img__blue.png,blue_cast,750_img_.png,/workspace/underwater_enhancement/data/raw_underwater/UIEB/reference-890/750_img_.png
/workspace/underwater_enhancement/data/processed/physical_degradation/green_cast/750_img__green.png,green_cast,750_img_.png,/workspace/underwater_enhancement/data/raw_underwater/UIEB/reference-890/750_img_.png
/workspace/underwater_enhancement/data/processed/physical_degradation/low_light/750_img__lowlight.png,low_light,750_img_.png,/workspace/underwater_enhancement/data/raw_underwater/UIEB/reference-890/750_img_.png
/workspace/underwater_enhancement/data/processed/physical_degradation/blur/750_img__blur.png,blur,750_img_.png,/workspace/underwater_enhancement/data/raw_underwater/UIEB/reference-890/750_img_.png
/workspace/underwater_enhancement/data/processed/physical_degradation/blue_cast/751_img__blue.png,blue_cast,751_img_.png,/workspace/underwater_enhancement/data/raw_underwater/UIEB/reference-890/751_img_.png
/workspace/underwater_enhancement/data/processed/physical_degradation/green_cast/751_img__green.png,green_cast,751_img_.png,/workspace/underwater_enhancement/data/raw_underwater/UIEB/reference-890/751_img_.png
/workspace/underwater_enhancement/data/processed/physical_degradation/low_light/751_img__lowlight.png,low_light,751_img_.png,/workspace/underwater_enhancement/data/raw_underwater/UIEB/reference-890/751_img_.png
/workspace/underwater_enhancement/data/processed/physical_degradation/blur/751_img__blur.png,blur,751_img_.png,/workspace/underwater_enhancement/data/raw_underwater/UIEB/reference-890/751_img_.png
/workspace/underwater_enhancement/data/processed/physical_degradation/blue_cast/752_img__blue.png,blue_cast,752_img_.png,/workspace/underwater_enhancement/data/raw_underwater/UIEB/reference-890/752_img_.png
/workspace/underwater_enhancement/data/processed/physical_degradation/green_cast/752_img__green.png,green_cast,752_img_.png,/workspace/underwater_enhancement/data/raw_underwater/UIEB/reference-890/752_img_.png
/workspace/underwater_enhancement/data/processed/physical_degradation/low_light/752_img__lowlight.png,low_light,752_img_.png,/workspace/underwater_enhancement/data/raw_underwater/UIEB/reference-890/752_img_.png
/workspace/underwater_enhancement/data/processed/physical_degradation/blur/752_img__blur.png,blur,752_img_.png,/workspace/underwater_enhancement/data/raw_underwater/UIEB/reference-890/752_img_.png
/workspace/underwater_enhancement/data/processed/physical_degradation/blue_cast/753_img__blue.png,blue_cast,753_img_.png,/workspace/underwater_enhancement/data/raw_underwater/UIEB/reference-890/753_img_.png
/workspace/underwater_enhancement/data/processed/physical_degradation/green_cast/753_img__green.png,green_cast,753_img_.png,/workspace/underwater_enhancement/data/raw_underwater/UIEB/reference-890/753_img_.png
/workspace/underwater_enhancement/data/processed/physical_degradation/low_light/753_img__lowlight.png,low_light,753_img_.png,/workspace/underwater_enhancement/data/raw_underwater/UIEB/reference-890/753_img_.png
/workspace/underwater_enhancement/data/processed/physical_degradation/blur/753_img__blur.png,blur,753_img_.png,/workspace/underwater_enhancement/data/raw_underwater/UIEB/reference-890/753_img_.png
/workspace/underwater_enhancement/data/processed/physical_degradation/blue_cast/754_img__blue.png,blue_cast,754_img_.png,/workspace/underwater_enhancement/data/raw_underwater/UIEB/reference-890/754_img_.png
/workspace/underwater_enhancement/data/processed/physical_degradation/green_cast/754_img__green.png,green_cast,754_img_.png,/workspace/underwater_enhancement/data/raw_underwater/UIEB/reference-890/754_img_.png
/workspace/underwater_enhancement/data/processed/physical_degradation/low_light/754_img__lowlight.png,low_light,754_img_.png,/workspace/underwater_enhancement/data/raw_underwater/UIEB/reference-890/754_img_.png
/workspace/underwater_enhancement/data/processed/physical_degradation/blur/754_img__blur.png,blur,754_img_.png,/workspace/underwater_enhancement/data/raw_underwater/UIEB/reference-890/754_img_.png
/workspace/underwater_enhancement/data/processed/physical_degradation/blue_cast/756_blue.png,blue_cast,756.png,/workspace/underwater_enhancement/data/raw_underwater/UIEB/reference-890/756.png
/workspace/underwater_enhancement/data/processed/physical_degradation/green_cast/756_green.png,green_cast,756.png,/workspace/underwater_enhancement/data/raw_underwater/UIEB/reference-890/756.png
/workspace/underwater_enhancement/data/processed/physical_degradation/low_light/756_lowlight.png,low_light,756.png,/workspace/underwater_enhancement/data/raw_underwater/UIEB/reference-890/756.png
/workspace/underwater_enhancement/data/processed/physical_degradation/blur/756_blur.png,blur,756.png,/workspace/underwater_enhancement/data/raw_underwater/UIEB/reference-890/756.png
/workspace/underwater_enhancement/data/processed/physical_degradation/blue_cast/756_img__blue.png,blue_cast,756_img_.png,/workspace/underwater_enhancement/data/raw_underwater/UIEB/reference-890/756_img_.png
/workspace/underwater_enhancement/data/processed/physical_degradation/green_cast/756_img__green.png,green_cast,756_img_.png,/workspace/underwater_enhancement/data/raw_underwater/UIEB/reference-890/756_img_.png
/workspace/underwater_enhancement/data/processed/physical_degradation/low_light/756_img__lowlight.png,low_light,756_img_.png,/workspace/underwater_enhancement/data/raw_underwater/UIEB/reference-890/756_img_.png
/workspace/underwater_enhancement/data/processed/physical_degradation/blur/756_img__blur.png,blur,756_img_.png,/workspace/underwater_enhancement/data/raw_underwater/UIEB/reference-890/756_img_.png
/workspace/underwater_enhancement/data/processed/physical_degradation/blue_cast/757_img__blue.png,blue_cast,757_img_.png,/workspace/underwater_enhancement/data/raw_underwater/UIEB/reference-890/757_img_.png
/workspace/underwater_enhancement/data/processed/physical_degradation/green_cast/757_img__green.png,green_cast,757_img_.png,/workspace/underwater_enhancement/data/raw_underwater/UIEB/reference-890/757_img_.png
/workspace/underwater_enhancement/data/processed/physical_degradation/low_light/757_img__lowlight.png,low_light,757_img_.png,/workspace/underwater_enhancement/data/raw_underwater/UIEB/reference-890/757_img_.png
/workspace/underwater_enhancement/data/processed/physical_degradation/blur/757_img__blur.png,blur,757_img_.png,/workspace/underwater_enhancement/data/raw_underwater/UIEB/reference-890/757_img_.png
/workspace/underwater_enhancement/data/processed/physical_degradation/blue_cast/758_blue.png,blue_cast,758.png,/workspace/underwater_enhancement/data/raw_underwater/UIEB/reference-890/758.png
/workspace/underwater_enhancement/data/processed/physical_degradation/green_cast/758_green.png,green_cast,758.png,/workspace/underwater_enhancement/data/raw_underwater/UIEB/reference-890/758.png
/workspace/underwater_enhancement/data/processed/physical_degradation/low_light/758_lowlight.png,low_light,758.png,/workspace/underwater_enhancement/data/raw_underwater/UIEB/reference-890/758.png
/workspace/underwater_enhancement/data/processed/physical_degradation/blur/758_blur.png,blur,758.png,/workspace/underwater_enhancement/data/raw_underwater/UIEB/reference-890/758.png
/workspace/underwater_enhancement/data/processed/physical_degradation/blue_cast/758_img__blue.png,blue_cast,758_img_.png,/workspace/underwater_enhancement/data/raw_underwater/UIEB/reference-890/758_img_.png
/workspace/underwater_enhancement/data/processed/physical_degradation/green_cast/758_img__green.png,green_cast,758_img_.png,/workspace/underwater_enhancement/data/raw_underwater/UIEB/reference-890/758_img_.png
/workspace/underwater_enhancement/data/processed/physical_degradation/low_light/758_img__lowlight.png,low_light,758_img_.png,/workspace/underwater_enhancement/data/raw_underwater/UIEB/reference-890/758_img_.png
/workspace/underwater_enhancement/data/processed/physical_degradation/blur/758_img__blur.png,blur,758_img_.png,/workspace/underwater_enhancement/data/raw_underwater/UIEB/reference-890/758_img_.png
/workspace/underwater_enhancement/data/processed/physical_degradation/blue_cast/759_img__blue.png,blue_cast,759_img_.png,/workspace/underwater_enhancement/data/raw_underwater/UIEB/reference-890/759_img_.png
/workspace/underwater_enhancement/data/processed/physical_degradation/green_cast/759_img__green.png,green_cast,759_img_.png,/workspace/underwater_enhancement/data/raw_underwater/UIEB/reference-890/759_img_.png
/workspace/underwater_enhancement/data/processed/physical_degradation/low_light/759_img__lowlight.png,low_light,759_img_.png,/workspace/underwater_enhancement/data/raw_underwater/UIEB/reference-890/759_img_.png
/workspace/underwater_enhancement/data/processed/physical_degradation/blur/759_img__blur.png,blur,759_img_.png,/workspace/underwater_enhancement/data/raw_underwater/UIEB/reference-890/759_img_.png
/workspace/underwater_enhancement/data/processed/physical_degradation/blue_cast/760_img__blue.png,blue_cast,760_img_.png,/workspace/underwater_enhancement/data/raw_underwater/UIEB/reference-890/760_img_.png
/workspace/underwater_enhancement/data/processed/physical_degradation/green_cast/760_img__green.png,green_cast,760_img_.png,/workspace/underwater_enhancement/data/raw_underwater/UIEB/reference-890/760_img_.png
/workspace/underwater_enhancement/data/processed/physical_degradation/low_light/760_img__lowlight.png,low_light,760_img_.png,/workspace/underwater_enhancement/data/raw_underwater/UIEB/reference-890/760_img_.png
/workspace/underwater_enhancement/data/processed/physical_degradation/blur/760_img__blur.png,blur,760_img_.png,/workspace/underwater_enhancement/data/raw_underwater/UIEB/reference-890/760_img_.png
/workspace/underwater_enhancement/data/processed/physical_degradation/blue_cast/762_img__blue.png,blue_cast,762_img_.png,/workspace/underwater_enhancement/data/raw_underwater/UIEB/reference-890/762_img_.png
/workspace/underwater_enhancement/data/processed/physical_degradation/green_cast/762_img__green.png,green_cast,762_img_.png,/workspace/underwater_enhancement/data/raw_underwater/UIEB/reference-890/762_img_.png
/workspace/underwater_enhancement/data/processed/physical_degradation/low_light/762_img__lowlight.png,low_light,762_img_.png,/workspace/underwater_enhancement/data/raw_underwater/UIEB/reference-890/762_img_.png
/workspace/underwater_enhancement/data/processed/physical_degradation/blur/762_img__blur.png,blur,762_img_.png,/workspace/underwater_enhancement/data/raw_underwater/UIEB/reference-890/762_img_.png
/workspace/underwater_enhancement/data/processed/physical_degradation/blue_cast/763_img__blue.png,blue_cast,763_img_.png,/workspace/underwater_enhancement/data/raw_underwater/UIEB/reference-890/763_img_.png
/workspace/underwater_enhancement/data/processed/physical_degradation/green_cast/763_img__green.png,green_cast,763_img_.png,/workspace/underwater_enhancement/data/raw_underwater/UIEB/reference-890/763_img_.png
/workspace/underwater_enhancement/data/processed/physical_degradation/low_light/763_img__lowlight.png,low_light,763_img_.png,/workspace/underwater_enhancement/data/raw_underwater/UIEB/reference-890/763_img_.png
/workspace/underwater_enhancement/data/processed/physical_degradation/blur/763_img__blur.png,blur,763_img_.png,/workspace/underwater_enhancement/data/raw_underwater/UIEB/reference-890/763_img_.png
/workspace/underwater_enhancement/data/processed/physical_degradation/blue_cast/7643_blue.png,blue_cast,7643.png,/workspace/underwater_enhancement/data/raw_underwater/UIEB/reference-890/7643.png
/workspace/underwater_enhancement/data/processed/physical_degradation/green_cast/7643_green.png,green_cast,7643.png,/workspace/underwater_enhancement/data/raw_underwater/UIEB/reference-890/7643.png
/workspace/underwater_enhancement/data/processed/physical_degradation/low_light/7643_lowlight.png,low_light,7643.png,/workspace/underwater_enhancement/data/raw_underwater/UIEB/reference-890/7643.png
/workspace/underwater_enhancement/data/processed/physical_degradation/blur/7643_blur.png,blur,7643.png,/workspace/underwater_enhancement/data/raw_underwater/UIEB/reference-890/7643.png
/workspace/underwater_enhancement/data/processed/physical_degradation/blue_cast/764_img__blue.png,blue_cast,764_img_.png,/workspace/underwater_enhancement/data/raw_underwater/UIEB/reference-890/764_img_.png
/workspace/underwater_enhancement/data/processed/physical_degradation/green_cast/764_img__green.png,green_cast,764_img_.png,/workspace/underwater_enhancement/data/raw_underwater/UIEB/reference-890/764_img_.png
/workspace/underwater_enhancement/data/processed/physical_degradation/low_light/764_img__lowlight.png,low_light,764_img_.png,/workspace/underwater_enhancement/data/raw_underwater/UIEB/reference-890/764_img_.png
/workspace/underwater_enhancement/data/processed/physical_degradation/blur/764_img__blur.png,blur,764_img_.png,/workspace/underwater_enhancement/data/raw_underwater/UIEB/reference-890/764_img_.png
/workspace/underwater_enhancement/data/processed/physical_degradation/blue_cast/7654_blue.png,blue_cast,7654.png,/workspace/underwater_enhancement/data/raw_underwater/UIEB/reference-890/7654.png
/workspace/underwater_enhancement/data/processed/physical_degradation/green_cast/7654_green.png,green_cast,7654.png,/workspace/underwater_enhancement/data/raw_underwater/UIEB/reference-890/7654.png
/workspace/underwater_enhancement/data/processed/physical_degradation/low_light/7654_lowlight.png,low_light,7654.png,/workspace/underwater_enhancement/data/raw_underwater/UIEB/reference-890/7654.png
/workspace/underwater_enhancement/data/processed/physical_degradation/blur/7654_blur.png,blur,7654.png,/workspace/underwater_enhancement/data/raw_underwater/UIEB/reference-890/7654.png
/workspace/underwater_enhancement/data/processed/physical_degradation/blue_cast/765_img__blue.png,blue_cast,765_img_.png,/workspace/underwater_enhancement/data/raw_underwater/UIEB/reference-890/765_img_.png
/workspace/underwater_enhancement/data/processed/physical_degradation/green_cast/765_img__green.png,green_cast,765_img_.png,/workspace/underwater_enhancement/data/raw_underwater/UIEB/reference-890/765_img_.png
/workspace/underwater_enhancement/data/processed/physical_degradation/low_light/765_img__lowlight.png,low_light,765_img_.png,/workspace/underwater_enhancement/data/raw_underwater/UIEB/reference-890/765_img_.png
/workspace/underwater_enhancement/data/processed/physical_degradation/blur/765_img__blur.png,blur,765_img_.png,/workspace/underwater_enhancement/data/raw_underwater/UIEB/reference-890/765_img_.png
/workspace/underwater_enhancement/data/processed/physical_degradation/blue_cast/766_img__blue.png,blue_cast,766_img_.png,/workspace/underwater_enhancement/data/raw_underwater/UIEB/reference-890/766_img_.png
/workspace/underwater_enhancement/data/processed/physical_degradation/green_cast/766_img__green.png,green_cast,766_img_.png,/workspace/underwater_enhancement/data/raw_underwater/UIEB/reference-890/766_img_.png
/workspace/underwater_enhancement/data/processed/physical_degradation/low_light/766_img__lowlight.png,low_light,766_img_.png,/workspace/underwater_enhancement/data/raw_underwater/UIEB/reference-890/766_img_.png
/workspace/underwater_enhancement/data/processed/physical_degradation/blur/766_img__blur.png,blur,766_img_.png,/workspace/underwater_enhancement/data/raw_underwater/UIEB/reference-890/766_img_.png
/workspace/underwater_enhancement/data/processed/physical_degradation/blue_cast/767_img__blue.png,blue_cast,767_img_.png,/workspace/underwater_enhancement/data/raw_underwater/UIEB/reference-890/767_img_.png
/workspace/underwater_enhancement/data/processed/physical_degradation/green_cast/767_img__green.png,green_cast,767_img_.png,/workspace/underwater_enhancement/data/raw_underwater/UIEB/reference-890/767_img_.png
/workspace/underwater_enhancement/data/processed/physical_degradation/low_light/767_img__lowlight.png,low_light,767_img_.png,/workspace/underwater_enhancement/data/raw_underwater/UIEB/reference-890/767_img_.png
/workspace/underwater_enhancement/data/processed/physical_degradation/blur/767_img__blur.png,blur,767_img_.png,/workspace/underwater_enhancement/data/raw_underwater/UIEB/reference-890/767_img_.png
/workspace/underwater_enhancement/data/processed/physical_degradation/blue_cast/768_img__blue.png,blue_cast,768_img_.png,/workspace/underwater_enhancement/data/raw_underwater/UIEB/reference-890/768_img_.png
/workspace/underwater_enhancement/data/processed/physical_degradation/green_cast/768_img__green.png,green_cast,768_img_.png,/workspace/underwater_enhancement/data/raw_underwater/UIEB/reference-890/768_img_.png
/workspace/underwater_enhancement/data/processed/physical_degradation/low_light/768_img__lowlight.png,low_light,768_img_.png,/workspace/underwater_enhancement/data/raw_underwater/UIEB/reference-890/768_img_.png
/workspace/underwater_enhancement/data/processed/physical_degradation/blur/768_img__blur.png,blur,768_img_.png,/workspace/underwater_enhancement/data/raw_underwater/UIEB/reference-890/768_img_.png
/workspace/underwater_enhancement/data/processed/physical_degradation/blue_cast/769_img__blue.png,blue_cast,769_img_.png,/workspace/underwater_enhancement/data/raw_underwater/UIEB/reference-890/769_img_.png
/workspace/underwater_enhancement/data/processed/physical_degradation/green_cast/769_img__green.png,green_cast,769_img_.png,/workspace/underwater_enhancement/data/raw_underwater/UIEB/reference-890/769_img_.png
/workspace/underwater_enhancement/data/processed/physical_degradation/low_light/769_img__lowlight.png,low_light,769_img_.png,/workspace/underwater_enhancement/data/raw_underwater/UIEB/reference-890/769_img_.png
/workspace/underwater_enhancement/data/processed/physical_degradation/blur/769_img__blur.png,blur,769_img_.png,/workspace/underwater_enhancement/data/raw_underwater/UIEB/reference-890/769_img_.png
/workspace/underwater_enhancement/data/processed/physical_degradation/blue_cast/76_img__blue.png,blue_cast,76_img_.png,/workspace/underwater_enhancement/data/raw_underwater/UIEB/reference-890/76_img_.png
/workspace/underwater_enhancement/data/processed/physical_degradation/green_cast/76_img__green.png,green_cast,76_img_.png,/workspace/underwater_enhancement/data/raw_underwater/UIEB/reference-890/76_img_.png
/workspace/underwater_enhancement/data/processed/physical_degradation/low_light/76_img__lowlight.png,low_light,76_img_.png,/workspace/underwater_enhancement/data/raw_underwater/UIEB/reference-890/76_img_.png
/workspace/underwater_enhancement/data/processed/physical_degradation/blur/76_img__blur.png,blur,76_img_.png,/workspace/underwater_enhancement/data/raw_underwater/UIEB/reference-890/76_img_.png
/workspace/underwater_enhancement/data/processed/physical_degradation/blue_cast/770_img__blue.png,blue_cast,770_img_.png,/workspace/underwater_enhancement/data/raw_underwater/UIEB/reference-890/770_img_.png
/workspace/underwater_enhancement/data/processed/physical_degradation/green_cast/770_img__green.png,green_cast,770_img_.png,/workspace/underwater_enhancement/data/raw_underwater/UIEB/reference-890/770_img_.png
/workspace/underwater_enhancement/data/processed/physical_degradation/low_light/770_img__lowlight.png,low_light,770_img_.png,/workspace/underwater_enhancement/data/raw_underwater/UIEB/reference-890/770_img_.png
/workspace/underwater_enhancement/data/processed/physical_degradation/blur/770_img__blur.png,blur,770_img_.png,/workspace/underwater_enhancement/data/raw_underwater/UIEB/reference-890/770_img_.png
/workspace/underwater_enhancement/data/processed/physical_degradation/blue_cast/771_img__blue.png,blue_cast,771_img_.png,/workspace/underwater_enhancement/data/raw_underwater/UIEB/reference-890/771_img_.png
/workspace/underwater_enhancement/data/processed/physical_degradation/green_cast/771_img__green.png,green_cast,771_img_.png,/workspace/underwater_enhancement/data/raw_underwater/UIEB/reference-890/771_img_.png
/workspace/underwater_enhancement/data/processed/physical_degradation/low_light/771_img__lowlight.png,low_light,771_img_.png,/workspace/underwater_enhancement/data/raw_underwater/UIEB/reference-890/771_img_.png
/workspace/underwater_enhancement/data/processed/physical_degradation/blur/771_img__blur.png,blur,771_img_.png,/workspace/underwater_enhancement/data/raw_underwater/UIEB/reference-890/771_img_.png
/workspace/underwater_enhancement/data/processed/physical_degradation/blue_cast/772_img__blue.png,blue_cast,772_img_.png,/workspace/underwater_enhancement/data/raw_underwater/UIEB/reference-890/772_img_.png
/workspace/underwater_enhancement/data/processed/physical_degradation/green_cast/772_img__green.png,green_cast,772_img_.png,/workspace/underwater_enhancement/data/raw_underwater/UIEB/reference-890/772_img_.png
/workspace/underwater_enhancement/data/processed/physical_degradation/low_light/772_img__lowlight.png,low_light,772_img_.png,/workspace/underwater_enhancement/data/raw_underwater/UIEB/reference-890/772_img_.png
/workspace/underwater_enhancement/data/processed/physical_degradation/blur/772_img__blur.png,blur,772_img_.png,/workspace/underwater_enhancement/data/raw_underwater/UIEB/reference-890/772_img_.png
/workspace/underwater_enhancement/data/processed/physical_degradation/blue_cast/773_img__blue.png,blue_cast,773_img_.png,/workspace/underwater_enhancement/data/raw_underwater/UIEB/reference-890/773_img_.png
/workspace/underwater_enhancement/data/processed/physical_degradation/green_cast/773_img__green.png,green_cast,773_img_.png,/workspace/underwater_enhancement/data/raw_underwater/UIEB/reference-890/773_img_.png
/workspace/underwater_enhancement/data/processed/physical_degradation/low_light/773_img__lowlight.png,low_light,773_img_.png,/workspace/underwater_enhancement/data/raw_underwater/UIEB/reference-890/773_img_.png
/workspace/underwater_enhancement/data/processed/physical_degradation/blur/773_img__blur.png,blur,773_img_.png,/workspace/underwater_enhancement/data/raw_underwater/UIEB/reference-890/773_img_.png
/workspace/underwater_enhancement/data/processed/physical_degradation/blue_cast/775_img__blue.png,blue_cast,775_img_.png,/workspace/underwater_enhancement/data/raw_underwater/UIEB/reference-890/775_img_.png
/workspace/underwater_enhancement/data/processed/physical_degradation/green_cast/775_img__green.png,green_cast,775_img_.png,/workspace/underwater_enhancement/data/raw_underwater/UIEB/reference-890/775_img_.png
/workspace/underwater_enhancement/data/processed/physical_degradation/low_light/775_img__lowlight.png,low_light,775_img_.png,/workspace/underwater_enhancement/data/raw_underwater/UIEB/reference-890/775_img_.png
/workspace/underwater_enhancement/data/processed/physical_degradation/blur/775_img__blur.png,blur,775_img_.png,/workspace/underwater_enhancement/data/raw_underwater/UIEB/reference-890/775_img_.png
/workspace/underwater_enhancement/data/processed/physical_degradation/blue_cast/776_img__blue.png,blue_cast,776_img_.png,/workspace/underwater_enhancement/data/raw_underwater/UIEB/reference-890/776_img_.png
/workspace/underwater_enhancement/data/processed/physical_degradation/green_cast/776_img__green.png,green_cast,776_img_.png,/workspace/underwater_enhancement/data/raw_underwater/UIEB/reference-890/776_img_.png
/workspace/underwater_enhancement/data/processed/physical_degradation/low_light/776_img__lowlight.png,low_light,776_img_.png,/workspace/underwater_enhancement/data/raw_underwater/UIEB/reference-890/776_img_.png
/workspace/underwater_enhancement/data/processed/physical_degradation/blur/776_img__blur.png,blur,776_img_.png,/workspace/underwater_enhancement/data/raw_underwater/UIEB/reference-890/776_img_.png
/workspace/underwater_enhancement/data/processed/physical_degradation/blue_cast/777_img__blue.png,blue_cast,777_img_.png,/workspace/underwater_enhancement/data/raw_underwater/UIEB/reference-890/777_img_.png
/workspace/underwater_enhancement/data/processed/physical_degradation/green_cast/777_img__green.png,green_cast,777_img_.png,/workspace/underwater_enhancement/data/raw_underwater/UIEB/reference-890/777_img_.png
/workspace/underwater_enhancement/data/processed/physical_degradation/low_light/777_img__lowlight.png,low_light,777_img_.png,/workspace/underwater_enhancement/data/raw_underwater/UIEB/reference-890/777_img_.png
/workspace/underwater_enhancement/data/processed/physical_degradation/blur/777_img__blur.png,blur,777_img_.png,/workspace/underwater_enhancement/data/raw_underwater/UIEB/reference-890/777_img_.png
/workspace/underwater_enhancement/data/processed/physical_degradation/blue_cast/778_img__blue.png,blue_cast,778_img_.png,/workspace/underwater_enhancement/data/raw_underwater/UIEB/reference-890/778_img_.png
/workspace/underwater_enhancement/data/processed/physical_degradation/green_cast/778_img__green.png,green_cast,778_img_.png,/workspace/underwater_enhancement/data/raw_underwater/UIEB/reference-890/778_img_.png
/workspace/underwater_enhancement/data/processed/physical_degradation/low_light/778_img__lowlight.png,low_light,778_img_.png,/workspace/underwater_enhancement/data/raw_underwater/UIEB/reference-890/778_img_.png
/workspace/underwater_enhancement/data/processed/physical_degradation/blur/778_img__blur.png,blur,778_img_.png,/workspace/underwater_enhancement/data/raw_underwater/UIEB/reference-890/778_img_.png
/workspace/underwater_enhancement/data/processed/physical_degradation/blue_cast/779_img__blue.png,blue_cast,779_img_.png,/workspace/underwater_enhancement/data/raw_underwater/UIEB/reference-890/779_img_.png
/workspace/underwater_enhancement/data/processed/physical_degradation/green_cast/779_img__green.png,green_cast,779_img_.png,/workspace/underwater_enhancement/data/raw_underwater/UIEB/reference-890/779_img_.png
/workspace/underwater_enhancement/data/processed/physical_degradation/low_light/779_img__lowlight.png,low_light,779_img_.png,/workspace/underwater_enhancement/data/raw_underwater/UIEB/reference-890/779_img_.png
/workspace/underwater_enhancement/data/processed/physical_degradation/blur/779_img__blur.png,blur,779_img_.png,/workspace/underwater_enhancement/data/raw_underwater/UIEB/reference-890/779_img_.png
/workspace/underwater_enhancement/data/processed/physical_degradation/blue_cast/77_img__blue.png,blue_cast,77_img_.png,/workspace/underwater_enhancement/data/raw_underwater/UIEB/reference-890/77_img_.png
/workspace/underwater_enhancement/data/processed/physical_degradation/green_cast/77_img__green.png,green_cast,77_img_.png,/workspace/underwater_enhancement/data/raw_underwater/UIEB/reference-890/77_img_.png
/workspace/underwater_enhancement/data/processed/physical_degradation/low_light/77_img__lowlight.png,low_light,77_img_.png,/workspace/underwater_enhancement/data/raw_underwater/UIEB/reference-890/77_img_.png
/workspace/underwater_enhancement/data/processed/physical_degradation/blur/77_img__blur.png,blur,77_img_.png,/workspace/underwater_enhancement/data/raw_underwater/UIEB/reference-890/77_img_.png
/workspace/underwater_enhancement/data/processed/physical_degradation/blue_cast/780_img__blue.png,blue_cast,780_img_.png,/workspace/underwater_enhancement/data/raw_underwater/UIEB/reference-890/780_img_.png
/workspace/underwater_enhancement/data/processed/physical_degradation/green_cast/780_img__green.png,green_cast,780_img_.png,/workspace/underwater_enhancement/data/raw_underwater/UIEB/reference-890/780_img_.png
/workspace/underwater_enhancement/data/processed/physical_degradation/low_light/780_img__lowlight.png,low_light,780_img_.png,/workspace/underwater_enhancement/data/raw_underwater/UIEB/reference-890/780_img_.png
/workspace/underwater_enhancement/data/processed/physical_degradation/blur/780_img__blur.png,blur,780_img_.png,/workspace/underwater_enhancement/data/raw_underwater/UIEB/reference-890/780_img_.png
/workspace/underwater_enhancement/data/processed/physical_degradation/blue_cast/781_img__blue.png,blue_cast,781_img_.png,/workspace/underwater_enhancement/data/raw_underwater/UIEB/reference-890/781_img_.png
/workspace/underwater_enhancement/data/processed/physical_degradation/green_cast/781_img__green.png,green_cast,781_img_.png,/workspace/underwater_enhancement/data/raw_underwater/UIEB/reference-890/781_img_.png
/workspace/underwater_enhancement/data/processed/physical_degradation/low_light/781_img__lowlight.png,low_light,781_img_.png,/workspace/underwater_enhancement/data/raw_underwater/UIEB/reference-890/781_img_.png
/workspace/underwater_enhancement/data/processed/physical_degradation/blur/781_img__blur.png,blur,781_img_.png,/workspace/underwater_enhancement/data/raw_underwater/UIEB/reference-890/781_img_.png
/workspace/underwater_enhancement/data/processed/physical_degradation/blue_cast/782_img__blue.png,blue_cast,782_img_.png,/workspace/underwater_enhancement/data/raw_underwater/UIEB/reference-890/782_img_.png
/workspace/underwater_enhancement/data/processed/physical_degradation/green_cast/782_img__green.png,green_cast,782_img_.png,/workspace/underwater_enhancement/data/raw_underwater/UIEB/reference-890/782_img_.png
/workspace/underwater_enhancement/data/processed/physical_degradation/low_light/782_img__lowlight.png,low_light,782_img_.png,/workspace/underwater_enhancement/data/raw_underwater/UIEB/reference-890/782_img_.png
/workspace/underwater_enhancement/data/processed/physical_degradation/blur/782_img__blur.png,blur,782_img_.png,/workspace/underwater_enhancement/data/raw_underwater/UIEB/reference-890/782_img_.png
/workspace/underwater_enhancement/data/processed/physical_degradation/blue_cast/783_img__blue.png,blue_cast,783_img_.png,/workspace/underwater_enhancement/data/raw_underwater/UIEB/reference-890/783_img_.png
/workspace/underwater_enhancement/data/processed/physical_degradation/green_cast/783_img__green.png,green_cast,783_img_.png,/workspace/underwater_enhancement/data/raw_underwater/UIEB/reference-890/783_img_.png
/workspace/underwater_enhancement/data/processed/physical_degradation/low_light/783_img__lowlight.png,low_light,783_img_.png,/workspace/underwater_enhancement/data/raw_underwater/UIEB/reference-890/783_img_.png
/workspace/underwater_enhancement/data/processed/physical_degradation/blur/783_img__blur.png,blur,783_img_.png,/workspace/underwater_enhancement/data/raw_underwater/UIEB/reference-890/783_img_.png
/workspace/underwater_enhancement/data/processed/physical_degradation/blue_cast/784_img__blue.png,blue_cast,784_img_.png,/workspace/underwater_enhancement/data/raw_underwater/UIEB/reference-890/784_img_.png
/workspace/underwater_enhancement/data/processed/physical_degradation/green_cast/784_img__green.png,green_cast,784_img_.png,/workspace/underwater_enhancement/data/raw_underwater/UIEB/reference-890/784_img_.png
/workspace/underwater_enhancement/data/processed/physical_degradation/low_light/784_img__lowlight.png,low_light,784_img_.png,/workspace/underwater_enhancement/data/raw_underwater/UIEB/reference-890/784_img_.png
/workspace/underwater_enhancement/data/processed/physical_degradation/blur/784_img__blur.png,blur,784_img_.png,/workspace/underwater_enhancement/data/raw_underwater/UIEB/reference-890/784_img_.png
/workspace/underwater_enhancement/data/processed/physical_degradation/blue_cast/785_img__blue.png,blue_cast,785_img_.png,/workspace/underwater_enhancement/data/raw_underwater/UIEB/reference-890/785_img_.png
/workspace/underwater_enhancement/data/processed/physical_degradation/green_cast/785_img__green.png,green_cast,785_img_.png,/workspace/underwater_enhancement/data/raw_underwater/UIEB/reference-890/785_img_.png
/workspace/underwater_enhancement/data/processed/physical_degradation/low_light/785_img__lowlight.png,low_light,785_img_.png,/workspace/underwater_enhancement/data/raw_underwater/UIEB/reference-890/785_img_.png
/workspace/underwater_enhancement/data/processed/physical_degradation/blur/785_img__blur.png,blur,785_img_.png,/workspace/underwater_enhancement/data/raw_underwater/UIEB/reference-890/785_img_.png
/workspace/underwater_enhancement/data/processed/physical_degradation/blue_cast/786_img__blue.png,blue_cast,786_img_.png,/workspace/underwater_enhancement/data/raw_underwater/UIEB/reference-890/786_img_.png
/workspace/underwater_enhancement/data/processed/physical_degradation/green_cast/786_img__green.png,green_cast,786_img_.png,/workspace/underwater_enhancement/data/raw_underwater/UIEB/reference-890/786_img_.png
/workspace/underwater_enhancement/data/processed/physical_degradation/low_light/786_img__lowlight.png,low_light,786_img_.png,/workspace/underwater_enhancement/data/raw_underwater/UIEB/reference-890/786_img_.png
/workspace/underwater_enhancement/data/processed/physical_degradation/blur/786_img__blur.png,blur,786_img_.png,/workspace/underwater_enhancement/data/raw_underwater/UIEB/reference-890/786_img_.png
/workspace/underwater_enhancement/data/processed/physical_degradation/blue_cast/787_img__blue.png,blue_cast,787_img_.png,/workspace/underwater_enhancement/data/raw_underwater/UIEB/reference-890/787_img_.png
/workspace/underwater_enhancement/data/processed/physical_degradation/green_cast/787_img__green.png,green_cast,787_img_.png,/workspace/underwater_enhancement/data/raw_underwater/UIEB/reference-890/787_img_.png
/workspace/underwater_enhancement/data/processed/physical_degradation/low_light/787_img__lowlight.png,low_light,787_img_.png,/workspace/underwater_enhancement/data/raw_underwater/UIEB/reference-890/787_img_.png
/workspace/underwater_enhancement/data/processed/physical_degradation/blur/787_img__blur.png,blur,787_img_.png,/workspace/underwater_enhancement/data/raw_underwater/UIEB/reference-890/787_img_.png
/workspace/underwater_enhancement/data/processed/physical_degradation/blue_cast/788_img__blue.png,blue_cast,788_img_.png,/workspace/underwater_enhancement/data/raw_underwater/UIEB/reference-890/788_img_.png
/workspace/underwater_enhancement/data/processed/physical_degradation/green_cast/788_img__green.png,green_cast,788_img_.png,/workspace/underwater_enhancement/data/raw_underwater/UIEB/reference-890/788_img_.png
/workspace/underwater_enhancement/data/processed/physical_degradation/low_light/788_img__lowlight.png,low_light,788_img_.png,/workspace/underwater_enhancement/data/raw_underwater/UIEB/reference-890/788_img_.png
/workspace/underwater_enhancement/data/processed/physical_degradation/blur/788_img__blur.png,blur,788_img_.png,/workspace/underwater_enhancement/data/raw_underwater/UIEB/reference-890/788_img_.png
/workspace/underwater_enhancement/data/processed/physical_degradation/blue_cast/789_img__blue.png,blue_cast,789_img_.png,/workspace/underwater_enhancement/data/raw_underwater/UIEB/reference-890/789_img_.png
/workspace/underwater_enhancement/data/processed/physical_degradation/green_cast/789_img__green.png,green_cast,789_img_.png,/workspace/underwater_enhancement/data/raw_underwater/UIEB/reference-890/789_img_.png
/workspace/underwater_enhancement/data/processed/physical_degradation/low_light/789_img__lowlight.png,low_light,789_img_.png,/workspace/underwater_enhancement/data/raw_underwater/UIEB/reference-890/789_img_.png
/workspace/underwater_enhancement/data/processed/physical_degradation/blur/789_img__blur.png,blur,789_img_.png,/workspace/underwater_enhancement/data/raw_underwater/UIEB/reference-890/789_img_.png
/workspace/underwater_enhancement/data/processed/physical_degradation/blue_cast/78_img__blue.png,blue_cast,78_img_.png,/workspace/underwater_enhancement/data/raw_underwater/UIEB/reference-890/78_img_.png
/workspace/underwater_enhancement/data/processed/physical_degradation/green_cast/78_img__green.png,green_cast,78_img_.png,/workspace/underwater_enhancement/data/raw_underwater/UIEB/reference-890/78_img_.png
/workspace/underwater_enhancement/data/processed/physical_degradation/low_light/78_img__lowlight.png,low_light,78_img_.png,/workspace/underwater_enhancement/data/raw_underwater/UIEB/reference-890/78_img_.png
/workspace/underwater_enhancement/data/processed/physical_degradation/blur/78_img__blur.png,blur,78_img_.png,/workspace/underwater_enhancement/data/raw_underwater/UIEB/reference-890/78_img_.png
/workspace/underwater_enhancement/data/processed/physical_degradation/blue_cast/790_img__blue.png,blue_cast,790_img_.png,/workspace/underwater_enhancement/data/raw_underwater/UIEB/reference-890/790_img_.png
/workspace/underwater_enhancement/data/processed/physical_degradation/green_cast/790_img__green.png,green_cast,790_img_.png,/workspace/underwater_enhancement/data/raw_underwater/UIEB/reference-890/790_img_.png
/workspace/underwater_enhancement/data/processed/physical_degradation/low_light/790_img__lowlight.png,low_light,790_img_.png,/workspace/underwater_enhancement/data/raw_underwater/UIEB/reference-890/790_img_.png
/workspace/underwater_enhancement/data/processed/physical_degradation/blur/790_img__blur.png,blur,790_img_.png,/workspace/underwater_enhancement/data/raw_underwater/UIEB/reference-890/790_img_.png
/workspace/underwater_enhancement/data/processed/physical_degradation/blue_cast/7916_blue.png,blue_cast,7916.png,/workspace/underwater_enhancement/data/raw_underwater/UIEB/reference-890/7916.png
/workspace/underwater_enhancement/data/processed/physical_degradation/green_cast/7916_green.png,green_cast,7916.png,/workspace/underwater_enhancement/data/raw_underwater/UIEB/reference-890/7916.png
/workspace/underwater_enhancement/data/processed/physical_degradation/low_light/7916_lowlight.png,low_light,7916.png,/workspace/underwater_enhancement/data/raw_underwater/UIEB/reference-890/7916.png
/workspace/underwater_enhancement/data/processed/physical_degradation/blur/7916_blur.png,blur,7916.png,/workspace/underwater_enhancement/data/raw_underwater/UIEB/reference-890/7916.png
/workspace/underwater_enhancement/data/processed/physical_degradation/blue_cast/791_img__blue.png,blue_cast,791_img_.png,/workspace/underwater_enhancement/data/raw_underwater/UIEB/reference-890/791_img_.png
/workspace/underwater_enhancement/data/processed/physical_degradation/green_cast/791_img__green.png,green_cast,791_img_.png,/workspace/underwater_enhancement/data/raw_underwater/UIEB/reference-890/791_img_.png
/workspace/underwater_enhancement/data/processed/physical_degradation/low_light/791_img__lowlight.png,low_light,791_img_.png,/workspace/underwater_enhancement/data/raw_underwater/UIEB/reference-890/791_img_.png
/workspace/underwater_enhancement/data/processed/physical_degradation/blur/791_img__blur.png,blur,791_img_.png,/workspace/underwater_enhancement/data/raw_underwater/UIEB/reference-890/791_img_.png
/workspace/underwater_enhancement/data/processed/physical_degradation/blue_cast/792_img__blue.png,blue_cast,792_img_.png,/workspace/underwater_enhancement/data/raw_underwater/UIEB/reference-890/792_img_.png
/workspace/underwater_enhancement/data/processed/physical_degradation/green_cast/792_img__green.png,green_cast,792_img_.png,/workspace/underwater_enhancement/data/raw_underwater/UIEB/reference-890/792_img_.png
/workspace/underwater_enhancement/data/processed/physical_degradation/low_light/792_img__lowlight.png,low_light,792_img_.png,/workspace/underwater_enhancement/data/raw_underwater/UIEB/reference-890/792_img_.png
/workspace/underwater_enhancement/data/processed/physical_degradation/blur/792_img__blur.png,blur,792_img_.png,/workspace/underwater_enhancement/data/raw_underwater/UIEB/reference-890/792_img_.png
/workspace/underwater_enhancement/data/processed/physical_degradation/blue_cast/793_img__blue.png,blue_cast,793_img_.png,/workspace/underwater_enhancement/data/raw_underwater/UIEB/reference-890/793_img_.png
/workspace/underwater_enhancement/data/processed/physical_degradation/green_cast/793_img__green.png,green_cast,793_img_.png,/workspace/underwater_enhancement/data/raw_underwater/UIEB/reference-890/793_img_.png
/workspace/underwater_enhancement/data/processed/physical_degradation/low_light/793_img__lowlight.png,low_light,793_img_.png,/workspace/underwater_enhancement/data/raw_underwater/UIEB/reference-890/793_img_.png
/workspace/underwater_enhancement/data/processed/physical_degradation/blur/793_img__blur.png,blur,793_img_.png,/workspace/underwater_enhancement/data/raw_underwater/UIEB/reference-890/793_img_.png
/workspace/underwater_enhancement/data/processed/physical_degradation/blue_cast/794_img__blue.png,blue_cast,794_img_.png,/workspace/underwater_enhancement/data/raw_underwater/UIEB/reference-890/794_img_.png
/workspace/underwater_enhancement/data/processed/physical_degradation/green_cast/794_img__green.png,green_cast,794_img_.png,/workspace/underwater_enhancement/data/raw_underwater/UIEB/reference-890/794_img_.png
/workspace/underwater_enhancement/data/processed/physical_degradation/low_light/794_img__lowlight.png,low_light,794_img_.png,/workspace/underwater_enhancement/data/raw_underwater/UIEB/reference-890/794_img_.png
/workspace/underwater_enhancement/data/processed/physical_degradation/blur/794_img__blur.png,blur,794_img_.png,/workspace/underwater_enhancement/data/raw_underwater/UIEB/reference-890/794_img_.png
/workspace/underwater_enhancement/data/processed/physical_degradation/blue_cast/795_img__blue.png,blue_cast,795_img_.png,/workspace/underwater_enhancement/data/raw_underwater/UIEB/reference-890/795_img_.png
/workspace/underwater_enhancement/data/processed/physical_degradation/green_cast/795_img__green.png,green_cast,795_img_.png,/workspace/underwater_enhancement/data/raw_underwater/UIEB/reference-890/795_img_.png
/workspace/underwater_enhancement/data/processed/physical_degradation/low_light/795_img__lowlight.png,low_light,795_img_.png,/workspace/underwater_enhancement/data/raw_underwater/UIEB/reference-890/795_img_.png
/workspace/underwater_enhancement/data/processed/physical_degradation/blur/795_img__blur.png,blur,795_img_.png,/workspace/underwater_enhancement/data/raw_underwater/UIEB/reference-890/795_img_.png
/workspace/underwater_enhancement/data/processed/physical_degradation/blue_cast/796_img__blue.png,blue_cast,796_img_.png,/workspace/underwater_enhancement/data/raw_underwater/UIEB/reference-890/796_img_.png
/workspace/underwater_enhancement/data/processed/physical_degradation/green_cast/796_img__green.png,green_cast,796_img_.png,/workspace/underwater_enhancement/data/raw_underwater/UIEB/reference-890/796_img_.png
/workspace/underwater_enhancement/data/processed/physical_degradation/low_light/796_img__lowlight.png,low_light,796_img_.png,/workspace/underwater_enhancement/data/raw_underwater/UIEB/reference-890/796_img_.png
/workspace/underwater_enhancement/data/processed/physical_degradation/blur/796_img__blur.png,blur,796_img_.png,/workspace/underwater_enhancement/data/raw_underwater/UIEB/reference-890/796_img_.png
/workspace/underwater_enhancement/data/processed/physical_degradation/blue_cast/797_img__blue.png,blue_cast,797_img_.png,/workspace/underwater_enhancement/data/raw_underwater/UIEB/reference-890/797_img_.png
/workspace/underwater_enhancement/data/processed/physical_degradation/green_cast/797_img__green.png,green_cast,797_img_.png,/workspace/underwater_enhancement/data/raw_underwater/UIEB/reference-890/797_img_.png
/workspace/underwater_enhancement/data/processed/physical_degradation/low_light/797_img__lowlight.png,low_light,797_img_.png,/workspace/underwater_enhancement/data/raw_underwater/UIEB/reference-890/797_img_.png
/workspace/underwater_enhancement/data/processed/physical_degradation/blur/797_img__blur.png,blur,797_img_.png,/workspace/underwater_enhancement/data/raw_underwater/UIEB/reference-890/797_img_.png
/workspace/underwater_enhancement/data/processed/physical_degradation/blue_cast/798_img__blue.png,blue_cast,798_img_.png,/workspace/underwater_enhancement/data/raw_underwater/UIEB/reference-890/798_img_.png
/workspace/underwater_enhancement/data/processed/physical_degradation/green_cast/798_img__green.png,green_cast,798_img_.png,/workspace/underwater_enhancement/data/raw_underwater/UIEB/reference-890/798_img_.png
/workspace/underwater_enhancement/data/processed/physical_degradation/low_light/798_img__lowlight.png,low_light,798_img_.png,/workspace/underwater_enhancement/data/raw_underwater/UIEB/reference-890/798_img_.png
/workspace/underwater_enhancement/data/processed/physical_degradation/blur/798_img__blur.png,blur,798_img_.png,/workspace/underwater_enhancement/data/raw_underwater/UIEB/reference-890/798_img_.png
/workspace/underwater_enhancement/data/processed/physical_degradation/blue_cast/799_img__blue.png,blue_cast,799_img_.png,/workspace/underwater_enhancement/data/raw_underwater/UIEB/reference-890/799_img_.png
/workspace/underwater_enhancement/data/processed/physical_degradation/green_cast/799_img__green.png,green_cast,799_img_.png,/workspace/underwater_enhancement/data/raw_underwater/UIEB/reference-890/799_img_.png
/workspace/underwater_enhancement/data/processed/physical_degradation/low_light/799_img__lowlight.png,low_light,799_img_.png,/workspace/underwater_enhancement/data/raw_underwater/UIEB/reference-890/799_img_.png
/workspace/underwater_enhancement/data/processed/physical_degradation/blur/799_img__blur.png,blur,799_img_.png,/workspace/underwater_enhancement/data/raw_underwater/UIEB/reference-890/799_img_.png
/workspace/underwater_enhancement/data/processed/physical_degradation/blue_cast/79_img__blue.png,blue_cast,79_img_.png,/workspace/underwater_enhancement/data/raw_underwater/UIEB/reference-890/79_img_.png
/workspace/underwater_enhancement/data/processed/physical_degradation/green_cast/79_img__green.png,green_cast,79_img_.png,/workspace/underwater_enhancement/data/raw_underwater/UIEB/reference-890/79_img_.png
/workspace/underwater_enhancement/data/processed/physical_degradation/low_light/79_img__lowlight.png,low_light,79_img_.png,/workspace/underwater_enhancement/data/raw_underwater/UIEB/reference-890/79_img_.png
/workspace/underwater_enhancement/data/processed/physical_degradation/blur/79_img__blur.png,blur,79_img_.png,/workspace/underwater_enhancement/data/raw_underwater/UIEB/reference-890/79_img_.png
/workspace/underwater_enhancement/data/processed/physical_degradation/blue_cast/7_img__blue.png,blue_cast,7_img_.png,/workspace/underwater_enhancement/data/raw_underwater/UIEB/reference-890/7_img_.png
/workspace/underwater_enhancement/data/processed/physical_degradation/green_cast/7_img__green.png,green_cast,7_img_.png,/workspace/underwater_enhancement/data/raw_underwater/UIEB/reference-890/7_img_.png
/workspace/underwater_enhancement/data/processed/physical_degradation/low_light/7_img__lowlight.png,low_light,7_img_.png,/workspace/underwater_enhancement/data/raw_underwater/UIEB/reference-890/7_img_.png
/workspace/underwater_enhancement/data/processed/physical_degradation/blur/7_img__blur.png,blur,7_img_.png,/workspace/underwater_enhancement/data/raw_underwater/UIEB/reference-890/7_img_.png
/workspace/underwater_enhancement/data/processed/physical_degradation/blue_cast/800_img__blue.png,blue_cast,800_img_.png,/workspace/underwater_enhancement/data/raw_underwater/UIEB/reference-890/800_img_.png
/workspace/underwater_enhancement/data/processed/physical_degradation/green_cast/800_img__green.png,green_cast,800_img_.png,/workspace/underwater_enhancement/data/raw_underwater/UIEB/reference-890/800_img_.png
/workspace/underwater_enhancement/data/processed/physical_degradation/low_light/800_img__lowlight.png,low_light,800_img_.png,/workspace/underwater_enhancement/data/raw_underwater/UIEB/reference-890/800_img_.png
/workspace/underwater_enhancement/data/processed/physical_degradation/blur/800_img__blur.png,blur,800_img_.png,/workspace/underwater_enhancement/data/raw_underwater/UIEB/reference-890/800_img_.png
/workspace/underwater_enhancement/data/processed/physical_degradation/blue_cast/8010_blue.png,blue_cast,8010.png,/workspace/underwater_enhancement/data/raw_underwater/UIEB/reference-890/8010.png
/workspace/underwater_enhancement/data/processed/physical_degradation/green_cast/8010_green.png,green_cast,8010.png,/workspace/underwater_enhancement/data/raw_underwater/UIEB/reference-890/8010.png
/workspace/underwater_enhancement/data/processed/physical_degradation/low_light/8010_lowlight.png,low_light,8010.png,/workspace/underwater_enhancement/data/raw_underwater/UIEB/reference-890/8010.png
/workspace/underwater_enhancement/data/processed/physical_degradation/blur/8010_blur.png,blur,8010.png,/workspace/underwater_enhancement/data/raw_underwater/UIEB/reference-890/8010.png
/workspace/underwater_enhancement/data/processed/physical_degradation/blue_cast/802_img__blue.png,blue_cast,802_img_.png,/workspace/underwater_enhancement/data/raw_underwater/UIEB/reference-890/802_img_.png
/workspace/underwater_enhancement/data/processed/physical_degradation/green_cast/802_img__green.png,green_cast,802_img_.png,/workspace/underwater_enhancement/data/raw_underwater/UIEB/reference-890/802_img_.png
/workspace/underwater_enhancement/data/processed/physical_degradation/low_light/802_img__lowlight.png,low_light,802_img_.png,/workspace/underwater_enhancement/data/raw_underwater/UIEB/reference-890/802_img_.png
/workspace/underwater_enhancement/data/processed/physical_degradation/blur/802_img__blur.png,blur,802_img_.png,/workspace/underwater_enhancement/data/raw_underwater/UIEB/reference-890/802_img_.png
/workspace/underwater_enhancement/data/processed/physical_degradation/blue_cast/803_img__blue.png,blue_cast,803_img_.png,/workspace/underwater_enhancement/data/raw_underwater/UIEB/reference-890/803_img_.png
/workspace/underwater_enhancement/data/processed/physical_degradation/green_cast/803_img__green.png,green_cast,803_img_.png,/workspace/underwater_enhancement/data/raw_underwater/UIEB/reference-890/803_img_.png
/workspace/underwater_enhancement/data/processed/physical_degradation/low_light/803_img__lowlight.png,low_light,803_img_.png,/workspace/underwater_enhancement/data/raw_underwater/UIEB/reference-890/803_img_.png
/workspace/underwater_enhancement/data/processed/physical_degradation/blur/803_img__blur.png,blur,803_img_.png,/workspace/underwater_enhancement/data/raw_underwater/UIEB/reference-890/803_img_.png
/workspace/underwater_enhancement/data/processed/physical_degradation/blue_cast/8046_blue.png,blue_cast,8046.png,/workspace/underwater_enhancement/data/raw_underwater/UIEB/reference-890/8046.png
/workspace/underwater_enhancement/data/processed/physical_degradation/green_cast/8046_green.png,green_cast,8046.png,/workspace/underwater_enhancement/data/raw_underwater/UIEB/reference-890/8046.png
/workspace/underwater_enhancement/data/processed/physical_degradation/low_light/8046_lowlight.png,low_light,8046.png,/workspace/underwater_enhancement/data/raw_underwater/UIEB/reference-890/8046.png
/workspace/underwater_enhancement/data/processed/physical_degradation/blur/8046_blur.png,blur,8046.png,/workspace/underwater_enhancement/data/raw_underwater/UIEB/reference-890/8046.png
/workspace/underwater_enhancement/data/processed/physical_degradation/blue_cast/804_img__blue.png,blue_cast,804_img_.png,/workspace/underwater_enhancement/data/raw_underwater/UIEB/reference-890/804_img_.png
/workspace/underwater_enhancement/data/processed/physical_degradation/green_cast/804_img__green.png,green_cast,804_img_.png,/workspace/underwater_enhancement/data/raw_underwater/UIEB/reference-890/804_img_.png
/workspace/underwater_enhancement/data/processed/physical_degradation/low_light/804_img__lowlight.png,low_light,804_img_.png,/workspace/underwater_enhancement/data/raw_underwater/UIEB/reference-890/804_img_.png
/workspace/underwater_enhancement/data/processed/physical_degradation/blur/804_img__blur.png,blur,804_img_.png,/workspace/underwater_enhancement/data/raw_underwater/UIEB/reference-890/804_img_.png
/workspace/underwater_enhancement/data/processed/physical_degradation/blue_cast/8056_blue.png,blue_cast,8056.png,/workspace/underwater_enhancement/data/raw_underwater/UIEB/reference-890/8056.png
/workspace/underwater_enhancement/data/processed/physical_degradation/green_cast/8056_green.png,green_cast,8056.png,/workspace/underwater_enhancement/data/raw_underwater/UIEB/reference-890/8056.png
/workspace/underwater_enhancement/data/processed/physical_degradation/low_light/8056_lowlight.png,low_light,8056.png,/workspace/underwater_enhancement/data/raw_underwater/UIEB/reference-890/8056.png
/workspace/underwater_enhancement/data/processed/physical_degradation/blur/8056_blur.png,blur,8056.png,/workspace/underwater_enhancement/data/raw_underwater/UIEB/reference-890/8056.png
/workspace/underwater_enhancement/data/processed/physical_degradation/blue_cast/806_img__blue.png,blue_cast,806_img_.png,/workspace/underwater_enhancement/data/raw_underwater/UIEB/reference-890/806_img_.png
/workspace/underwater_enhancement/data/processed/physical_degradation/green_cast/806_img__green.png,green_cast,806_img_.png,/workspace/underwater_enhancement/data/raw_underwater/UIEB/reference-890/806_img_.png
/workspace/underwater_enhancement/data/processed/physical_degradation/low_light/806_img__lowlight.png,low_light,806_img_.png,/workspace/underwater_enhancement/data/raw_underwater/UIEB/reference-890/806_img_.png
/workspace/underwater_enhancement/data/processed/physical_degradation/blur/806_img__blur.png,blur,806_img_.png,/workspace/underwater_enhancement/data/raw_underwater/UIEB/reference-890/806_img_.png
/workspace/underwater_enhancement/data/processed/physical_degradation/blue_cast/807_img__blue.png,blue_cast,807_img_.png,/workspace/underwater_enhancement/data/raw_underwater/UIEB/reference-890/807_img_.png
/workspace/underwater_enhancement/data/processed/physical_degradation/green_cast/807_img__green.png,green_cast,807_img_.png,/workspace/underwater_enhancement/data/raw_underwater/UIEB/reference-890/807_img_.png
/workspace/underwater_enhancement/data/processed/physical_degradation/low_light/807_img__lowlight.png,low_light,807_img_.png,/workspace/underwater_enhancement/data/raw_underwater/UIEB/reference-890/807_img_.png
/workspace/underwater_enhancement/data/processed/physical_degradation/blur/807_img__blur.png,blur,807_img_.png,/workspace/underwater_enhancement/data/raw_underwater/UIEB/reference-890/807_img_.png
/workspace/underwater_enhancement/data/processed/physical_degradation/blue_cast/808_img__blue.png,blue_cast,808_img_.png,/workspace/underwater_enhancement/data/raw_underwater/UIEB/reference-890/808_img_.png
/workspace/underwater_enhancement/data/processed/physical_degradation/green_cast/808_img__green.png,green_cast,808_img_.png,/workspace/underwater_enhancement/data/raw_underwater/UIEB/reference-890/808_img_.png
/workspace/underwater_enhancement/data/processed/physical_degradation/low_light/808_img__lowlight.png,low_light,808_img_.png,/workspace/underwater_enhancement/data/raw_underwater/UIEB/reference-890/808_img_.png
/workspace/underwater_enhancement/data/processed/physical_degradation/blur/808_img__blur.png,blur,808_img_.png,/workspace/underwater_enhancement/data/raw_underwater/UIEB/reference-890/808_img_.png
/workspace/underwater_enhancement/data/processed/physical_degradation/blue_cast/809_img__blue.png,blue_cast,809_img_.png,/workspace/underwater_enhancement/data/raw_underwater/UIEB/reference-890/809_img_.png
/workspace/underwater_enhancement/data/processed/physical_degradation/green_cast/809_img__green.png,green_cast,809_img_.png,/workspace/underwater_enhancement/data/raw_underwater/UIEB/reference-890/809_img_.png
/workspace/underwater_enhancement/data/processed/physical_degradation/low_light/809_img__lowlight.png,low_light,809_img_.png,/workspace/underwater_enhancement/data/raw_underwater/UIEB/reference-890/809_img_.png
/workspace/underwater_enhancement/data/processed/physical_degradation/blur/809_img__blur.png,blur,809_img_.png,/workspace/underwater_enhancement/data/raw_underwater/UIEB/reference-890/809_img_.png
/workspace/underwater_enhancement/data/processed/physical_degradation/blue_cast/80_img__blue.png,blue_cast,80_img_.png,/workspace/underwater_enhancement/data/raw_underwater/UIEB/reference-890/80_img_.png
/workspace/underwater_enhancement/data/processed/physical_degradation/green_cast/80_img__green.png,green_cast,80_img_.png,/workspace/underwater_enhancement/data/raw_underwater/UIEB/reference-890/80_img_.png
/workspace/underwater_enhancement/data/processed/physical_degradation/low_light/80_img__lowlight.png,low_light,80_img_.png,/workspace/underwater_enhancement/data/raw_underwater/UIEB/reference-890/80_img_.png
/workspace/underwater_enhancement/data/processed/physical_degradation/blur/80_img__blur.png,blur,80_img_.png,/workspace/underwater_enhancement/data/raw_underwater/UIEB/reference-890/80_img_.png
/workspace/underwater_enhancement/data/processed/physical_degradation/blue_cast/810_img__blue.png,blue_cast,810_img_.png,/workspace/underwater_enhancement/data/raw_underwater/UIEB/reference-890/810_img_.png
/workspace/underwater_enhancement/data/processed/physical_degradation/green_cast/810_img__green.png,green_cast,810_img_.png,/workspace/underwater_enhancement/data/raw_underwater/UIEB/reference-890/810_img_.png
/workspace/underwater_enhancement/data/processed/physical_degradation/low_light/810_img__lowlight.png,low_light,810_img_.png,/workspace/underwater_enhancement/data/raw_underwater/UIEB/reference-890/810_img_.png
/workspace/underwater_enhancement/data/processed/physical_degradation/blur/810_img__blur.png,blur,810_img_.png,/workspace/underwater_enhancement/data/raw_underwater/UIEB/reference-890/810_img_.png
/workspace/underwater_enhancement/data/processed/physical_degradation/blue_cast/811_img__blue.png,blue_cast,811_img_.png,/workspace/underwater_enhancement/data/raw_underwater/UIEB/reference-890/811_img_.png
/workspace/underwater_enhancement/data/processed/physical_degradation/green_cast/811_img__green.png,green_cast,811_img_.png,/workspace/underwater_enhancement/data/raw_underwater/UIEB/reference-890/811_img_.png
/workspace/underwater_enhancement/data/processed/physical_degradation/low_light/811_img__lowlight.png,low_light,811_img_.png,/workspace/underwater_enhancement/data/raw_underwater/UIEB/reference-890/811_img_.png
/workspace/underwater_enhancement/data/processed/physical_degradation/blur/811_img__blur.png,blur,811_img_.png,/workspace/underwater_enhancement/data/raw_underwater/UIEB/reference-890/811_img_.png
/workspace/underwater_enhancement/data/processed/physical_degradation/blue_cast/812_img__blue.png,blue_cast,812_img_.png,/workspace/underwater_enhancement/data/raw_underwater/UIEB/reference-890/812_img_.png
/workspace/underwater_enhancement/data/processed/physical_degradation/green_cast/812_img__green.png,green_cast,812_img_.png,/workspace/underwater_enhancement/data/raw_underwater/UIEB/reference-890/812_img_.png
/workspace/underwater_enhancement/data/processed/physical_degradation/low_light/812_img__lowlight.png,low_light,812_img_.png,/workspace/underwater_enhancement/data/raw_underwater/UIEB/reference-890/812_img_.png
/workspace/underwater_enhancement/data/processed/physical_degradation/blur/812_img__blur.png,blur,812_img_.png,/workspace/underwater_enhancement/data/raw_underwater/UIEB/reference-890/812_img_.png
/workspace/underwater_enhancement/data/processed/physical_degradation/blue_cast/813_img__blue.png,blue_cast,813_img_.png,/workspace/underwater_enhancement/data/raw_underwater/UIEB/reference-890/813_img_.png
/workspace/underwater_enhancement/data/processed/physical_degradation/green_cast/813_img__green.png,green_cast,813_img_.png,/workspace/underwater_enhancement/data/raw_underwater/UIEB/reference-890/813_img_.png
/workspace/underwater_enhancement/data/processed/physical_degradation/low_light/813_img__lowlight.png,low_light,813_img_.png,/workspace/underwater_enhancement/data/raw_underwater/UIEB/reference-890/813_img_.png
/workspace/underwater_enhancement/data/processed/physical_degradation/blur/813_img__blur.png,blur,813_img_.png,/workspace/underwater_enhancement/data/raw_underwater/UIEB/reference-890/813_img_.png
/workspace/underwater_enhancement/data/processed/physical_degradation/blue_cast/814_img__blue.png,blue_cast,814_img_.png,/workspace/underwater_enhancement/data/raw_underwater/UIEB/reference-890/814_img_.png
/workspace/underwater_enhancement/data/processed/physical_degradation/green_cast/814_img__green.png,green_cast,814_img_.png,/workspace/underwater_enhancement/data/raw_underwater/UIEB/reference-890/814_img_.png
/workspace/underwater_enhancement/data/processed/physical_degradation/low_light/814_img__lowlight.png,low_light,814_img_.png,/workspace/underwater_enhancement/data/raw_underwater/UIEB/reference-890/814_img_.png
/workspace/underwater_enhancement/data/processed/physical_degradation/blur/814_img__blur.png,blur,814_img_.png,/workspace/underwater_enhancement/data/raw_underwater/UIEB/reference-890/814_img_.png
/workspace/underwater_enhancement/data/processed/physical_degradation/blue_cast/815_img__blue.png,blue_cast,815_img_.png,/workspace/underwater_enhancement/data/raw_underwater/UIEB/reference-890/815_img_.png
/workspace/underwater_enhancement/data/processed/physical_degradation/green_cast/815_img__green.png,green_cast,815_img_.png,/workspace/underwater_enhancement/data/raw_underwater/UIEB/reference-890/815_img_.png
/workspace/underwater_enhancement/data/processed/physical_degradation/low_light/815_img__lowlight.png,low_light,815_img_.png,/workspace/underwater_enhancement/data/raw_underwater/UIEB/reference-890/815_img_.png
/workspace/underwater_enhancement/data/processed/physical_degradation/blur/815_img__blur.png,blur,815_img_.png,/workspace/underwater_enhancement/data/raw_underwater/UIEB/reference-890/815_img_.png
/workspace/underwater_enhancement/data/processed/physical_degradation/blue_cast/816_img__blue.png,blue_cast,816_img_.png,/workspace/underwater_enhancement/data/raw_underwater/UIEB/reference-890/816_img_.png
/workspace/underwater_enhancement/data/processed/physical_degradation/green_cast/816_img__green.png,green_cast,816_img_.png,/workspace/underwater_enhancement/data/raw_underwater/UIEB/reference-890/816_img_.png
/workspace/underwater_enhancement/data/processed/physical_degradation/low_light/816_img__lowlight.png,low_light,816_img_.png,/workspace/underwater_enhancement/data/raw_underwater/UIEB/reference-890/816_img_.png
/workspace/underwater_enhancement/data/processed/physical_degradation/blur/816_img__blur.png,blur,816_img_.png,/workspace/underwater_enhancement/data/raw_underwater/UIEB/reference-890/816_img_.png
/workspace/underwater_enhancement/data/processed/physical_degradation/blue_cast/817_img__blue.png,blue_cast,817_img_.png,/workspace/underwater_enhancement/data/raw_underwater/UIEB/reference-890/817_img_.png
/workspace/underwater_enhancement/data/processed/physical_degradation/green_cast/817_img__green.png,green_cast,817_img_.png,/workspace/underwater_enhancement/data/raw_underwater/UIEB/reference-890/817_img_.png
/workspace/underwater_enhancement/data/processed/physical_degradation/low_light/817_img__lowlight.png,low_light,817_img_.png,/workspace/underwater_enhancement/data/raw_underwater/UIEB/reference-890/817_img_.png
/workspace/underwater_enhancement/data/processed/physical_degradation/blur/817_img__blur.png,blur,817_img_.png,/workspace/underwater_enhancement/data/raw_underwater/UIEB/reference-890/817_img_.png
/workspace/underwater_enhancement/data/processed/physical_degradation/blue_cast/818_img__blue.png,blue_cast,818_img_.png,/workspace/underwater_enhancement/data/raw_underwater/UIEB/reference-890/818_img_.png
/workspace/underwater_enhancement/data/processed/physical_degradation/green_cast/818_img__green.png,green_cast,818_img_.png,/workspace/underwater_enhancement/data/raw_underwater/UIEB/reference-890/818_img_.png
/workspace/underwater_enhancement/data/processed/physical_degradation/low_light/818_img__lowlight.png,low_light,818_img_.png,/workspace/underwater_enhancement/data/raw_underwater/UIEB/reference-890/818_img_.png
/workspace/underwater_enhancement/data/processed/physical_degradation/blur/818_img__blur.png,blur,818_img_.png,/workspace/underwater_enhancement/data/raw_underwater/UIEB/reference-890/818_img_.png
/workspace/underwater_enhancement/data/processed/physical_degradation/blue_cast/819_img__blue.png,blue_cast,819_img_.png,/workspace/underwater_enhancement/data/raw_underwater/UIEB/reference-890/819_img_.png
/workspace/underwater_enhancement/data/processed/physical_degradation/green_cast/819_img__green.png,green_cast,819_img_.png,/workspace/underwater_enhancement/data/raw_underwater/UIEB/reference-890/819_img_.png
/workspace/underwater_enhancement/data/processed/physical_degradation/low_light/819_img__lowlight.png,low_light,819_img_.png,/workspace/underwater_enhancement/data/raw_underwater/UIEB/reference-890/819_img_.png
/workspace/underwater_enhancement/data/processed/physical_degradation/blur/819_img__blur.png,blur,819_img_.png,/workspace/underwater_enhancement/data/raw_underwater/UIEB/reference-890/819_img_.png
/workspace/underwater_enhancement/data/processed/physical_degradation/blue_cast/820_img__blue.png,blue_cast,820_img_.png,/workspace/underwater_enhancement/data/raw_underwater/UIEB/reference-890/820_img_.png
/workspace/underwater_enhancement/data/processed/physical_degradation/green_cast/820_img__green.png,green_cast,820_img_.png,/workspace/underwater_enhancement/data/raw_underwater/UIEB/reference-890/820_img_.png
/workspace/underwater_enhancement/data/processed/physical_degradation/low_light/820_img__lowlight.png,low_light,820_img_.png,/workspace/underwater_enhancement/data/raw_underwater/UIEB/reference-890/820_img_.png
/workspace/underwater_enhancement/data/processed/physical_degradation/blur/820_img__blur.png,blur,820_img_.png,/workspace/underwater_enhancement/data/raw_underwater/UIEB/reference-890/820_img_.png
/workspace/underwater_enhancement/data/processed/physical_degradation/blue_cast/821_img__blue.png,blue_cast,821_img_.png,/workspace/underwater_enhancement/data/raw_underwater/UIEB/reference-890/821_img_.png
/workspace/underwater_enhancement/data/processed/physical_degradation/green_cast/821_img__green.png,green_cast,821_img_.png,/workspace/underwater_enhancement/data/raw_underwater/UIEB/reference-890/821_img_.png
/workspace/underwater_enhancement/data/processed/physical_degradation/low_light/821_img__lowlight.png,low_light,821_img_.png,/workspace/underwater_enhancement/data/raw_underwater/UIEB/reference-890/821_img_.png
/workspace/underwater_enhancement/data/processed/physical_degradation/blur/821_img__blur.png,blur,821_img_.png,/workspace/underwater_enhancement/data/raw_underwater/UIEB/reference-890/821_img_.png
/workspace/underwater_enhancement/data/processed/physical_degradation/blue_cast/822_img__blue.png,blue_cast,822_img_.png,/workspace/underwater_enhancement/data/raw_underwater/UIEB/reference-890/822_img_.png
/workspace/underwater_enhancement/data/processed/physical_degradation/green_cast/822_img__green.png,green_cast,822_img_.png,/workspace/underwater_enhancement/data/raw_underwater/UIEB/reference-890/822_img_.png
/workspace/underwater_enhancement/data/processed/physical_degradation/low_light/822_img__lowlight.png,low_light,822_img_.png,/workspace/underwater_enhancement/data/raw_underwater/UIEB/reference-890/822_img_.png
/workspace/underwater_enhancement/data/processed/physical_degradation/blur/822_img__blur.png,blur,822_img_.png,/workspace/underwater_enhancement/data/raw_underwater/UIEB/reference-890/822_img_.png
/workspace/underwater_enhancement/data/processed/physical_degradation/blue_cast/823_img__blue.png,blue_cast,823_img_.png,/workspace/underwater_enhancement/data/raw_underwater/UIEB/reference-890/823_img_.png
/workspace/underwater_enhancement/data/processed/physical_degradation/green_cast/823_img__green.png,green_cast,823_img_.png,/workspace/underwater_enhancement/data/raw_underwater/UIEB/reference-890/823_img_.png
/workspace/underwater_enhancement/data/processed/physical_degradation/low_light/823_img__lowlight.png,low_light,823_img_.png,/workspace/underwater_enhancement/data/raw_underwater/UIEB/reference-890/823_img_.png
/workspace/underwater_enhancement/data/processed/physical_degradation/blur/823_img__blur.png,blur,823_img_.png,/workspace/underwater_enhancement/data/raw_underwater/UIEB/reference-890/823_img_.png
/workspace/underwater_enhancement/data/processed/physical_degradation/blue_cast/8262_blue.png,blue_cast,8262.png,/workspace/underwater_enhancement/data/raw_underwater/UIEB/reference-890/8262.png
/workspace/underwater_enhancement/data/processed/physical_degradation/green_cast/8262_green.png,green_cast,8262.png,/workspace/underwater_enhancement/data/raw_underwater/UIEB/reference-890/8262.png
/workspace/underwater_enhancement/data/processed/physical_degradation/low_light/8262_lowlight.png,low_light,8262.png,/workspace/underwater_enhancement/data/raw_underwater/UIEB/reference-890/8262.png
/workspace/underwater_enhancement/data/processed/physical_degradation/blur/8262_blur.png,blur,8262.png,/workspace/underwater_enhancement/data/raw_underwater/UIEB/reference-890/8262.png
/workspace/underwater_enhancement/data/processed/physical_degradation/blue_cast/827_img__blue.png,blue_cast,827_img_.png,/workspace/underwater_enhancement/data/raw_underwater/UIEB/reference-890/827_img_.png
/workspace/underwater_enhancement/data/processed/physical_degradation/green_cast/827_img__green.png,green_cast,827_img_.png,/workspace/underwater_enhancement/data/raw_underwater/UIEB/reference-890/827_img_.png
/workspace/underwater_enhancement/data/processed/physical_degradation/low_light/827_img__lowlight.png,low_light,827_img_.png,/workspace/underwater_enhancement/data/raw_underwater/UIEB/reference-890/827_img_.png
/workspace/underwater_enhancement/data/processed/physical_degradation/blur/827_img__blur.png,blur,827_img_.png,/workspace/underwater_enhancement/data/raw_underwater/UIEB/reference-890/827_img_.png
/workspace/underwater_enhancement/data/processed/physical_degradation/blue_cast/8288_blue.png,blue_cast,8288.png,/workspace/underwater_enhancement/data/raw_underwater/UIEB/reference-890/8288.png
/workspace/underwater_enhancement/data/processed/physical_degradation/green_cast/8288_green.png,green_cast,8288.png,/workspace/underwater_enhancement/data/raw_underwater/UIEB/reference-890/8288.png
/workspace/underwater_enhancement/data/processed/physical_degradation/low_light/8288_lowlight.png,low_light,8288.png,/workspace/underwater_enhancement/data/raw_underwater/UIEB/reference-890/8288.png
/workspace/underwater_enhancement/data/processed/physical_degradation/blur/8288_blur.png,blur,8288.png,/workspace/underwater_enhancement/data/raw_underwater/UIEB/reference-890/8288.png
/workspace/underwater_enhancement/data/processed/physical_degradation/blue_cast/828_img__blue.png,blue_cast,828_img_.png,/workspace/underwater_enhancement/data/raw_underwater/UIEB/reference-890/828_img_.png
/workspace/underwater_enhancement/data/processed/physical_degradation/green_cast/828_img__green.png,green_cast,828_img_.png,/workspace/underwater_enhancement/data/raw_underwater/UIEB/reference-890/828_img_.png
/workspace/underwater_enhancement/data/processed/physical_degradation/low_light/828_img__lowlight.png,low_light,828_img_.png,/workspace/underwater_enhancement/data/raw_underwater/UIEB/reference-890/828_img_.png
/workspace/underwater_enhancement/data/processed/physical_degradation/blur/828_img__blur.png,blur,828_img_.png,/workspace/underwater_enhancement/data/raw_underwater/UIEB/reference-890/828_img_.png
/workspace/underwater_enhancement/data/processed/physical_degradation/blue_cast/829_img__blue.png,blue_cast,829_img_.png,/workspace/underwater_enhancement/data/raw_underwater/UIEB/reference-890/829_img_.png
/workspace/underwater_enhancement/data/processed/physical_degradation/green_cast/829_img__green.png,green_cast,829_img_.png,/workspace/underwater_enhancement/data/raw_underwater/UIEB/reference-890/829_img_.png
/workspace/underwater_enhancement/data/processed/physical_degradation/low_light/829_img__lowlight.png,low_light,829_img_.png,/workspace/underwater_enhancement/data/raw_underwater/UIEB/reference-890/829_img_.png
/workspace/underwater_enhancement/data/processed/physical_degradation/blur/829_img__blur.png,blur,829_img_.png,/workspace/underwater_enhancement/data/raw_underwater/UIEB/reference-890/829_img_.png
/workspace/underwater_enhancement/data/processed/physical_degradation/blue_cast/82_img__blue.png,blue_cast,82_img_.png,/workspace/underwater_enhancement/data/raw_underwater/UIEB/reference-890/82_img_.png
/workspace/underwater_enhancement/data/processed/physical_degradation/green_cast/82_img__green.png,green_cast,82_img_.png,/workspace/underwater_enhancement/data/raw_underwater/UIEB/reference-890/82_img_.png
/workspace/underwater_enhancement/data/processed/physical_degradation/low_light/82_img__lowlight.png,low_light,82_img_.png,/workspace/underwater_enhancement/data/raw_underwater/UIEB/reference-890/82_img_.png
/workspace/underwater_enhancement/data/processed/physical_degradation/blur/82_img__blur.png,blur,82_img_.png,/workspace/underwater_enhancement/data/raw_underwater/UIEB/reference-890/82_img_.png
/workspace/underwater_enhancement/data/processed/physical_degradation/blue_cast/831_img__blue.png,blue_cast,831_img_.png,/workspace/underwater_enhancement/data/raw_underwater/UIEB/reference-890/831_img_.png
/workspace/underwater_enhancement/data/processed/physical_degradation/green_cast/831_img__green.png,green_cast,831_img_.png,/workspace/underwater_enhancement/data/raw_underwater/UIEB/reference-890/831_img_.png
/workspace/underwater_enhancement/data/processed/physical_degradation/low_light/831_img__lowlight.png,low_light,831_img_.png,/workspace/underwater_enhancement/data/raw_underwater/UIEB/reference-890/831_img_.png
/workspace/underwater_enhancement/data/processed/physical_degradation/blur/831_img__blur.png,blur,831_img_.png,/workspace/underwater_enhancement/data/raw_underwater/UIEB/reference-890/831_img_.png
/workspace/underwater_enhancement/data/processed/physical_degradation/blue_cast/832_img__blue.png,blue_cast,832_img_.png,/workspace/underwater_enhancement/data/raw_underwater/UIEB/reference-890/832_img_.png
/workspace/underwater_enhancement/data/processed/physical_degradation/green_cast/832_img__green.png,green_cast,832_img_.png,/workspace/underwater_enhancement/data/raw_underwater/UIEB/reference-890/832_img_.png
/workspace/underwater_enhancement/data/processed/physical_degradation/low_light/832_img__lowlight.png,low_light,832_img_.png,/workspace/underwater_enhancement/data/raw_underwater/UIEB/reference-890/832_img_.png
/workspace/underwater_enhancement/data/processed/physical_degradation/blur/832_img__blur.png,blur,832_img_.png,/workspace/underwater_enhancement/data/raw_underwater/UIEB/reference-890/832_img_.png
/workspace/underwater_enhancement/data/processed/physical_degradation/blue_cast/833_img__blue.png,blue_cast,833_img_.png,/workspace/underwater_enhancement/data/raw_underwater/UIEB/reference-890/833_img_.png
/workspace/underwater_enhancement/data/processed/physical_degradation/green_cast/833_img__green.png,green_cast,833_img_.png,/workspace/underwater_enhancement/data/raw_underwater/UIEB/reference-890/833_img_.png
/workspace/underwater_enhancement/data/processed/physical_degradation/low_light/833_img__lowlight.png,low_light,833_img_.png,/workspace/underwater_enhancement/data/raw_underwater/UIEB/reference-890/833_img_.png
/workspace/underwater_enhancement/data/processed/physical_degradation/blur/833_img__blur.png,blur,833_img_.png,/workspace/underwater_enhancement/data/raw_underwater/UIEB/reference-890/833_img_.png
/workspace/underwater_enhancement/data/processed/physical_degradation/blue_cast/834_img__blue.png,blue_cast,834_img_.png,/workspace/underwater_enhancement/data/raw_underwater/UIEB/reference-890/834_img_.png
/workspace/underwater_enhancement/data/processed/physical_degradation/green_cast/834_img__green.png,green_cast,834_img_.png,/workspace/underwater_enhancement/data/raw_underwater/UIEB/reference-890/834_img_.png
/workspace/underwater_enhancement/data/processed/physical_degradation/low_light/834_img__lowlight.png,low_light,834_img_.png,/workspace/underwater_enhancement/data/raw_underwater/UIEB/reference-890/834_img_.png
/workspace/underwater_enhancement/data/processed/physical_degradation/blur/834_img__blur.png,blur,834_img_.png,/workspace/underwater_enhancement/data/raw_underwater/UIEB/reference-890/834_img_.png
/workspace/underwater_enhancement/data/processed/physical_degradation/blue_cast/835_img__blue.png,blue_cast,835_img_.png,/workspace/underwater_enhancement/data/raw_underwater/UIEB/reference-890/835_img_.png
/workspace/underwater_enhancement/data/processed/physical_degradation/green_cast/835_img__green.png,green_cast,835_img_.png,/workspace/underwater_enhancement/data/raw_underwater/UIEB/reference-890/835_img_.png
/workspace/underwater_enhancement/data/processed/physical_degradation/low_light/835_img__lowlight.png,low_light,835_img_.png,/workspace/underwater_enhancement/data/raw_underwater/UIEB/reference-890/835_img_.png
/workspace/underwater_enhancement/data/processed/physical_degradation/blur/835_img__blur.png,blur,835_img_.png,/workspace/underwater_enhancement/data/raw_underwater/UIEB/reference-890/835_img_.png
/workspace/underwater_enhancement/data/processed/physical_degradation/blue_cast/837_blue.png,blue_cast,837.png,/workspace/underwater_enhancement/data/raw_underwater/UIEB/reference-890/837.png
/workspace/underwater_enhancement/data/processed/physical_degradation/green_cast/837_green.png,green_cast,837.png,/workspace/underwater_enhancement/data/raw_underwater/UIEB/reference-890/837.png
/workspace/underwater_enhancement/data/processed/physical_degradation/low_light/837_lowlight.png,low_light,837.png,/workspace/underwater_enhancement/data/raw_underwater/UIEB/reference-890/837.png
/workspace/underwater_enhancement/data/processed/physical_degradation/blur/837_blur.png,blur,837.png,/workspace/underwater_enhancement/data/raw_underwater/UIEB/reference-890/837.png
/workspace/underwater_enhancement/data/processed/physical_degradation/blue_cast/837_img__blue.png,blue_cast,837_img_.png,/workspace/underwater_enhancement/data/raw_underwater/UIEB/reference-890/837_img_.png
/workspace/underwater_enhancement/data/processed/physical_degradation/green_cast/837_img__green.png,green_cast,837_img_.png,/workspace/underwater_enhancement/data/raw_underwater/UIEB/reference-890/837_img_.png
/workspace/underwater_enhancement/data/processed/physical_degradation/low_light/837_img__lowlight.png,low_light,837_img_.png,/workspace/underwater_enhancement/data/raw_underwater/UIEB/reference-890/837_img_.png
/workspace/underwater_enhancement/data/processed/physical_degradation/blur/837_img__blur.png,blur,837_img_.png,/workspace/underwater_enhancement/data/raw_underwater/UIEB/reference-890/837_img_.png
/workspace/underwater_enhancement/data/processed/physical_degradation/blue_cast/838_img__blue.png,blue_cast,838_img_.png,/workspace/underwater_enhancement/data/raw_underwater/UIEB/reference-890/838_img_.png
/workspace/underwater_enhancement/data/processed/physical_degradation/green_cast/838_img__green.png,green_cast,838_img_.png,/workspace/underwater_enhancement/data/raw_underwater/UIEB/reference-890/838_img_.png
/workspace/underwater_enhancement/data/processed/physical_degradation/low_light/838_img__lowlight.png,low_light,838_img_.png,/workspace/underwater_enhancement/data/raw_underwater/UIEB/reference-890/838_img_.png
/workspace/underwater_enhancement/data/processed/physical_degradation/blur/838_img__blur.png,blur,838_img_.png,/workspace/underwater_enhancement/data/raw_underwater/UIEB/reference-890/838_img_.png
/workspace/underwater_enhancement/data/processed/physical_degradation/blue_cast/841_blue.png,blue_cast,841.png,/workspace/underwater_enhancement/data/raw_underwater/UIEB/reference-890/841.png
/workspace/underwater_enhancement/data/processed/physical_degradation/green_cast/841_green.png,green_cast,841.png,/workspace/underwater_enhancement/data/raw_underwater/UIEB/reference-890/841.png
/workspace/underwater_enhancement/data/processed/physical_degradation/low_light/841_lowlight.png,low_light,841.png,/workspace/underwater_enhancement/data/raw_underwater/UIEB/reference-890/841.png
/workspace/underwater_enhancement/data/processed/physical_degradation/blur/841_blur.png,blur,841.png,/workspace/underwater_enhancement/data/raw_underwater/UIEB/reference-890/841.png
/workspace/underwater_enhancement/data/processed/physical_degradation/blue_cast/841_img__blue.png,blue_cast,841_img_.png,/workspace/underwater_enhancement/data/raw_underwater/UIEB/reference-890/841_img_.png
/workspace/underwater_enhancement/data/processed/physical_degradation/green_cast/841_img__green.png,green_cast,841_img_.png,/workspace/underwater_enhancement/data/raw_underwater/UIEB/reference-890/841_img_.png
/workspace/underwater_enhancement/data/processed/physical_degradation/low_light/841_img__lowlight.png,low_light,841_img_.png,/workspace/underwater_enhancement/data/raw_underwater/UIEB/reference-890/841_img_.png
/workspace/underwater_enhancement/data/processed/physical_degradation/blur/841_img__blur.png,blur,841_img_.png,/workspace/underwater_enhancement/data/raw_underwater/UIEB/reference-890/841_img_.png
/workspace/underwater_enhancement/data/processed/physical_degradation/blue_cast/842_img__blue.png,blue_cast,842_img_.png,/workspace/underwater_enhancement/data/raw_underwater/UIEB/reference-890/842_img_.png
/workspace/underwater_enhancement/data/processed/physical_degradation/green_cast/842_img__green.png,green_cast,842_img_.png,/workspace/underwater_enhancement/data/raw_underwater/UIEB/reference-890/842_img_.png
/workspace/underwater_enhancement/data/processed/physical_degradation/low_light/842_img__lowlight.png,low_light,842_img_.png,/workspace/underwater_enhancement/data/raw_underwater/UIEB/reference-890/842_img_.png
/workspace/underwater_enhancement/data/processed/physical_degradation/blur/842_img__blur.png,blur,842_img_.png,/workspace/underwater_enhancement/data/raw_underwater/UIEB/reference-890/842_img_.png
/workspace/underwater_enhancement/data/processed/physical_degradation/blue_cast/843_img__blue.png,blue_cast,843_img_.png,/workspace/underwater_enhancement/data/raw_underwater/UIEB/reference-890/843_img_.png
/workspace/underwater_enhancement/data/processed/physical_degradation/green_cast/843_img__green.png,green_cast,843_img_.png,/workspace/underwater_enhancement/data/raw_underwater/UIEB/reference-890/843_img_.png
/workspace/underwater_enhancement/data/processed/physical_degradation/low_light/843_img__lowlight.png,low_light,843_img_.png,/workspace/underwater_enhancement/data/raw_underwater/UIEB/reference-890/843_img_.png
/workspace/underwater_enhancement/data/processed/physical_degradation/blur/843_img__blur.png,blur,843_img_.png,/workspace/underwater_enhancement/data/raw_underwater/UIEB/reference-890/843_img_.png
/workspace/underwater_enhancement/data/processed/physical_degradation/blue_cast/844_img__blue.png,blue_cast,844_img_.png,/workspace/underwater_enhancement/data/raw_underwater/UIEB/reference-890/844_img_.png
/workspace/underwater_enhancement/data/processed/physical_degradation/green_cast/844_img__green.png,green_cast,844_img_.png,/workspace/underwater_enhancement/data/raw_underwater/UIEB/reference-890/844_img_.png
/workspace/underwater_enhancement/data/processed/physical_degradation/low_light/844_img__lowlight.png,low_light,844_img_.png,/workspace/underwater_enhancement/data/raw_underwater/UIEB/reference-890/844_img_.png
/workspace/underwater_enhancement/data/processed/physical_degradation/blur/844_img__blur.png,blur,844_img_.png,/workspace/underwater_enhancement/data/raw_underwater/UIEB/reference-890/844_img_.png
/workspace/underwater_enhancement/data/processed/physical_degradation/blue_cast/845_img__blue.png,blue_cast,845_img_.png,/workspace/underwater_enhancement/data/raw_underwater/UIEB/reference-890/845_img_.png
/workspace/underwater_enhancement/data/processed/physical_degradation/green_cast/845_img__green.png,green_cast,845_img_.png,/workspace/underwater_enhancement/data/raw_underwater/UIEB/reference-890/845_img_.png
/workspace/underwater_enhancement/data/processed/physical_degradation/low_light/845_img__lowlight.png,low_light,845_img_.png,/workspace/underwater_enhancement/data/raw_underwater/UIEB/reference-890/845_img_.png
/workspace/underwater_enhancement/data/processed/physical_degradation/blur/845_img__blur.png,blur,845_img_.png,/workspace/underwater_enhancement/data/raw_underwater/UIEB/reference-890/845_img_.png
/workspace/underwater_enhancement/data/processed/physical_degradation/blue_cast/846_img__blue.png,blue_cast,846_img_.png,/workspace/underwater_enhancement/data/raw_underwater/UIEB/reference-890/846_img_.png
/workspace/underwater_enhancement/data/processed/physical_degradation/green_cast/846_img__green.png,green_cast,846_img_.png,/workspace/underwater_enhancement/data/raw_underwater/UIEB/reference-890/846_img_.png
/workspace/underwater_enhancement/data/processed/physical_degradation/low_light/846_img__lowlight.png,low_light,846_img_.png,/workspace/underwater_enhancement/data/raw_underwater/UIEB/reference-890/846_img_.png
/workspace/underwater_enhancement/data/processed/physical_degradation/blur/846_img__blur.png,blur,846_img_.png,/workspace/underwater_enhancement/data/raw_underwater/UIEB/reference-890/846_img_.png
/workspace/underwater_enhancement/data/processed/physical_degradation/blue_cast/847_img__blue.png,blue_cast,847_img_.png,/workspace/underwater_enhancement/data/raw_underwater/UIEB/reference-890/847_img_.png
/workspace/underwater_enhancement/data/processed/physical_degradation/green_cast/847_img__green.png,green_cast,847_img_.png,/workspace/underwater_enhancement/data/raw_underwater/UIEB/reference-890/847_img_.png
/workspace/underwater_enhancement/data/processed/physical_degradation/low_light/847_img__lowlight.png,low_light,847_img_.png,/workspace/underwater_enhancement/data/raw_underwater/UIEB/reference-890/847_img_.png
/workspace/underwater_enhancement/data/processed/physical_degradation/blur/847_img__blur.png,blur,847_img_.png,/workspace/underwater_enhancement/data/raw_underwater/UIEB/reference-890/847_img_.png
/workspace/underwater_enhancement/data/processed/physical_degradation/blue_cast/848_img__blue.png,blue_cast,848_img_.png,/workspace/underwater_enhancement/data/raw_underwater/UIEB/reference-890/848_img_.png
/workspace/underwater_enhancement/data/processed/physical_degradation/green_cast/848_img__green.png,green_cast,848_img_.png,/workspace/underwater_enhancement/data/raw_underwater/UIEB/reference-890/848_img_.png
/workspace/underwater_enhancement/data/processed/physical_degradation/low_light/848_img__lowlight.png,low_light,848_img_.png,/workspace/underwater_enhancement/data/raw_underwater/UIEB/reference-890/848_img_.png
/workspace/underwater_enhancement/data/processed/physical_degradation/blur/848_img__blur.png,blur,848_img_.png,/workspace/underwater_enhancement/data/raw_underwater/UIEB/reference-890/848_img_.png
/workspace/underwater_enhancement/data/processed/physical_degradation/blue_cast/849_img__blue.png,blue_cast,849_img_.png,/workspace/underwater_enhancement/data/raw_underwater/UIEB/reference-890/849_img_.png
/workspace/underwater_enhancement/data/processed/physical_degradation/green_cast/849_img__green.png,green_cast,849_img_.png,/workspace/underwater_enhancement/data/raw_underwater/UIEB/reference-890/849_img_.png
/workspace/underwater_enhancement/data/processed/physical_degradation/low_light/849_img__lowlight.png,low_light,849_img_.png,/workspace/underwater_enhancement/data/raw_underwater/UIEB/reference-890/849_img_.png
/workspace/underwater_enhancement/data/processed/physical_degradation/blur/849_img__blur.png,blur,849_img_.png,/workspace/underwater_enhancement/data/raw_underwater/UIEB/reference-890/849_img_.png
/workspace/underwater_enhancement/data/processed/physical_degradation/blue_cast/850_img__blue.png,blue_cast,850_img_.png,/workspace/underwater_enhancement/data/raw_underwater/UIEB/reference-890/850_img_.png
/workspace/underwater_enhancement/data/processed/physical_degradation/green_cast/850_img__green.png,green_cast,850_img_.png,/workspace/underwater_enhancement/data/raw_underwater/UIEB/reference-890/850_img_.png
/workspace/underwater_enhancement/data/processed/physical_degradation/low_light/850_img__lowlight.png,low_light,850_img_.png,/workspace/underwater_enhancement/data/raw_underwater/UIEB/reference-890/850_img_.png
/workspace/underwater_enhancement/data/processed/physical_degradation/blur/850_img__blur.png,blur,850_img_.png,/workspace/underwater_enhancement/data/raw_underwater/UIEB/reference-890/850_img_.png
/workspace/underwater_enhancement/data/processed/physical_degradation/blue_cast/851_img__blue.png,blue_cast,851_img_.png,/workspace/underwater_enhancement/data/raw_underwater/UIEB/reference-890/851_img_.png
/workspace/underwater_enhancement/data/processed/physical_degradation/green_cast/851_img__green.png,green_cast,851_img_.png,/workspace/underwater_enhancement/data/raw_underwater/UIEB/reference-890/851_img_.png
/workspace/underwater_enhancement/data/processed/physical_degradation/low_light/851_img__lowlight.png,low_light,851_img_.png,/workspace/underwater_enhancement/data/raw_underwater/UIEB/reference-890/851_img_.png
/workspace/underwater_enhancement/data/processed/physical_degradation/blur/851_img__blur.png,blur,851_img_.png,/workspace/underwater_enhancement/data/raw_underwater/UIEB/reference-890/851_img_.png
/workspace/underwater_enhancement/data/processed/physical_degradation/blue_cast/852_img__blue.png,blue_cast,852_img_.png,/workspace/underwater_enhancement/data/raw_underwater/UIEB/reference-890/852_img_.png
/workspace/underwater_enhancement/data/processed/physical_degradation/green_cast/852_img__green.png,green_cast,852_img_.png,/workspace/underwater_enhancement/data/raw_underwater/UIEB/reference-890/852_img_.png
/workspace/underwater_enhancement/data/processed/physical_degradation/low_light/852_img__lowlight.png,low_light,852_img_.png,/workspace/underwater_enhancement/data/raw_underwater/UIEB/reference-890/852_img_.png
/workspace/underwater_enhancement/data/processed/physical_degradation/blur/852_img__blur.png,blur,852_img_.png,/workspace/underwater_enhancement/data/raw_underwater/UIEB/reference-890/852_img_.png
/workspace/underwater_enhancement/data/processed/physical_degradation/blue_cast/854_img__blue.png,blue_cast,854_img_.png,/workspace/underwater_enhancement/data/raw_underwater/UIEB/reference-890/854_img_.png
/workspace/underwater_enhancement/data/processed/physical_degradation/green_cast/854_img__green.png,green_cast,854_img_.png,/workspace/underwater_enhancement/data/raw_underwater/UIEB/reference-890/854_img_.png
/workspace/underwater_enhancement/data/processed/physical_degradation/low_light/854_img__lowlight.png,low_light,854_img_.png,/workspace/underwater_enhancement/data/raw_underwater/UIEB/reference-890/854_img_.png
/workspace/underwater_enhancement/data/processed/physical_degradation/blur/854_img__blur.png,blur,854_img_.png,/workspace/underwater_enhancement/data/raw_underwater/UIEB/reference-890/854_img_.png
/workspace/underwater_enhancement/data/processed/physical_degradation/blue_cast/855_img__blue.png,blue_cast,855_img_.png,/workspace/underwater_enhancement/data/raw_underwater/UIEB/reference-890/855_img_.png
/workspace/underwater_enhancement/data/processed/physical_degradation/green_cast/855_img__green.png,green_cast,855_img_.png,/workspace/underwater_enhancement/data/raw_underwater/UIEB/reference-890/855_img_.png
/workspace/underwater_enhancement/data/processed/physical_degradation/low_light/855_img__lowlight.png,low_light,855_img_.png,/workspace/underwater_enhancement/data/raw_underwater/UIEB/reference-890/855_img_.png
/workspace/underwater_enhancement/data/processed/physical_degradation/blur/855_img__blur.png,blur,855_img_.png,/workspace/underwater_enhancement/data/raw_underwater/UIEB/reference-890/855_img_.png
/workspace/underwater_enhancement/data/processed/physical_degradation/blue_cast/856_img__blue.png,blue_cast,856_img_.png,/workspace/underwater_enhancement/data/raw_underwater/UIEB/reference-890/856_img_.png
/workspace/underwater_enhancement/data/processed/physical_degradation/green_cast/856_img__green.png,green_cast,856_img_.png,/workspace/underwater_enhancement/data/raw_underwater/UIEB/reference-890/856_img_.png
/workspace/underwater_enhancement/data/processed/physical_degradation/low_light/856_img__lowlight.png,low_light,856_img_.png,/workspace/underwater_enhancement/data/raw_underwater/UIEB/reference-890/856_img_.png
/workspace/underwater_enhancement/data/processed/physical_degradation/blur/856_img__blur.png,blur,856_img_.png,/workspace/underwater_enhancement/data/raw_underwater/UIEB/reference-890/856_img_.png
/workspace/underwater_enhancement/data/processed/physical_degradation/blue_cast/857_img__blue.png,blue_cast,857_img_.png,/workspace/underwater_enhancement/data/raw_underwater/UIEB/reference-890/857_img_.png
/workspace/underwater_enhancement/data/processed/physical_degradation/green_cast/857_img__green.png,green_cast,857_img_.png,/workspace/underwater_enhancement/data/raw_underwater/UIEB/reference-890/857_img_.png
/workspace/underwater_enhancement/data/processed/physical_degradation/low_light/857_img__lowlight.png,low_light,857_img_.png,/workspace/underwater_enhancement/data/raw_underwater/UIEB/reference-890/857_img_.png
/workspace/underwater_enhancement/data/processed/physical_degradation/blur/857_img__blur.png,blur,857_img_.png,/workspace/underwater_enhancement/data/raw_underwater/UIEB/reference-890/857_img_.png
/workspace/underwater_enhancement/data/processed/physical_degradation/blue_cast/858_img__blue.png,blue_cast,858_img_.png,/workspace/underwater_enhancement/data/raw_underwater/UIEB/reference-890/858_img_.png
/workspace/underwater_enhancement/data/processed/physical_degradation/green_cast/858_img__green.png,green_cast,858_img_.png,/workspace/underwater_enhancement/data/raw_underwater/UIEB/reference-890/858_img_.png
/workspace/underwater_enhancement/data/processed/physical_degradation/low_light/858_img__lowlight.png,low_light,858_img_.png,/workspace/underwater_enhancement/data/raw_underwater/UIEB/reference-890/858_img_.png
/workspace/underwater_enhancement/data/processed/physical_degradation/blur/858_img__blur.png,blur,858_img_.png,/workspace/underwater_enhancement/data/raw_underwater/UIEB/reference-890/858_img_.png
/workspace/underwater_enhancement/data/processed/physical_degradation/blue_cast/859_img__blue.png,blue_cast,859_img_.png,/workspace/underwater_enhancement/data/raw_underwater/UIEB/reference-890/859_img_.png
/workspace/underwater_enhancement/data/processed/physical_degradation/green_cast/859_img__green.png,green_cast,859_img_.png,/workspace/underwater_enhancement/data/raw_underwater/UIEB/reference-890/859_img_.png
/workspace/underwater_enhancement/data/processed/physical_degradation/low_light/859_img__lowlight.png,low_light,859_img_.png,/workspace/underwater_enhancement/data/raw_underwater/UIEB/reference-890/859_img_.png
/workspace/underwater_enhancement/data/processed/physical_degradation/blur/859_img__blur.png,blur,859_img_.png,/workspace/underwater_enhancement/data/raw_underwater/UIEB/reference-890/859_img_.png
/workspace/underwater_enhancement/data/processed/physical_degradation/blue_cast/860_img__blue.png,blue_cast,860_img_.png,/workspace/underwater_enhancement/data/raw_underwater/UIEB/reference-890/860_img_.png
/workspace/underwater_enhancement/data/processed/physical_degradation/green_cast/860_img__green.png,green_cast,860_img_.png,/workspace/underwater_enhancement/data/raw_underwater/UIEB/reference-890/860_img_.png
/workspace/underwater_enhancement/data/processed/physical_degradation/low_light/860_img__lowlight.png,low_light,860_img_.png,/workspace/underwater_enhancement/data/raw_underwater/UIEB/reference-890/860_img_.png
/workspace/underwater_enhancement/data/processed/physical_degradation/blur/860_img__blur.png,blur,860_img_.png,/workspace/underwater_enhancement/data/raw_underwater/UIEB/reference-890/860_img_.png
/workspace/underwater_enhancement/data/processed/physical_degradation/blue_cast/861_img__blue.png,blue_cast,861_img_.png,/workspace/underwater_enhancement/data/raw_underwater/UIEB/reference-890/861_img_.png
/workspace/underwater_enhancement/data/processed/physical_degradation/green_cast/861_img__green.png,green_cast,861_img_.png,/workspace/underwater_enhancement/data/raw_underwater/UIEB/reference-890/861_img_.png
/workspace/underwater_enhancement/data/processed/physical_degradation/low_light/861_img__lowlight.png,low_light,861_img_.png,/workspace/underwater_enhancement/data/raw_underwater/UIEB/reference-890/861_img_.png
/workspace/underwater_enhancement/data/processed/physical_degradation/blur/861_img__blur.png,blur,861_img_.png,/workspace/underwater_enhancement/data/raw_underwater/UIEB/reference-890/861_img_.png
/workspace/underwater_enhancement/data/processed/physical_degradation/blue_cast/862_img__blue.png,blue_cast,862_img_.png,/workspace/underwater_enhancement/data/raw_underwater/UIEB/reference-890/862_img_.png
/workspace/underwater_enhancement/data/processed/physical_degradation/green_cast/862_img__green.png,green_cast,862_img_.png,/workspace/underwater_enhancement/data/raw_underwater/UIEB/reference-890/862_img_.png
/workspace/underwater_enhancement/data/processed/physical_degradation/low_light/862_img__lowlight.png,low_light,862_img_.png,/workspace/underwater_enhancement/data/raw_underwater/UIEB/reference-890/862_img_.png
/workspace/underwater_enhancement/data/processed/physical_degradation/blur/862_img__blur.png,blur,862_img_.png,/workspace/underwater_enhancement/data/raw_underwater/UIEB/reference-890/862_img_.png
/workspace/underwater_enhancement/data/processed/physical_degradation/blue_cast/863_img__blue.png,blue_cast,863_img_.png,/workspace/underwater_enhancement/data/raw_underwater/UIEB/reference-890/863_img_.png
/workspace/underwater_enhancement/data/processed/physical_degradation/green_cast/863_img__green.png,green_cast,863_img_.png,/workspace/underwater_enhancement/data/raw_underwater/UIEB/reference-890/863_img_.png
/workspace/underwater_enhancement/data/processed/physical_degradation/low_light/863_img__lowlight.png,low_light,863_img_.png,/workspace/underwater_enhancement/data/raw_underwater/UIEB/reference-890/863_img_.png
/workspace/underwater_enhancement/data/processed/physical_degradation/blur/863_img__blur.png,blur,863_img_.png,/workspace/underwater_enhancement/data/raw_underwater/UIEB/reference-890/863_img_.png
/workspace/underwater_enhancement/data/processed/physical_degradation/blue_cast/865_img__blue.png,blue_cast,865_img_.png,/workspace/underwater_enhancement/data/raw_underwater/UIEB/reference-890/865_img_.png
/workspace/underwater_enhancement/data/processed/physical_degradation/green_cast/865_img__green.png,green_cast,865_img_.png,/workspace/underwater_enhancement/data/raw_underwater/UIEB/reference-890/865_img_.png
/workspace/underwater_enhancement/data/processed/physical_degradation/low_light/865_img__lowlight.png,low_light,865_img_.png,/workspace/underwater_enhancement/data/raw_underwater/UIEB/reference-890/865_img_.png
/workspace/underwater_enhancement/data/processed/physical_degradation/blur/865_img__blur.png,blur,865_img_.png,/workspace/underwater_enhancement/data/raw_underwater/UIEB/reference-890/865_img_.png
/workspace/underwater_enhancement/data/processed/physical_degradation/blue_cast/866_img__blue.png,blue_cast,866_img_.png,/workspace/underwater_enhancement/data/raw_underwater/UIEB/reference-890/866_img_.png
/workspace/underwater_enhancement/data/processed/physical_degradation/green_cast/866_img__green.png,green_cast,866_img_.png,/workspace/underwater_enhancement/data/raw_underwater/UIEB/reference-890/866_img_.png
/workspace/underwater_enhancement/data/processed/physical_degradation/low_light/866_img__lowlight.png,low_light,866_img_.png,/workspace/underwater_enhancement/data/raw_underwater/UIEB/reference-890/866_img_.png
/workspace/underwater_enhancement/data/processed/physical_degradation/blur/866_img__blur.png,blur,866_img_.png,/workspace/underwater_enhancement/data/raw_underwater/UIEB/reference-890/866_img_.png
/workspace/underwater_enhancement/data/processed/physical_degradation/blue_cast/867_img__blue.png,blue_cast,867_img_.png,/workspace/underwater_enhancement/data/raw_underwater/UIEB/reference-890/867_img_.png
/workspace/underwater_enhancement/data/processed/physical_degradation/green_cast/867_img__green.png,green_cast,867_img_.png,/workspace/underwater_enhancement/data/raw_underwater/UIEB/reference-890/867_img_.png
/workspace/underwater_enhancement/data/processed/physical_degradation/low_light/867_img__lowlight.png,low_light,867_img_.png,/workspace/underwater_enhancement/data/raw_underwater/UIEB/reference-890/867_img_.png
/workspace/underwater_enhancement/data/processed/physical_degradation/blur/867_img__blur.png,blur,867_img_.png,/workspace/underwater_enhancement/data/raw_underwater/UIEB/reference-890/867_img_.png
/workspace/underwater_enhancement/data/processed/physical_degradation/blue_cast/868_img__blue.png,blue_cast,868_img_.png,/workspace/underwater_enhancement/data/raw_underwater/UIEB/reference-890/868_img_.png
/workspace/underwater_enhancement/data/processed/physical_degradation/green_cast/868_img__green.png,green_cast,868_img_.png,/workspace/underwater_enhancement/data/raw_underwater/UIEB/reference-890/868_img_.png
/workspace/underwater_enhancement/data/processed/physical_degradation/low_light/868_img__lowlight.png,low_light,868_img_.png,/workspace/underwater_enhancement/data/raw_underwater/UIEB/reference-890/868_img_.png
/workspace/underwater_enhancement/data/processed/physical_degradation/blur/868_img__blur.png,blur,868_img_.png,/workspace/underwater_enhancement/data/raw_underwater/UIEB/reference-890/868_img_.png
/workspace/underwater_enhancement/data/processed/physical_degradation/blue_cast/869_img__blue.png,blue_cast,869_img_.png,/workspace/underwater_enhancement/data/raw_underwater/UIEB/reference-890/869_img_.png
/workspace/underwater_enhancement/data/processed/physical_degradation/green_cast/869_img__green.png,green_cast,869_img_.png,/workspace/underwater_enhancement/data/raw_underwater/UIEB/reference-890/869_img_.png
/workspace/underwater_enhancement/data/processed/physical_degradation/low_light/869_img__lowlight.png,low_light,869_img_.png,/workspace/underwater_enhancement/data/raw_underwater/UIEB/reference-890/869_img_.png
/workspace/underwater_enhancement/data/processed/physical_degradation/blur/869_img__blur.png,blur,869_img_.png,/workspace/underwater_enhancement/data/raw_underwater/UIEB/reference-890/869_img_.png
/workspace/underwater_enhancement/data/processed/physical_degradation/blue_cast/86_img__blue.png,blue_cast,86_img_.png,/workspace/underwater_enhancement/data/raw_underwater/UIEB/reference-890/86_img_.png
/workspace/underwater_enhancement/data/processed/physical_degradation/green_cast/86_img__green.png,green_cast,86_img_.png,/workspace/underwater_enhancement/data/raw_underwater/UIEB/reference-890/86_img_.png
/workspace/underwater_enhancement/data/processed/physical_degradation/low_light/86_img__lowlight.png,low_light,86_img_.png,/workspace/underwater_enhancement/data/raw_underwater/UIEB/reference-890/86_img_.png
/workspace/underwater_enhancement/data/processed/physical_degradation/blur/86_img__blur.png,blur,86_img_.png,/workspace/underwater_enhancement/data/raw_underwater/UIEB/reference-890/86_img_.png
/workspace/underwater_enhancement/data/processed/physical_degradation/blue_cast/871_img__blue.png,blue_cast,871_img_.png,/workspace/underwater_enhancement/data/raw_underwater/UIEB/reference-890/871_img_.png
/workspace/underwater_enhancement/data/processed/physical_degradation/green_cast/871_img__green.png,green_cast,871_img_.png,/workspace/underwater_enhancement/data/raw_underwater/UIEB/reference-890/871_img_.png
/workspace/underwater_enhancement/data/processed/physical_degradation/low_light/871_img__lowlight.png,low_light,871_img_.png,/workspace/underwater_enhancement/data/raw_underwater/UIEB/reference-890/871_img_.png
/workspace/underwater_enhancement/data/processed/physical_degradation/blur/871_img__blur.png,blur,871_img_.png,/workspace/underwater_enhancement/data/raw_underwater/UIEB/reference-890/871_img_.png
/workspace/underwater_enhancement/data/processed/physical_degradation/blue_cast/872_img__blue.png,blue_cast,872_img_.png,/workspace/underwater_enhancement/data/raw_underwater/UIEB/reference-890/872_img_.png
/workspace/underwater_enhancement/data/processed/physical_degradation/green_cast/872_img__green.png,green_cast,872_img_.png,/workspace/underwater_enhancement/data/raw_underwater/UIEB/reference-890/872_img_.png
/workspace/underwater_enhancement/data/processed/physical_degradation/low_light/872_img__lowlight.png,low_light,872_img_.png,/workspace/underwater_enhancement/data/raw_underwater/UIEB/reference-890/872_img_.png
/workspace/underwater_enhancement/data/processed/physical_degradation/blur/872_img__blur.png,blur,872_img_.png,/workspace/underwater_enhancement/data/raw_underwater/UIEB/reference-890/872_img_.png
/workspace/underwater_enhancement/data/processed/physical_degradation/blue_cast/873_img__blue.png,blue_cast,873_img_.png,/workspace/underwater_enhancement/data/raw_underwater/UIEB/reference-890/873_img_.png
/workspace/underwater_enhancement/data/processed/physical_degradation/green_cast/873_img__green.png,green_cast,873_img_.png,/workspace/underwater_enhancement/data/raw_underwater/UIEB/reference-890/873_img_.png
/workspace/underwater_enhancement/data/processed/physical_degradation/low_light/873_img__lowlight.png,low_light,873_img_.png,/workspace/underwater_enhancement/data/raw_underwater/UIEB/reference-890/873_img_.png
/workspace/underwater_enhancement/data/processed/physical_degradation/blur/873_img__blur.png,blur,873_img_.png,/workspace/underwater_enhancement/data/raw_underwater/UIEB/reference-890/873_img_.png
/workspace/underwater_enhancement/data/processed/physical_degradation/blue_cast/874_img__blue.png,blue_cast,874_img_.png,/workspace/underwater_enhancement/data/raw_underwater/UIEB/reference-890/874_img_.png
/workspace/underwater_enhancement/data/processed/physical_degradation/green_cast/874_img__green.png,green_cast,874_img_.png,/workspace/underwater_enhancement/data/raw_underwater/UIEB/reference-890/874_img_.png
/workspace/underwater_enhancement/data/processed/physical_degradation/low_light/874_img__lowlight.png,low_light,874_img_.png,/workspace/underwater_enhancement/data/raw_underwater/UIEB/reference-890/874_img_.png
/workspace/underwater_enhancement/data/processed/physical_degradation/blur/874_img__blur.png,blur,874_img_.png,/workspace/underwater_enhancement/data/raw_underwater/UIEB/reference-890/874_img_.png
/workspace/underwater_enhancement/data/processed/physical_degradation/blue_cast/875_img__blue.png,blue_cast,875_img_.png,/workspace/underwater_enhancement/data/raw_underwater/UIEB/reference-890/875_img_.png
/workspace/underwater_enhancement/data/processed/physical_degradation/green_cast/875_img__green.png,green_cast,875_img_.png,/workspace/underwater_enhancement/data/raw_underwater/UIEB/reference-890/875_img_.png
/workspace/underwater_enhancement/data/processed/physical_degradation/low_light/875_img__lowlight.png,low_light,875_img_.png,/workspace/underwater_enhancement/data/raw_underwater/UIEB/reference-890/875_img_.png
/workspace/underwater_enhancement/data/processed/physical_degradation/blur/875_img__blur.png,blur,875_img_.png,/workspace/underwater_enhancement/data/raw_underwater/UIEB/reference-890/875_img_.png
/workspace/underwater_enhancement/data/processed/physical_degradation/blue_cast/876_img__blue.png,blue_cast,876_img_.png,/workspace/underwater_enhancement/data/raw_underwater/UIEB/reference-890/876_img_.png
/workspace/underwater_enhancement/data/processed/physical_degradation/green_cast/876_img__green.png,green_cast,876_img_.png,/workspace/underwater_enhancement/data/raw_underwater/UIEB/reference-890/876_img_.png
/workspace/underwater_enhancement/data/processed/physical_degradation/low_light/876_img__lowlight.png,low_light,876_img_.png,/workspace/underwater_enhancement/data/raw_underwater/UIEB/reference-890/876_img_.png
/workspace/underwater_enhancement/data/processed/physical_degradation/blur/876_img__blur.png,blur,876_img_.png,/workspace/underwater_enhancement/data/raw_underwater/UIEB/reference-890/876_img_.png
/workspace/underwater_enhancement/data/processed/physical_degradation/blue_cast/877_img__blue.png,blue_cast,877_img_.png,/workspace/underwater_enhancement/data/raw_underwater/UIEB/reference-890/877_img_.png
/workspace/underwater_enhancement/data/processed/physical_degradation/green_cast/877_img__green.png,green_cast,877_img_.png,/workspace/underwater_enhancement/data/raw_underwater/UIEB/reference-890/877_img_.png
/workspace/underwater_enhancement/data/processed/physical_degradation/low_light/877_img__lowlight.png,low_light,877_img_.png,/workspace/underwater_enhancement/data/raw_underwater/UIEB/reference-890/877_img_.png
/workspace/underwater_enhancement/data/processed/physical_degradation/blur/877_img__blur.png,blur,877_img_.png,/workspace/underwater_enhancement/data/raw_underwater/UIEB/reference-890/877_img_.png
/workspace/underwater_enhancement/data/processed/physical_degradation/blue_cast/878_img__blue.png,blue_cast,878_img_.png,/workspace/underwater_enhancement/data/raw_underwater/UIEB/reference-890/878_img_.png
/workspace/underwater_enhancement/data/processed/physical_degradation/green_cast/878_img__green.png,green_cast,878_img_.png,/workspace/underwater_enhancement/data/raw_underwater/UIEB/reference-890/878_img_.png
/workspace/underwater_enhancement/data/processed/physical_degradation/low_light/878_img__lowlight.png,low_light,878_img_.png,/workspace/underwater_enhancement/data/raw_underwater/UIEB/reference-890/878_img_.png
/workspace/underwater_enhancement/data/processed/physical_degradation/blur/878_img__blur.png,blur,878_img_.png,/workspace/underwater_enhancement/data/raw_underwater/UIEB/reference-890/878_img_.png
/workspace/underwater_enhancement/data/processed/physical_degradation/blue_cast/879_img__blue.png,blue_cast,879_img_.png,/workspace/underwater_enhancement/data/raw_underwater/UIEB/reference-890/879_img_.png
/workspace/underwater_enhancement/data/processed/physical_degradation/green_cast/879_img__green.png,green_cast,879_img_.png,/workspace/underwater_enhancement/data/raw_underwater/UIEB/reference-890/879_img_.png
/workspace/underwater_enhancement/data/processed/physical_degradation/low_light/879_img__lowlight.png,low_light,879_img_.png,/workspace/underwater_enhancement/data/raw_underwater/UIEB/reference-890/879_img_.png
/workspace/underwater_enhancement/data/processed/physical_degradation/blur/879_img__blur.png,blur,879_img_.png,/workspace/underwater_enhancement/data/raw_underwater/UIEB/reference-890/879_img_.png
/workspace/underwater_enhancement/data/processed/physical_degradation/blue_cast/87_img__blue.png,blue_cast,87_img_.png,/workspace/underwater_enhancement/data/raw_underwater/UIEB/reference-890/87_img_.png
/workspace/underwater_enhancement/data/processed/physical_degradation/green_cast/87_img__green.png,green_cast,87_img_.png,/workspace/underwater_enhancement/data/raw_underwater/UIEB/reference-890/87_img_.png
/workspace/underwater_enhancement/data/processed/physical_degradation/low_light/87_img__lowlight.png,low_light,87_img_.png,/workspace/underwater_enhancement/data/raw_underwater/UIEB/reference-890/87_img_.png
/workspace/underwater_enhancement/data/processed/physical_degradation/blur/87_img__blur.png,blur,87_img_.png,/workspace/underwater_enhancement/data/raw_underwater/UIEB/reference-890/87_img_.png
/workspace/underwater_enhancement/data/processed/physical_degradation/blue_cast/880_img__blue.png,blue_cast,880_img_.png,/workspace/underwater_enhancement/data/raw_underwater/UIEB/reference-890/880_img_.png
/workspace/underwater_enhancement/data/processed/physical_degradation/green_cast/880_img__green.png,green_cast,880_img_.png,/workspace/underwater_enhancement/data/raw_underwater/UIEB/reference-890/880_img_.png
/workspace/underwater_enhancement/data/processed/physical_degradation/low_light/880_img__lowlight.png,low_light,880_img_.png,/workspace/underwater_enhancement/data/raw_underwater/UIEB/reference-890/880_img_.png
/workspace/underwater_enhancement/data/processed/physical_degradation/blur/880_img__blur.png,blur,880_img_.png,/workspace/underwater_enhancement/data/raw_underwater/UIEB/reference-890/880_img_.png
/workspace/underwater_enhancement/data/processed/physical_degradation/blue_cast/881_img__blue.png,blue_cast,881_img_.png,/workspace/underwater_enhancement/data/raw_underwater/UIEB/reference-890/881_img_.png
/workspace/underwater_enhancement/data/processed/physical_degradation/green_cast/881_img__green.png,green_cast,881_img_.png,/workspace/underwater_enhancement/data/raw_underwater/UIEB/reference-890/881_img_.png
/workspace/underwater_enhancement/data/processed/physical_degradation/low_light/881_img__lowlight.png,low_light,881_img_.png,/workspace/underwater_enhancement/data/raw_underwater/UIEB/reference-890/881_img_.png
/workspace/underwater_enhancement/data/processed/physical_degradation/blur/881_img__blur.png,blur,881_img_.png,/workspace/underwater_enhancement/data/raw_underwater/UIEB/reference-890/881_img_.png
/workspace/underwater_enhancement/data/processed/physical_degradation/blue_cast/887_img__blue.png,blue_cast,887_img_.png,/workspace/underwater_enhancement/data/raw_underwater/UIEB/reference-890/887_img_.png
/workspace/underwater_enhancement/data/processed/physical_degradation/green_cast/887_img__green.png,green_cast,887_img_.png,/workspace/underwater_enhancement/data/raw_underwater/UIEB/reference-890/887_img_.png
/workspace/underwater_enhancement/data/processed/physical_degradation/low_light/887_img__lowlight.png,low_light,887_img_.png,/workspace/underwater_enhancement/data/raw_underwater/UIEB/reference-890/887_img_.png
/workspace/underwater_enhancement/data/processed/physical_degradation/blur/887_img__blur.png,blur,887_img_.png,/workspace/underwater_enhancement/data/raw_underwater/UIEB/reference-890/887_img_.png
/workspace/underwater_enhancement/data/processed/physical_degradation/blue_cast/889_img__blue.png,blue_cast,889_img_.png,/workspace/underwater_enhancement/data/raw_underwater/UIEB/reference-890/889_img_.png
/workspace/underwater_enhancement/data/processed/physical_degradation/green_cast/889_img__green.png,green_cast,889_img_.png,/workspace/underwater_enhancement/data/raw_underwater/UIEB/reference-890/889_img_.png
/workspace/underwater_enhancement/data/processed/physical_degradation/low_light/889_img__lowlight.png,low_light,889_img_.png,/workspace/underwater_enhancement/data/raw_underwater/UIEB/reference-890/889_img_.png
/workspace/underwater_enhancement/data/processed/physical_degradation/blur/889_img__blur.png,blur,889_img_.png,/workspace/underwater_enhancement/data/raw_underwater/UIEB/reference-890/889_img_.png
/workspace/underwater_enhancement/data/processed/physical_degradation/blue_cast/890_blue.png,blue_cast,890.png,/workspace/underwater_enhancement/data/raw_underwater/UIEB/reference-890/890.png
/workspace/underwater_enhancement/data/processed/physical_degradation/green_cast/890_green.png,green_cast,890.png,/workspace/underwater_enhancement/data/raw_underwater/UIEB/reference-890/890.png
/workspace/underwater_enhancement/data/processed/physical_degradation/low_light/890_lowlight.png,low_light,890.png,/workspace/underwater_enhancement/data/raw_underwater/UIEB/reference-890/890.png
/workspace/underwater_enhancement/data/processed/physical_degradation/blur/890_blur.png,blur,890.png,/workspace/underwater_enhancement/data/raw_underwater/UIEB/reference-890/890.png
/workspace/underwater_enhancement/data/processed/physical_degradation/blue_cast/890_img__blue.png,blue_cast,890_img_.png,/workspace/underwater_enhancement/data/raw_underwater/UIEB/reference-890/890_img_.png
/workspace/underwater_enhancement/data/processed/physical_degradation/green_cast/890_img__green.png,green_cast,890_img_.png,/workspace/underwater_enhancement/data/raw_underwater/UIEB/reference-890/890_img_.png
/workspace/underwater_enhancement/data/processed/physical_degradation/low_light/890_img__lowlight.png,low_light,890_img_.png,/workspace/underwater_enhancement/data/raw_underwater/UIEB/reference-890/890_img_.png
/workspace/underwater_enhancement/data/processed/physical_degradation/blur/890_img__blur.png,blur,890_img_.png,/workspace/underwater_enhancement/data/raw_underwater/UIEB/reference-890/890_img_.png
/workspace/underwater_enhancement/data/processed/physical_degradation/blue_cast/891_img__blue.png,blue_cast,891_img_.png,/workspace/underwater_enhancement/data/raw_underwater/UIEB/reference-890/891_img_.png
/workspace/underwater_enhancement/data/processed/physical_degradation/green_cast/891_img__green.png,green_cast,891_img_.png,/workspace/underwater_enhancement/data/raw_underwater/UIEB/reference-890/891_img_.png
/workspace/underwater_enhancement/data/processed/physical_degradation/low_light/891_img__lowlight.png,low_light,891_img_.png,/workspace/underwater_enhancement/data/raw_underwater/UIEB/reference-890/891_img_.png
/workspace/underwater_enhancement/data/processed/physical_degradation/blur/891_img__blur.png,blur,891_img_.png,/workspace/underwater_enhancement/data/raw_underwater/UIEB/reference-890/891_img_.png
/workspace/underwater_enhancement/data/processed/physical_degradation/blue_cast/892_img__blue.png,blue_cast,892_img_.png,/workspace/underwater_enhancement/data/raw_underwater/UIEB/reference-890/892_img_.png
/workspace/underwater_enhancement/data/processed/physical_degradation/green_cast/892_img__green.png,green_cast,892_img_.png,/workspace/underwater_enhancement/data/raw_underwater/UIEB/reference-890/892_img_.png
/workspace/underwater_enhancement/data/processed/physical_degradation/low_light/892_img__lowlight.png,low_light,892_img_.png,/workspace/underwater_enhancement/data/raw_underwater/UIEB/reference-890/892_img_.png
/workspace/underwater_enhancement/data/processed/physical_degradation/blur/892_img__blur.png,blur,892_img_.png,/workspace/underwater_enhancement/data/raw_underwater/UIEB/reference-890/892_img_.png
/workspace/underwater_enhancement/data/processed/physical_degradation/blue_cast/893_img__blue.png,blue_cast,893_img_.png,/workspace/underwater_enhancement/data/raw_underwater/UIEB/reference-890/893_img_.png
/workspace/underwater_enhancement/data/processed/physical_degradation/green_cast/893_img__green.png,green_cast,893_img_.png,/workspace/underwater_enhancement/data/raw_underwater/UIEB/reference-890/893_img_.png
/workspace/underwater_enhancement/data/processed/physical_degradation/low_light/893_img__lowlight.png,low_light,893_img_.png,/workspace/underwater_enhancement/data/raw_underwater/UIEB/reference-890/893_img_.png
/workspace/underwater_enhancement/data/processed/physical_degradation/blur/893_img__blur.png,blur,893_img_.png,/workspace/underwater_enhancement/data/raw_underwater/UIEB/reference-890/893_img_.png
/workspace/underwater_enhancement/data/processed/physical_degradation/blue_cast/895_img__blue.png,blue_cast,895_img_.png,/workspace/underwater_enhancement/data/raw_underwater/UIEB/reference-890/895_img_.png
/workspace/underwater_enhancement/data/processed/physical_degradation/green_cast/895_img__green.png,green_cast,895_img_.png,/workspace/underwater_enhancement/data/raw_underwater/UIEB/reference-890/895_img_.png
/workspace/underwater_enhancement/data/processed/physical_degradation/low_light/895_img__lowlight.png,low_light,895_img_.png,/workspace/underwater_enhancement/data/raw_underwater/UIEB/reference-890/895_img_.png
/workspace/underwater_enhancement/data/processed/physical_degradation/blur/895_img__blur.png,blur,895_img_.png,/workspace/underwater_enhancement/data/raw_underwater/UIEB/reference-890/895_img_.png
/workspace/underwater_enhancement/data/processed/physical_degradation/blue_cast/896_img__blue.png,blue_cast,896_img_.png,/workspace/underwater_enhancement/data/raw_underwater/UIEB/reference-890/896_img_.png
/workspace/underwater_enhancement/data/processed/physical_degradation/green_cast/896_img__green.png,green_cast,896_img_.png,/workspace/underwater_enhancement/data/raw_underwater/UIEB/reference-890/896_img_.png
/workspace/underwater_enhancement/data/processed/physical_degradation/low_light/896_img__lowlight.png,low_light,896_img_.png,/workspace/underwater_enhancement/data/raw_underwater/UIEB/reference-890/896_img_.png
/workspace/underwater_enhancement/data/processed/physical_degradation/blur/896_img__blur.png,blur,896_img_.png,/workspace/underwater_enhancement/data/raw_underwater/UIEB/reference-890/896_img_.png
/workspace/underwater_enhancement/data/processed/physical_degradation/blue_cast/89_img__blue.png,blue_cast,89_img_.png,/workspace/underwater_enhancement/data/raw_underwater/UIEB/reference-890/89_img_.png
/workspace/underwater_enhancement/data/processed/physical_degradation/green_cast/89_img__green.png,green_cast,89_img_.png,/workspace/underwater_enhancement/data/raw_underwater/UIEB/reference-890/89_img_.png
/workspace/underwater_enhancement/data/processed/physical_degradation/low_light/89_img__lowlight.png,low_light,89_img_.png,/workspace/underwater_enhancement/data/raw_underwater/UIEB/reference-890/89_img_.png
/workspace/underwater_enhancement/data/processed/physical_degradation/blur/89_img__blur.png,blur,89_img_.png,/workspace/underwater_enhancement/data/raw_underwater/UIEB/reference-890/89_img_.png
/workspace/underwater_enhancement/data/processed/physical_degradation/blue_cast/8_img__blue.png,blue_cast,8_img_.png,/workspace/underwater_enhancement/data/raw_underwater/UIEB/reference-890/8_img_.png
/workspace/underwater_enhancement/data/processed/physical_degradation/green_cast/8_img__green.png,green_cast,8_img_.png,/workspace/underwater_enhancement/data/raw_underwater/UIEB/reference-890/8_img_.png
/workspace/underwater_enhancement/data/processed/physical_degradation/low_light/8_img__lowlight.png,low_light,8_img_.png,/workspace/underwater_enhancement/data/raw_underwater/UIEB/reference-890/8_img_.png
/workspace/underwater_enhancement/data/processed/physical_degradation/blur/8_img__blur.png,blur,8_img_.png,/workspace/underwater_enhancement/data/raw_underwater/UIEB/reference-890/8_img_.png
/workspace/underwater_enhancement/data/processed/physical_degradation/blue_cast/901_img__blue.png,blue_cast,901_img_.png,/workspace/underwater_enhancement/data/raw_underwater/UIEB/reference-890/901_img_.png
/workspace/underwater_enhancement/data/processed/physical_degradation/green_cast/901_img__green.png,green_cast,901_img_.png,/workspace/underwater_enhancement/data/raw_underwater/UIEB/reference-890/901_img_.png
/workspace/underwater_enhancement/data/processed/physical_degradation/low_light/901_img__lowlight.png,low_light,901_img_.png,/workspace/underwater_enhancement/data/raw_underwater/UIEB/reference-890/901_img_.png
/workspace/underwater_enhancement/data/processed/physical_degradation/blur/901_img__blur.png,blur,901_img_.png,/workspace/underwater_enhancement/data/raw_underwater/UIEB/reference-890/901_img_.png
/workspace/underwater_enhancement/data/processed/physical_degradation/blue_cast/904_img__blue.png,blue_cast,904_img_.png,/workspace/underwater_enhancement/data/raw_underwater/UIEB/reference-890/904_img_.png
/workspace/underwater_enhancement/data/processed/physical_degradation/green_cast/904_img__green.png,green_cast,904_img_.png,/workspace/underwater_enhancement/data/raw_underwater/UIEB/reference-890/904_img_.png
/workspace/underwater_enhancement/data/processed/physical_degradation/low_light/904_img__lowlight.png,low_light,904_img_.png,/workspace/underwater_enhancement/data/raw_underwater/UIEB/reference-890/904_img_.png
/workspace/underwater_enhancement/data/processed/physical_degradation/blur/904_img__blur.png,blur,904_img_.png,/workspace/underwater_enhancement/data/raw_underwater/UIEB/reference-890/904_img_.png
/workspace/underwater_enhancement/data/processed/physical_degradation/blue_cast/905_img__blue.png,blue_cast,905_img_.png,/workspace/underwater_enhancement/data/raw_underwater/UIEB/reference-890/905_img_.png
/workspace/underwater_enhancement/data/processed/physical_degradation/green_cast/905_img__green.png,green_cast,905_img_.png,/workspace/underwater_enhancement/data/raw_underwater/UIEB/reference-890/905_img_.png
/workspace/underwater_enhancement/data/processed/physical_degradation/low_light/905_img__lowlight.png,low_light,905_img_.png,/workspace/underwater_enhancement/data/raw_underwater/UIEB/reference-890/905_img_.png
/workspace/underwater_enhancement/data/processed/physical_degradation/blur/905_img__blur.png,blur,905_img_.png,/workspace/underwater_enhancement/data/raw_underwater/UIEB/reference-890/905_img_.png
/workspace/underwater_enhancement/data/processed/physical_degradation/blue_cast/906_img__blue.png,blue_cast,906_img_.png,/workspace/underwater_enhancement/data/raw_underwater/UIEB/reference-890/906_img_.png
/workspace/underwater_enhancement/data/processed/physical_degradation/green_cast/906_img__green.png,green_cast,906_img_.png,/workspace/underwater_enhancement/data/raw_underwater/UIEB/reference-890/906_img_.png
/workspace/underwater_enhancement/data/processed/physical_degradation/low_light/906_img__lowlight.png,low_light,906_img_.png,/workspace/underwater_enhancement/data/raw_underwater/UIEB/reference-890/906_img_.png
/workspace/underwater_enhancement/data/processed/physical_degradation/blur/906_img__blur.png,blur,906_img_.png,/workspace/underwater_enhancement/data/raw_underwater/UIEB/reference-890/906_img_.png
/workspace/underwater_enhancement/data/processed/physical_degradation/blue_cast/907_img__blue.png,blue_cast,907_img_.png,/workspace/underwater_enhancement/data/raw_underwater/UIEB/reference-890/907_img_.png
/workspace/underwater_enhancement/data/processed/physical_degradation/green_cast/907_img__green.png,green_cast,907_img_.png,/workspace/underwater_enhancement/data/raw_underwater/UIEB/reference-890/907_img_.png
/workspace/underwater_enhancement/data/processed/physical_degradation/low_light/907_img__lowlight.png,low_light,907_img_.png,/workspace/underwater_enhancement/data/raw_underwater/UIEB/reference-890/907_img_.png
/workspace/underwater_enhancement/data/processed/physical_degradation/blur/907_img__blur.png,blur,907_img_.png,/workspace/underwater_enhancement/data/raw_underwater/UIEB/reference-890/907_img_.png
/workspace/underwater_enhancement/data/processed/physical_degradation/blue_cast/908_img__blue.png,blue_cast,908_img_.png,/workspace/underwater_enhancement/data/raw_underwater/UIEB/reference-890/908_img_.png
/workspace/underwater_enhancement/data/processed/physical_degradation/green_cast/908_img__green.png,green_cast,908_img_.png,/workspace/underwater_enhancement/data/raw_underwater/UIEB/reference-890/908_img_.png
/workspace/underwater_enhancement/data/processed/physical_degradation/low_light/908_img__lowlight.png,low_light,908_img_.png,/workspace/underwater_enhancement/data/raw_underwater/UIEB/reference-890/908_img_.png
/workspace/underwater_enhancement/data/processed/physical_degradation/blur/908_img__blur.png,blur,908_img_.png,/workspace/underwater_enhancement/data/raw_underwater/UIEB/reference-890/908_img_.png
/workspace/underwater_enhancement/data/processed/physical_degradation/blue_cast/909_img__blue.png,blue_cast,909_img_.png,/workspace/underwater_enhancement/data/raw_underwater/UIEB/reference-890/909_img_.png
/workspace/underwater_enhancement/data/processed/physical_degradation/green_cast/909_img__green.png,green_cast,909_img_.png,/workspace/underwater_enhancement/data/raw_underwater/UIEB/reference-890/909_img_.png
/workspace/underwater_enhancement/data/processed/physical_degradation/low_light/909_img__lowlight.png,low_light,909_img_.png,/workspace/underwater_enhancement/data/raw_underwater/UIEB/reference-890/909_img_.png
/workspace/underwater_enhancement/data/processed/physical_degradation/blur/909_img__blur.png,blur,909_img_.png,/workspace/underwater_enhancement/data/raw_underwater/UIEB/reference-890/909_img_.png
/workspace/underwater_enhancement/data/processed/physical_degradation/blue_cast/90_img__blue.png,blue_cast,90_img_.png,/workspace/underwater_enhancement/data/raw_underwater/UIEB/reference-890/90_img_.png
/workspace/underwater_enhancement/data/processed/physical_degradation/green_cast/90_img__green.png,green_cast,90_img_.png,/workspace/underwater_enhancement/data/raw_underwater/UIEB/reference-890/90_img_.png
/workspace/underwater_enhancement/data/processed/physical_degradation/low_light/90_img__lowlight.png,low_light,90_img_.png,/workspace/underwater_enhancement/data/raw_underwater/UIEB/reference-890/90_img_.png
/workspace/underwater_enhancement/data/processed/physical_degradation/blur/90_img__blur.png,blur,90_img_.png,/workspace/underwater_enhancement/data/raw_underwater/UIEB/reference-890/90_img_.png
/workspace/underwater_enhancement/data/processed/physical_degradation/blue_cast/910_img__blue.png,blue_cast,910_img_.png,/workspace/underwater_enhancement/data/raw_underwater/UIEB/reference-890/910_img_.png
/workspace/underwater_enhancement/data/processed/physical_degradation/green_cast/910_img__green.png,green_cast,910_img_.png,/workspace/underwater_enhancement/data/raw_underwater/UIEB/reference-890/910_img_.png
/workspace/underwater_enhancement/data/processed/physical_degradation/low_light/910_img__lowlight.png,low_light,910_img_.png,/workspace/underwater_enhancement/data/raw_underwater/UIEB/reference-890/910_img_.png
/workspace/underwater_enhancement/data/processed/physical_degradation/blur/910_img__blur.png,blur,910_img_.png,/workspace/underwater_enhancement/data/raw_underwater/UIEB/reference-890/910_img_.png
/workspace/underwater_enhancement/data/processed/physical_degradation/blue_cast/911_img__blue.png,blue_cast,911_img_.png,/workspace/underwater_enhancement/data/raw_underwater/UIEB/reference-890/911_img_.png
/workspace/underwater_enhancement/data/processed/physical_degradation/green_cast/911_img__green.png,green_cast,911_img_.png,/workspace/underwater_enhancement/data/raw_underwater/UIEB/reference-890/911_img_.png
/workspace/underwater_enhancement/data/processed/physical_degradation/low_light/911_img__lowlight.png,low_light,911_img_.png,/workspace/underwater_enhancement/data/raw_underwater/UIEB/reference-890/911_img_.png
/workspace/underwater_enhancement/data/processed/physical_degradation/blur/911_img__blur.png,blur,911_img_.png,/workspace/underwater_enhancement/data/raw_underwater/UIEB/reference-890/911_img_.png
/workspace/underwater_enhancement/data/processed/physical_degradation/blue_cast/912_img__blue.png,blue_cast,912_img_.png,/workspace/underwater_enhancement/data/raw_underwater/UIEB/reference-890/912_img_.png
/workspace/underwater_enhancement/data/processed/physical_degradation/green_cast/912_img__green.png,green_cast,912_img_.png,/workspace/underwater_enhancement/data/raw_underwater/UIEB/reference-890/912_img_.png
/workspace/underwater_enhancement/data/processed/physical_degradation/low_light/912_img__lowlight.png,low_light,912_img_.png,/workspace/underwater_enhancement/data/raw_underwater/UIEB/reference-890/912_img_.png
/workspace/underwater_enhancement/data/processed/physical_degradation/blur/912_img__blur.png,blur,912_img_.png,/workspace/underwater_enhancement/data/raw_underwater/UIEB/reference-890/912_img_.png
/workspace/underwater_enhancement/data/processed/physical_degradation/blue_cast/913_img__blue.png,blue_cast,913_img_.png,/workspace/underwater_enhancement/data/raw_underwater/UIEB/reference-890/913_img_.png
/workspace/underwater_enhancement/data/processed/physical_degradation/green_cast/913_img__green.png,green_cast,913_img_.png,/workspace/underwater_enhancement/data/raw_underwater/UIEB/reference-890/913_img_.png
/workspace/underwater_enhancement/data/processed/physical_degradation/low_light/913_img__lowlight.png,low_light,913_img_.png,/workspace/underwater_enhancement/data/raw_underwater/UIEB/reference-890/913_img_.png
/workspace/underwater_enhancement/data/processed/physical_degradation/blur/913_img__blur.png,blur,913_img_.png,/workspace/underwater_enhancement/data/raw_underwater/UIEB/reference-890/913_img_.png
/workspace/underwater_enhancement/data/processed/physical_degradation/blue_cast/914_img__blue.png,blue_cast,914_img_.png,/workspace/underwater_enhancement/data/raw_underwater/UIEB/reference-890/914_img_.png
/workspace/underwater_enhancement/data/processed/physical_degradation/green_cast/914_img__green.png,green_cast,914_img_.png,/workspace/underwater_enhancement/data/raw_underwater/UIEB/reference-890/914_img_.png
/workspace/underwater_enhancement/data/processed/physical_degradation/low_light/914_img__lowlight.png,low_light,914_img_.png,/workspace/underwater_enhancement/data/raw_underwater/UIEB/reference-890/914_img_.png
/workspace/underwater_enhancement/data/processed/physical_degradation/blur/914_img__blur.png,blur,914_img_.png,/workspace/underwater_enhancement/data/raw_underwater/UIEB/reference-890/914_img_.png
/workspace/underwater_enhancement/data/processed/physical_degradation/blue_cast/915_img__blue.png,blue_cast,915_img_.png,/workspace/underwater_enhancement/data/raw_underwater/UIEB/reference-890/915_img_.png
/workspace/underwater_enhancement/data/processed/physical_degradation/green_cast/915_img__green.png,green_cast,915_img_.png,/workspace/underwater_enhancement/data/raw_underwater/UIEB/reference-890/915_img_.png
/workspace/underwater_enhancement/data/processed/physical_degradation/low_light/915_img__lowlight.png,low_light,915_img_.png,/workspace/underwater_enhancement/data/raw_underwater/UIEB/reference-890/915_img_.png
/workspace/underwater_enhancement/data/processed/physical_degradation/blur/915_img__blur.png,blur,915_img_.png,/workspace/underwater_enhancement/data/raw_underwater/UIEB/reference-890/915_img_.png
/workspace/underwater_enhancement/data/processed/physical_degradation/blue_cast/916_img__blue.png,blue_cast,916_img_.png,/workspace/underwater_enhancement/data/raw_underwater/UIEB/reference-890/916_img_.png
/workspace/underwater_enhancement/data/processed/physical_degradation/green_cast/916_img__green.png,green_cast,916_img_.png,/workspace/underwater_enhancement/data/raw_underwater/UIEB/reference-890/916_img_.png
/workspace/underwater_enhancement/data/processed/physical_degradation/low_light/916_img__lowlight.png,low_light,916_img_.png,/workspace/underwater_enhancement/data/raw_underwater/UIEB/reference-890/916_img_.png
/workspace/underwater_enhancement/data/processed/physical_degradation/blur/916_img__blur.png,blur,916_img_.png,/workspace/underwater_enhancement/data/raw_underwater/UIEB/reference-890/916_img_.png
/workspace/underwater_enhancement/data/processed/physical_degradation/blue_cast/917_img__blue.png,blue_cast,917_img_.png,/workspace/underwater_enhancement/data/raw_underwater/UIEB/reference-890/917_img_.png
/workspace/underwater_enhancement/data/processed/physical_degradation/green_cast/917_img__green.png,green_cast,917_img_.png,/workspace/underwater_enhancement/data/raw_underwater/UIEB/reference-890/917_img_.png
/workspace/underwater_enhancement/data/processed/physical_degradation/low_light/917_img__lowlight.png,low_light,917_img_.png,/workspace/underwater_enhancement/data/raw_underwater/UIEB/reference-890/917_img_.png
/workspace/underwater_enhancement/data/processed/physical_degradation/blur/917_img__blur.png,blur,917_img_.png,/workspace/underwater_enhancement/data/raw_underwater/UIEB/reference-890/917_img_.png
/workspace/underwater_enhancement/data/processed/physical_degradation/blue_cast/918_img__blue.png,blue_cast,918_img_.png,/workspace/underwater_enhancement/data/raw_underwater/UIEB/reference-890/918_img_.png
/workspace/underwater_enhancement/data/processed/physical_degradation/green_cast/918_img__green.png,green_cast,918_img_.png,/workspace/underwater_enhancement/data/raw_underwater/UIEB/reference-890/918_img_.png
/workspace/underwater_enhancement/data/processed/physical_degradation/low_light/918_img__lowlight.png,low_light,918_img_.png,/workspace/underwater_enhancement/data/raw_underwater/UIEB/reference-890/918_img_.png
/workspace/underwater_enhancement/data/processed/physical_degradation/blur/918_img__blur.png,blur,918_img_.png,/workspace/underwater_enhancement/data/raw_underwater/UIEB/reference-890/918_img_.png
/workspace/underwater_enhancement/data/processed/physical_degradation/blue_cast/919_img__blue.png,blue_cast,919_img_.png,/workspace/underwater_enhancement/data/raw_underwater/UIEB/reference-890/919_img_.png
/workspace/underwater_enhancement/data/processed/physical_degradation/green_cast/919_img__green.png,green_cast,919_img_.png,/workspace/underwater_enhancement/data/raw_underwater/UIEB/reference-890/919_img_.png
/workspace/underwater_enhancement/data/processed/physical_degradation/low_light/919_img__lowlight.png,low_light,919_img_.png,/workspace/underwater_enhancement/data/raw_underwater/UIEB/reference-890/919_img_.png
/workspace/underwater_enhancement/data/processed/physical_degradation/blur/919_img__blur.png,blur,919_img_.png,/workspace/underwater_enhancement/data/raw_underwater/UIEB/reference-890/919_img_.png
/workspace/underwater_enhancement/data/processed/physical_degradation/blue_cast/91_img__blue.png,blue_cast,91_img_.png,/workspace/underwater_enhancement/data/raw_underwater/UIEB/reference-890/91_img_.png
/workspace/underwater_enhancement/data/processed/physical_degradation/green_cast/91_img__green.png,green_cast,91_img_.png,/workspace/underwater_enhancement/data/raw_underwater/UIEB/reference-890/91_img_.png
/workspace/underwater_enhancement/data/processed/physical_degradation/low_light/91_img__lowlight.png,low_light,91_img_.png,/workspace/underwater_enhancement/data/raw_underwater/UIEB/reference-890/91_img_.png
/workspace/underwater_enhancement/data/processed/physical_degradation/blur/91_img__blur.png,blur,91_img_.png,/workspace/underwater_enhancement/data/raw_underwater/UIEB/reference-890/91_img_.png
/workspace/underwater_enhancement/data/processed/physical_degradation/blue_cast/920_img__blue.png,blue_cast,920_img_.png,/workspace/underwater_enhancement/data/raw_underwater/UIEB/reference-890/920_img_.png
/workspace/underwater_enhancement/data/processed/physical_degradation/green_cast/920_img__green.png,green_cast,920_img_.png,/workspace/underwater_enhancement/data/raw_underwater/UIEB/reference-890/920_img_.png
/workspace/underwater_enhancement/data/processed/physical_degradation/low_light/920_img__lowlight.png,low_light,920_img_.png,/workspace/underwater_enhancement/data/raw_underwater/UIEB/reference-890/920_img_.png
/workspace/underwater_enhancement/data/processed/physical_degradation/blur/920_img__blur.png,blur,920_img_.png,/workspace/underwater_enhancement/data/raw_underwater/UIEB/reference-890/920_img_.png
/workspace/underwater_enhancement/data/processed/physical_degradation/blue_cast/921_img__blue.png,blue_cast,921_img_.png,/workspace/underwater_enhancement/data/raw_underwater/UIEB/reference-890/921_img_.png
/workspace/underwater_enhancement/data/processed/physical_degradation/green_cast/921_img__green.png,green_cast,921_img_.png,/workspace/underwater_enhancement/data/raw_underwater/UIEB/reference-890/921_img_.png
/workspace/underwater_enhancement/data/processed/physical_degradation/low_light/921_img__lowlight.png,low_light,921_img_.png,/workspace/underwater_enhancement/data/raw_underwater/UIEB/reference-890/921_img_.png
/workspace/underwater_enhancement/data/processed/physical_degradation/blur/921_img__blur.png,blur,921_img_.png,/workspace/underwater_enhancement/data/raw_underwater/UIEB/reference-890/921_img_.png
/workspace/underwater_enhancement/data/processed/physical_degradation/blue_cast/922_img__blue.png,blue_cast,922_img_.png,/workspace/underwater_enhancement/data/raw_underwater/UIEB/reference-890/922_img_.png
/workspace/underwater_enhancement/data/processed/physical_degradation/green_cast/922_img__green.png,green_cast,922_img_.png,/workspace/underwater_enhancement/data/raw_underwater/UIEB/reference-890/922_img_.png
/workspace/underwater_enhancement/data/processed/physical_degradation/low_light/922_img__lowlight.png,low_light,922_img_.png,/workspace/underwater_enhancement/data/raw_underwater/UIEB/reference-890/922_img_.png
/workspace/underwater_enhancement/data/processed/physical_degradation/blur/922_img__blur.png,blur,922_img_.png,/workspace/underwater_enhancement/data/raw_underwater/UIEB/reference-890/922_img_.png
/workspace/underwater_enhancement/data/processed/physical_degradation/blue_cast/923_img__blue.png,blue_cast,923_img_.png,/workspace/underwater_enhancement/data/raw_underwater/UIEB/reference-890/923_img_.png
/workspace/underwater_enhancement/data/processed/physical_degradation/green_cast/923_img__green.png,green_cast,923_img_.png,/workspace/underwater_enhancement/data/raw_underwater/UIEB/reference-890/923_img_.png
/workspace/underwater_enhancement/data/processed/physical_degradation/low_light/923_img__lowlight.png,low_light,923_img_.png,/workspace/underwater_enhancement/data/raw_underwater/UIEB/reference-890/923_img_.png
/workspace/underwater_enhancement/data/processed/physical_degradation/blur/923_img__blur.png,blur,923_img_.png,/workspace/underwater_enhancement/data/raw_underwater/UIEB/reference-890/923_img_.png
/workspace/underwater_enhancement/data/processed/physical_degradation/blue_cast/924_img__blue.png,blue_cast,924_img_.png,/workspace/underwater_enhancement/data/raw_underwater/UIEB/reference-890/924_img_.png
/workspace/underwater_enhancement/data/processed/physical_degradation/green_cast/924_img__green.png,green_cast,924_img_.png,/workspace/underwater_enhancement/data/raw_underwater/UIEB/reference-890/924_img_.png
/workspace/underwater_enhancement/data/processed/physical_degradation/low_light/924_img__lowlight.png,low_light,924_img_.png,/workspace/underwater_enhancement/data/raw_underwater/UIEB/reference-890/924_img_.png
/workspace/underwater_enhancement/data/processed/physical_degradation/blur/924_img__blur.png,blur,924_img_.png,/workspace/underwater_enhancement/data/raw_underwater/UIEB/reference-890/924_img_.png
/workspace/underwater_enhancement/data/processed/physical_degradation/blue_cast/925_img__blue.png,blue_cast,925_img_.png,/workspace/underwater_enhancement/data/raw_underwater/UIEB/reference-890/925_img_.png
/workspace/underwater_enhancement/data/processed/physical_degradation/green_cast/925_img__green.png,green_cast,925_img_.png,/workspace/underwater_enhancement/data/raw_underwater/UIEB/reference-890/925_img_.png
/workspace/underwater_enhancement/data/processed/physical_degradation/low_light/925_img__lowlight.png,low_light,925_img_.png,/workspace/underwater_enhancement/data/raw_underwater/UIEB/reference-890/925_img_.png
/workspace/underwater_enhancement/data/processed/physical_degradation/blur/925_img__blur.png,blur,925_img_.png,/workspace/underwater_enhancement/data/raw_underwater/UIEB/reference-890/925_img_.png
/workspace/underwater_enhancement/data/processed/physical_degradation/blue_cast/926_img__blue.png,blue_cast,926_img_.png,/workspace/underwater_enhancement/data/raw_underwater/UIEB/reference-890/926_img_.png
/workspace/underwater_enhancement/data/processed/physical_degradation/green_cast/926_img__green.png,green_cast,926_img_.png,/workspace/underwater_enhancement/data/raw_underwater/UIEB/reference-890/926_img_.png
/workspace/underwater_enhancement/data/processed/physical_degradation/low_light/926_img__lowlight.png,low_light,926_img_.png,/workspace/underwater_enhancement/data/raw_underwater/UIEB/reference-890/926_img_.png
/workspace/underwater_enhancement/data/processed/physical_degradation/blur/926_img__blur.png,blur,926_img_.png,/workspace/underwater_enhancement/data/raw_underwater/UIEB/reference-890/926_img_.png
/workspace/underwater_enhancement/data/processed/physical_degradation/blue_cast/927_img__blue.png,blue_cast,927_img_.png,/workspace/underwater_enhancement/data/raw_underwater/UIEB/reference-890/927_img_.png
/workspace/underwater_enhancement/data/processed/physical_degradation/green_cast/927_img__green.png,green_cast,927_img_.png,/workspace/underwater_enhancement/data/raw_underwater/UIEB/reference-890/927_img_.png
/workspace/underwater_enhancement/data/processed/physical_degradation/low_light/927_img__lowlight.png,low_light,927_img_.png,/workspace/underwater_enhancement/data/raw_underwater/UIEB/reference-890/927_img_.png
/workspace/underwater_enhancement/data/processed/physical_degradation/blur/927_img__blur.png,blur,927_img_.png,/workspace/underwater_enhancement/data/raw_underwater/UIEB/reference-890/927_img_.png
/workspace/underwater_enhancement/data/processed/physical_degradation/blue_cast/928_img__blue.png,blue_cast,928_img_.png,/workspace/underwater_enhancement/data/raw_underwater/UIEB/reference-890/928_img_.png
/workspace/underwater_enhancement/data/processed/physical_degradation/green_cast/928_img__green.png,green_cast,928_img_.png,/workspace/underwater_enhancement/data/raw_underwater/UIEB/reference-890/928_img_.png
/workspace/underwater_enhancement/data/processed/physical_degradation/low_light/928_img__lowlight.png,low_light,928_img_.png,/workspace/underwater_enhancement/data/raw_underwater/UIEB/reference-890/928_img_.png
/workspace/underwater_enhancement/data/processed/physical_degradation/blur/928_img__blur.png,blur,928_img_.png,/workspace/underwater_enhancement/data/raw_underwater/UIEB/reference-890/928_img_.png
/workspace/underwater_enhancement/data/processed/physical_degradation/blue_cast/929_img__blue.png,blue_cast,929_img_.png,/workspace/underwater_enhancement/data/raw_underwater/UIEB/reference-890/929_img_.png
/workspace/underwater_enhancement/data/processed/physical_degradation/green_cast/929_img__green.png,green_cast,929_img_.png,/workspace/underwater_enhancement/data/raw_underwater/UIEB/reference-890/929_img_.png
/workspace/underwater_enhancement/data/processed/physical_degradation/low_light/929_img__lowlight.png,low_light,929_img_.png,/workspace/underwater_enhancement/data/raw_underwater/UIEB/reference-890/929_img_.png
/workspace/underwater_enhancement/data/processed/physical_degradation/blur/929_img__blur.png,blur,929_img_.png,/workspace/underwater_enhancement/data/raw_underwater/UIEB/reference-890/929_img_.png
/workspace/underwater_enhancement/data/processed/physical_degradation/blue_cast/92_img__blue.png,blue_cast,92_img_.png,/workspace/underwater_enhancement/data/raw_underwater/UIEB/reference-890/92_img_.png
/workspace/underwater_enhancement/data/processed/physical_degradation/green_cast/92_img__green.png,green_cast,92_img_.png,/workspace/underwater_enhancement/data/raw_underwater/UIEB/reference-890/92_img_.png
/workspace/underwater_enhancement/data/processed/physical_degradation/low_light/92_img__lowlight.png,low_light,92_img_.png,/workspace/underwater_enhancement/data/raw_underwater/UIEB/reference-890/92_img_.png
/workspace/underwater_enhancement/data/processed/physical_degradation/blur/92_img__blur.png,blur,92_img_.png,/workspace/underwater_enhancement/data/raw_underwater/UIEB/reference-890/92_img_.png
/workspace/underwater_enhancement/data/processed/physical_degradation/blue_cast/94_img__blue.png,blue_cast,94_img_.png,/workspace/underwater_enhancement/data/raw_underwater/UIEB/reference-890/94_img_.png
/workspace/underwater_enhancement/data/processed/physical_degradation/green_cast/94_img__green.png,green_cast,94_img_.png,/workspace/underwater_enhancement/data/raw_underwater/UIEB/reference-890/94_img_.png
/workspace/underwater_enhancement/data/processed/physical_degradation/low_light/94_img__lowlight.png,low_light,94_img_.png,/workspace/underwater_enhancement/data/raw_underwater/UIEB/reference-890/94_img_.png
/workspace/underwater_enhancement/data/processed/physical_degradation/blur/94_img__blur.png,blur,94_img_.png,/workspace/underwater_enhancement/data/raw_underwater/UIEB/reference-890/94_img_.png
/workspace/underwater_enhancement/data/processed/physical_degradation/blue_cast/9547_blue.png,blue_cast,9547.png,/workspace/underwater_enhancement/data/raw_underwater/UIEB/reference-890/9547.png
/workspace/underwater_enhancement/data/processed/physical_degradation/green_cast/9547_green.png,green_cast,9547.png,/workspace/underwater_enhancement/data/raw_underwater/UIEB/reference-890/9547.png
/workspace/underwater_enhancement/data/processed/physical_degradation/low_light/9547_lowlight.png,low_light,9547.png,/workspace/underwater_enhancement/data/raw_underwater/UIEB/reference-890/9547.png
/workspace/underwater_enhancement/data/processed/physical_degradation/blur/9547_blur.png,blur,9547.png,/workspace/underwater_enhancement/data/raw_underwater/UIEB/reference-890/9547.png
/workspace/underwater_enhancement/data/processed/physical_degradation/blue_cast/9554_blue.png,blue_cast,9554.png,/workspace/underwater_enhancement/data/raw_underwater/UIEB/reference-890/9554.png
/workspace/underwater_enhancement/data/processed/physical_degradation/green_cast/9554_green.png,green_cast,9554.png,/workspace/underwater_enhancement/data/raw_underwater/UIEB/reference-890/9554.png
/workspace/underwater_enhancement/data/processed/physical_degradation/low_light/9554_lowlight.png,low_light,9554.png,/workspace/underwater_enhancement/data/raw_underwater/UIEB/reference-890/9554.png
/workspace/underwater_enhancement/data/processed/physical_degradation/blur/9554_blur.png,blur,9554.png,/workspace/underwater_enhancement/data/raw_underwater/UIEB/reference-890/9554.png
/workspace/underwater_enhancement/data/processed/physical_degradation/blue_cast/9557_blue.png,blue_cast,9557.png,/workspace/underwater_enhancement/data/raw_underwater/UIEB/reference-890/9557.png
/workspace/underwater_enhancement/data/processed/physical_degradation/green_cast/9557_green.png,green_cast,9557.png,/workspace/underwater_enhancement/data/raw_underwater/UIEB/reference-890/9557.png
/workspace/underwater_enhancement/data/processed/physical_degradation/low_light/9557_lowlight.png,low_light,9557.png,/workspace/underwater_enhancement/data/raw_underwater/UIEB/reference-890/9557.png
/workspace/underwater_enhancement/data/processed/physical_degradation/blur/9557_blur.png,blur,9557.png,/workspace/underwater_enhancement/data/raw_underwater/UIEB/reference-890/9557.png
/workspace/underwater_enhancement/data/processed/physical_degradation/blue_cast/9567_blue.png,blue_cast,9567.png,/workspace/underwater_enhancement/data/raw_underwater/UIEB/reference-890/9567.png
/workspace/underwater_enhancement/data/processed/physical_degradation/green_cast/9567_green.png,green_cast,9567.png,/workspace/underwater_enhancement/data/raw_underwater/UIEB/reference-890/9567.png
/workspace/underwater_enhancement/data/processed/physical_degradation/low_light/9567_lowlight.png,low_light,9567.png,/workspace/underwater_enhancement/data/raw_underwater/UIEB/reference-890/9567.png
/workspace/underwater_enhancement/data/processed/physical_degradation/blur/9567_blur.png,blur,9567.png,/workspace/underwater_enhancement/data/raw_underwater/UIEB/reference-890/9567.png
/workspace/underwater_enhancement/data/processed/physical_degradation/blue_cast/95_img__blue.png,blue_cast,95_img_.png,/workspace/underwater_enhancement/data/raw_underwater/UIEB/reference-890/95_img_.png
/workspace/underwater_enhancement/data/processed/physical_degradation/green_cast/95_img__green.png,green_cast,95_img_.png,/workspace/underwater_enhancement/data/raw_underwater/UIEB/reference-890/95_img_.png
/workspace/underwater_enhancement/data/processed/physical_degradation/low_light/95_img__lowlight.png,low_light,95_img_.png,/workspace/underwater_enhancement/data/raw_underwater/UIEB/reference-890/95_img_.png
/workspace/underwater_enhancement/data/processed/physical_degradation/blur/95_img__blur.png,blur,95_img_.png,/workspace/underwater_enhancement/data/raw_underwater/UIEB/reference-890/95_img_.png
/workspace/underwater_enhancement/data/processed/physical_degradation/blue_cast/96_img__blue.png,blue_cast,96_img_.png,/workspace/underwater_enhancement/data/raw_underwater/UIEB/reference-890/96_img_.png
/workspace/underwater_enhancement/data/processed/physical_degradation/green_cast/96_img__green.png,green_cast,96_img_.png,/workspace/underwater_enhancement/data/raw_underwater/UIEB/reference-890/96_img_.png
/workspace/underwater_enhancement/data/processed/physical_degradation/low_light/96_img__lowlight.png,low_light,96_img_.png,/workspace/underwater_enhancement/data/raw_underwater/UIEB/reference-890/96_img_.png
/workspace/underwater_enhancement/data/processed/physical_degradation/blur/96_img__blur.png,blur,96_img_.png,/workspace/underwater_enhancement/data/raw_underwater/UIEB/reference-890/96_img_.png
/workspace/underwater_enhancement/data/processed/physical_degradation/blue_cast/97_img__blue.png,blue_cast,97_img_.png,/workspace/underwater_enhancement/data/raw_underwater/UIEB/reference-890/97_img_.png
/workspace/underwater_enhancement/data/processed/physical_degradation/green_cast/97_img__green.png,green_cast,97_img_.png,/workspace/underwater_enhancement/data/raw_underwater/UIEB/reference-890/97_img_.png
/workspace/underwater_enhancement/data/processed/physical_degradation/low_light/97_img__lowlight.png,low_light,97_img_.png,/workspace/underwater_enhancement/data/raw_underwater/UIEB/reference-890/97_img_.png
/workspace/underwater_enhancement/data/processed/physical_degradation/blur/97_img__blur.png,blur,97_img_.png,/workspace/underwater_enhancement/data/raw_underwater/UIEB/reference-890/97_img_.png
/workspace/underwater_enhancement/data/processed/physical_degradation/blue_cast/9896_blue.png,blue_cast,9896.png,/workspace/underwater_enhancement/data/raw_underwater/UIEB/reference-890/9896.png
/workspace/underwater_enhancement/data/processed/physical_degradation/green_cast/9896_green.png,green_cast,9896.png,/workspace/underwater_enhancement/data/raw_underwater/UIEB/reference-890/9896.png
/workspace/underwater_enhancement/data/processed/physical_degradation/low_light/9896_lowlight.png,low_light,9896.png,/workspace/underwater_enhancement/data/raw_underwater/UIEB/reference-890/9896.png
/workspace/underwater_enhancement/data/processed/physical_degradation/blur/9896_blur.png,blur,9896.png,/workspace/underwater_enhancement/data/raw_underwater/UIEB/reference-890/9896.png
/workspace/underwater_enhancement/data/processed/physical_degradation/blue_cast/98_img__blue.png,blue_cast,98_img_.png,/workspace/underwater_enhancement/data/raw_underwater/UIEB/reference-890/98_img_.png
/workspace/underwater_enhancement/data/processed/physical_degradation/green_cast/98_img__green.png,green_cast,98_img_.png,/workspace/underwater_enhancement/data/raw_underwater/UIEB/reference-890/98_img_.png
/workspace/underwater_enhancement/data/processed/physical_degradation/low_light/98_img__lowlight.png,low_light,98_img_.png,/workspace/underwater_enhancement/data/raw_underwater/UIEB/reference-890/98_img_.png
/workspace/underwater_enhancement/data/processed/physical_degradation/blur/98_img__blur.png,blur,98_img_.png,/workspace/underwater_enhancement/data/raw_underwater/UIEB/reference-890/98_img_.png
/workspace/underwater_enhancement/data/processed/physical_degradation/blue_cast/9900_blue.png,blue_cast,9900.png,/workspace/underwater_enhancement/data/raw_underwater/UIEB/reference-890/9900.png
/workspace/underwater_enhancement/data/processed/physical_degradation/green_cast/9900_green.png,green_cast,9900.png,/workspace/underwater_enhancement/data/raw_underwater/UIEB/reference-890/9900.png
/workspace/underwater_enhancement/data/processed/physical_degradation/low_light/9900_lowlight.png,low_light,9900.png,/workspace/underwater_enhancement/data/raw_underwater/UIEB/reference-890/9900.png
/workspace/underwater_enhancement/data/processed/physical_degradation/blur/9900_blur.png,blur,9900.png,/workspace/underwater_enhancement/data/raw_underwater/UIEB/reference-890/9900.png
/workspace/underwater_enhancement/data/processed/physical_degradation/blue_cast/9907_blue.png,blue_cast,9907.png,/workspace/underwater_enhancement/data/raw_underwater/UIEB/reference-890/9907.png
/workspace/underwater_enhancement/data/processed/physical_degradation/green_cast/9907_green.png,green_cast,9907.png,/workspace/underwater_enhancement/data/raw_underwater/UIEB/reference-890/9907.png
/workspace/underwater_enhancement/data/processed/physical_degradation/low_light/9907_lowlight.png,low_light,9907.png,/workspace/underwater_enhancement/data/raw_underwater/UIEB/reference-890/9907.png
/workspace/underwater_enhancement/data/processed/physical_degradation/blur/9907_blur.png,blur,9907.png,/workspace/underwater_enhancement/data/raw_underwater/UIEB/reference-890/9907.png
/workspace/underwater_enhancement/data/processed/physical_degradation/blue_cast/9947_blue.png,blue_cast,9947.png,/workspace/underwater_enhancement/data/raw_underwater/UIEB/reference-890/9947.png
/workspace/underwater_enhancement/data/processed/physical_degradation/green_cast/9947_green.png,green_cast,9947.png,/workspace/underwater_enhancement/data/raw_underwater/UIEB/reference-890/9947.png
/workspace/underwater_enhancement/data/processed/physical_degradation/low_light/9947_lowlight.png,low_light,9947.png,/workspace/underwater_enhancement/data/raw_underwater/UIEB/reference-890/9947.png
/workspace/underwater_enhancement/data/processed/physical_degradation/blur/9947_blur.png,blur,9947.png,/workspace/underwater_enhancement/data/raw_underwater/UIEB/reference-890/9947.png
/workspace/underwater_enhancement/data/processed/physical_degradation/blue_cast/99_img__blue.png,blue_cast,99_img_.png,/workspace/underwater_enhancement/data/raw_underwater/UIEB/reference-890/99_img_.png
/workspace/underwater_enhancement/data/processed/physical_degradation/green_cast/99_img__green.png,green_cast,99_img_.png,/workspace/underwater_enhancement/data/raw_underwater/UIEB/reference-890/99_img_.png
/workspace/underwater_enhancement/data/processed/physical_degradation/low_light/99_img__lowlight.png,low_light,99_img_.png,/workspace/underwater_enhancement/data/raw_underwater/UIEB/reference-890/99_img_.png
/workspace/underwater_enhancement/data/processed/physical_degradation/blur/99_img__blur.png,blur,99_img_.png,/workspace/underwater_enhancement/data/raw_underwater/UIEB/reference-890/99_img_.png
/workspace/underwater_enhancement/data/processed/physical_degradation/blue_cast/9_img__blue.png,blue_cast,9_img_.png,/workspace/underwater_enhancement/data/raw_underwater/UIEB/reference-890/9_img_.png
/workspace/underwater_enhancement/data/processed/physical_degradation/green_cast/9_img__green.png,green_cast,9_img_.png,/workspace/underwater_enhancement/data/raw_underwater/UIEB/reference-890/9_img_.png
/workspace/underwater_enhancement/data/processed/physical_degradation/low_light/9_img__lowlight.png,low_light,9_img_.png,/workspace/underwater_enhancement/data/raw_underwater/UIEB/reference-890/9_img_.png
/workspace/underwater_enhancement/data/processed/physical_degradation/blur/9_img__blur.png,blur,9_img_.png,/workspace/underwater_enhancement/data/raw_underwater/UIEB/reference-890/9_img_.png
