dataset,image_name,attention_blue,attention_green,attention_lowlight,attention_blur
UIEB_raw_890,100_img_-checkpoint.png,0.25,0.25,0.25,0.25
UIEB_raw_890,100_img_.png,0.25,0.25,0.25,0.25
UIEB_raw_890,10139.png,0.25,0.25,0.25,0.25
UIEB_raw_890,10151.png,0.25,0.25,0.25,0.25
UIEB_raw_890,101_img_.png,0.25,0.25,0.25,0.25
UIEB_raw_890,102_img_.png,0.25,0.25,0.25,0.25
UIEB_raw_890,104_img_.png,0.25,0.25,0.25,0.25
UIEB_raw_890,105_img_.png,0.25,0.25,0.25,0.25
UIEB_raw_890,106_img_.png,0.25,0.25,0.25,0.25
UIEB_raw_890,107_img_.png,0.25,0.25,0.25,0.25
UIEB_raw_890,108_img_.png,0.25,0.25,0.25,0.25
UIEB_raw_890,10909.png,0.25,0.25,0.25,0.25
UIEB_raw_890,10945.png,0.25,0.25,0.25,0.25
UIEB_raw_890,109_img_.png,0.25,0.25,0.25,0.25
UIEB_raw_890,10_img_.png,0.25,0.25,0.25,0.25
UIEB_raw_890,11052.png,0.25,0.25,0.25,0.25
UIEB_raw_890,11064.png,0.25,0.25,0.25,0.25
UIEB_raw_890,111_img_.png,0.25,0.25,0.25,0.25
UIEB_raw_890,112_img_.png,0.25,0.25,0.25,0.25
UIEB_raw_890,11374.png,0.25,0.25,0.25,0.25
UIEB_raw_890,11398.png,0.25,0.25,0.25,0.25
UIEB_raw_890,113_img_.png,0.25,0.25,0.25,0.25
UIEB_raw_890,114_img_.png,0.25,0.25,0.25,0.25
UIEB_raw_890,115_img_.png,0.25,0.25,0.25,0.25
UIEB_raw_890,116_img_.png,0.25,0.25,0.25,0.25
UIEB_raw_890,117_img_.png,0.25,0.25,0.25,0.25
UIEB_raw_890,118_img_.png,0.25,0.25,0.25,0.25
UIEB_raw_890,11_img_.png,0.25,0.25,0.25,0.25
UIEB_raw_890,120_img_.png,0.25,0.25,0.25,0.25
UIEB_raw_890,121_img_.png,0.25,0.25,0.25,0.25
UIEB_raw_890,1225.png,0.25,0.25,0.25,0.25
UIEB_raw_890,12290.png,0.25,0.25,0.25,0.25
UIEB_raw_890,12299.png,0.25,0.25,0.25,0.25
UIEB_raw_890,122_img_.png,0.25,0.25,0.25,0.25
UIEB_raw_890,12324.png,0.25,0.25,0.25,0.25
UIEB_raw_890,12336.png,0.25,0.25,0.25,0.25
UIEB_raw_890,12348.png,0.25,0.25,0.25,0.25
UIEB_raw_890,123_img_.png,0.25,0.25,0.25,0.25
UIEB_raw_890,12422.png,0.25,0.25,0.25,0.25
UIEB_raw_890,12433.png,0.25,0.25,0.25,0.25
UIEB_raw_890,12445.png,0.25,0.25,0.25,0.25
UIEB_raw_890,124_img_.png,0.25,0.25,0.25,0.25
UIEB_raw_890,125_img_.png,0.25,0.25,0.25,0.25
UIEB_raw_890,12900.png,0.25,0.25,0.25,0.25
UIEB_raw_890,129_img_.png,0.25,0.25,0.25,0.25
UIEB_raw_890,130_img_.png,0.25,0.25,0.25,0.25
UIEB_raw_890,131_img_.png,0.25,0.25,0.25,0.25
UIEB_raw_890,133_img_.png,0.25,0.25,0.25,0.25
UIEB_raw_890,135_img_.png,0.25,0.25,0.25,0.25
UIEB_raw_890,136_img_.png,0.25,0.25,0.25,0.25
UIEB_raw_890,137_img_.png,0.25,0.25,0.25,0.25
UIEB_raw_890,138_img_.png,0.25,0.25,0.25,0.25
UIEB_raw_890,139_img_.png,0.25,0.25,0.25,0.25
UIEB_raw_890,13_img_.png,0.25,0.25,0.25,0.25
UIEB_raw_890,1407.png,0.25,0.25,0.25,0.25
UIEB_raw_890,140_img_.png,0.25,0.25,0.25,0.25
UIEB_raw_890,141_img_.png,0.25,0.25,0.25,0.25
UIEB_raw_890,142_img_.png,0.25,0.25,0.25,0.25
UIEB_raw_890,143_img_.png,0.25,0.25,0.25,0.25
UIEB_raw_890,144_img_.png,0.25,0.25,0.25,0.25
UIEB_raw_890,145_img_.png,0.25,0.25,0.25,0.25
UIEB_raw_890,146_img_.png,0.25,0.25,0.25,0.25
UIEB_raw_890,148_img_.png,0.25,0.25,0.25,0.25
UIEB_raw_890,1491.png,0.25,0.25,0.25,0.25
UIEB_raw_890,149_img_.png,0.25,0.25,0.25,0.25
UIEB_raw_890,14_img_.png,0.25,0.25,0.25,0.25
UIEB_raw_890,15001.png,0.25,0.25,0.25,0.25
UIEB_raw_890,15003.png,0.25,0.25,0.25,0.25
UIEB_raw_890,15045.png,0.25,0.25,0.25,0.25
UIEB_raw_890,15094.png,0.25,0.25,0.25,0.25
UIEB_raw_890,150_img_.png,0.25,0.25,0.25,0.25
UIEB_raw_890,15113.png,0.25,0.25,0.25,0.25
UIEB_raw_890,15136.png,0.25,0.25,0.25,0.25
UIEB_raw_890,151_img_.png,0.25,0.25,0.25,0.25
UIEB_raw_890,152_img_.png,0.25,0.25,0.25,0.25
UIEB_raw_890,1539.png,0.25,0.25,0.25,0.25
UIEB_raw_890,153_img_.png,0.25,0.25,0.25,0.25
UIEB_raw_890,15418.png,0.25,0.25,0.25,0.25
UIEB_raw_890,15426.png,0.25,0.25,0.25,0.25
UIEB_raw_890,154_img_.png,0.25,0.25,0.25,0.25
UIEB_raw_890,15544.png,0.25,0.25,0.25,0.25
UIEB_raw_890,155_img_.png,0.25,0.25,0.25,0.25
UIEB_raw_890,156_img_.png,0.25,0.25,0.25,0.25
UIEB_raw_890,15704.png,0.25,0.25,0.25,0.25
UIEB_raw_890,1573.png,0.25,0.25,0.25,0.25
UIEB_raw_890,157_img_.png,0.25,0.25,0.25,0.25
UIEB_raw_890,158_img_.png,0.25,0.25,0.25,0.25
UIEB_raw_890,159_img_.png,0.25,0.25,0.25,0.25
UIEB_raw_890,15_img_.png,0.25,0.25,0.25,0.25
UIEB_raw_890,160_img_.png,0.25,0.25,0.25,0.25
UIEB_raw_890,161_img_.png,0.25,0.25,0.25,0.25
UIEB_raw_890,162_img_.png,0.25,0.25,0.25,0.25
UIEB_raw_890,163_img_.png,0.25,0.25,0.25,0.25
UIEB_raw_890,164_img_.png,0.25,0.25,0.25,0.25
UIEB_raw_890,165_img_.png,0.25,0.25,0.25,0.25
UIEB_raw_890,1660.png,0.25,0.25,0.25,0.25
UIEB_raw_890,166_img_.png,0.25,0.25,0.25,0.25
UIEB_raw_890,168_img_.png,0.25,0.25,0.25,0.25
UIEB_raw_890,169_img_.png,0.25,0.25,0.25,0.25
UIEB_raw_890,16_img_.png,0.25,0.25,0.25,0.25
UIEB_raw_890,170_img_.png,0.25,0.25,0.25,0.25
UIEB_raw_890,171_img_.png,0.25,0.25,0.25,0.25
UIEB_raw_890,172_img_.png,0.25,0.25,0.25,0.25
UIEB_raw_890,173_img_.png,0.25,0.25,0.25,0.25
UIEB_raw_890,1742.png,0.25,0.25,0.25,0.25
UIEB_raw_890,174_img_.png,0.25,0.25,0.25,0.25
UIEB_raw_890,175_img_.png,0.25,0.25,0.25,0.25
UIEB_raw_890,176_img_.png,0.25,0.25,0.25,0.25
UIEB_raw_890,177_img_.png,0.25,0.25,0.25,0.25
UIEB_raw_890,178_img_.png,0.25,0.25,0.25,0.25
UIEB_raw_890,179_img_.png,0.25,0.25,0.25,0.25
UIEB_raw_890,17_img_.png,0.25,0.25,0.25,0.25
UIEB_raw_890,180_img_.png,0.25,0.25,0.25,0.25
UIEB_raw_890,182_img_.png,0.25,0.25,0.25,0.25
UIEB_raw_890,183_img_.png,0.25,0.25,0.25,0.25
UIEB_raw_890,184_img_.png,0.25,0.25,0.25,0.25
UIEB_raw_890,185_img_.png,0.25,0.25,0.25,0.25
UIEB_raw_890,186_img_.png,0.25,0.25,0.25,0.25
UIEB_raw_890,187_img_.png,0.25,0.25,0.25,0.25
UIEB_raw_890,188_img_.png,0.25,0.25,0.25,0.25
UIEB_raw_890,189_img_.png,0.25,0.25,0.25,0.25
UIEB_raw_890,18_img_.png,0.25,0.25,0.25,0.25
UIEB_raw_890,190_img_.png,0.25,0.25,0.25,0.25
UIEB_raw_890,191_img_.png,0.25,0.25,0.25,0.25
UIEB_raw_890,192_img_.png,0.25,0.25,0.25,0.25
UIEB_raw_890,193_img_.png,0.25,0.25,0.25,0.25
UIEB_raw_890,194_img_.png,0.25,0.25,0.25,0.25
UIEB_raw_890,1957.png,0.25,0.25,0.25,0.25
UIEB_raw_890,195_img_.png,0.25,0.25,0.25,0.25
UIEB_raw_890,196_img_.png,0.25,0.25,0.25,0.25
UIEB_raw_890,197_img_.png,0.25,0.25,0.25,0.25
UIEB_raw_890,198_img_.png,0.25,0.25,0.25,0.25
UIEB_raw_890,199_img_.png,0.25,0.25,0.25,0.25
UIEB_raw_890,19_img_.png,0.25,0.25,0.25,0.25
UIEB_raw_890,20.png,0.25,0.25,0.25,0.25
UIEB_raw_890,200_img_.png,0.25,0.25,0.25,0.25
UIEB_raw_890,201_img_.png,0.25,0.25,0.25,0.25
UIEB_raw_890,202_img_.png,0.25,0.25,0.25,0.25
UIEB_raw_890,203_img_.png,0.25,0.25,0.25,0.25
UIEB_raw_890,204_img_.png,0.25,0.25,0.25,0.25
UIEB_raw_890,205_img_.png,0.25,0.25,0.25,0.25
UIEB_raw_890,206_img_.png,0.25,0.25,0.25,0.25
UIEB_raw_890,207_img_.png,0.25,0.25,0.25,0.25
UIEB_raw_890,208_img_.png,0.25,0.25,0.25,0.25
UIEB_raw_890,209_img_.png,0.25,0.25,0.25,0.25
UIEB_raw_890,210_img_.png,0.25,0.25,0.25,0.25
UIEB_raw_890,211_img_.png,0.25,0.25,0.25,0.25
UIEB_raw_890,212_img_.png,0.25,0.25,0.25,0.25
UIEB_raw_890,213_img_.png,0.25,0.25,0.25,0.25
UIEB_raw_890,214_img_.png,0.25,0.25,0.25,0.25
UIEB_raw_890,215_img_.png,0.25,0.25,0.25,0.25
UIEB_raw_890,216_img_.png,0.25,0.25,0.25,0.25
UIEB_raw_890,217_img_.png,0.25,0.25,0.25,0.25
UIEB_raw_890,219_img_.png,0.25,0.25,0.25,0.25
UIEB_raw_890,220_img_.png,0.25,0.25,0.25,0.25
UIEB_raw_890,221_img_.png,0.25,0.25,0.25,0.25
UIEB_raw_890,222_img_.png,0.25,0.25,0.25,0.25
UIEB_raw_890,223_img_.png,0.25,0.25,0.25,0.25
UIEB_raw_890,224_img_.png,0.25,0.25,0.25,0.25
UIEB_raw_890,225_img_.png,0.25,0.25,0.25,0.25
UIEB_raw_890,226_img_.png,0.25,0.25,0.25,0.25
UIEB_raw_890,227_img_.png,0.25,0.25,0.25,0.25
UIEB_raw_890,228_img_.png,0.25,0.25,0.25,0.25
UIEB_raw_890,229_img_.png,0.25,0.25,0.25,0.25
UIEB_raw_890,22_img_.png,0.25,0.25,0.25,0.25
UIEB_raw_890,230_img_.png,0.25,0.25,0.25,0.25
UIEB_raw_890,231_img_.png,0.25,0.25,0.25,0.25
UIEB_raw_890,232_img_.png,0.25,0.25,0.25,0.25
UIEB_raw_890,233_img_.png,0.25,0.25,0.25,0.25
UIEB_raw_890,234_img_.png,0.25,0.25,0.25,0.25
UIEB_raw_890,236_img_.png,0.25,0.25,0.25,0.25
UIEB_raw_890,238_img_.png,0.25,0.25,0.25,0.25
UIEB_raw_890,23_img_.png,0.25,0.25,0.25,0.25
UIEB_raw_890,240_img_.png,0.25,0.25,0.25,0.25
UIEB_raw_890,241_img_.png,0.25,0.25,0.25,0.25
UIEB_raw_890,242_img_.png,0.25,0.25,0.25,0.25
UIEB_raw_890,243_img_.png,0.25,0.25,0.25,0.25
UIEB_raw_890,244_img_.png,0.25,0.25,0.25,0.25
UIEB_raw_890,245_img_.png,0.25,0.25,0.25,0.25
UIEB_raw_890,246_img_.png,0.25,0.25,0.25,0.25
UIEB_raw_890,247_img_.png,0.25,0.25,0.25,0.25
UIEB_raw_890,248_img_.png,0.25,0.25,0.25,0.25
UIEB_raw_890,24_img_.png,0.25,0.25,0.25,0.25
UIEB_raw_890,251_img_.png,0.25,0.25,0.25,0.25
UIEB_raw_890,252_img_.png,0.25,0.25,0.25,0.25
UIEB_raw_890,253_img_.png,0.25,0.25,0.25,0.25
UIEB_raw_890,2546.png,0.25,0.25,0.25,0.25
UIEB_raw_890,254_img_.png,0.25,0.25,0.25,0.25
UIEB_raw_890,255_img_.png,0.25,0.25,0.25,0.25
UIEB_raw_890,257_img_.png,0.25,0.25,0.25,0.25
UIEB_raw_890,258_img_.png,0.25,0.25,0.25,0.25
UIEB_raw_890,259_img_.png,0.25,0.25,0.25,0.25
UIEB_raw_890,25_img_.png,0.25,0.25,0.25,0.25
UIEB_raw_890,260_img_.png,0.25,0.25,0.25,0.25
UIEB_raw_890,261_img_.png,0.25,0.25,0.25,0.25
UIEB_raw_890,2629.png,0.25,0.25,0.25,0.25
UIEB_raw_890,262_img_.png,0.25,0.25,0.25,0.25
UIEB_raw_890,263_img_.png,0.25,0.25,0.25,0.25
UIEB_raw_890,265_img_.png,0.25,0.25,0.25,0.25
UIEB_raw_890,266_img_.png,0.25,0.25,0.25,0.25
UIEB_raw_890,2677.png,0.25,0.25,0.25,0.25
UIEB_raw_890,267_img_.png,0.25,0.25,0.25,0.25
UIEB_raw_890,268_img_.png,0.25,0.25,0.25,0.25
UIEB_raw_890,26_img_.png,0.25,0.25,0.25,0.25
UIEB_raw_890,2701.png,0.25,0.25,0.25,0.25
UIEB_raw_890,270_img_.png,0.25,0.25,0.25,0.25
UIEB_raw_890,271_img_.png,0.25,0.25,0.25,0.25
UIEB_raw_890,272_img_.png,0.25,0.25,0.25,0.25
UIEB_raw_890,273_img_.png,0.25,0.25,0.25,0.25
UIEB_raw_890,274_img_.png,0.25,0.25,0.25,0.25
UIEB_raw_890,275_img_.png,0.25,0.25,0.25,0.25
UIEB_raw_890,276_img_.png,0.25,0.25,0.25,0.25
UIEB_raw_890,2774.png,0.25,0.25,0.25,0.25
UIEB_raw_890,277_img_.png,0.25,0.25,0.25,0.25
UIEB_raw_890,2787.png,0.25,0.25,0.25,0.25
UIEB_raw_890,278_img_.png,0.25,0.25,0.25,0.25
UIEB_raw_890,279_img_.png,0.25,0.25,0.25,0.25
UIEB_raw_890,27_img_.png,0.25,0.25,0.25,0.25
UIEB_raw_890,280_img_.png,0.25,0.25,0.25,0.25
UIEB_raw_890,281_img_.png,0.25,0.25,0.25,0.25
UIEB_raw_890,282_img_.png,0.25,0.25,0.25,0.25
UIEB_raw_890,284_img_.png,0.25,0.25,0.25,0.25
UIEB_raw_890,285_img_.png,0.25,0.25,0.25,0.25
UIEB_raw_890,287_img_.png,0.25,0.25,0.25,0.25
UIEB_raw_890,2882.png,0.25,0.25,0.25,0.25
UIEB_raw_890,288_img_.png,0.25,0.25,0.25,0.25
UIEB_raw_890,28_img_.png,0.25,0.25,0.25,0.25
UIEB_raw_890,290_img_.png,0.25,0.25,0.25,0.25
UIEB_raw_890,292_img_.png,0.25,0.25,0.25,0.25
UIEB_raw_890,293_img_.png,0.25,0.25,0.25,0.25
UIEB_raw_890,294_img_.png,0.25,0.25,0.25,0.25
UIEB_raw_890,295_img_.png,0.25,0.25,0.25,0.25
UIEB_raw_890,296_img_.png,0.25,0.25,0.25,0.25
UIEB_raw_890,2977.png,0.25,0.25,0.25,0.25
UIEB_raw_890,298_img_.png,0.25,0.25,0.25,0.25
UIEB_raw_890,299_img_.png,0.25,0.25,0.25,0.25
UIEB_raw_890,29_img_.png,0.25,0.25,0.25,0.25
UIEB_raw_890,2_img_.png,0.25,0.25,0.25,0.25
UIEB_raw_890,3001.png,0.25,0.25,0.25,0.25
UIEB_raw_890,300_img_.png,0.25,0.25,0.25,0.25
UIEB_raw_890,3015.png,0.25,0.25,0.25,0.25
UIEB_raw_890,301_img_.png,0.25,0.25,0.25,0.25
UIEB_raw_890,302_img_.png,0.25,0.25,0.25,0.25
UIEB_raw_890,303_img_.png,0.25,0.25,0.25,0.25
UIEB_raw_890,304_img_.png,0.25,0.25,0.25,0.25
UIEB_raw_890,305_img_.png,0.25,0.25,0.25,0.25
UIEB_raw_890,306_img_.png,0.25,0.25,0.25,0.25
UIEB_raw_890,307_img_.png,0.25,0.25,0.25,0.25
UIEB_raw_890,30_img_.png,0.25,0.25,0.25,0.25
UIEB_raw_890,31.png,0.25,0.25,0.25,0.25
UIEB_raw_890,311_img_.png,0.25,0.25,0.25,0.25
UIEB_raw_890,312_img_.png,0.25,0.25,0.25,0.25
UIEB_raw_890,313_img_.png,0.25,0.25,0.25,0.25
UIEB_raw_890,314_img_.png,0.25,0.25,0.25,0.25
UIEB_raw_890,315_img_.png,0.25,0.25,0.25,0.25
UIEB_raw_890,316_img_.png,0.25,0.25,0.25,0.25
UIEB_raw_890,317_img_.png,0.25,0.25,0.25,0.25
UIEB_raw_890,318_img_.png,0.25,0.25,0.25,0.25
UIEB_raw_890,3196.png,0.25,0.25,0.25,0.25
UIEB_raw_890,319_img_.png,0.25,0.25,0.25,0.25
UIEB_raw_890,3202.png,0.25,0.25,0.25,0.25
UIEB_raw_890,320_img_.png,0.25,0.25,0.25,0.25
UIEB_raw_890,322_img_.png,0.25,0.25,0.25,0.25
UIEB_raw_890,323_img_.png,0.25,0.25,0.25,0.25
UIEB_raw_890,324_img_.png,0.25,0.25,0.25,0.25
UIEB_raw_890,325_img_.png,0.25,0.25,0.25,0.25
UIEB_raw_890,326_img_.png,0.25,0.25,0.25,0.25
UIEB_raw_890,327_img_.png,0.25,0.25,0.25,0.25
UIEB_raw_890,328_img_.png,0.25,0.25,0.25,0.25
UIEB_raw_890,32_img_.png,0.25,0.25,0.25,0.25
UIEB_raw_890,330_img_.png,0.25,0.25,0.25,0.25
UIEB_raw_890,332_img_.png,0.25,0.25,0.25,0.25
UIEB_raw_890,3330.png,0.25,0.25,0.25,0.25
UIEB_raw_890,334_img_.png,0.25,0.25,0.25,0.25
UIEB_raw_890,336_img_.png,0.25,0.25,0.25,0.25
UIEB_raw_890,337_img_.png,0.25,0.25,0.25,0.25
UIEB_raw_890,338_img_.png,0.25,0.25,0.25,0.25
UIEB_raw_890,340_img_.png,0.25,0.25,0.25,0.25
UIEB_raw_890,341_img_.png,0.25,0.25,0.25,0.25
UIEB_raw_890,342_img_.png,0.25,0.25,0.25,0.25
UIEB_raw_890,343_img_.png,0.25,0.25,0.25,0.25
UIEB_raw_890,345_img_.png,0.25,0.25,0.25,0.25
UIEB_raw_890,346_img_.png,0.25,0.25,0.25,0.25
UIEB_raw_890,347_img_.png,0.25,0.25,0.25,0.25
UIEB_raw_890,348_img_.png,0.25,0.25,0.25,0.25
UIEB_raw_890,35.png,0.25,0.25,0.25,0.25
UIEB_raw_890,350_img_.png,0.25,0.25,0.25,0.25
UIEB_raw_890,351_img_.png,0.25,0.25,0.25,0.25
UIEB_raw_890,353_img_.png,0.25,0.25,0.25,0.25
UIEB_raw_890,355_img_.png,0.25,0.25,0.25,0.25
UIEB_raw_890,356_img_.png,0.25,0.25,0.25,0.25
UIEB_raw_890,359_img_.png,0.25,0.25,0.25,0.25
UIEB_raw_890,360_img_.png,0.25,0.25,0.25,0.25
UIEB_raw_890,361_img_.png,0.25,0.25,0.25,0.25
UIEB_raw_890,362_img_.png,0.25,0.25,0.25,0.25
UIEB_raw_890,363_img_.png,0.25,0.25,0.25,0.25
UIEB_raw_890,364_img_.png,0.25,0.25,0.25,0.25
UIEB_raw_890,3650.png,0.25,0.25,0.25,0.25
UIEB_raw_890,365_img_.png,0.25,0.25,0.25,0.25
UIEB_raw_890,366_img_.png,0.25,0.25,0.25,0.25
UIEB_raw_890,367_img_.png,0.25,0.25,0.25,0.25
UIEB_raw_890,369_img_.png,0.25,0.25,0.25,0.25
UIEB_raw_890,370_img_.png,0.25,0.25,0.25,0.25
UIEB_raw_890,371_img_.png,0.25,0.25,0.25,0.25
UIEB_raw_890,3728.png,0.25,0.25,0.25,0.25
UIEB_raw_890,372_img_.png,0.25,0.25,0.25,0.25
UIEB_raw_890,373_img_.png,0.25,0.25,0.25,0.25
UIEB_raw_890,374_img_.png,0.25,0.25,0.25,0.25
UIEB_raw_890,375_img_.png,0.25,0.25,0.25,0.25
UIEB_raw_890,376_img_.png,0.25,0.25,0.25,0.25
UIEB_raw_890,377_img_.png,0.25,0.25,0.25,0.25
UIEB_raw_890,378_img_.png,0.25,0.25,0.25,0.25
UIEB_raw_890,379_img_.png,0.25,0.25,0.25,0.25
UIEB_raw_890,37_img_.png,0.25,0.25,0.25,0.25
UIEB_raw_890,380_img_.png,0.25,0.25,0.25,0.25
UIEB_raw_890,381_img_.png,0.25,0.25,0.25,0.25
UIEB_raw_890,382_img_.png,0.25,0.25,0.25,0.25
UIEB_raw_890,383_img_.png,0.25,0.25,0.25,0.25
UIEB_raw_890,384_img_.png,0.25,0.25,0.25,0.25
UIEB_raw_890,385_img_.png,0.25,0.25,0.25,0.25
UIEB_raw_890,386_img_.png,0.25,0.25,0.25,0.25
UIEB_raw_890,387_img_.png,0.25,0.25,0.25,0.25
UIEB_raw_890,389_img_.png,0.25,0.25,0.25,0.25
UIEB_raw_890,391_img_.png,0.25,0.25,0.25,0.25
UIEB_raw_890,3925.png,0.25,0.25,0.25,0.25
UIEB_raw_890,392_img_.png,0.25,0.25,0.25,0.25
UIEB_raw_890,393_img_.png,0.25,0.25,0.25,0.25
UIEB_raw_890,3947.png,0.25,0.25,0.25,0.25
UIEB_raw_890,394_img_.png,0.25,0.25,0.25,0.25
UIEB_raw_890,395_img_.png,0.25,0.25,0.25,0.25
UIEB_raw_890,39_img_.png,0.25,0.25,0.25,0.25
UIEB_raw_890,3_img_.png,0.25,0.25,0.25,0.25
UIEB_raw_890,4.png,0.25,0.25,0.25,0.25
UIEB_raw_890,400_img_.png,0.25,0.25,0.25,0.25
UIEB_raw_890,401_img_.png,0.25,0.25,0.25,0.25
UIEB_raw_890,402_img_.png,0.25,0.25,0.25,0.25
UIEB_raw_890,403_img_.png,0.25,0.25,0.25,0.25
UIEB_raw_890,404_img_.png,0.25,0.25,0.25,0.25
UIEB_raw_890,405_img_.png,0.25,0.25,0.25,0.25
UIEB_raw_890,406_img_.png,0.25,0.25,0.25,0.25
UIEB_raw_890,4070.png,0.25,0.25,0.25,0.25
UIEB_raw_890,407_img_.png,0.25,0.25,0.25,0.25
UIEB_raw_890,408_img_.png,0.25,0.25,0.25,0.25
UIEB_raw_890,409_img_.png,0.25,0.25,0.25,0.25
UIEB_raw_890,410_img_.png,0.25,0.25,0.25,0.25
UIEB_raw_890,411_img_.png,0.25,0.25,0.25,0.25
UIEB_raw_890,412_img_.png,0.25,0.25,0.25,0.25
UIEB_raw_890,413_img_.png,0.25,0.25,0.25,0.25
UIEB_raw_890,415_img_.png,0.25,0.25,0.25,0.25
UIEB_raw_890,416_img_.png,0.25,0.25,0.25,0.25
UIEB_raw_890,417_img_.png,0.25,0.25,0.25,0.25
UIEB_raw_890,418_img_.png,0.25,0.25,0.25,0.25
UIEB_raw_890,419_img_.png,0.25,0.25,0.25,0.25
UIEB_raw_890,41_img_.png,0.25,0.25,0.25,0.25
UIEB_raw_890,420_img_.png,0.25,0.25,0.25,0.25
UIEB_raw_890,421_img_.png,0.25,0.25,0.25,0.25
UIEB_raw_890,422_img_.png,0.25,0.25,0.25,0.25
UIEB_raw_890,423_img_.png,0.25,0.25,0.25,0.25
UIEB_raw_890,424_img_.png,0.25,0.25,0.25,0.25
UIEB_raw_890,425_img_.png,0.25,0.25,0.25,0.25
UIEB_raw_890,428_img_.png,0.25,0.25,0.25,0.25
UIEB_raw_890,429_img_.png,0.25,0.25,0.25,0.25
UIEB_raw_890,42_img_.png,0.25,0.25,0.25,0.25
UIEB_raw_890,432_img_.png,0.25,0.25,0.25,0.25
UIEB_raw_890,433_img_.png,0.25,0.25,0.25,0.25
UIEB_raw_890,435_img_.png,0.25,0.25,0.25,0.25
UIEB_raw_890,436_img_.png,0.25,0.25,0.25,0.25
UIEB_raw_890,437_img_.png,0.25,0.25,0.25,0.25
UIEB_raw_890,438_img_.png,0.25,0.25,0.25,0.25
UIEB_raw_890,439_img_.png,0.25,0.25,0.25,0.25
UIEB_raw_890,43_img_.png,0.25,0.25,0.25,0.25
UIEB_raw_890,440_img_.png,0.25,0.25,0.25,0.25
UIEB_raw_890,441_img_.png,0.25,0.25,0.25,0.25
UIEB_raw_890,442_img_.png,0.25,0.25,0.25,0.25
UIEB_raw_890,443_img_.png,0.25,0.25,0.25,0.25
UIEB_raw_890,444_img_.png,0.25,0.25,0.25,0.25
UIEB_raw_890,445_img_.png,0.25,0.25,0.25,0.25
UIEB_raw_890,446_img_.png,0.25,0.25,0.25,0.25
UIEB_raw_890,447_img_.png,0.25,0.25,0.25,0.25
UIEB_raw_890,448_img_.png,0.25,0.25,0.25,0.25
UIEB_raw_890,449_img_.png,0.25,0.25,0.25,0.25
UIEB_raw_890,44_img_.png,0.25,0.25,0.25,0.25
UIEB_raw_890,450_img_.png,0.25,0.25,0.25,0.25
UIEB_raw_890,451_img_.png,0.25,0.25,0.25,0.25
UIEB_raw_890,452_img_.png,0.25,0.25,0.25,0.25
UIEB_raw_890,453_img_.png,0.25,0.25,0.25,0.25
UIEB_raw_890,454_img_.png,0.25,0.25,0.25,0.25
UIEB_raw_890,455_img_.png,0.25,0.25,0.25,0.25
UIEB_raw_890,457_img_.png,0.25,0.25,0.25,0.25
UIEB_raw_890,458_img_.png,0.25,0.25,0.25,0.25
UIEB_raw_890,459_img_.png,0.25,0.25,0.25,0.25
UIEB_raw_890,45_img_.png,0.25,0.25,0.25,0.25
UIEB_raw_890,460_img_.png,0.25,0.25,0.25,0.25
UIEB_raw_890,461_img_.png,0.25,0.25,0.25,0.25
UIEB_raw_890,462_img_.png,0.25,0.25,0.25,0.25
UIEB_raw_890,463_img_.png,0.25,0.25,0.25,0.25
UIEB_raw_890,464_img_.png,0.25,0.25,0.25,0.25
UIEB_raw_890,465_img_.png,0.25,0.25,0.25,0.25
UIEB_raw_890,466_img_.png,0.25,0.25,0.25,0.25
UIEB_raw_890,467_img_.png,0.25,0.25,0.25,0.25
UIEB_raw_890,468_img_.png,0.25,0.25,0.25,0.25
UIEB_raw_890,469_img_.png,0.25,0.25,0.25,0.25
UIEB_raw_890,46_img_.png,0.25,0.25,0.25,0.25
UIEB_raw_890,470_img_.png,0.25,0.25,0.25,0.25
UIEB_raw_890,471_img_.png,0.25,0.25,0.25,0.25
UIEB_raw_890,472_img_.png,0.25,0.25,0.25,0.25
UIEB_raw_890,473_img_.png,0.25,0.25,0.25,0.25
UIEB_raw_890,476_img_.png,0.25,0.25,0.25,0.25
UIEB_raw_890,477_img_.png,0.25,0.25,0.25,0.25
UIEB_raw_890,478_img_.png,0.25,0.25,0.25,0.25
UIEB_raw_890,479_img_.png,0.25,0.25,0.25,0.25
UIEB_raw_890,480_img_.png,0.25,0.25,0.25,0.25
UIEB_raw_890,481_img_.png,0.25,0.25,0.25,0.25
UIEB_raw_890,482_img_.png,0.25,0.25,0.25,0.25
UIEB_raw_890,483_img_.png,0.25,0.25,0.25,0.25
UIEB_raw_890,484_img_.png,0.25,0.25,0.25,0.25
UIEB_raw_890,485_img_.png,0.25,0.25,0.25,0.25
UIEB_raw_890,486_img_.png,0.25,0.25,0.25,0.25
UIEB_raw_890,487_img_.png,0.25,0.25,0.25,0.25
UIEB_raw_890,488_img_.png,0.25,0.25,0.25,0.25
UIEB_raw_890,489_img_.png,0.25,0.25,0.25,0.25
UIEB_raw_890,48_img_.png,0.25,0.25,0.25,0.25
UIEB_raw_890,490_img_.png,0.25,0.25,0.25,0.25
UIEB_raw_890,491_img_.png,0.25,0.25,0.25,0.25
UIEB_raw_890,492_img_.png,0.25,0.25,0.25,0.25
UIEB_raw_890,493_img_.png,0.25,0.25,0.25,0.25
UIEB_raw_890,494_img_.png,0.25,0.25,0.25,0.25
UIEB_raw_890,495_img_.png,0.25,0.25,0.25,0.25
UIEB_raw_890,496_img_.png,0.25,0.25,0.25,0.25
UIEB_raw_890,497_img_.png,0.25,0.25,0.25,0.25
UIEB_raw_890,498_img_.png,0.25,0.25,0.25,0.25
UIEB_raw_890,499_img_.png,0.25,0.25,0.25,0.25
UIEB_raw_890,49_img_.png,0.25,0.25,0.25,0.25
UIEB_raw_890,4_img_.png,0.25,0.25,0.25,0.25
UIEB_raw_890,501_img_.png,0.25,0.25,0.25,0.25
UIEB_raw_890,502_img_.png,0.25,0.25,0.25,0.25
UIEB_raw_890,503_img_.png,0.25,0.25,0.25,0.25
UIEB_raw_890,504_img_.png,0.25,0.25,0.25,0.25
UIEB_raw_890,505_img_.png,0.25,0.25,0.25,0.25
UIEB_raw_890,506_img_.png,0.25,0.25,0.25,0.25
UIEB_raw_890,507_img_.png,0.25,0.25,0.25,0.25
UIEB_raw_890,508_img_.png,0.25,0.25,0.25,0.25
UIEB_raw_890,509_img_.png,0.25,0.25,0.25,0.25
UIEB_raw_890,50_img_.png,0.25,0.25,0.25,0.25
UIEB_raw_890,510_img_.png,0.25,0.25,0.25,0.25
UIEB_raw_890,511_img_.png,0.25,0.25,0.25,0.25
UIEB_raw_890,512_img_.png,0.25,0.25,0.25,0.25
UIEB_raw_890,513_img_.png,0.25,0.25,0.25,0.25
UIEB_raw_890,515_img_.png,0.25,0.25,0.25,0.25
UIEB_raw_890,516_img_.png,0.25,0.25,0.25,0.25
UIEB_raw_890,517_img_.png,0.25,0.25,0.25,0.25
UIEB_raw_890,518_img_.png,0.25,0.25,0.25,0.25
UIEB_raw_890,519_img_.png,0.25,0.25,0.25,0.25
UIEB_raw_890,51_img_.png,0.25,0.25,0.25,0.25
UIEB_raw_890,524_img_.png,0.25,0.25,0.25,0.25
UIEB_raw_890,526_img_.png,0.25,0.25,0.25,0.25
UIEB_raw_890,527_img_.png,0.25,0.25,0.25,0.25
UIEB_raw_890,528_img_.png,0.25,0.25,0.25,0.25
UIEB_raw_890,52_img_.png,0.25,0.25,0.25,0.25
UIEB_raw_890,530_img_.png,0.25,0.25,0.25,0.25
UIEB_raw_890,531_img_.png,0.25,0.25,0.25,0.25
UIEB_raw_890,532_img_.png,0.25,0.25,0.25,0.25
UIEB_raw_890,533_img_.png,0.25,0.25,0.25,0.25
UIEB_raw_890,534_img_.png,0.25,0.25,0.25,0.25
UIEB_raw_890,535_img_.png,0.25,0.25,0.25,0.25
UIEB_raw_890,536_img_.png,0.25,0.25,0.25,0.25
UIEB_raw_890,537_img_.png,0.25,0.25,0.25,0.25
UIEB_raw_890,538_img_.png,0.25,0.25,0.25,0.25
UIEB_raw_890,539.png,0.25,0.25,0.25,0.25
UIEB_raw_890,539_img_.png,0.25,0.25,0.25,0.25
UIEB_raw_890,53_img_.png,0.25,0.25,0.25,0.25
UIEB_raw_890,540_img_.png,0.25,0.25,0.25,0.25
UIEB_raw_890,541_img_.png,0.25,0.25,0.25,0.25
UIEB_raw_890,542_img_.png,0.25,0.25,0.25,0.25
UIEB_raw_890,543_img_.png,0.25,0.25,0.25,0.25
UIEB_raw_890,544_img_.png,0.25,0.25,0.25,0.25
UIEB_raw_890,545_img_.png,0.25,0.25,0.25,0.25
UIEB_raw_890,546_img_.png,0.25,0.25,0.25,0.25
UIEB_raw_890,547_img_.png,0.25,0.25,0.25,0.25
UIEB_raw_890,549_img_.png,0.25,0.25,0.25,0.25
UIEB_raw_890,550_img_.png,0.25,0.25,0.25,0.25
UIEB_raw_890,551_img_.png,0.25,0.25,0.25,0.25
UIEB_raw_890,552_img_.png,0.25,0.25,0.25,0.25
UIEB_raw_890,554_img_.png,0.25,0.25,0.25,0.25
UIEB_raw_890,5554.png,0.25,0.25,0.25,0.25
UIEB_raw_890,555_img_.png,0.25,0.25,0.25,0.25
UIEB_raw_890,556_img_.png,0.25,0.25,0.25,0.25
UIEB_raw_890,557.png,0.25,0.25,0.25,0.25
UIEB_raw_890,557_img_.png,0.25,0.25,0.25,0.25
UIEB_raw_890,558_img_.png,0.25,0.25,0.25,0.25
UIEB_raw_890,559.png,0.25,0.25,0.25,0.25
UIEB_raw_890,55_img_.png,0.25,0.25,0.25,0.25
UIEB_raw_890,560_img_.png,0.25,0.25,0.25,0.25
UIEB_raw_890,561_img_.png,0.25,0.25,0.25,0.25
UIEB_raw_890,562_img_.png,0.25,0.25,0.25,0.25
UIEB_raw_890,563.png,0.25,0.25,0.25,0.25
UIEB_raw_890,563_img_.png,0.25,0.25,0.25,0.25
UIEB_raw_890,564_img_.png,0.25,0.25,0.25,0.25
UIEB_raw_890,566_img_.png,0.25,0.25,0.25,0.25
UIEB_raw_890,567.png,0.25,0.25,0.25,0.25
UIEB_raw_890,567_img_.png,0.25,0.25,0.25,0.25
UIEB_raw_890,568_img_.png,0.25,0.25,0.25,0.25
UIEB_raw_890,569_img_.png,0.25,0.25,0.25,0.25
UIEB_raw_890,56_img_.png,0.25,0.25,0.25,0.25
UIEB_raw_890,570_img_.png,0.25,0.25,0.25,0.25
UIEB_raw_890,571_img_.png,0.25,0.25,0.25,0.25
UIEB_raw_890,572_img_.png,0.25,0.25,0.25,0.25
UIEB_raw_890,573_img_.png,0.25,0.25,0.25,0.25
UIEB_raw_890,574_img_.png,0.25,0.25,0.25,0.25
UIEB_raw_890,575_img_.png,0.25,0.25,0.25,0.25
UIEB_raw_890,576_img_.png,0.25,0.25,0.25,0.25
UIEB_raw_890,577_img_.png,0.25,0.25,0.25,0.25
UIEB_raw_890,578_img_.png,0.25,0.25,0.25,0.25
UIEB_raw_890,579_img_.png,0.25,0.25,0.25,0.25
UIEB_raw_890,57_img_.png,0.25,0.25,0.25,0.25
UIEB_raw_890,580_img_.png,0.25,0.25,0.25,0.25
UIEB_raw_890,5818.png,0.25,0.25,0.25,0.25
UIEB_raw_890,581_img_.png,0.25,0.25,0.25,0.25
UIEB_raw_890,582_img_.png,0.25,0.25,0.25,0.25
UIEB_raw_890,5830.png,0.25,0.25,0.25,0.25
UIEB_raw_890,583_img_.png,0.25,0.25,0.25,0.25
UIEB_raw_890,584_img_.png,0.25,0.25,0.25,0.25
UIEB_raw_890,585_img_.png,0.25,0.25,0.25,0.25
UIEB_raw_890,586_img_.png,0.25,0.25,0.25,0.25
UIEB_raw_890,587_img_.png,0.25,0.25,0.25,0.25
UIEB_raw_890,588_img_.png,0.25,0.25,0.25,0.25
UIEB_raw_890,589_img_.png,0.25,0.25,0.25,0.25
UIEB_raw_890,58_img_.png,0.25,0.25,0.25,0.25
UIEB_raw_890,590_img_.png,0.25,0.25,0.25,0.25
UIEB_raw_890,591_img_.png,0.25,0.25,0.25,0.25
UIEB_raw_890,592_img_.png,0.25,0.25,0.25,0.25
UIEB_raw_890,593_img_.png,0.25,0.25,0.25,0.25
UIEB_raw_890,594_img_.png,0.25,0.25,0.25,0.25
UIEB_raw_890,595_img_.png,0.25,0.25,0.25,0.25
UIEB_raw_890,596_img_.png,0.25,0.25,0.25,0.25
UIEB_raw_890,597_img_.png,0.25,0.25,0.25,0.25
UIEB_raw_890,598.png,0.25,0.25,0.25,0.25
UIEB_raw_890,598_img_.png,0.25,0.25,0.25,0.25
UIEB_raw_890,599_img_.png,0.25,0.25,0.25,0.25
UIEB_raw_890,59_img_.png,0.25,0.25,0.25,0.25
UIEB_raw_890,600_img_.png,0.25,0.25,0.25,0.25
UIEB_raw_890,601_img_.png,0.25,0.25,0.25,0.25
UIEB_raw_890,602_img_.png,0.25,0.25,0.25,0.25
UIEB_raw_890,603_img_.png,0.25,0.25,0.25,0.25
UIEB_raw_890,604_img_.png,0.25,0.25,0.25,0.25
UIEB_raw_890,605_img_.png,0.25,0.25,0.25,0.25
UIEB_raw_890,6062.png,0.25,0.25,0.25,0.25
UIEB_raw_890,606_img_.png,0.25,0.25,0.25,0.25
UIEB_raw_890,607_img_.png,0.25,0.25,0.25,0.25
UIEB_raw_890,6082.png,0.25,0.25,0.25,0.25
UIEB_raw_890,608_img_.png,0.25,0.25,0.25,0.25
UIEB_raw_890,609_img_.png,0.25,0.25,0.25,0.25
UIEB_raw_890,60_img_.png,0.25,0.25,0.25,0.25
UIEB_raw_890,610_img_.png,0.25,0.25,0.25,0.25
UIEB_raw_890,611_img_.png,0.25,0.25,0.25,0.25
UIEB_raw_890,612_img_.png,0.25,0.25,0.25,0.25
UIEB_raw_890,613_img_.png,0.25,0.25,0.25,0.25
UIEB_raw_890,614_img_.png,0.25,0.25,0.25,0.25
UIEB_raw_890,615_img_.png,0.25,0.25,0.25,0.25
UIEB_raw_890,616_img_.png,0.25,0.25,0.25,0.25
UIEB_raw_890,617_img_.png,0.25,0.25,0.25,0.25
UIEB_raw_890,618_img_.png,0.25,0.25,0.25,0.25
UIEB_raw_890,619_img_.png,0.25,0.25,0.25,0.25
UIEB_raw_890,61_img_.png,0.25,0.25,0.25,0.25
UIEB_raw_890,620_img_.png,0.25,0.25,0.25,0.25
UIEB_raw_890,621_img_.png,0.25,0.25,0.25,0.25
UIEB_raw_890,622_img_.png,0.25,0.25,0.25,0.25
UIEB_raw_890,623_img_.png,0.25,0.25,0.25,0.25
UIEB_raw_890,625_img_.png,0.25,0.25,0.25,0.25
UIEB_raw_890,626_img_.png,0.25,0.25,0.25,0.25
UIEB_raw_890,627_img_.png,0.25,0.25,0.25,0.25
UIEB_raw_890,628_img_.png,0.25,0.25,0.25,0.25
UIEB_raw_890,629_img_.png,0.25,0.25,0.25,0.25
UIEB_raw_890,62_img_.png,0.25,0.25,0.25,0.25
UIEB_raw_890,630_img_.png,0.25,0.25,0.25,0.25
UIEB_raw_890,631_img_.png,0.25,0.25,0.25,0.25
UIEB_raw_890,632_img_.png,0.25,0.25,0.25,0.25
UIEB_raw_890,633_img_.png,0.25,0.25,0.25,0.25
UIEB_raw_890,634_img_.png,0.25,0.25,0.25,0.25
UIEB_raw_890,635_img_.png,0.25,0.25,0.25,0.25
UIEB_raw_890,636_img_.png,0.25,0.25,0.25,0.25
UIEB_raw_890,637_img_.png,0.25,0.25,0.25,0.25
UIEB_raw_890,638_img_.png,0.25,0.25,0.25,0.25
UIEB_raw_890,639_img_.png,0.25,0.25,0.25,0.25
UIEB_raw_890,63_img_.png,0.25,0.25,0.25,0.25
UIEB_raw_890,640_img_.png,0.25,0.25,0.25,0.25
UIEB_raw_890,641_img_.png,0.25,0.25,0.25,0.25
UIEB_raw_890,642_img_.png,0.25,0.25,0.25,0.25
UIEB_raw_890,645_img_.png,0.25,0.25,0.25,0.25
UIEB_raw_890,646_img_.png,0.25,0.25,0.25,0.25
UIEB_raw_890,647_img_.png,0.25,0.25,0.25,0.25
UIEB_raw_890,648_img_.png,0.25,0.25,0.25,0.25
UIEB_raw_890,649_img_.png,0.25,0.25,0.25,0.25
UIEB_raw_890,64_img_.png,0.25,0.25,0.25,0.25
UIEB_raw_890,650_img_.png,0.25,0.25,0.25,0.25
UIEB_raw_890,651.png,0.25,0.25,0.25,0.25
UIEB_raw_890,651_img_.png,0.25,0.25,0.25,0.25
UIEB_raw_890,652_img_.png,0.25,0.25,0.25,0.25
UIEB_raw_890,653_img_.png,0.25,0.25,0.25,0.25
UIEB_raw_890,654_img_.png,0.25,0.25,0.25,0.25
UIEB_raw_890,655_img_.png,0.25,0.25,0.25,0.25
UIEB_raw_890,656_img_.png,0.25,0.25,0.25,0.25
UIEB_raw_890,657_img_.png,0.25,0.25,0.25,0.25
UIEB_raw_890,658_img_.png,0.25,0.25,0.25,0.25
UIEB_raw_890,659_img_.png,0.25,0.25,0.25,0.25
UIEB_raw_890,65_img_.png,0.25,0.25,0.25,0.25
UIEB_raw_890,660_img_.png,0.25,0.25,0.25,0.25
UIEB_raw_890,661_img_.png,0.25,0.25,0.25,0.25
UIEB_raw_890,662_img_.png,0.25,0.25,0.25,0.25
UIEB_raw_890,663_img_.png,0.25,0.25,0.25,0.25
UIEB_raw_890,666_img_.png,0.25,0.25,0.25,0.25
UIEB_raw_890,668_img_.png,0.25,0.25,0.25,0.25
UIEB_raw_890,670_img_.png,0.25,0.25,0.25,0.25
UIEB_raw_890,672_img_.png,0.25,0.25,0.25,0.25
UIEB_raw_890,673_img_.png,0.25,0.25,0.25,0.25
UIEB_raw_890,674_img_.png,0.25,0.25,0.25,0.25
UIEB_raw_890,675_img_.png,0.25,0.25,0.25,0.25
UIEB_raw_890,676_img_.png,0.25,0.25,0.25,0.25
UIEB_raw_890,677_img_.png,0.25,0.25,0.25,0.25
UIEB_raw_890,6788.png,0.25,0.25,0.25,0.25
UIEB_raw_890,678_img_.png,0.25,0.25,0.25,0.25
UIEB_raw_890,679_img_.png,0.25,0.25,0.25,0.25
UIEB_raw_890,67_img_.png,0.25,0.25,0.25,0.25
UIEB_raw_890,680_img_.png,0.25,0.25,0.25,0.25
UIEB_raw_890,681_img_.png,0.25,0.25,0.25,0.25
UIEB_raw_890,6820.png,0.25,0.25,0.25,0.25
UIEB_raw_890,682_img_.png,0.25,0.25,0.25,0.25
UIEB_raw_890,683_img_.png,0.25,0.25,0.25,0.25
UIEB_raw_890,684_img_.png,0.25,0.25,0.25,0.25
UIEB_raw_890,685_img_.png,0.25,0.25,0.25,0.25
UIEB_raw_890,686_img_.png,0.25,0.25,0.25,0.25
UIEB_raw_890,6872.png,0.25,0.25,0.25,0.25
UIEB_raw_890,687_img_.png,0.25,0.25,0.25,0.25
UIEB_raw_890,688_img_.png,0.25,0.25,0.25,0.25
UIEB_raw_890,689_img_.png,0.25,0.25,0.25,0.25
UIEB_raw_890,690_img_.png,0.25,0.25,0.25,0.25
UIEB_raw_890,691_img_.png,0.25,0.25,0.25,0.25
UIEB_raw_890,692_img_.png,0.25,0.25,0.25,0.25
UIEB_raw_890,694_img_.png,0.25,0.25,0.25,0.25
UIEB_raw_890,695_img_.png,0.25,0.25,0.25,0.25
UIEB_raw_890,696_img_.png,0.25,0.25,0.25,0.25
UIEB_raw_890,697_img_.png,0.25,0.25,0.25,0.25
UIEB_raw_890,698_img_.png,0.25,0.25,0.25,0.25
UIEB_raw_890,699_img_.png,0.25,0.25,0.25,0.25
UIEB_raw_890,6_img_.png,0.25,0.25,0.25,0.25
UIEB_raw_890,700_img_.png,0.25,0.25,0.25,0.25
UIEB_raw_890,701_img_.png,0.25,0.25,0.25,0.25
UIEB_raw_890,7027.png,0.25,0.25,0.25,0.25
UIEB_raw_890,702_img_.png,0.25,0.25,0.25,0.25
UIEB_raw_890,703_img_.png,0.25,0.25,0.25,0.25
UIEB_raw_890,704_img_.png,0.25,0.25,0.25,0.25
UIEB_raw_890,705_img_.png,0.25,0.25,0.25,0.25
UIEB_raw_890,706_img_.png,0.25,0.25,0.25,0.25
UIEB_raw_890,707_img_.png,0.25,0.25,0.25,0.25
UIEB_raw_890,708_img_.png,0.25,0.25,0.25,0.25
UIEB_raw_890,709_img_.png,0.25,0.25,0.25,0.25
UIEB_raw_890,70_img_.png,0.25,0.25,0.25,0.25
UIEB_raw_890,710_img_.png,0.25,0.25,0.25,0.25
UIEB_raw_890,711_img_.png,0.25,0.25,0.25,0.25
UIEB_raw_890,712_img_.png,0.25,0.25,0.25,0.25
UIEB_raw_890,713_img_.png,0.25,0.25,0.25,0.25
UIEB_raw_890,714_img_.png,0.25,0.25,0.25,0.25
UIEB_raw_890,715_img_.png,0.25,0.25,0.25,0.25
UIEB_raw_890,716_img_.png,0.25,0.25,0.25,0.25
UIEB_raw_890,718_img_.png,0.25,0.25,0.25,0.25
UIEB_raw_890,719_img_.png,0.25,0.25,0.25,0.25
UIEB_raw_890,720_img_.png,0.25,0.25,0.25,0.25
UIEB_raw_890,721_img_.png,0.25,0.25,0.25,0.25
UIEB_raw_890,722_img_.png,0.25,0.25,0.25,0.25
UIEB_raw_890,723_img_.png,0.25,0.25,0.25,0.25
UIEB_raw_890,724_img_.png,0.25,0.25,0.25,0.25
UIEB_raw_890,725_img_.png,0.25,0.25,0.25,0.25
UIEB_raw_890,726_img_.png,0.25,0.25,0.25,0.25
UIEB_raw_890,727_img_.png,0.25,0.25,0.25,0.25
UIEB_raw_890,728_img_.png,0.25,0.25,0.25,0.25
UIEB_raw_890,729_img_.png,0.25,0.25,0.25,0.25
UIEB_raw_890,72_img_.png,0.25,0.25,0.25,0.25
UIEB_raw_890,730_img_.png,0.25,0.25,0.25,0.25
UIEB_raw_890,731_img_.png,0.25,0.25,0.25,0.25
UIEB_raw_890,732_img_.png,0.25,0.25,0.25,0.25
UIEB_raw_890,733_img_.png,0.25,0.25,0.25,0.25
UIEB_raw_890,734_img_.png,0.25,0.25,0.25,0.25
UIEB_raw_890,735_img_.png,0.25,0.25,0.25,0.25
UIEB_raw_890,736_img_.png,0.25,0.25,0.25,0.25
UIEB_raw_890,737_img_.png,0.25,0.25,0.25,0.25
UIEB_raw_890,738_img_.png,0.25,0.25,0.25,0.25
UIEB_raw_890,73_img_.png,0.25,0.25,0.25,0.25
UIEB_raw_890,740_img_.png,0.25,0.25,0.25,0.25
UIEB_raw_890,741_img_.png,0.25,0.25,0.25,0.25
UIEB_raw_890,743_img_.png,0.25,0.25,0.25,0.25
UIEB_raw_890,744_img_.png,0.25,0.25,0.25,0.25
UIEB_raw_890,745_img_.png,0.25,0.25,0.25,0.25
UIEB_raw_890,746_img_.png,0.25,0.25,0.25,0.25
UIEB_raw_890,747_img_.png,0.25,0.25,0.25,0.25
UIEB_raw_890,748_img_.png,0.25,0.25,0.25,0.25
UIEB_raw_890,749_img_.png,0.25,0.25,0.25,0.25
UIEB_raw_890,74_img_.png,0.25,0.25,0.25,0.25
UIEB_raw_890,750_img_.png,0.25,0.25,0.25,0.25
UIEB_raw_890,751_img_.png,0.25,0.25,0.25,0.25
UIEB_raw_890,752_img_.png,0.25,0.25,0.25,0.25
UIEB_raw_890,753_img_.png,0.25,0.25,0.25,0.25
UIEB_raw_890,754_img_.png,0.25,0.25,0.25,0.25
UIEB_raw_890,756.png,0.25,0.25,0.25,0.25
UIEB_raw_890,756_img_.png,0.25,0.25,0.25,0.25
UIEB_raw_890,757_img_.png,0.25,0.25,0.25,0.25
UIEB_raw_890,758.png,0.25,0.25,0.25,0.25
UIEB_raw_890,758_img_.png,0.25,0.25,0.25,0.25
UIEB_raw_890,759_img_.png,0.25,0.25,0.25,0.25
UIEB_raw_890,760_img_.png,0.25,0.25,0.25,0.25
UIEB_raw_890,762_img_.png,0.25,0.25,0.25,0.25
UIEB_raw_890,763_img_.png,0.25,0.25,0.25,0.25
UIEB_raw_890,7643.png,0.25,0.25,0.25,0.25
UIEB_raw_890,764_img_.png,0.25,0.25,0.25,0.25
UIEB_raw_890,7654.png,0.25,0.25,0.25,0.25
UIEB_raw_890,765_img_.png,0.25,0.25,0.25,0.25
UIEB_raw_890,766_img_.png,0.25,0.25,0.25,0.25
UIEB_raw_890,767_img_.png,0.25,0.25,0.25,0.25
UIEB_raw_890,768_img_.png,0.25,0.25,0.25,0.25
UIEB_raw_890,769_img_.png,0.25,0.25,0.25,0.25
UIEB_raw_890,76_img_.png,0.25,0.25,0.25,0.25
UIEB_raw_890,770_img_.png,0.25,0.25,0.25,0.25
UIEB_raw_890,771_img_.png,0.25,0.25,0.25,0.25
UIEB_raw_890,772_img_.png,0.25,0.25,0.25,0.25
UIEB_raw_890,773_img_.png,0.25,0.25,0.25,0.25
UIEB_raw_890,775_img_.png,0.25,0.25,0.25,0.25
UIEB_raw_890,776_img_.png,0.25,0.25,0.25,0.25
UIEB_raw_890,777_img_.png,0.25,0.25,0.25,0.25
UIEB_raw_890,778_img_.png,0.25,0.25,0.25,0.25
UIEB_raw_890,779_img_.png,0.25,0.25,0.25,0.25
UIEB_raw_890,77_img_.png,0.25,0.25,0.25,0.25
UIEB_raw_890,780_img_.png,0.25,0.25,0.25,0.25
UIEB_raw_890,781_img_.png,0.25,0.25,0.25,0.25
UIEB_raw_890,782_img_.png,0.25,0.25,0.25,0.25
UIEB_raw_890,783_img_.png,0.25,0.25,0.25,0.25
UIEB_raw_890,784_img_.png,0.25,0.25,0.25,0.25
UIEB_raw_890,785_img_.png,0.25,0.25,0.25,0.25
UIEB_raw_890,786_img_.png,0.25,0.25,0.25,0.25
UIEB_raw_890,787_img_.png,0.25,0.25,0.25,0.25
UIEB_raw_890,788_img_.png,0.25,0.25,0.25,0.25
UIEB_raw_890,789_img_.png,0.25,0.25,0.25,0.25
UIEB_raw_890,78_img_.png,0.25,0.25,0.25,0.25
UIEB_raw_890,790_img_.png,0.25,0.25,0.25,0.25
UIEB_raw_890,7916.png,0.25,0.25,0.25,0.25
UIEB_raw_890,791_img_.png,0.25,0.25,0.25,0.25
UIEB_raw_890,792_img_.png,0.25,0.25,0.25,0.25
UIEB_raw_890,793_img_.png,0.25,0.25,0.25,0.25
UIEB_raw_890,794_img_.png,0.25,0.25,0.25,0.25
UIEB_raw_890,795_img_.png,0.25,0.25,0.25,0.25
UIEB_raw_890,796_img_.png,0.25,0.25,0.25,0.25
UIEB_raw_890,797_img_.png,0.25,0.25,0.25,0.25
UIEB_raw_890,798_img_.png,0.25,0.25,0.25,0.25
UIEB_raw_890,799_img_.png,0.25,0.25,0.25,0.25
UIEB_raw_890,79_img_.png,0.25,0.25,0.25,0.25
UIEB_raw_890,7_img_.png,0.25,0.25,0.25,0.25
UIEB_raw_890,800_img_.png,0.25,0.25,0.25,0.25
UIEB_raw_890,8010.png,0.25,0.25,0.25,0.25
UIEB_raw_890,802_img_.png,0.25,0.25,0.25,0.25
UIEB_raw_890,803_img_.png,0.25,0.25,0.25,0.25
UIEB_raw_890,8046.png,0.25,0.25,0.25,0.25
UIEB_raw_890,804_img_.png,0.25,0.25,0.25,0.25
UIEB_raw_890,8056.png,0.25,0.25,0.25,0.25
UIEB_raw_890,806_img_.png,0.25,0.25,0.25,0.25
UIEB_raw_890,807_img_.png,0.25,0.25,0.25,0.25
UIEB_raw_890,808_img_.png,0.25,0.25,0.25,0.25
UIEB_raw_890,809_img_.png,0.25,0.25,0.25,0.25
UIEB_raw_890,80_img_.png,0.25,0.25,0.25,0.25
UIEB_raw_890,810_img_.png,0.25,0.25,0.25,0.25
UIEB_raw_890,811_img_.png,0.25,0.25,0.25,0.25
UIEB_raw_890,812_img_.png,0.25,0.25,0.25,0.25
UIEB_raw_890,813_img_.png,0.25,0.25,0.25,0.25
UIEB_raw_890,814_img_.png,0.25,0.25,0.25,0.25
UIEB_raw_890,815_img_.png,0.25,0.25,0.25,0.25
UIEB_raw_890,816_img_.png,0.25,0.25,0.25,0.25
UIEB_raw_890,817_img_.png,0.25,0.25,0.25,0.25
UIEB_raw_890,818_img_.png,0.25,0.25,0.25,0.25
UIEB_raw_890,819_img_.png,0.25,0.25,0.25,0.25
UIEB_raw_890,820_img_.png,0.25,0.25,0.25,0.25
UIEB_raw_890,821_img_.png,0.25,0.25,0.25,0.25
UIEB_raw_890,822_img_.png,0.25,0.25,0.25,0.25
UIEB_raw_890,823_img_.png,0.25,0.25,0.25,0.25
UIEB_raw_890,8262.png,0.25,0.25,0.25,0.25
UIEB_raw_890,827_img_.png,0.25,0.25,0.25,0.25
UIEB_raw_890,8288.png,0.25,0.25,0.25,0.25
UIEB_raw_890,828_img_.png,0.25,0.25,0.25,0.25
UIEB_raw_890,829_img_.png,0.25,0.25,0.25,0.25
UIEB_raw_890,82_img_.png,0.25,0.25,0.25,0.25
UIEB_raw_890,831_img_.png,0.25,0.25,0.25,0.25
UIEB_raw_890,832_img_.png,0.25,0.25,0.25,0.25
UIEB_raw_890,833_img_.png,0.25,0.25,0.25,0.25
UIEB_raw_890,834_img_.png,0.25,0.25,0.25,0.25
UIEB_raw_890,835_img_.png,0.25,0.25,0.25,0.25
UIEB_raw_890,837.png,0.25,0.25,0.25,0.25
UIEB_raw_890,837_img_.png,0.25,0.25,0.25,0.25
UIEB_raw_890,838_img_.png,0.25,0.25,0.25,0.25
UIEB_raw_890,841.png,0.25,0.25,0.25,0.25
UIEB_raw_890,841_img_.png,0.25,0.25,0.25,0.25
UIEB_raw_890,842_img_.png,0.25,0.25,0.25,0.25
UIEB_raw_890,843_img_.png,0.25,0.25,0.25,0.25
UIEB_raw_890,844_img_.png,0.25,0.25,0.25,0.25
UIEB_raw_890,845_img_.png,0.25,0.25,0.25,0.25
UIEB_raw_890,846_img_.png,0.25,0.25,0.25,0.25
UIEB_raw_890,847_img_.png,0.25,0.25,0.25,0.25
UIEB_raw_890,848_img_.png,0.25,0.25,0.25,0.25
UIEB_raw_890,849_img_.png,0.25,0.25,0.25,0.25
UIEB_raw_890,850_img_.png,0.25,0.25,0.25,0.25
UIEB_raw_890,851_img_.png,0.25,0.25,0.25,0.25
UIEB_raw_890,852_img_.png,0.25,0.25,0.25,0.25
UIEB_raw_890,854_img_.png,0.25,0.25,0.25,0.25
UIEB_raw_890,855_img_.png,0.25,0.25,0.25,0.25
UIEB_raw_890,856_img_.png,0.25,0.25,0.25,0.25
UIEB_raw_890,857_img_.png,0.25,0.25,0.25,0.25
UIEB_raw_890,858_img_.png,0.25,0.25,0.25,0.25
UIEB_raw_890,859_img_.png,0.25,0.25,0.25,0.25
UIEB_raw_890,860_img_.png,0.25,0.25,0.25,0.25
UIEB_raw_890,861_img_.png,0.25,0.25,0.25,0.25
UIEB_raw_890,862_img_.png,0.25,0.25,0.25,0.25
UIEB_raw_890,863_img_.png,0.25,0.25,0.25,0.25
UIEB_raw_890,865_img_.png,0.25,0.25,0.25,0.25
UIEB_raw_890,866_img_.png,0.25,0.25,0.25,0.25
UIEB_raw_890,867_img_.png,0.25,0.25,0.25,0.25
UIEB_raw_890,868_img_.png,0.25,0.25,0.25,0.25
UIEB_raw_890,869_img_.png,0.25,0.25,0.25,0.25
UIEB_raw_890,86_img_.png,0.25,0.25,0.25,0.25
UIEB_raw_890,871_img_.png,0.25,0.25,0.25,0.25
UIEB_raw_890,872_img_.png,0.25,0.25,0.25,0.25
UIEB_raw_890,873_img_.png,0.25,0.25,0.25,0.25
UIEB_raw_890,874_img_.png,0.25,0.25,0.25,0.25
UIEB_raw_890,875_img_.png,0.25,0.25,0.25,0.25
UIEB_raw_890,876_img_.png,0.25,0.25,0.25,0.25
UIEB_raw_890,877_img_.png,0.25,0.25,0.25,0.25
UIEB_raw_890,878_img_.png,0.25,0.25,0.25,0.25
UIEB_raw_890,879_img_.png,0.25,0.25,0.25,0.25
UIEB_raw_890,87_img_.png,0.25,0.25,0.25,0.25
UIEB_raw_890,880_img_.png,0.25,0.25,0.25,0.25
UIEB_raw_890,881_img_.png,0.25,0.25,0.25,0.25
UIEB_raw_890,887_img_.png,0.25,0.25,0.25,0.25
UIEB_raw_890,889_img_.png,0.25,0.25,0.25,0.25
UIEB_raw_890,890.png,0.25,0.25,0.25,0.25
UIEB_raw_890,890_img_.png,0.25,0.25,0.25,0.25
UIEB_raw_890,891_img_.png,0.25,0.25,0.25,0.25
UIEB_raw_890,892_img_.png,0.25,0.25,0.25,0.25
UIEB_raw_890,893_img_.png,0.25,0.25,0.25,0.25
UIEB_raw_890,895_img_.png,0.25,0.25,0.25,0.25
UIEB_raw_890,896_img_.png,0.25,0.25,0.25,0.25
UIEB_raw_890,89_img_.png,0.25,0.25,0.25,0.25
UIEB_raw_890,8_img_.png,0.25,0.25,0.25,0.25
UIEB_raw_890,901_img_.png,0.25,0.25,0.25,0.25
UIEB_raw_890,904_img_.png,0.25,0.25,0.25,0.25
UIEB_raw_890,905_img_.png,0.25,0.25,0.25,0.25
UIEB_raw_890,906_img_.png,0.25,0.25,0.25,0.25
UIEB_raw_890,907_img_.png,0.25,0.25,0.25,0.25
UIEB_raw_890,908_img_.png,0.25,0.25,0.25,0.25
UIEB_raw_890,909_img_.png,0.25,0.25,0.25,0.25
UIEB_raw_890,90_img_.png,0.25,0.25,0.25,0.25
UIEB_raw_890,910_img_.png,0.25,0.25,0.25,0.25
UIEB_raw_890,911_img_.png,0.25,0.25,0.25,0.25
UIEB_raw_890,912_img_.png,0.25,0.25,0.25,0.25
UIEB_raw_890,913_img_.png,0.25,0.25,0.25,0.25
UIEB_raw_890,914_img_.png,0.25,0.25,0.25,0.25
UIEB_raw_890,915_img_.png,0.25,0.25,0.25,0.25
UIEB_raw_890,916_img_.png,0.25,0.25,0.25,0.25
UIEB_raw_890,917_img_.png,0.25,0.25,0.25,0.25
UIEB_raw_890,918_img_.png,0.25,0.25,0.25,0.25
UIEB_raw_890,919_img_.png,0.25,0.25,0.25,0.25
UIEB_raw_890,91_img_.png,0.25,0.25,0.25,0.25
UIEB_raw_890,920_img_.png,0.25,0.25,0.25,0.25
UIEB_raw_890,921_img_.png,0.25,0.25,0.25,0.25
UIEB_raw_890,922_img_.png,0.25,0.25,0.25,0.25
UIEB_raw_890,923_img_.png,0.25,0.25,0.25,0.25
UIEB_raw_890,924_img_.png,0.25,0.25,0.25,0.25
UIEB_raw_890,925_img_.png,0.25,0.25,0.25,0.25
UIEB_raw_890,926_img_.png,0.25,0.25,0.25,0.25
UIEB_raw_890,927_img_.png,0.25,0.25,0.25,0.25
UIEB_raw_890,928_img_.png,0.25,0.25,0.25,0.25
UIEB_raw_890,929_img_.png,0.25,0.25,0.25,0.25
UIEB_raw_890,92_img_.png,0.25,0.25,0.25,0.25
UIEB_raw_890,94_img_.png,0.25,0.25,0.25,0.25
UIEB_raw_890,9547.png,0.25,0.25,0.25,0.25
UIEB_raw_890,9554.png,0.25,0.25,0.25,0.25
UIEB_raw_890,9557.png,0.25,0.25,0.25,0.25
UIEB_raw_890,9567.png,0.25,0.25,0.25,0.25
UIEB_raw_890,95_img_.png,0.25,0.25,0.25,0.25
UIEB_raw_890,96_img_.png,0.25,0.25,0.25,0.25
UIEB_raw_890,97_img_.png,0.25,0.25,0.25,0.25
UIEB_raw_890,9896.png,0.25,0.25,0.25,0.25
UIEB_raw_890,98_img_.png,0.25,0.25,0.25,0.25
UIEB_raw_890,9900.png,0.25,0.25,0.25,0.25
UIEB_raw_890,9907.png,0.25,0.25,0.25,0.25
UIEB_raw_890,9947.png,0.25,0.25,0.25,0.25
UIEB_raw_890,99_img_.png,0.25,0.25,0.25,0.25
UIEB_raw_890,9_img_.png,0.25,0.25,0.25,0.25
UIEB_challenging_60,100001.png,0.25,0.25,0.25,0.25
UIEB_challenging_60,10091.png,0.25,0.25,0.25,0.25
UIEB_challenging_60,10103.png,0.25,0.25,0.25,0.25
UIEB_challenging_60,10167.png,0.25,0.25,0.25,0.25
UIEB_challenging_60,102.png,0.25,0.25,0.25,0.25
UIEB_challenging_60,10226.png,0.25,0.25,0.25,0.25
UIEB_challenging_60,10475.png,0.25,0.25,0.25,0.25
UIEB_challenging_60,10488.png,0.25,0.25,0.25,0.25
UIEB_challenging_60,12191.png,0.25,0.25,0.25,0.25
UIEB_challenging_60,12203.png,0.25,0.25,0.25,0.25
UIEB_challenging_60,12228.png,0.25,0.25,0.25,0.25
UIEB_challenging_60,12565.png,0.25,0.25,0.25,0.25
UIEB_challenging_60,12577.png,0.25,0.25,0.25,0.25
UIEB_challenging_60,12625.png,0.25,0.25,0.25,0.25
UIEB_challenging_60,12709.png,0.25,0.25,0.25,0.25
UIEB_challenging_60,12753.png,0.25,0.25,0.25,0.25
UIEB_challenging_60,12960.png,0.25,0.25,0.25,0.25
UIEB_challenging_60,12972.png,0.25,0.25,0.25,0.25
UIEB_challenging_60,13252.png,0.25,0.25,0.25,0.25
UIEB_challenging_60,13259.png,0.25,0.25,0.25,0.25
UIEB_challenging_60,15603.png,0.25,0.25,0.25,0.25
UIEB_challenging_60,15735.png,0.25,0.25,0.25,0.25
UIEB_challenging_60,15738.png,0.25,0.25,0.25,0.25
UIEB_challenging_60,15740.png,0.25,0.25,0.25,0.25
UIEB_challenging_60,15774.png,0.25,0.25,0.25,0.25
UIEB_challenging_60,15775.png,0.25,0.25,0.25,0.25
UIEB_challenging_60,2.png,0.25,0.25,0.25,0.25
UIEB_challenging_60,2575.png,0.25,0.25,0.25,0.25
UIEB_challenging_60,2583.png,0.25,0.25,0.25,0.25
UIEB_challenging_60,2856.png,0.25,0.25,0.25,0.25
UIEB_challenging_60,3027.png,0.25,0.25,0.25,0.25
UIEB_challenging_60,3051.png,0.25,0.25,0.25,0.25
UIEB_challenging_60,3087.png,0.25,0.25,0.25,0.25
UIEB_challenging_60,3175.png,0.25,0.25,0.25,0.25
UIEB_challenging_60,3201.png,0.25,0.25,0.25,0.25
UIEB_challenging_60,3279.png,0.25,0.25,0.25,0.25
UIEB_challenging_60,34.png,0.25,0.25,0.25,0.25
UIEB_challenging_60,3494.png,0.25,0.25,0.25,0.25
UIEB_challenging_60,3519.png,0.25,0.25,0.25,0.25
UIEB_challenging_60,358_img_.png,0.25,0.25,0.25,0.25
UIEB_challenging_60,432.png,0.25,0.25,0.25,0.25
UIEB_challenging_60,5.png,0.25,0.25,0.25,0.25
UIEB_challenging_60,52.png,0.25,0.25,0.25,0.25
UIEB_challenging_60,579.png,0.25,0.25,0.25,0.25
UIEB_challenging_60,605.png,0.25,0.25,0.25,0.25
UIEB_challenging_60,616.png,0.25,0.25,0.25,0.25
UIEB_challenging_60,627.png,0.25,0.25,0.25,0.25
UIEB_challenging_60,6333.png,0.25,0.25,0.25,0.25
UIEB_challenging_60,6340.png,0.25,0.25,0.25,0.25
UIEB_challenging_60,643_img_.png,0.25,0.25,0.25,0.25
UIEB_challenging_60,6527.png,0.25,0.25,0.25,0.25
UIEB_challenging_60,7277.png,0.25,0.25,0.25,0.25
UIEB_challenging_60,7291.png,0.25,0.25,0.25,0.25
UIEB_challenging_60,770.png,0.25,0.25,0.25,0.25
UIEB_challenging_60,866.png,0.25,0.25,0.25,0.25
UIEB_challenging_60,880.png,0.25,0.25,0.25,0.25
UIEB_challenging_60,9553.png,0.25,0.25,0.25,0.25
UIEB_challenging_60,9602.png,0.25,0.25,0.25,0.25
UIEB_challenging_60,9607.png,0.25,0.25,0.25,0.25
UIEB_challenging_60,9618.png,0.25,0.25,0.25,0.25
EUVP_underwater_dark,264286_00007889.jpg,0.25,0.25,0.25,0.25
EUVP_underwater_dark,264287_00007863.jpg,0.25,0.25,0.25,0.25
EUVP_underwater_dark,264288_00012917.jpg,0.25,0.25,0.25,0.25
EUVP_underwater_dark,264293_00038238.jpg,0.25,0.25,0.25,0.25
EUVP_underwater_dark,264294_00027762.jpg,0.25,0.25,0.25,0.25
EUVP_underwater_dark,264296_n02319095_1106.JPEG,0.25,0.25,0.25,0.25
EUVP_underwater_dark,264298_00035269.jpg,0.25,0.25,0.25,0.25
EUVP_underwater_dark,264303_n02526121_4809.JPEG,0.25,0.25,0.25,0.25
EUVP_underwater_dark,264307_n02317335_6744.JPEG,0.25,0.25,0.25,0.25
EUVP_underwater_dark,264310_n01924916_8467.JPEG,0.25,0.25,0.25,0.25
EUVP_underwater_dark,264311_n02607072_51.JPEG,0.25,0.25,0.25,0.25
EUVP_underwater_dark,264316_n01924916_1597.JPEG,0.25,0.25,0.25,0.25
EUVP_underwater_dark,264318_n02655020_17544.JPEG,0.25,0.25,0.25,0.25
EUVP_underwater_dark,264322_n01917289_4196.JPEG,0.25,0.25,0.25,0.25
EUVP_underwater_dark,264324_n02606052_3580.JPEG,0.25,0.25,0.25,0.25
EUVP_underwater_dark,264326_00020429.jpg,0.25,0.25,0.25,0.25
EUVP_underwater_dark,264328_00004694.jpg,0.25,0.25,0.25,0.25
EUVP_underwater_dark,264332_00012132.jpg,0.25,0.25,0.25,0.25
EUVP_underwater_dark,264343_n01950731_11838.JPEG,0.25,0.25,0.25,0.25
EUVP_underwater_dark,264344_00027786.jpg,0.25,0.25,0.25,0.25
EUVP_underwater_dark,264346_n01917289_4496.JPEG,0.25,0.25,0.25,0.25
EUVP_underwater_dark,264348_n02655020_9849.JPEG,0.25,0.25,0.25,0.25
EUVP_underwater_dark,264362_n02319095_6222.JPEG,0.25,0.25,0.25,0.25
EUVP_underwater_dark,264365_scuba_thanksgiving_520.jpg,0.25,0.25,0.25,0.25
EUVP_underwater_dark,264366_00033180.jpg,0.25,0.25,0.25,0.25
EUVP_underwater_dark,264367_00022286.jpg,0.25,0.25,0.25,0.25
EUVP_underwater_dark,264368_n02607072_398.JPEG,0.25,0.25,0.25,0.25
EUVP_underwater_dark,264369_00011297.jpg,0.25,0.25,0.25,0.25
EUVP_underwater_dark,264373_n02319095_4789.JPEG,0.25,0.25,0.25,0.25
EUVP_underwater_dark,264375_00030607.jpg,0.25,0.25,0.25,0.25
EUVP_underwater_dark,264376_00021655.jpg,0.25,0.25,0.25,0.25
EUVP_underwater_dark,264377_00033442.jpg,0.25,0.25,0.25,0.25
EUVP_underwater_dark,264383_n02526121_667.JPEG,0.25,0.25,0.25,0.25
EUVP_underwater_dark,264384_00020131.jpg,0.25,0.25,0.25,0.25
EUVP_underwater_dark,264385_00010758.jpg,0.25,0.25,0.25,0.25
EUVP_underwater_dark,264387_n02526121_6722.JPEG,0.25,0.25,0.25,0.25
EUVP_underwater_dark,264389_n02319095_1243.JPEG,0.25,0.25,0.25,0.25
EUVP_underwater_dark,264393_n02643566_9759.JPEG,0.25,0.25,0.25,0.25
EUVP_underwater_dark,264395_n01950731_8327.JPEG,0.25,0.25,0.25,0.25
EUVP_underwater_dark,264396_00026001.jpg,0.25,0.25,0.25,0.25
EUVP_underwater_dark,264400_00022977.jpg,0.25,0.25,0.25,0.25
EUVP_underwater_dark,264403_n01751748_415.JPEG,0.25,0.25,0.25,0.25
EUVP_underwater_dark,264404_n02607072_259.JPEG,0.25,0.25,0.25,0.25
EUVP_underwater_dark,264409_00007914.jpg,0.25,0.25,0.25,0.25
EUVP_underwater_dark,264413_00036870.jpg,0.25,0.25,0.25,0.25
EUVP_underwater_dark,264415_00014545.jpg,0.25,0.25,0.25,0.25
EUVP_underwater_dark,264416_00007951.jpg,0.25,0.25,0.25,0.25
EUVP_underwater_dark,264418_00032057.jpg,0.25,0.25,0.25,0.25
EUVP_underwater_dark,264420_00016520.jpg,0.25,0.25,0.25,0.25
EUVP_underwater_dark,264423_scuba_italy_526.jpg,0.25,0.25,0.25,0.25
EUVP_underwater_dark,264425_n02643566_8891.JPEG,0.25,0.25,0.25,0.25
EUVP_underwater_dark,264426_00035380.jpg,0.25,0.25,0.25,0.25
EUVP_underwater_dark,264427_00021875.jpg,0.25,0.25,0.25,0.25
EUVP_underwater_dark,264428_00034014.jpg,0.25,0.25,0.25,0.25
EUVP_underwater_dark,264429_00006712.jpg,0.25,0.25,0.25,0.25
EUVP_underwater_dark,264431_n02655020_1208.JPEG,0.25,0.25,0.25,0.25
EUVP_underwater_dark,264432_00013919.jpg,0.25,0.25,0.25,0.25
EUVP_underwater_dark,264433_00031637.jpg,0.25,0.25,0.25,0.25
EUVP_underwater_dark,264435_00010316.jpg,0.25,0.25,0.25,0.25
EUVP_underwater_dark,264437_n02526121_6975.JPEG,0.25,0.25,0.25,0.25
EUVP_underwater_dark,264438_00006064.jpg,0.25,0.25,0.25,0.25
EUVP_underwater_dark,264439_00028222.jpg,0.25,0.25,0.25,0.25
EUVP_underwater_dark,264441_00009200.jpg,0.25,0.25,0.25,0.25
EUVP_underwater_dark,264443_n02655020_14093.JPEG,0.25,0.25,0.25,0.25
EUVP_underwater_dark,264444_00003321.jpg,0.25,0.25,0.25,0.25
EUVP_underwater_dark,264447_n02319095_1355.JPEG,0.25,0.25,0.25,0.25
EUVP_underwater_dark,264450_00024861.jpg,0.25,0.25,0.25,0.25
EUVP_underwater_dark,264451_n01751748_859.JPEG,0.25,0.25,0.25,0.25
EUVP_underwater_dark,264452_00024486.jpg,0.25,0.25,0.25,0.25
EUVP_underwater_dark,264453_00027436.jpg,0.25,0.25,0.25,0.25
EUVP_underwater_dark,264454_n01950731_15796.JPEG,0.25,0.25,0.25,0.25
EUVP_underwater_dark,264455_00028841.jpg,0.25,0.25,0.25,0.25
EUVP_underwater_dark,264460_n09256479_3820.JPEG,0.25,0.25,0.25,0.25
EUVP_underwater_dark,264461_00003782.jpg,0.25,0.25,0.25,0.25
EUVP_underwater_dark,264462_n02321529_3110.JPEG,0.25,0.25,0.25,0.25
EUVP_underwater_dark,264464_00034147.jpg,0.25,0.25,0.25,0.25
EUVP_underwater_dark,264465_00015222.jpg,0.25,0.25,0.25,0.25
EUVP_underwater_dark,264466_n01924916_8048.JPEG,0.25,0.25,0.25,0.25
EUVP_underwater_dark,264467_n02526121_7881.JPEG,0.25,0.25,0.25,0.25
EUVP_underwater_dark,264469_n02319095_7571.JPEG,0.25,0.25,0.25,0.25
EUVP_underwater_dark,264470_00001721.jpg,0.25,0.25,0.25,0.25
EUVP_underwater_dark,264472_n01924916_6649.JPEG,0.25,0.25,0.25,0.25
EUVP_underwater_dark,264473_n01751748_4841.JPEG,0.25,0.25,0.25,0.25
EUVP_underwater_dark,264474_scuba_aquarium_437.jpg,0.25,0.25,0.25,0.25
EUVP_underwater_dark,264475_00003067.jpg,0.25,0.25,0.25,0.25
EUVP_underwater_dark,264476_n01924916_8820.JPEG,0.25,0.25,0.25,0.25
EUVP_underwater_dark,264477_n02655020_4025.JPEG,0.25,0.25,0.25,0.25
EUVP_underwater_dark,264479_n01914609_12999.JPEG,0.25,0.25,0.25,0.25
EUVP_underwater_dark,264480_00032339.jpg,0.25,0.25,0.25,0.25
EUVP_underwater_dark,264481_sea_turtle_adorable_429.jpg,0.25,0.25,0.25,0.25
EUVP_underwater_dark,264483_n02066245_22750.JPEG,0.25,0.25,0.25,0.25
EUVP_underwater_dark,264485_00021950.jpg,0.25,0.25,0.25,0.25
EUVP_underwater_dark,264486_00033711.jpg,0.25,0.25,0.25,0.25
EUVP_underwater_dark,264487_n01498041_6068.JPEG,0.25,0.25,0.25,0.25
EUVP_underwater_dark,264492_00036034.jpg,0.25,0.25,0.25,0.25
EUVP_underwater_dark,264493_n01980166_8187.JPEG,0.25,0.25,0.25,0.25
EUVP_underwater_dark,264495_00037708.jpg,0.25,0.25,0.25,0.25
EUVP_underwater_dark,264496_00018785.jpg,0.25,0.25,0.25,0.25
EUVP_underwater_dark,264497_n01914609_4702.JPEG,0.25,0.25,0.25,0.25
EUVP_underwater_dark,264499_n02317335_24574.JPEG,0.25,0.25,0.25,0.25
EUVP_underwater_dark,264500_00036540.jpg,0.25,0.25,0.25,0.25
EUVP_underwater_dark,264501_00032412.jpg,0.25,0.25,0.25,0.25
EUVP_underwater_dark,264504_n02319095_9239.JPEG,0.25,0.25,0.25,0.25
EUVP_underwater_dark,264507_00037389.jpg,0.25,0.25,0.25,0.25
EUVP_underwater_dark,264509_n02317335_17181.JPEG,0.25,0.25,0.25,0.25
EUVP_underwater_dark,264511_n02607072_3208.JPEG,0.25,0.25,0.25,0.25
EUVP_underwater_dark,264513_n01917289_4983.JPEG,0.25,0.25,0.25,0.25
EUVP_underwater_dark,264514_00038937.jpg,0.25,0.25,0.25,0.25
EUVP_underwater_dark,264515_00036781.jpg,0.25,0.25,0.25,0.25
EUVP_underwater_dark,264516_00031589.jpg,0.25,0.25,0.25,0.25
EUVP_underwater_dark,264517_00031519.jpg,0.25,0.25,0.25,0.25
EUVP_underwater_dark,264519_n01950731_4998.JPEG,0.25,0.25,0.25,0.25
EUVP_underwater_dark,264521_00006901.jpg,0.25,0.25,0.25,0.25
EUVP_underwater_dark,264522_n01950731_1115.JPEG,0.25,0.25,0.25,0.25
EUVP_underwater_dark,264525_n01751748_11165.JPEG,0.25,0.25,0.25,0.25
EUVP_underwater_dark,264527_n02317335_13048.JPEG,0.25,0.25,0.25,0.25
EUVP_underwater_dark,264531_sea_turtle_side_445.jpg,0.25,0.25,0.25,0.25
EUVP_underwater_dark,264532_00029534.jpg,0.25,0.25,0.25,0.25
EUVP_underwater_dark,264533_00015663.jpg,0.25,0.25,0.25,0.25
EUVP_underwater_dark,264534_00020735.jpg,0.25,0.25,0.25,0.25
EUVP_underwater_dark,264535_00023346.jpg,0.25,0.25,0.25,0.25
EUVP_underwater_dark,264539_scuba_madagascar_728.jpg,0.25,0.25,0.25,0.25
EUVP_underwater_dark,264540_scuba_indonesia_67.jpg,0.25,0.25,0.25,0.25
EUVP_underwater_dark,264543_n02607072_5621.JPEG,0.25,0.25,0.25,0.25
EUVP_underwater_dark,264544_00029707.jpg,0.25,0.25,0.25,0.25
EUVP_underwater_dark,264550_00027308.jpg,0.25,0.25,0.25,0.25
EUVP_underwater_dark,264551_scuba_palawan_757.jpg,0.25,0.25,0.25,0.25
EUVP_underwater_dark,264556_n02317335_24862.JPEG,0.25,0.25,0.25,0.25
EUVP_underwater_dark,264557_00019959.jpg,0.25,0.25,0.25,0.25
EUVP_underwater_dark,264558_n02071294_2993.JPEG,0.25,0.25,0.25,0.25
EUVP_underwater_dark,264559_n01924916_7206.JPEG,0.25,0.25,0.25,0.25
EUVP_underwater_dark,264560_00024027.jpg,0.25,0.25,0.25,0.25
EUVP_underwater_dark,264561_n01914609_5565.JPEG,0.25,0.25,0.25,0.25
EUVP_underwater_dark,264562_n09256479_9929.JPEG,0.25,0.25,0.25,0.25
EUVP_underwater_dark,264563_n02317335_2004.JPEG,0.25,0.25,0.25,0.25
EUVP_underwater_dark,264564_n01924916_13207.JPEG,0.25,0.25,0.25,0.25
EUVP_underwater_dark,264567_00007555.jpg,0.25,0.25,0.25,0.25
EUVP_underwater_dark,264568_00034581.jpg,0.25,0.25,0.25,0.25
EUVP_underwater_dark,264570_00015066.jpg,0.25,0.25,0.25,0.25
EUVP_underwater_dark,264571_00002769.jpg,0.25,0.25,0.25,0.25
EUVP_underwater_dark,264574_00031858.jpg,0.25,0.25,0.25,0.25
EUVP_underwater_dark,264575_n01751748_8912.JPEG,0.25,0.25,0.25,0.25
EUVP_underwater_dark,264577_00018648.jpg,0.25,0.25,0.25,0.25
EUVP_underwater_dark,264580_00029129.jpg,0.25,0.25,0.25,0.25
EUVP_underwater_dark,264581_n01910747_1280.JPEG,0.25,0.25,0.25,0.25
EUVP_underwater_dark,264582_scuba_barbados_842.jpg,0.25,0.25,0.25,0.25
EUVP_underwater_dark,264583_00013416.jpg,0.25,0.25,0.25,0.25
EUVP_underwater_dark,264587_n02319095_7090.JPEG,0.25,0.25,0.25,0.25
EUVP_underwater_dark,264588_n01751748_1780.JPEG,0.25,0.25,0.25,0.25
EUVP_underwater_dark,264589_00017027.jpg,0.25,0.25,0.25,0.25
EUVP_underwater_dark,264590_n01943899_12630.JPEG,0.25,0.25,0.25,0.25
EUVP_underwater_dark,264592_n01910747_19085.JPEG,0.25,0.25,0.25,0.25
EUVP_underwater_dark,264594_00038414.jpg,0.25,0.25,0.25,0.25
EUVP_underwater_dark,264597_n02606052_16217.JPEG,0.25,0.25,0.25,0.25
EUVP_underwater_dark,264598_00001443.jpg,0.25,0.25,0.25,0.25
EUVP_underwater_dark,264600_00036405.jpg,0.25,0.25,0.25,0.25
EUVP_underwater_dark,264603_n01917289_490.JPEG,0.25,0.25,0.25,0.25
EUVP_underwater_dark,264604_n02607072_3440.JPEG,0.25,0.25,0.25,0.25
EUVP_underwater_dark,264605_00013176.jpg,0.25,0.25,0.25,0.25
EUVP_underwater_dark,264606_00005326.jpg,0.25,0.25,0.25,0.25
EUVP_underwater_dark,264608_00007447.jpg,0.25,0.25,0.25,0.25
EUVP_underwater_dark,264609_00010098.jpg,0.25,0.25,0.25,0.25
EUVP_underwater_dark,264610_00014272.jpg,0.25,0.25,0.25,0.25
EUVP_underwater_dark,264611_00025301.jpg,0.25,0.25,0.25,0.25
EUVP_underwater_dark,264613_n02319095_5090.JPEG,0.25,0.25,0.25,0.25
EUVP_underwater_dark,264614_00008661.jpg,0.25,0.25,0.25,0.25
EUVP_underwater_dark,264615_00023774.jpg,0.25,0.25,0.25,0.25
EUVP_underwater_dark,264616_n01496331_17869.JPEG,0.25,0.25,0.25,0.25
EUVP_underwater_dark,264618_00005769.jpg,0.25,0.25,0.25,0.25
EUVP_underwater_dark,264619_00034243.jpg,0.25,0.25,0.25,0.25
EUVP_underwater_dark,264621_00015385.jpg,0.25,0.25,0.25,0.25
EUVP_underwater_dark,264622_n01980166_8481.JPEG,0.25,0.25,0.25,0.25
EUVP_underwater_dark,264624_n01914609_8696.JPEG,0.25,0.25,0.25,0.25
EUVP_underwater_dark,264626_n01917289_1761.JPEG,0.25,0.25,0.25,0.25
EUVP_underwater_dark,264627_00009938.jpg,0.25,0.25,0.25,0.25
EUVP_underwater_dark,264628_scuba_grenada_781.jpg,0.25,0.25,0.25,0.25
EUVP_underwater_dark,264631_00030807.jpg,0.25,0.25,0.25,0.25
EUVP_underwater_dark,264632_n01917289_4122.JPEG,0.25,0.25,0.25,0.25
EUVP_underwater_dark,264633_n02321529_4403.JPEG,0.25,0.25,0.25,0.25
EUVP_underwater_dark,264634_n01943899_14630.JPEG,0.25,0.25,0.25,0.25
EUVP_underwater_dark,264636_00019431.jpg,0.25,0.25,0.25,0.25
EUVP_underwater_dark,264637_00008033.jpg,0.25,0.25,0.25,0.25
EUVP_underwater_dark,264638_n01950731_7342.JPEG,0.25,0.25,0.25,0.25
EUVP_underwater_dark,264639_n01943899_8853.JPEG,0.25,0.25,0.25,0.25
EUVP_underwater_dark,264647_n01950731_16545.JPEG,0.25,0.25,0.25,0.25
EUVP_underwater_dark,264648_00005479.jpg,0.25,0.25,0.25,0.25
EUVP_underwater_dark,264649_00012557.jpg,0.25,0.25,0.25,0.25
EUVP_underwater_dark,264650_00031285.jpg,0.25,0.25,0.25,0.25
EUVP_underwater_dark,264651_n02319095_1856.JPEG,0.25,0.25,0.25,0.25
EUVP_underwater_dark,264652_00028633.jpg,0.25,0.25,0.25,0.25
EUVP_underwater_dark,264654_00018807.jpg,0.25,0.25,0.25,0.25
EUVP_underwater_dark,264655_n01984695_23332.JPEG,0.25,0.25,0.25,0.25
EUVP_underwater_dark,264656_n01978455_8981.JPEG,0.25,0.25,0.25,0.25
EUVP_underwater_dark,264658_00026206.jpg,0.25,0.25,0.25,0.25
EUVP_underwater_dark,264660_n01496331_28280.JPEG,0.25,0.25,0.25,0.25
EUVP_underwater_dark,264662_n01491361_1653.JPEG,0.25,0.25,0.25,0.25
EUVP_underwater_dark,264666_00018407.jpg,0.25,0.25,0.25,0.25
EUVP_underwater_dark,264667_n02317335_4459.JPEG,0.25,0.25,0.25,0.25
EUVP_underwater_dark,264669_n01917289_2824.JPEG,0.25,0.25,0.25,0.25
EUVP_underwater_dark,264671_00005876.jpg,0.25,0.25,0.25,0.25
EUVP_underwater_dark,264674_00008328.jpg,0.25,0.25,0.25,0.25
EUVP_underwater_dark,264676_00028782.jpg,0.25,0.25,0.25,0.25
EUVP_underwater_dark,264677_n02643566_3984.JPEG,0.25,0.25,0.25,0.25
EUVP_underwater_dark,264679_00026663.jpg,0.25,0.25,0.25,0.25
EUVP_underwater_dark,264680_n01917289_371.JPEG,0.25,0.25,0.25,0.25
EUVP_underwater_dark,264683_n01491361_1544.JPEG,0.25,0.25,0.25,0.25
EUVP_underwater_dark,264684_00006035.jpg,0.25,0.25,0.25,0.25
EUVP_underwater_dark,264685_00017155.jpg,0.25,0.25,0.25,0.25
EUVP_underwater_dark,264686_n01980166_6578.JPEG,0.25,0.25,0.25,0.25
EUVP_underwater_dark,264687_n02526121_3843.JPEG,0.25,0.25,0.25,0.25
EUVP_underwater_dark,264688_n02317335_36356.JPEG,0.25,0.25,0.25,0.25
EUVP_underwater_dark,264689_00022015.jpg,0.25,0.25,0.25,0.25
EUVP_underwater_dark,264691_n01978455_7537.JPEG,0.25,0.25,0.25,0.25
EUVP_underwater_dark,264693_n02319095_7030.JPEG,0.25,0.25,0.25,0.25
EUVP_underwater_dark,264695_n02606052_21698.JPEG,0.25,0.25,0.25,0.25
EUVP_underwater_dark,264697_n02317335_31547.JPEG,0.25,0.25,0.25,0.25
EUVP_underwater_dark,264698_00012639.jpg,0.25,0.25,0.25,0.25
EUVP_underwater_dark,264701_00007716.jpg,0.25,0.25,0.25,0.25
EUVP_underwater_dark,264703_n01978455_48.JPEG,0.25,0.25,0.25,0.25
EUVP_underwater_dark,264704_00037691.jpg,0.25,0.25,0.25,0.25
EUVP_underwater_dark,264706_n01984695_17555.JPEG,0.25,0.25,0.25,0.25
EUVP_underwater_dark,264708_n01978455_2239.JPEG,0.25,0.25,0.25,0.25
EUVP_underwater_dark,264709_00016020.jpg,0.25,0.25,0.25,0.25
EUVP_underwater_dark,264710_sea_turtle_coral_reef_374.jpg,0.25,0.25,0.25,0.25
EUVP_underwater_dark,264711_n09256479_1355.JPEG,0.25,0.25,0.25,0.25
EUVP_underwater_dark,264712_n01984695_92249.JPEG,0.25,0.25,0.25,0.25
EUVP_underwater_dark,264713_00012951.jpg,0.25,0.25,0.25,0.25
EUVP_underwater_dark,264715_00012498.jpg,0.25,0.25,0.25,0.25
EUVP_underwater_dark,264718_00024524.jpg,0.25,0.25,0.25,0.25
EUVP_underwater_dark,264719_n01943899_19853.JPEG,0.25,0.25,0.25,0.25
EUVP_underwater_dark,264720_00000230.jpg,0.25,0.25,0.25,0.25
EUVP_underwater_dark,264721_00034879.jpg,0.25,0.25,0.25,0.25
EUVP_underwater_dark,264722_n01980166_7886.JPEG,0.25,0.25,0.25,0.25
EUVP_underwater_dark,264723_n01943899_14803.JPEG,0.25,0.25,0.25,0.25
EUVP_underwater_dark,264724_n01917289_3584.JPEG,0.25,0.25,0.25,0.25
EUVP_underwater_dark,264725_n02643566_14832.JPEG,0.25,0.25,0.25,0.25
EUVP_underwater_dark,264726_00016642.jpg,0.25,0.25,0.25,0.25
EUVP_underwater_dark,264728_n02321529_15335.JPEG,0.25,0.25,0.25,0.25
EUVP_underwater_dark,264729_00035197.jpg,0.25,0.25,0.25,0.25
EUVP_underwater_dark,264732_scuba_118.jpg,0.25,0.25,0.25,0.25
EUVP_underwater_dark,264733_00031043.jpg,0.25,0.25,0.25,0.25
EUVP_underwater_dark,264734_00038535.jpg,0.25,0.25,0.25,0.25
EUVP_underwater_dark,264735_00009805.jpg,0.25,0.25,0.25,0.25
EUVP_underwater_dark,264736_00019917.jpg,0.25,0.25,0.25,0.25
EUVP_underwater_dark,264737_00026040.jpg,0.25,0.25,0.25,0.25
EUVP_underwater_dark,264738_n09256479_18696.JPEG,0.25,0.25,0.25,0.25
EUVP_underwater_dark,264741_n01917289_4054.JPEG,0.25,0.25,0.25,0.25
EUVP_underwater_dark,264742_00031975.jpg,0.25,0.25,0.25,0.25
EUVP_underwater_dark,264743_n01950731_4572.JPEG,0.25,0.25,0.25,0.25
EUVP_underwater_dark,264744_n02606052_16368.JPEG,0.25,0.25,0.25,0.25
EUVP_underwater_dark,264745_00033533.jpg,0.25,0.25,0.25,0.25
EUVP_underwater_dark,264746_00019354.jpg,0.25,0.25,0.25,0.25
EUVP_underwater_dark,264747_00024293.jpg,0.25,0.25,0.25,0.25
EUVP_underwater_dark,264748_00006290.jpg,0.25,0.25,0.25,0.25
EUVP_underwater_dark,264750_n01978287_8184.JPEG,0.25,0.25,0.25,0.25
EUVP_underwater_dark,264751_n02317335_12706.JPEG,0.25,0.25,0.25,0.25
EUVP_underwater_dark,264752_scuba_bvi_309.jpg,0.25,0.25,0.25,0.25
EUVP_underwater_dark,264753_n02317335_4325.JPEG,0.25,0.25,0.25,0.25
EUVP_underwater_dark,264754_n02607072_5753.JPEG,0.25,0.25,0.25,0.25
EUVP_underwater_dark,264756_n02321529_11454.JPEG,0.25,0.25,0.25,0.25
EUVP_underwater_dark,264759_00008380.jpg,0.25,0.25,0.25,0.25
EUVP_underwater_dark,264763_n01924916_791.JPEG,0.25,0.25,0.25,0.25
EUVP_underwater_dark,264766_00031733.jpg,0.25,0.25,0.25,0.25
EUVP_underwater_dark,264767_n01924916_11481.JPEG,0.25,0.25,0.25,0.25
EUVP_underwater_dark,264768_00038160.jpg,0.25,0.25,0.25,0.25
EUVP_underwater_dark,264769_00010487.jpg,0.25,0.25,0.25,0.25
EUVP_underwater_dark,264771_00026700.jpg,0.25,0.25,0.25,0.25
EUVP_underwater_dark,264774_n01978455_5182.JPEG,0.25,0.25,0.25,0.25
EUVP_underwater_dark,264775_n01491361_920.JPEG,0.25,0.25,0.25,0.25
EUVP_underwater_dark,264776_n02321529_318.JPEG,0.25,0.25,0.25,0.25
EUVP_underwater_dark,264779_n01978455_2656.JPEG,0.25,0.25,0.25,0.25
EUVP_underwater_dark,264782_00004241.jpg,0.25,0.25,0.25,0.25
EUVP_underwater_dark,264783_n01664065_2370.JPEG,0.25,0.25,0.25,0.25
EUVP_underwater_dark,264784_00030488.jpg,0.25,0.25,0.25,0.25
EUVP_underwater_dark,264785_00004228.jpg,0.25,0.25,0.25,0.25
EUVP_underwater_dark,264786_00002052.jpg,0.25,0.25,0.25,0.25
EUVP_underwater_dark,264787_n01980166_405.JPEG,0.25,0.25,0.25,0.25
EUVP_underwater_dark,264788_n01910747_690.JPEG,0.25,0.25,0.25,0.25
EUVP_underwater_dark,264789_00026845.jpg,0.25,0.25,0.25,0.25
EUVP_underwater_dark,264790_scuba_taiwan_133.jpg,0.25,0.25,0.25,0.25
EUVP_underwater_dark,264792_00032968.jpg,0.25,0.25,0.25,0.25
EUVP_underwater_dark,264793_00030747.jpg,0.25,0.25,0.25,0.25
EUVP_underwater_dark,264794_00013378.jpg,0.25,0.25,0.25,0.25
EUVP_underwater_dark,264795_n01914609_2443.JPEG,0.25,0.25,0.25,0.25
EUVP_underwater_dark,264796_00009685.jpg,0.25,0.25,0.25,0.25
EUVP_underwater_dark,264797_n01914609_6438.JPEG,0.25,0.25,0.25,0.25
EUVP_underwater_dark,264798_00030860.jpg,0.25,0.25,0.25,0.25
EUVP_underwater_dark,264800_n09256479_9686.JPEG,0.25,0.25,0.25,0.25
EUVP_underwater_dark,264802_n02526121_803.JPEG,0.25,0.25,0.25,0.25
EUVP_underwater_dark,264803_n02526121_11223.JPEG,0.25,0.25,0.25,0.25
EUVP_underwater_dark,264804_n01914609_12780.JPEG,0.25,0.25,0.25,0.25
EUVP_underwater_dark,264805_00025331.jpg,0.25,0.25,0.25,0.25
EUVP_underwater_dark,264807_n02643566_1705.JPEG,0.25,0.25,0.25,0.25
EUVP_underwater_dark,264808_00020673.jpg,0.25,0.25,0.25,0.25
EUVP_underwater_dark,264809_n01985128_17222.JPEG,0.25,0.25,0.25,0.25
EUVP_underwater_dark,264810_n02526121_4776.JPEG,0.25,0.25,0.25,0.25
EUVP_underwater_dark,264812_00004641.jpg,0.25,0.25,0.25,0.25
EUVP_underwater_dark,264814_00006677.jpg,0.25,0.25,0.25,0.25
EUVP_underwater_dark,264815_n01985128_50803.JPEG,0.25,0.25,0.25,0.25
EUVP_underwater_dark,264816_00004864.jpg,0.25,0.25,0.25,0.25
EUVP_underwater_dark,264817_00002806.jpg,0.25,0.25,0.25,0.25
EUVP_underwater_dark,264818_00016999.jpg,0.25,0.25,0.25,0.25
EUVP_underwater_dark,264820_00039780.jpg,0.25,0.25,0.25,0.25
EUVP_underwater_dark,264822_n01924916_13371.JPEG,0.25,0.25,0.25,0.25
EUVP_underwater_dark,264823_00017662.jpg,0.25,0.25,0.25,0.25
EUVP_underwater_dark,264824_n02319095_8312.JPEG,0.25,0.25,0.25,0.25
EUVP_underwater_dark,264825_00016155.jpg,0.25,0.25,0.25,0.25
EUVP_underwater_dark,264827_n09256479_11430.JPEG,0.25,0.25,0.25,0.25
EUVP_underwater_dark,264828_00011468.jpg,0.25,0.25,0.25,0.25
EUVP_underwater_dark,264829_00002484.jpg,0.25,0.25,0.25,0.25
EUVP_underwater_dark,264830_00010770.jpg,0.25,0.25,0.25,0.25
EUVP_underwater_dark,264832_00029494.jpg,0.25,0.25,0.25,0.25
EUVP_underwater_dark,264833_n01914609_6857.JPEG,0.25,0.25,0.25,0.25
EUVP_underwater_dark,264834_n01751748_1631.JPEG,0.25,0.25,0.25,0.25
EUVP_underwater_dark,264835_00011873.jpg,0.25,0.25,0.25,0.25
EUVP_underwater_dark,264836_n01984695_23320.JPEG,0.25,0.25,0.25,0.25
EUVP_underwater_dark,264839_00027594.jpg,0.25,0.25,0.25,0.25
EUVP_underwater_dark,264840_00006581.jpg,0.25,0.25,0.25,0.25
EUVP_underwater_dark,264841_00000252.jpg,0.25,0.25,0.25,0.25
EUVP_underwater_dark,264843_00014436.jpg,0.25,0.25,0.25,0.25
EUVP_underwater_dark,264844_n02321529_14796.JPEG,0.25,0.25,0.25,0.25
EUVP_underwater_dark,264845_n01978455_10883.JPEG,0.25,0.25,0.25,0.25
EUVP_underwater_dark,264846_00019194.jpg,0.25,0.25,0.25,0.25
EUVP_underwater_dark,264847_00029883.jpg,0.25,0.25,0.25,0.25
EUVP_underwater_dark,264848_n02319095_9457.JPEG,0.25,0.25,0.25,0.25
EUVP_underwater_dark,264849_scuba_thailand_562.jpg,0.25,0.25,0.25,0.25
EUVP_underwater_dark,264851_00039616.jpg,0.25,0.25,0.25,0.25
EUVP_underwater_dark,264852_00035696.jpg,0.25,0.25,0.25,0.25
EUVP_underwater_dark,264854_00015209.jpg,0.25,0.25,0.25,0.25
EUVP_underwater_dark,264855_n01980166_8561.JPEG,0.25,0.25,0.25,0.25
EUVP_underwater_dark,264856_n02319095_7124.JPEG,0.25,0.25,0.25,0.25
EUVP_underwater_dark,264857_00017674.jpg,0.25,0.25,0.25,0.25
EUVP_underwater_dark,264858_00016515.jpg,0.25,0.25,0.25,0.25
EUVP_underwater_dark,264859_n09256479_614.JPEG,0.25,0.25,0.25,0.25
EUVP_underwater_dark,264860_00017769.jpg,0.25,0.25,0.25,0.25
EUVP_underwater_dark,264862_00021660.jpg,0.25,0.25,0.25,0.25
EUVP_underwater_dark,264864_n01491361_1083.JPEG,0.25,0.25,0.25,0.25
EUVP_underwater_dark,264865_n01494475_3351.JPEG,0.25,0.25,0.25,0.25
EUVP_underwater_dark,264867_00019290.jpg,0.25,0.25,0.25,0.25
EUVP_underwater_dark,264869_n02321529_3475.JPEG,0.25,0.25,0.25,0.25
EUVP_underwater_dark,264870_00039662.jpg,0.25,0.25,0.25,0.25
EUVP_underwater_dark,264875_n01978455_8196.JPEG,0.25,0.25,0.25,0.25
EUVP_underwater_dark,264876_n02607072_5101.JPEG,0.25,0.25,0.25,0.25
EUVP_underwater_dark,264878_00004317.jpg,0.25,0.25,0.25,0.25
EUVP_underwater_dark,264879_n02643566_1468.JPEG,0.25,0.25,0.25,0.25
EUVP_underwater_dark,264880_00023950.jpg,0.25,0.25,0.25,0.25
EUVP_underwater_dark,264881_00013016.jpg,0.25,0.25,0.25,0.25
EUVP_underwater_dark,264882_00024150.jpg,0.25,0.25,0.25,0.25
EUVP_underwater_dark,264884_n01914609_3980.JPEG,0.25,0.25,0.25,0.25
EUVP_underwater_dark,264885_n02607072_1578.JPEG,0.25,0.25,0.25,0.25
EUVP_underwater_dark,264886_00025015.jpg,0.25,0.25,0.25,0.25
EUVP_underwater_dark,264887_00024797.jpg,0.25,0.25,0.25,0.25
EUVP_underwater_dark,264888_00031240.jpg,0.25,0.25,0.25,0.25
EUVP_underwater_dark,264890_n02319095_2156.JPEG,0.25,0.25,0.25,0.25
EUVP_underwater_dark,264891_n02321529_4273.JPEG,0.25,0.25,0.25,0.25
EUVP_underwater_dark,264892_00001461.jpg,0.25,0.25,0.25,0.25
EUVP_underwater_dark,264895_00033130.jpg,0.25,0.25,0.25,0.25
EUVP_underwater_dark,264896_00006538.jpg,0.25,0.25,0.25,0.25
EUVP_underwater_dark,264897_00039582.jpg,0.25,0.25,0.25,0.25
EUVP_underwater_dark,264898_n02319095_9173.JPEG,0.25,0.25,0.25,0.25
EUVP_underwater_dark,264900_n09256479_6692.JPEG,0.25,0.25,0.25,0.25
EUVP_underwater_dark,264901_00014133.jpg,0.25,0.25,0.25,0.25
EUVP_underwater_dark,264902_00039284.jpg,0.25,0.25,0.25,0.25
EUVP_underwater_dark,264904_n01980166_1499.JPEG,0.25,0.25,0.25,0.25
EUVP_underwater_dark,264906_00006680.jpg,0.25,0.25,0.25,0.25
EUVP_underwater_dark,264907_00005324.jpg,0.25,0.25,0.25,0.25
EUVP_underwater_dark,264908_n01917289_5002.JPEG,0.25,0.25,0.25,0.25
EUVP_underwater_dark,264909_n02319095_561.JPEG,0.25,0.25,0.25,0.25
EUVP_underwater_dark,264910_scuba_isla_mujeres_4.jpg,0.25,0.25,0.25,0.25
EUVP_underwater_dark,264911_n02317335_5974.JPEG,0.25,0.25,0.25,0.25
EUVP_underwater_dark,264915_n01914609_8605.JPEG,0.25,0.25,0.25,0.25
EUVP_underwater_dark,264917_n01984695_72705.JPEG,0.25,0.25,0.25,0.25
EUVP_underwater_dark,264918_n01498041_12874.JPEG,0.25,0.25,0.25,0.25
EUVP_underwater_dark,264920_n01917289_1836.JPEG,0.25,0.25,0.25,0.25
EUVP_underwater_dark,264921_00018194.jpg,0.25,0.25,0.25,0.25
EUVP_underwater_dark,264923_00007883.jpg,0.25,0.25,0.25,0.25
EUVP_underwater_dark,264924_n01496331_30228.JPEG,0.25,0.25,0.25,0.25
EUVP_underwater_dark,264925_n02606052_18945.JPEG,0.25,0.25,0.25,0.25
EUVP_underwater_dark,264927_n02321529_4461.JPEG,0.25,0.25,0.25,0.25
EUVP_underwater_dark,264928_00039755.jpg,0.25,0.25,0.25,0.25
EUVP_underwater_dark,264930_n02321529_3220.JPEG,0.25,0.25,0.25,0.25
EUVP_underwater_dark,264931_n02321529_17291.JPEG,0.25,0.25,0.25,0.25
EUVP_underwater_dark,264932_scuba_pof_785.jpg,0.25,0.25,0.25,0.25
EUVP_underwater_dark,264933_n01914609_12982.JPEG,0.25,0.25,0.25,0.25
EUVP_underwater_dark,264934_00021296.jpg,0.25,0.25,0.25,0.25
EUVP_underwater_dark,264935_00013851.jpg,0.25,0.25,0.25,0.25
EUVP_underwater_dark,264937_00022451.jpg,0.25,0.25,0.25,0.25
EUVP_underwater_dark,264938_00027086.jpg,0.25,0.25,0.25,0.25
EUVP_underwater_dark,264939_00001915.jpg,0.25,0.25,0.25,0.25
EUVP_underwater_dark,264940_n01924916_2630.JPEG,0.25,0.25,0.25,0.25
EUVP_underwater_dark,264941_00005032.jpg,0.25,0.25,0.25,0.25
EUVP_underwater_dark,264943_00013578.jpg,0.25,0.25,0.25,0.25
EUVP_underwater_dark,264944_n02317335_1715.JPEG,0.25,0.25,0.25,0.25
EUVP_underwater_dark,264947_00012703.jpg,0.25,0.25,0.25,0.25
EUVP_underwater_dark,264948_n01910747_6119.JPEG,0.25,0.25,0.25,0.25
EUVP_underwater_dark,264949_00002288.jpg,0.25,0.25,0.25,0.25
EUVP_underwater_dark,264950_00007322.jpg,0.25,0.25,0.25,0.25
EUVP_underwater_dark,264951_n01950731_22922.JPEG,0.25,0.25,0.25,0.25
EUVP_underwater_dark,264952_n02317335_22113.JPEG,0.25,0.25,0.25,0.25
EUVP_underwater_dark,264954_n04251144_7972.JPEG,0.25,0.25,0.25,0.25
EUVP_underwater_dark,264957_00024323.jpg,0.25,0.25,0.25,0.25
EUVP_underwater_dark,264958_00012723.jpg,0.25,0.25,0.25,0.25
EUVP_underwater_dark,264959_00007412.jpg,0.25,0.25,0.25,0.25
EUVP_underwater_dark,264962_00009865.jpg,0.25,0.25,0.25,0.25
EUVP_underwater_dark,264964_n02607072_2085.JPEG,0.25,0.25,0.25,0.25
EUVP_underwater_dark,264968_scuba_barbados_64.jpg,0.25,0.25,0.25,0.25
EUVP_underwater_dark,264969_00038513.jpg,0.25,0.25,0.25,0.25
EUVP_underwater_dark,264971_n01978455_8171.JPEG,0.25,0.25,0.25,0.25
EUVP_underwater_dark,264972_00012895.jpg,0.25,0.25,0.25,0.25
EUVP_underwater_dark,264974_n01978455_6011.JPEG,0.25,0.25,0.25,0.25
EUVP_underwater_dark,264975_00031346.jpg,0.25,0.25,0.25,0.25
EUVP_underwater_dark,264976_00020370.jpg,0.25,0.25,0.25,0.25
EUVP_underwater_dark,264978_n02607072_14036.JPEG,0.25,0.25,0.25,0.25
EUVP_underwater_dark,264979_00012758.jpg,0.25,0.25,0.25,0.25
EUVP_underwater_dark,264980_n02607072_236.JPEG,0.25,0.25,0.25,0.25
EUVP_underwater_dark,264981_n01978455_10945.JPEG,0.25,0.25,0.25,0.25
EUVP_underwater_dark,264982_00038221.jpg,0.25,0.25,0.25,0.25
EUVP_underwater_dark,264984_00022200.jpg,0.25,0.25,0.25,0.25
EUVP_underwater_dark,264985_n02643566_3191.JPEG,0.25,0.25,0.25,0.25
EUVP_underwater_dark,264986_00004377.jpg,0.25,0.25,0.25,0.25
EUVP_underwater_dark,264988_n02643566_1960.JPEG,0.25,0.25,0.25,0.25
EUVP_underwater_dark,264989_00004999.jpg,0.25,0.25,0.25,0.25
EUVP_underwater_dark,264990_00024618.jpg,0.25,0.25,0.25,0.25
EUVP_underwater_dark,264991_00020417.jpg,0.25,0.25,0.25,0.25
EUVP_underwater_dark,264993_n02319095_3211.JPEG,0.25,0.25,0.25,0.25
EUVP_underwater_dark,264994_scuba_sri_lanka_117.jpg,0.25,0.25,0.25,0.25
EUVP_underwater_dark,264996_00034471.jpg,0.25,0.25,0.25,0.25
EUVP_underwater_dark,264998_00023563.jpg,0.25,0.25,0.25,0.25
EUVP_underwater_dark,265000_n01498041_13544.JPEG,0.25,0.25,0.25,0.25
EUVP_underwater_dark,265001_00033881.jpg,0.25,0.25,0.25,0.25
EUVP_underwater_dark,265003_n01980166_7778.JPEG,0.25,0.25,0.25,0.25
EUVP_underwater_dark,265007_00017246.jpg,0.25,0.25,0.25,0.25
EUVP_underwater_dark,265008_scuba_bvi_848.jpg,0.25,0.25,0.25,0.25
EUVP_underwater_dark,265009_00030292.jpg,0.25,0.25,0.25,0.25
EUVP_underwater_dark,265011_n10565667_4879.JPEG,0.25,0.25,0.25,0.25
EUVP_underwater_dark,265013_00009599.jpg,0.25,0.25,0.25,0.25
EUVP_underwater_dark,265014_00027293.jpg,0.25,0.25,0.25,0.25
EUVP_underwater_dark,265015_n02321529_2197.JPEG,0.25,0.25,0.25,0.25
EUVP_underwater_dark,265016_00007528.jpg,0.25,0.25,0.25,0.25
EUVP_underwater_dark,265019_00019286.jpg,0.25,0.25,0.25,0.25
EUVP_underwater_dark,265024_n01980166_1067.JPEG,0.25,0.25,0.25,0.25
EUVP_underwater_dark,265026_00036370.jpg,0.25,0.25,0.25,0.25
EUVP_underwater_dark,265027_00007851.jpg,0.25,0.25,0.25,0.25
EUVP_underwater_dark,265030_00035704.jpg,0.25,0.25,0.25,0.25
EUVP_underwater_dark,265032_00010979.jpg,0.25,0.25,0.25,0.25
EUVP_underwater_dark,265033_00002072.jpg,0.25,0.25,0.25,0.25
EUVP_underwater_dark,265034_00033773.jpg,0.25,0.25,0.25,0.25
EUVP_underwater_dark,265036_scuba_519.jpg,0.25,0.25,0.25,0.25
EUVP_underwater_dark,265039_00009328.jpg,0.25,0.25,0.25,0.25
EUVP_underwater_dark,265040_00015091.jpg,0.25,0.25,0.25,0.25
EUVP_underwater_dark,265041_00001618.jpg,0.25,0.25,0.25,0.25
EUVP_underwater_dark,265043_00029143.jpg,0.25,0.25,0.25,0.25
EUVP_underwater_dark,265045_00009900.jpg,0.25,0.25,0.25,0.25
EUVP_underwater_dark,265047_n01950731_29754.JPEG,0.25,0.25,0.25,0.25
EUVP_underwater_dark,265048_scuba_bonaire_517.jpg,0.25,0.25,0.25,0.25
EUVP_underwater_dark,265049_00015972.jpg,0.25,0.25,0.25,0.25
EUVP_underwater_dark,265055_00039689.jpg,0.25,0.25,0.25,0.25
EUVP_underwater_dark,265056_scuba_barbados_443.jpg,0.25,0.25,0.25,0.25
EUVP_underwater_dark,265057_00013738.jpg,0.25,0.25,0.25,0.25
EUVP_underwater_dark,265058_n01985128_20366.JPEG,0.25,0.25,0.25,0.25
EUVP_underwater_dark,265059_n02606052_5090.JPEG,0.25,0.25,0.25,0.25
EUVP_underwater_dark,265062_00037957.jpg,0.25,0.25,0.25,0.25
EUVP_underwater_dark,265064_00017656.jpg,0.25,0.25,0.25,0.25
EUVP_underwater_dark,265068_n02319095_2179.JPEG,0.25,0.25,0.25,0.25
EUVP_underwater_dark,265070_00022085.jpg,0.25,0.25,0.25,0.25
EUVP_underwater_dark,265071_n01924916_3730.JPEG,0.25,0.25,0.25,0.25
EUVP_underwater_dark,265072_00002986.jpg,0.25,0.25,0.25,0.25
EUVP_underwater_dark,265073_00021557.jpg,0.25,0.25,0.25,0.25
EUVP_underwater_dark,265074_n01914609_10193.JPEG,0.25,0.25,0.25,0.25
EUVP_underwater_dark,265075_00034813.jpg,0.25,0.25,0.25,0.25
EUVP_underwater_dark,265077_n02606052_1606.JPEG,0.25,0.25,0.25,0.25
EUVP_underwater_dark,265078_n01914609_1520.JPEG,0.25,0.25,0.25,0.25
EUVP_underwater_dark,265082_00000232.jpg,0.25,0.25,0.25,0.25
EUVP_underwater_dark,265083_00014206.jpg,0.25,0.25,0.25,0.25
EUVP_underwater_dark,265084_00009028.jpg,0.25,0.25,0.25,0.25
EUVP_underwater_dark,265085_n09256479_11291.JPEG,0.25,0.25,0.25,0.25
EUVP_underwater_dark,265086_00034377.jpg,0.25,0.25,0.25,0.25
EUVP_underwater_dark,265087_n02606052_14570.JPEG,0.25,0.25,0.25,0.25
EUVP_underwater_dark,265090_n02526121_11612.JPEG,0.25,0.25,0.25,0.25
EUVP_underwater_dark,265091_n01985128_36797.JPEG,0.25,0.25,0.25,0.25
EUVP_underwater_dark,265092_n01950731_13606.JPEG,0.25,0.25,0.25,0.25
EUVP_underwater_dark,265094_00033124.jpg,0.25,0.25,0.25,0.25
EUVP_underwater_dark,265095_00033300.jpg,0.25,0.25,0.25,0.25
EUVP_underwater_dark,265096_00009671.jpg,0.25,0.25,0.25,0.25
EUVP_underwater_dark,265097_n02319095_8776.JPEG,0.25,0.25,0.25,0.25
EUVP_underwater_dark,265098_n01984695_35538.JPEG,0.25,0.25,0.25,0.25
EUVP_underwater_dark,265100_n02643566_2062.JPEG,0.25,0.25,0.25,0.25
EUVP_underwater_dark,265102_n01980166_710.JPEG,0.25,0.25,0.25,0.25
EUVP_underwater_dark,265103_00011840.jpg,0.25,0.25,0.25,0.25
EUVP_underwater_dark,265104_00029870.jpg,0.25,0.25,0.25,0.25
EUVP_underwater_dark,265105_00010654.jpg,0.25,0.25,0.25,0.25
EUVP_underwater_dark,265106_n01950731_12567.JPEG,0.25,0.25,0.25,0.25
EUVP_underwater_dark,265108_n01924916_12472.JPEG,0.25,0.25,0.25,0.25
EUVP_underwater_dark,265109_00014062.jpg,0.25,0.25,0.25,0.25
EUVP_underwater_dark,265113_00019395.jpg,0.25,0.25,0.25,0.25
EUVP_underwater_dark,265115_sea_turtle_jellyfish_332.jpg,0.25,0.25,0.25,0.25
EUVP_underwater_dark,265116_00000722.jpg,0.25,0.25,0.25,0.25
EUVP_underwater_dark,265117_n01751748_1318.JPEG,0.25,0.25,0.25,0.25
EUVP_underwater_dark,265118_00017884.jpg,0.25,0.25,0.25,0.25
EUVP_underwater_dark,265119_00013763.jpg,0.25,0.25,0.25,0.25
EUVP_underwater_dark,265120_n02317335_14999.JPEG,0.25,0.25,0.25,0.25
EUVP_underwater_dark,265122_00010867.jpg,0.25,0.25,0.25,0.25
EUVP_underwater_dark,265123_n01751748_2557.JPEG,0.25,0.25,0.25,0.25
EUVP_underwater_dark,265124_n02321529_8222.JPEG,0.25,0.25,0.25,0.25
EUVP_underwater_dark,265125_00039183.jpg,0.25,0.25,0.25,0.25
EUVP_underwater_dark,265126_n01924916_1740.JPEG,0.25,0.25,0.25,0.25
EUVP_underwater_dark,265127_00010748.jpg,0.25,0.25,0.25,0.25
EUVP_underwater_dark,265128_n02321529_9069.JPEG,0.25,0.25,0.25,0.25
EUVP_underwater_dark,265129_n01496331_800.JPEG,0.25,0.25,0.25,0.25
EUVP_underwater_dark,265130_00031309.jpg,0.25,0.25,0.25,0.25
EUVP_underwater_dark,265133_00016343.jpg,0.25,0.25,0.25,0.25
EUVP_underwater_dark,265134_00015948.jpg,0.25,0.25,0.25,0.25
EUVP_underwater_dark,265136_00014369.jpg,0.25,0.25,0.25,0.25
EUVP_underwater_dark,265137_n01950731_8021.JPEG,0.25,0.25,0.25,0.25
EUVP_underwater_dark,265138_n02643566_1704.JPEG,0.25,0.25,0.25,0.25
EUVP_underwater_dark,265139_00010657.jpg,0.25,0.25,0.25,0.25
EUVP_underwater_dark,265140_00006754.jpg,0.25,0.25,0.25,0.25
EUVP_underwater_dark,265143_n01924916_6393.JPEG,0.25,0.25,0.25,0.25
EUVP_underwater_dark,265144_n01985128_52509.JPEG,0.25,0.25,0.25,0.25
EUVP_underwater_dark,265145_n01751748_3913.JPEG,0.25,0.25,0.25,0.25
EUVP_underwater_dark,265146_00037288.jpg,0.25,0.25,0.25,0.25
EUVP_underwater_dark,265147_00034081.jpg,0.25,0.25,0.25,0.25
EUVP_underwater_dark,265150_n01980166_9354.JPEG,0.25,0.25,0.25,0.25
EUVP_underwater_dark,265151_00000349.jpg,0.25,0.25,0.25,0.25
EUVP_underwater_dark,265152_00032365.jpg,0.25,0.25,0.25,0.25
EUVP_underwater_dark,265153_n01980166_23.JPEG,0.25,0.25,0.25,0.25
EUVP_underwater_dark,265155_00025128.jpg,0.25,0.25,0.25,0.25
EUVP_underwater_dark,265156_n01978455_350.JPEG,0.25,0.25,0.25,0.25
EUVP_underwater_dark,265157_00018587.jpg,0.25,0.25,0.25,0.25
EUVP_underwater_dark,265158_00015310.jpg,0.25,0.25,0.25,0.25
EUVP_underwater_dark,265159_00036309.jpg,0.25,0.25,0.25,0.25
EUVP_underwater_dark,265160_n01950731_13243.JPEG,0.25,0.25,0.25,0.25
EUVP_underwater_dark,265162_00026215.jpg,0.25,0.25,0.25,0.25
EUVP_underwater_dark,265163_n02317335_6905.JPEG,0.25,0.25,0.25,0.25
EUVP_underwater_dark,265165_n02606052_5909.JPEG,0.25,0.25,0.25,0.25
EUVP_underwater_dark,265166_n01494475_3083.JPEG,0.25,0.25,0.25,0.25
EUVP_underwater_dark,265167_n01914609_6074.JPEG,0.25,0.25,0.25,0.25
EUVP_underwater_dark,265168_00026583.jpg,0.25,0.25,0.25,0.25
EUVP_underwater_dark,265170_00014222.jpg,0.25,0.25,0.25,0.25
EUVP_underwater_dark,265171_n02317335_25267.JPEG,0.25,0.25,0.25,0.25
EUVP_underwater_dark,265172_n02319095_5826.JPEG,0.25,0.25,0.25,0.25
EUVP_underwater_dark,265173_00026468.jpg,0.25,0.25,0.25,0.25
EUVP_underwater_dark,265175_00000709.jpg,0.25,0.25,0.25,0.25
EUVP_underwater_dark,265176_n01664065_13000.JPEG,0.25,0.25,0.25,0.25
EUVP_underwater_dark,265177_00039479.jpg,0.25,0.25,0.25,0.25
EUVP_underwater_dark,265179_00037857.jpg,0.25,0.25,0.25,0.25
EUVP_underwater_dark,265180_n02317335_20902.JPEG,0.25,0.25,0.25,0.25
EUVP_underwater_dark,265181_00019819.jpg,0.25,0.25,0.25,0.25
EUVP_underwater_dark,265186_00009166.jpg,0.25,0.25,0.25,0.25
EUVP_underwater_dark,265187_n02319095_6615.JPEG,0.25,0.25,0.25,0.25
EUVP_underwater_dark,265189_00001365.jpg,0.25,0.25,0.25,0.25
EUVP_underwater_dark,265190_00025728.jpg,0.25,0.25,0.25,0.25
EUVP_underwater_dark,265191_00023201.jpg,0.25,0.25,0.25,0.25
EUVP_underwater_dark,265194_n02643566_4036.JPEG,0.25,0.25,0.25,0.25
EUVP_underwater_dark,265196_n02321529_9339.JPEG,0.25,0.25,0.25,0.25
EUVP_underwater_dark,265198_00004739.jpg,0.25,0.25,0.25,0.25
EUVP_underwater_dark,265200_00039608.jpg,0.25,0.25,0.25,0.25
EUVP_underwater_dark,265201_00034748.jpg,0.25,0.25,0.25,0.25
EUVP_underwater_dark,265202_00033195.jpg,0.25,0.25,0.25,0.25
EUVP_underwater_dark,265203_sea_turtle_kauai_160.jpg,0.25,0.25,0.25,0.25
EUVP_underwater_dark,265204_00001196.jpg,0.25,0.25,0.25,0.25
EUVP_underwater_dark,265205_00034156.jpg,0.25,0.25,0.25,0.25
EUVP_underwater_dark,265206_n02317335_41284.JPEG,0.25,0.25,0.25,0.25
EUVP_underwater_dark,265207_00002209.jpg,0.25,0.25,0.25,0.25
EUVP_underwater_dark,265208_n01924916_1590.JPEG,0.25,0.25,0.25,0.25
EUVP_underwater_dark,265210_n02319095_428.JPEG,0.25,0.25,0.25,0.25
EUVP_underwater_dark,265211_n01980166_5072.JPEG,0.25,0.25,0.25,0.25
EUVP_underwater_dark,265212_n01751748_8566.JPEG,0.25,0.25,0.25,0.25
EUVP_underwater_dark,265213_n01751748_8005.JPEG,0.25,0.25,0.25,0.25
EUVP_underwater_dark,265214_00011461.jpg,0.25,0.25,0.25,0.25
EUVP_underwater_dark,265215_00026253.jpg,0.25,0.25,0.25,0.25
EUVP_underwater_dark,265216_scuba_mexico_125.jpg,0.25,0.25,0.25,0.25
EUVP_underwater_dark,265217_00030598.jpg,0.25,0.25,0.25,0.25
EUVP_underwater_dark,265218_00005635.jpg,0.25,0.25,0.25,0.25
EUVP_underwater_dark,265221_00008676.jpg,0.25,0.25,0.25,0.25
EUVP_underwater_dark,265222_00006072.jpg,0.25,0.25,0.25,0.25
EUVP_underwater_dark,265227_00015939.jpg,0.25,0.25,0.25,0.25
EUVP_underwater_dark,265228_00033645.jpg,0.25,0.25,0.25,0.25
EUVP_underwater_dark,265229_00038607.jpg,0.25,0.25,0.25,0.25
EUVP_underwater_dark,265230_n01910747_11611.JPEG,0.25,0.25,0.25,0.25
EUVP_underwater_dark,265231_n01950731_5081.JPEG,0.25,0.25,0.25,0.25
EUVP_underwater_dark,265233_00007817.jpg,0.25,0.25,0.25,0.25
EUVP_underwater_dark,265234_00008055.jpg,0.25,0.25,0.25,0.25
EUVP_underwater_dark,265235_00030754.jpg,0.25,0.25,0.25,0.25
EUVP_underwater_dark,265236_00013910.jpg,0.25,0.25,0.25,0.25
EUVP_underwater_dark,265237_00004751.jpg,0.25,0.25,0.25,0.25
EUVP_underwater_dark,265242_n01924916_9575.JPEG,0.25,0.25,0.25,0.25
EUVP_underwater_dark,265243_n01978455_446.JPEG,0.25,0.25,0.25,0.25
EUVP_underwater_dark,265245_n01950731_16885.JPEG,0.25,0.25,0.25,0.25
EUVP_underwater_dark,265246_00038161.jpg,0.25,0.25,0.25,0.25
EUVP_underwater_dark,265247_00000654.jpg,0.25,0.25,0.25,0.25
EUVP_underwater_dark,265248_00028867.jpg,0.25,0.25,0.25,0.25
EUVP_underwater_dark,265251_n01491361_3362.JPEG,0.25,0.25,0.25,0.25
EUVP_underwater_dark,265253_00020474.jpg,0.25,0.25,0.25,0.25
EUVP_underwater_dark,265254_n02655020_12465.JPEG,0.25,0.25,0.25,0.25
EUVP_underwater_dark,265256_00039633.jpg,0.25,0.25,0.25,0.25
EUVP_underwater_dark,265258_00024094.jpg,0.25,0.25,0.25,0.25
EUVP_underwater_dark,265259_n10565667_21702.JPEG,0.25,0.25,0.25,0.25
EUVP_underwater_dark,265260_00028128.jpg,0.25,0.25,0.25,0.25
EUVP_underwater_dark,265261_00022002.jpg,0.25,0.25,0.25,0.25
EUVP_underwater_dark,265262_00003593.jpg,0.25,0.25,0.25,0.25
EUVP_underwater_dark,265263_00013955.jpg,0.25,0.25,0.25,0.25
EUVP_underwater_dark,265264_00029451.jpg,0.25,0.25,0.25,0.25
EUVP_underwater_dark,265267_00020802.jpg,0.25,0.25,0.25,0.25
EUVP_underwater_dark,265268_n02319095_7431.JPEG,0.25,0.25,0.25,0.25
EUVP_underwater_dark,265270_n02319095_796.JPEG,0.25,0.25,0.25,0.25
EUVP_underwater_dark,265271_00017442.jpg,0.25,0.25,0.25,0.25
EUVP_underwater_dark,265273_00000106.jpg,0.25,0.25,0.25,0.25
EUVP_underwater_dark,265274_00004729.jpg,0.25,0.25,0.25,0.25
EUVP_underwater_dark,265275_n02643566_1969.JPEG,0.25,0.25,0.25,0.25
EUVP_underwater_dark,265277_00028749.jpg,0.25,0.25,0.25,0.25
EUVP_underwater_dark,265279_n02643566_3135.JPEG,0.25,0.25,0.25,0.25
EUVP_underwater_dark,265280_scuba_grenada_614.jpg,0.25,0.25,0.25,0.25
EUVP_underwater_dark,265281_00036669.jpg,0.25,0.25,0.25,0.25
EUVP_underwater_dark,265282_00020139.jpg,0.25,0.25,0.25,0.25
EUVP_underwater_dark,265283_00029123.jpg,0.25,0.25,0.25,0.25
EUVP_underwater_dark,265285_n02643566_353.JPEG,0.25,0.25,0.25,0.25
EUVP_underwater_dark,265286_n02317335_55729.JPEG,0.25,0.25,0.25,0.25
EUVP_underwater_dark,265288_00029663.jpg,0.25,0.25,0.25,0.25
EUVP_underwater_dark,265289_00037572.jpg,0.25,0.25,0.25,0.25
EUVP_underwater_dark,265290_n02319095_2105.JPEG,0.25,0.25,0.25,0.25
EUVP_underwater_dark,265291_00019026.jpg,0.25,0.25,0.25,0.25
EUVP_underwater_dark,265292_n01664065_312.JPEG,0.25,0.25,0.25,0.25
EUVP_underwater_dark,265293_n02606052_17217.JPEG,0.25,0.25,0.25,0.25
EUVP_underwater_dark,265294_00001019.jpg,0.25,0.25,0.25,0.25
EUVP_underwater_dark,265296_n02607072_5057.JPEG,0.25,0.25,0.25,0.25
EUVP_underwater_dark,265298_n02317335_13204.JPEG,0.25,0.25,0.25,0.25
EUVP_underwater_dark,265299_n01917289_4017.JPEG,0.25,0.25,0.25,0.25
EUVP_underwater_dark,265300_00025653.jpg,0.25,0.25,0.25,0.25
EUVP_underwater_dark,265301_n01751748_7557.JPEG,0.25,0.25,0.25,0.25
EUVP_underwater_dark,265302_00019244.jpg,0.25,0.25,0.25,0.25
EUVP_underwater_dark,265303_00017208.jpg,0.25,0.25,0.25,0.25
EUVP_underwater_dark,265304_n02607072_117.JPEG,0.25,0.25,0.25,0.25
EUVP_underwater_dark,265305_00012516.jpg,0.25,0.25,0.25,0.25
EUVP_underwater_dark,265306_00032554.jpg,0.25,0.25,0.25,0.25
EUVP_underwater_dark,265308_n09256479_6297.JPEG,0.25,0.25,0.25,0.25
EUVP_underwater_dark,265311_n01910747_6539.JPEG,0.25,0.25,0.25,0.25
EUVP_underwater_dark,265312_n01924916_5177.JPEG,0.25,0.25,0.25,0.25
EUVP_underwater_dark,265313_n01924916_7589.JPEG,0.25,0.25,0.25,0.25
EUVP_underwater_dark,265314_00010537.jpg,0.25,0.25,0.25,0.25
EUVP_underwater_dark,265315_n01983481_19097.JPEG,0.25,0.25,0.25,0.25
EUVP_underwater_dark,265316_n01980166_5699.JPEG,0.25,0.25,0.25,0.25
EUVP_underwater_dark,265319_00010472.jpg,0.25,0.25,0.25,0.25
EUVP_underwater_dark,265320_n02607072_1131.JPEG,0.25,0.25,0.25,0.25
EUVP_underwater_dark,265322_00029877.jpg,0.25,0.25,0.25,0.25
EUVP_underwater_dark,265323_00030884.jpg,0.25,0.25,0.25,0.25
EUVP_underwater_dark,265324_00024589.jpg,0.25,0.25,0.25,0.25
EUVP_underwater_dark,265325_00022927.jpg,0.25,0.25,0.25,0.25
EUVP_underwater_dark,265326_00036884.jpg,0.25,0.25,0.25,0.25
EUVP_underwater_dark,265328_n02655020_22694.JPEG,0.25,0.25,0.25,0.25
EUVP_underwater_dark,265330_00003378.jpg,0.25,0.25,0.25,0.25
EUVP_underwater_dark,265333_n02643566_3230.JPEG,0.25,0.25,0.25,0.25
EUVP_underwater_dark,265334_n01984695_11540.JPEG,0.25,0.25,0.25,0.25
EUVP_underwater_dark,265338_n01950731_7361.JPEG,0.25,0.25,0.25,0.25
EUVP_underwater_dark,265339_00014323.jpg,0.25,0.25,0.25,0.25
EUVP_underwater_dark,265340_00039305.jpg,0.25,0.25,0.25,0.25
EUVP_underwater_dark,265341_n09256479_5639.JPEG,0.25,0.25,0.25,0.25
EUVP_underwater_dark,265342_00007377.jpg,0.25,0.25,0.25,0.25
EUVP_underwater_dark,265343_00030162.jpg,0.25,0.25,0.25,0.25
EUVP_underwater_dark,265344_00029330.jpg,0.25,0.25,0.25,0.25
EUVP_underwater_dark,265346_00017852.jpg,0.25,0.25,0.25,0.25
EUVP_underwater_dark,265348_n01950731_9890.JPEG,0.25,0.25,0.25,0.25
EUVP_underwater_dark,265349_00000487.jpg,0.25,0.25,0.25,0.25
EUVP_underwater_dark,265350_n02317335_22718.JPEG,0.25,0.25,0.25,0.25
EUVP_underwater_dark,265351_n01980166_5488.JPEG,0.25,0.25,0.25,0.25
EUVP_underwater_dark,265352_00033166.jpg,0.25,0.25,0.25,0.25
EUVP_underwater_dark,265354_00001873.jpg,0.25,0.25,0.25,0.25
EUVP_underwater_dark,265355_n01917289_2145.JPEG,0.25,0.25,0.25,0.25
EUVP_underwater_dark,265356_00038631.jpg,0.25,0.25,0.25,0.25
EUVP_underwater_dark,265357_n01950731_3193.JPEG,0.25,0.25,0.25,0.25
EUVP_underwater_dark,265360_00022033.jpg,0.25,0.25,0.25,0.25
EUVP_underwater_dark,265361_n09256479_5325.JPEG,0.25,0.25,0.25,0.25
EUVP_underwater_dark,265362_n01914609_2298.JPEG,0.25,0.25,0.25,0.25
EUVP_underwater_dark,265363_00023794.jpg,0.25,0.25,0.25,0.25
EUVP_underwater_dark,265364_00004184.jpg,0.25,0.25,0.25,0.25
EUVP_underwater_dark,265366_00013451.jpg,0.25,0.25,0.25,0.25
EUVP_underwater_dark,265367_n02643566_2726.JPEG,0.25,0.25,0.25,0.25
EUVP_underwater_dark,265368_n02606052_14622.JPEG,0.25,0.25,0.25,0.25
EUVP_underwater_dark,265370_n01984695_69031.JPEG,0.25,0.25,0.25,0.25
EUVP_underwater_dark,265371_n01751748_11137.JPEG,0.25,0.25,0.25,0.25
EUVP_underwater_dark,265372_n01924916_16150.JPEG,0.25,0.25,0.25,0.25
EUVP_underwater_dark,265373_00027817.jpg,0.25,0.25,0.25,0.25
EUVP_underwater_dark,265374_00020863.jpg,0.25,0.25,0.25,0.25
EUVP_underwater_dark,265375_00011565.jpg,0.25,0.25,0.25,0.25
EUVP_underwater_dark,265376_00037466.jpg,0.25,0.25,0.25,0.25
EUVP_underwater_dark,265377_00020428.jpg,0.25,0.25,0.25,0.25
EUVP_underwater_dark,265381_n02319095_7927.JPEG,0.25,0.25,0.25,0.25
EUVP_underwater_dark,265382_00024385.jpg,0.25,0.25,0.25,0.25
EUVP_underwater_dark,265383_n01924916_8265.JPEG,0.25,0.25,0.25,0.25
EUVP_underwater_dark,265385_00004412.jpg,0.25,0.25,0.25,0.25
EUVP_underwater_dark,265386_00015710.jpg,0.25,0.25,0.25,0.25
EUVP_underwater_dark,265387_00039531.jpg,0.25,0.25,0.25,0.25
EUVP_underwater_dark,265389_scuba_palawan_168.jpg,0.25,0.25,0.25,0.25
EUVP_underwater_dark,265392_00026543.jpg,0.25,0.25,0.25,0.25
EUVP_underwater_dark,265393_00026122.jpg,0.25,0.25,0.25,0.25
EUVP_underwater_dark,265394_00024394.jpg,0.25,0.25,0.25,0.25
EUVP_underwater_dark,265396_00002563.jpg,0.25,0.25,0.25,0.25
EUVP_underwater_dark,265397_n01980166_244.JPEG,0.25,0.25,0.25,0.25
EUVP_underwater_dark,265398_n01917289_4052.JPEG,0.25,0.25,0.25,0.25
EUVP_underwater_dark,265399_n01950731_8763.JPEG,0.25,0.25,0.25,0.25
EUVP_underwater_dark,265400_00032786.jpg,0.25,0.25,0.25,0.25
EUVP_underwater_dark,265403_00002108.jpg,0.25,0.25,0.25,0.25
EUVP_underwater_dark,265404_00007852.jpg,0.25,0.25,0.25,0.25
EUVP_underwater_dark,265409_n02317335_17321.JPEG,0.25,0.25,0.25,0.25
EUVP_underwater_dark,265410_n02317335_8914.JPEG,0.25,0.25,0.25,0.25
EUVP_underwater_dark,265412_n01978455_10548.JPEG,0.25,0.25,0.25,0.25
EUVP_underwater_dark,265413_00037477.jpg,0.25,0.25,0.25,0.25
EUVP_underwater_dark,265416_n01980166_8368.JPEG,0.25,0.25,0.25,0.25
EUVP_underwater_dark,265417_00012043.jpg,0.25,0.25,0.25,0.25
EUVP_underwater_dark,265418_00007801.jpg,0.25,0.25,0.25,0.25
EUVP_underwater_dark,265420_00007470.jpg,0.25,0.25,0.25,0.25
EUVP_underwater_dark,265421_00002998.jpg,0.25,0.25,0.25,0.25
EUVP_underwater_dark,265422_00007218.jpg,0.25,0.25,0.25,0.25
EUVP_underwater_dark,265423_n01978455_415.JPEG,0.25,0.25,0.25,0.25
EUVP_underwater_dark,265425_n01910747_4021.JPEG,0.25,0.25,0.25,0.25
EUVP_underwater_dark,265426_00026795.jpg,0.25,0.25,0.25,0.25
EUVP_underwater_dark,265428_n02319095_830.JPEG,0.25,0.25,0.25,0.25
EUVP_underwater_dark,265429_n01664065_8915.JPEG,0.25,0.25,0.25,0.25
EUVP_underwater_dark,265431_00015722.jpg,0.25,0.25,0.25,0.25
EUVP_underwater_dark,265433_n02607072_8221.JPEG,0.25,0.25,0.25,0.25
EUVP_underwater_dark,265437_n01984695_34859.JPEG,0.25,0.25,0.25,0.25
EUVP_underwater_dark,265440_00014015.jpg,0.25,0.25,0.25,0.25
EUVP_underwater_dark,265442_00023063.jpg,0.25,0.25,0.25,0.25
EUVP_underwater_dark,265445_n01985128_18348.JPEG,0.25,0.25,0.25,0.25
EUVP_underwater_dark,265447_00032036.jpg,0.25,0.25,0.25,0.25
EUVP_underwater_dark,265449_scuba_tenerife_408.jpg,0.25,0.25,0.25,0.25
EUVP_underwater_dark,265450_00009016.jpg,0.25,0.25,0.25,0.25
EUVP_underwater_dark,265451_n01917289_3958.JPEG,0.25,0.25,0.25,0.25
EUVP_underwater_dark,265452_n01943899_16034.JPEG,0.25,0.25,0.25,0.25
EUVP_underwater_dark,265457_n01978455_2240.JPEG,0.25,0.25,0.25,0.25
EUVP_underwater_dark,265458_00013902.jpg,0.25,0.25,0.25,0.25
EUVP_underwater_dark,265459_00021026.jpg,0.25,0.25,0.25,0.25
EUVP_underwater_dark,265461_n02321529_9585.JPEG,0.25,0.25,0.25,0.25
EUVP_underwater_dark,265462_00038637.jpg,0.25,0.25,0.25,0.25
EUVP_underwater_dark,265464_n02643566_1498.JPEG,0.25,0.25,0.25,0.25
EUVP_underwater_dark,265465_00035680.jpg,0.25,0.25,0.25,0.25
EUVP_underwater_dark,265466_n01914609_4020.JPEG,0.25,0.25,0.25,0.25
EUVP_underwater_dark,265467_00006990.jpg,0.25,0.25,0.25,0.25
EUVP_underwater_dark,265468_00017993.jpg,0.25,0.25,0.25,0.25
EUVP_underwater_dark,265469_n02319095_6815.JPEG,0.25,0.25,0.25,0.25
EUVP_underwater_dark,265472_00027594.jpg,0.25,0.25,0.25,0.25
EUVP_underwater_dark,265474_n01980166_184.JPEG,0.25,0.25,0.25,0.25
EUVP_underwater_dark,265475_n02655020_18581.JPEG,0.25,0.25,0.25,0.25
EUVP_underwater_dark,265476_n01950731_1102.JPEG,0.25,0.25,0.25,0.25
EUVP_underwater_dark,265477_00022367.jpg,0.25,0.25,0.25,0.25
EUVP_underwater_dark,265479_00022624.jpg,0.25,0.25,0.25,0.25
EUVP_underwater_dark,265480_00020031.jpg,0.25,0.25,0.25,0.25
EUVP_underwater_dark,265481_00020276.jpg,0.25,0.25,0.25,0.25
EUVP_underwater_dark,265483_scuba_italy_10.jpg,0.25,0.25,0.25,0.25
EUVP_underwater_dark,265484_n01950731_12041.JPEG,0.25,0.25,0.25,0.25
EUVP_underwater_dark,265486_00001465.jpg,0.25,0.25,0.25,0.25
EUVP_underwater_dark,265487_n01924916_8480.JPEG,0.25,0.25,0.25,0.25
EUVP_underwater_dark,265488_n01984695_5991.JPEG,0.25,0.25,0.25,0.25
EUVP_underwater_dark,265489_00010059.jpg,0.25,0.25,0.25,0.25
EUVP_underwater_dark,265491_n02643566_3598.JPEG,0.25,0.25,0.25,0.25
EUVP_underwater_dark,265492_n01924916_5880.JPEG,0.25,0.25,0.25,0.25
EUVP_underwater_dark,265494_n01950731_23779.JPEG,0.25,0.25,0.25,0.25
EUVP_underwater_dark,265496_00028712.jpg,0.25,0.25,0.25,0.25
EUVP_underwater_dark,265497_n01984695_75169.JPEG,0.25,0.25,0.25,0.25
EUVP_underwater_dark,265499_n01924916_3144.JPEG,0.25,0.25,0.25,0.25
EUVP_underwater_dark,265501_00003383.jpg,0.25,0.25,0.25,0.25
EUVP_underwater_dark,265503_00030066.jpg,0.25,0.25,0.25,0.25
EUVP_underwater_dark,265505_n01980166_719.JPEG,0.25,0.25,0.25,0.25
EUVP_underwater_dark,265506_00029072.jpg,0.25,0.25,0.25,0.25
EUVP_underwater_dark,265508_00014660.jpg,0.25,0.25,0.25,0.25
EUVP_underwater_dark,265509_00004240.jpg,0.25,0.25,0.25,0.25
EUVP_underwater_dark,265511_00030089.jpg,0.25,0.25,0.25,0.25
EUVP_underwater_dark,265512_00001950.jpg,0.25,0.25,0.25,0.25
EUVP_underwater_dark,265513_n01978287_3923.JPEG,0.25,0.25,0.25,0.25
EUVP_underwater_dark,265514_n02317335_1271.JPEG,0.25,0.25,0.25,0.25
EUVP_underwater_dark,265515_00008674.jpg,0.25,0.25,0.25,0.25
EUVP_underwater_dark,265516_00004156.jpg,0.25,0.25,0.25,0.25
EUVP_underwater_dark,265518_00005439.jpg,0.25,0.25,0.25,0.25
EUVP_underwater_dark,265519_00018732.jpg,0.25,0.25,0.25,0.25
EUVP_underwater_dark,265520_sun_byrkskpeeomuervd.jpg,0.25,0.25,0.25,0.25
EUVP_underwater_dark,265521_n01980166_6225.JPEG,0.25,0.25,0.25,0.25
EUVP_underwater_dark,265522_n02607072_3503.JPEG,0.25,0.25,0.25,0.25
EUVP_underwater_dark,265523_00025528.jpg,0.25,0.25,0.25,0.25
EUVP_underwater_dark,265524_scuba_isla_mujeres_142.jpg,0.25,0.25,0.25,0.25
EUVP_underwater_dark,265525_00031046.jpg,0.25,0.25,0.25,0.25
EUVP_underwater_dark,265528_scuba_aquarium_813.jpg,0.25,0.25,0.25,0.25
EUVP_underwater_dark,265529_00024340.jpg,0.25,0.25,0.25,0.25
EUVP_underwater_dark,265531_n01981276_1791.JPEG,0.25,0.25,0.25,0.25
EUVP_underwater_dark,265532_n02321529_4338.JPEG,0.25,0.25,0.25,0.25
EUVP_underwater_dark,265533_00018034.jpg,0.25,0.25,0.25,0.25
EUVP_underwater_dark,265534_00025680.jpg,0.25,0.25,0.25,0.25
EUVP_underwater_dark,265535_n02606052_13061.JPEG,0.25,0.25,0.25,0.25
EUVP_underwater_dark,265536_00037284.jpg,0.25,0.25,0.25,0.25
EUVP_underwater_dark,265539_00026026.jpg,0.25,0.25,0.25,0.25
EUVP_underwater_dark,265540_00019428.jpg,0.25,0.25,0.25,0.25
EUVP_underwater_dark,265542_n02317335_17201.JPEG,0.25,0.25,0.25,0.25
EUVP_underwater_dark,265543_00002999.jpg,0.25,0.25,0.25,0.25
EUVP_underwater_dark,265544_n01980166_5687.JPEG,0.25,0.25,0.25,0.25
EUVP_underwater_dark,265545_00027020.jpg,0.25,0.25,0.25,0.25
EUVP_underwater_dark,265548_n01981276_9253.JPEG,0.25,0.25,0.25,0.25
EUVP_underwater_dark,265549_n01914609_8422.JPEG,0.25,0.25,0.25,0.25
EUVP_underwater_dark,265550_n09256479_21832.JPEG,0.25,0.25,0.25,0.25
EUVP_underwater_dark,265551_n01751748_1486.JPEG,0.25,0.25,0.25,0.25
EUVP_underwater_dark,265553_00004697.jpg,0.25,0.25,0.25,0.25
EUVP_underwater_dark,265554_00036348.jpg,0.25,0.25,0.25,0.25
EUVP_underwater_dark,265555_n01751748_4322.JPEG,0.25,0.25,0.25,0.25
EUVP_underwater_dark,265556_00036454.jpg,0.25,0.25,0.25,0.25
EUVP_underwater_dark,265559_00012799.jpg,0.25,0.25,0.25,0.25
EUVP_underwater_dark,265560_n01914609_5886.JPEG,0.25,0.25,0.25,0.25
EUVP_underwater_dark,265562_00025025.jpg,0.25,0.25,0.25,0.25
EUVP_underwater_dark,265563_00029114.jpg,0.25,0.25,0.25,0.25
EUVP_underwater_dark,265564_sea_turtle_top_552.jpg,0.25,0.25,0.25,0.25
EUVP_underwater_dark,265566_n01491361_3377.JPEG,0.25,0.25,0.25,0.25
EUVP_underwater_dark,265567_00020317.jpg,0.25,0.25,0.25,0.25
EUVP_underwater_dark,265570_00004743.jpg,0.25,0.25,0.25,0.25
EUVP_underwater_dark,265576_n01910747_20662.JPEG,0.25,0.25,0.25,0.25
EUVP_underwater_dark,265578_n09256479_3329.JPEG,0.25,0.25,0.25,0.25
EUVP_underwater_dark,265579_00012050.jpg,0.25,0.25,0.25,0.25
EUVP_underwater_dark,265580_00006601.jpg,0.25,0.25,0.25,0.25
EUVP_underwater_dark,265581_00019911.jpg,0.25,0.25,0.25,0.25
EUVP_underwater_dark,265585_00038389.jpg,0.25,0.25,0.25,0.25
EUVP_underwater_dark,265586_n02321529_6425.JPEG,0.25,0.25,0.25,0.25
EUVP_underwater_dark,265587_n02317335_20499.JPEG,0.25,0.25,0.25,0.25
EUVP_underwater_dark,265588_00014069.jpg,0.25,0.25,0.25,0.25
EUVP_underwater_dark,265589_00008100.jpg,0.25,0.25,0.25,0.25
EUVP_underwater_dark,265590_n01924916_5311.JPEG,0.25,0.25,0.25,0.25
EUVP_underwater_dark,265591_00023384.jpg,0.25,0.25,0.25,0.25
EUVP_underwater_dark,265593_00030274.jpg,0.25,0.25,0.25,0.25
EUVP_underwater_dark,265594_n02607072_2107.JPEG,0.25,0.25,0.25,0.25
EUVP_underwater_dark,265595_n01924916_7687.JPEG,0.25,0.25,0.25,0.25
EUVP_underwater_dark,265596_00031019.jpg,0.25,0.25,0.25,0.25
EUVP_underwater_dark,265597_00035575.jpg,0.25,0.25,0.25,0.25
EUVP_underwater_dark,265598_n02655020_25756.JPEG,0.25,0.25,0.25,0.25
EUVP_underwater_dark,265599_00002091.jpg,0.25,0.25,0.25,0.25
EUVP_underwater_dark,265600_00018360.jpg,0.25,0.25,0.25,0.25
EUVP_underwater_dark,265603_00038067.jpg,0.25,0.25,0.25,0.25
EUVP_underwater_dark,265604_n02655020_37783.JPEG,0.25,0.25,0.25,0.25
EUVP_underwater_dark,265605_sun_adlaimceocajnwtz.jpg,0.25,0.25,0.25,0.25
EUVP_underwater_dark,265606_n09256479_17934.JPEG,0.25,0.25,0.25,0.25
EUVP_underwater_dark,265607_00020604.jpg,0.25,0.25,0.25,0.25
EUVP_underwater_dark,265608_n02607072_1621.JPEG,0.25,0.25,0.25,0.25
EUVP_underwater_dark,265610_n01751748_7386.JPEG,0.25,0.25,0.25,0.25
EUVP_underwater_dark,265611_n01924916_5286.JPEG,0.25,0.25,0.25,0.25
EUVP_underwater_dark,265613_n01496331_8134.JPEG,0.25,0.25,0.25,0.25
EUVP_underwater_dark,265617_n01978287_1571.JPEG,0.25,0.25,0.25,0.25
EUVP_underwater_dark,265619_n01751748_4755.JPEG,0.25,0.25,0.25,0.25
EUVP_underwater_dark,265620_n01924916_5830.JPEG,0.25,0.25,0.25,0.25
EUVP_underwater_dark,265622_n01498041_12258.JPEG,0.25,0.25,0.25,0.25
EUVP_underwater_dark,265624_n02319095_5648.JPEG,0.25,0.25,0.25,0.25
EUVP_underwater_dark,265626_00033589.jpg,0.25,0.25,0.25,0.25
EUVP_underwater_dark,265627_00010289.jpg,0.25,0.25,0.25,0.25
EUVP_underwater_dark,265629_00002628.jpg,0.25,0.25,0.25,0.25
EUVP_underwater_dark,265630_n02655020_4298.JPEG,0.25,0.25,0.25,0.25
EUVP_underwater_dark,265631_n01914609_12304.JPEG,0.25,0.25,0.25,0.25
EUVP_underwater_dark,265632_00023356.jpg,0.25,0.25,0.25,0.25
EUVP_underwater_dark,265634_n01914609_5581.JPEG,0.25,0.25,0.25,0.25
EUVP_underwater_dark,265636_00035856.jpg,0.25,0.25,0.25,0.25
EUVP_underwater_dark,265637_00023576.jpg,0.25,0.25,0.25,0.25
EUVP_underwater_dark,265639_n02319095_3583.JPEG,0.25,0.25,0.25,0.25
EUVP_underwater_dark,265640_n02643566_782.JPEG,0.25,0.25,0.25,0.25
EUVP_underwater_dark,265641_00028895.jpg,0.25,0.25,0.25,0.25
EUVP_underwater_dark,265642_00032944.jpg,0.25,0.25,0.25,0.25
EUVP_underwater_dark,265643_scuba_grenada_578.jpg,0.25,0.25,0.25,0.25
EUVP_underwater_dark,265644_00000740.jpg,0.25,0.25,0.25,0.25
EUVP_underwater_dark,265648_00015165.jpg,0.25,0.25,0.25,0.25
EUVP_underwater_dark,265649_n01924916_4432.JPEG,0.25,0.25,0.25,0.25
EUVP_underwater_dark,265650_00033337.jpg,0.25,0.25,0.25,0.25
EUVP_underwater_dark,265655_n01978287_7558.JPEG,0.25,0.25,0.25,0.25
EUVP_underwater_dark,265656_00025432.jpg,0.25,0.25,0.25,0.25
EUVP_underwater_dark,265657_n01984695_16586.JPEG,0.25,0.25,0.25,0.25
EUVP_underwater_dark,265660_n01978455_2750.JPEG,0.25,0.25,0.25,0.25
EUVP_underwater_dark,265661_00007586.jpg,0.25,0.25,0.25,0.25
EUVP_underwater_dark,265662_n01914609_19009.JPEG,0.25,0.25,0.25,0.25
EUVP_underwater_dark,265663_n01924916_8237.JPEG,0.25,0.25,0.25,0.25
EUVP_underwater_dark,265666_n01910747_3038.JPEG,0.25,0.25,0.25,0.25
EUVP_underwater_dark,265667_00028199.jpg,0.25,0.25,0.25,0.25
EUVP_underwater_dark,265670_n01984695_22691.JPEG,0.25,0.25,0.25,0.25
EUVP_underwater_dark,265672_00037821.jpg,0.25,0.25,0.25,0.25
EUVP_underwater_dark,265673_n01917289_2359.JPEG,0.25,0.25,0.25,0.25
EUVP_underwater_dark,265674_00020283.jpg,0.25,0.25,0.25,0.25
EUVP_underwater_dark,265675_n02643566_2811.JPEG,0.25,0.25,0.25,0.25
EUVP_underwater_dark,265676_scuba_bonaire_345.jpg,0.25,0.25,0.25,0.25
EUVP_underwater_dark,265678_n09256479_10248.JPEG,0.25,0.25,0.25,0.25
EUVP_underwater_dark,265680_n01984695_30896.JPEG,0.25,0.25,0.25,0.25
EUVP_underwater_dark,265681_n02317335_16418.JPEG,0.25,0.25,0.25,0.25
EUVP_underwater_dark,265683_00022857.jpg,0.25,0.25,0.25,0.25
EUVP_underwater_dark,265685_n09256479_13.JPEG,0.25,0.25,0.25,0.25
EUVP_underwater_dark,265686_n01978455_2363.JPEG,0.25,0.25,0.25,0.25
EUVP_underwater_dark,265687_00018848.jpg,0.25,0.25,0.25,0.25
EUVP_underwater_dark,265688_n01914609_82.JPEG,0.25,0.25,0.25,0.25
EUVP_underwater_dark,265689_n01914609_7047.JPEG,0.25,0.25,0.25,0.25
EUVP_underwater_dark,265691_n01924916_6994.JPEG,0.25,0.25,0.25,0.25
EUVP_underwater_dark,265692_00036675.jpg,0.25,0.25,0.25,0.25
EUVP_underwater_dark,265694_scuba_tenerife_241.jpg,0.25,0.25,0.25,0.25
EUVP_underwater_dark,265695_n01980166_790.JPEG,0.25,0.25,0.25,0.25
EUVP_underwater_dark,265696_00037816.jpg,0.25,0.25,0.25,0.25
EUVP_underwater_dark,265697_00012721.jpg,0.25,0.25,0.25,0.25
EUVP_underwater_dark,265698_00039042.jpg,0.25,0.25,0.25,0.25
EUVP_underwater_dark,265699_scuba_madagascar_507.jpg,0.25,0.25,0.25,0.25
EUVP_underwater_dark,265701_00008643.jpg,0.25,0.25,0.25,0.25
EUVP_underwater_dark,265708_n01980166_2849.JPEG,0.25,0.25,0.25,0.25
EUVP_underwater_dark,265709_00026455.jpg,0.25,0.25,0.25,0.25
EUVP_underwater_dark,265710_00025150.jpg,0.25,0.25,0.25,0.25
EUVP_underwater_dark,265712_00010814.jpg,0.25,0.25,0.25,0.25
EUVP_underwater_dark,265714_n01491361_15282.JPEG,0.25,0.25,0.25,0.25
EUVP_underwater_dark,265716_n02526121_7859.JPEG,0.25,0.25,0.25,0.25
EUVP_underwater_dark,265717_n01978287_10356.JPEG,0.25,0.25,0.25,0.25
EUVP_underwater_dark,265718_n01950731_11577.JPEG,0.25,0.25,0.25,0.25
EUVP_underwater_dark,265719_00016669.jpg,0.25,0.25,0.25,0.25
EUVP_underwater_dark,265720_n02607072_68.JPEG,0.25,0.25,0.25,0.25
EUVP_underwater_dark,265721_n09256479_8484.JPEG,0.25,0.25,0.25,0.25
EUVP_underwater_dark,265723_00007980.jpg,0.25,0.25,0.25,0.25
EUVP_underwater_dark,265724_00024649.jpg,0.25,0.25,0.25,0.25
EUVP_underwater_dark,265726_00012859.jpg,0.25,0.25,0.25,0.25
EUVP_underwater_dark,265727_n02319095_6876.JPEG,0.25,0.25,0.25,0.25
EUVP_underwater_dark,265730_n02643566_2089.JPEG,0.25,0.25,0.25,0.25
EUVP_underwater_dark,265732_n01917289_1832.JPEG,0.25,0.25,0.25,0.25
EUVP_underwater_dark,265733_00017188.jpg,0.25,0.25,0.25,0.25
EUVP_underwater_dark,265736_00017518.jpg,0.25,0.25,0.25,0.25
EUVP_underwater_dark,265737_n02319095_6105.JPEG,0.25,0.25,0.25,0.25
EUVP_underwater_dark,265738_n01950731_5888.JPEG,0.25,0.25,0.25,0.25
EUVP_underwater_dark,265740_n02319095_9111.JPEG,0.25,0.25,0.25,0.25
EUVP_underwater_dark,265741_n01978455_2001.JPEG,0.25,0.25,0.25,0.25
EUVP_underwater_dark,265742_00025975.jpg,0.25,0.25,0.25,0.25
EUVP_underwater_dark,265744_n02606052_12936.JPEG,0.25,0.25,0.25,0.25
EUVP_underwater_dark,265746_00014328.jpg,0.25,0.25,0.25,0.25
EUVP_underwater_dark,265747_n01751748_832.JPEG,0.25,0.25,0.25,0.25
EUVP_underwater_dark,265748_n02606052_7116.JPEG,0.25,0.25,0.25,0.25
EUVP_underwater_dark,265750_00027613.jpg,0.25,0.25,0.25,0.25
EUVP_underwater_dark,265751_n01917289_4139.JPEG,0.25,0.25,0.25,0.25
EUVP_underwater_dark,265752_n02643566_2683.JPEG,0.25,0.25,0.25,0.25
EUVP_underwater_dark,265753_00006141.jpg,0.25,0.25,0.25,0.25
EUVP_underwater_dark,265754_n01924916_8578.JPEG,0.25,0.25,0.25,0.25
EUVP_underwater_dark,265756_00018727.jpg,0.25,0.25,0.25,0.25
EUVP_underwater_dark,265757_00023997.jpg,0.25,0.25,0.25,0.25
EUVP_underwater_dark,265758_00017693.jpg,0.25,0.25,0.25,0.25
EUVP_underwater_dark,265759_00038039.jpg,0.25,0.25,0.25,0.25
EUVP_underwater_dark,265760_n01496331_8754.JPEG,0.25,0.25,0.25,0.25
EUVP_underwater_dark,265761_n02319095_1308.JPEG,0.25,0.25,0.25,0.25
EUVP_underwater_dark,265762_n09256479_7270.JPEG,0.25,0.25,0.25,0.25
EUVP_underwater_dark,265763_00022834.jpg,0.25,0.25,0.25,0.25
EUVP_underwater_dark,265766_00009618.jpg,0.25,0.25,0.25,0.25
EUVP_underwater_dark,265767_n02319095_8161.JPEG,0.25,0.25,0.25,0.25
EUVP_underwater_dark,265768_00010244.jpg,0.25,0.25,0.25,0.25
EUVP_underwater_dark,265769_00038486.jpg,0.25,0.25,0.25,0.25
EUVP_underwater_dark,265771_00001600.jpg,0.25,0.25,0.25,0.25
EUVP_underwater_dark,265772_00004258.jpg,0.25,0.25,0.25,0.25
EUVP_underwater_dark,265777_sea_turtle_adorable_138.jpg,0.25,0.25,0.25,0.25
EUVP_underwater_dark,265778_00031520.jpg,0.25,0.25,0.25,0.25
EUVP_underwater_dark,265780_00032648.jpg,0.25,0.25,0.25,0.25
EUVP_underwater_dark,265781_n02606052_18931.JPEG,0.25,0.25,0.25,0.25
EUVP_underwater_dark,265783_00019580.jpg,0.25,0.25,0.25,0.25
EUVP_underwater_dark,265784_n01983481_5543.JPEG,0.25,0.25,0.25,0.25
EUVP_underwater_dark,265786_n02317335_779.JPEG,0.25,0.25,0.25,0.25
EUVP_underwater_dark,265787_00032078.jpg,0.25,0.25,0.25,0.25
EUVP_underwater_dark,265789_n01496331_3519.JPEG,0.25,0.25,0.25,0.25
EUVP_underwater_dark,265790_00021645.jpg,0.25,0.25,0.25,0.25
EUVP_underwater_dark,265792_n02317335_14207.JPEG,0.25,0.25,0.25,0.25
EUVP_underwater_dark,265793_n01664065_19937.JPEG,0.25,0.25,0.25,0.25
EUVP_underwater_dark,265794_n02321529_7537.JPEG,0.25,0.25,0.25,0.25
EUVP_underwater_dark,265796_00019623.jpg,0.25,0.25,0.25,0.25
EUVP_underwater_dark,265798_n02317335_11693.JPEG,0.25,0.25,0.25,0.25
EUVP_underwater_dark,265799_sea_turtle_panama_685.jpg,0.25,0.25,0.25,0.25
EUVP_underwater_dark,265800_00038032.jpg,0.25,0.25,0.25,0.25
EUVP_underwater_dark,265806_00035460.jpg,0.25,0.25,0.25,0.25
EUVP_underwater_dark,265807_n01910747_16352.JPEG,0.25,0.25,0.25,0.25
EUVP_underwater_dark,265809_n01751748_2084.JPEG,0.25,0.25,0.25,0.25
EUVP_underwater_dark,265812_00031249.jpg,0.25,0.25,0.25,0.25
EUVP_underwater_dark,265814_n01924916_7328.JPEG,0.25,0.25,0.25,0.25
EUVP_underwater_dark,265816_n02321529_6802.JPEG,0.25,0.25,0.25,0.25
EUVP_underwater_dark,265817_00015169.jpg,0.25,0.25,0.25,0.25
EUVP_underwater_dark,265818_n01950731_13091.JPEG,0.25,0.25,0.25,0.25
EUVP_underwater_dark,265821_sea_turtle_coral_reef_285.jpg,0.25,0.25,0.25,0.25
EUVP_underwater_dark,265822_00039881.jpg,0.25,0.25,0.25,0.25
EUVP_underwater_dark,265823_00004078.jpg,0.25,0.25,0.25,0.25
EUVP_underwater_dark,265824_00020196.jpg,0.25,0.25,0.25,0.25
EUVP_underwater_dark,265825_00009180.jpg,0.25,0.25,0.25,0.25
EUVP_underwater_dark,265828_n02526121_6648.JPEG,0.25,0.25,0.25,0.25
EUVP_underwater_dark,265829_00027226.jpg,0.25,0.25,0.25,0.25
EUVP_underwater_dark,265832_n02526121_35766.JPEG,0.25,0.25,0.25,0.25
EUVP_underwater_dark,265833_scuba_625.jpg,0.25,0.25,0.25,0.25
EUVP_underwater_dark,265835_00030329.jpg,0.25,0.25,0.25,0.25
EUVP_underwater_dark,265837_n01910747_17174.JPEG,0.25,0.25,0.25,0.25
EUVP_underwater_dark,265839_00016937.jpg,0.25,0.25,0.25,0.25
EUVP_underwater_dark,265840_n02655020_32.JPEG,0.25,0.25,0.25,0.25
EUVP_underwater_dark,265841_n01664065_32069.JPEG,0.25,0.25,0.25,0.25
EUVP_underwater_dark,265842_00005214.jpg,0.25,0.25,0.25,0.25
EUVP_underwater_dark,265844_n02319095_648.JPEG,0.25,0.25,0.25,0.25
EUVP_underwater_dark,265845_n01498041_10183.JPEG,0.25,0.25,0.25,0.25
EUVP_underwater_dark,265846_00025065.jpg,0.25,0.25,0.25,0.25
EUVP_underwater_dark,265847_00022133.jpg,0.25,0.25,0.25,0.25
EUVP_underwater_dark,265849_00028320.jpg,0.25,0.25,0.25,0.25
EUVP_underwater_dark,265850_n01981276_5352.JPEG,0.25,0.25,0.25,0.25
EUVP_underwater_dark,265851_00034946.jpg,0.25,0.25,0.25,0.25
EUVP_underwater_dark,265852_n01664065_15104.JPEG,0.25,0.25,0.25,0.25
EUVP_underwater_dark,265853_n01664065_28300.JPEG,0.25,0.25,0.25,0.25
EUVP_underwater_dark,265855_00010310.jpg,0.25,0.25,0.25,0.25
EUVP_underwater_dark,265856_00016465.jpg,0.25,0.25,0.25,0.25
EUVP_underwater_dark,265857_00031571.jpg,0.25,0.25,0.25,0.25
EUVP_underwater_dark,265859_scuba_grenada_161.jpg,0.25,0.25,0.25,0.25
EUVP_underwater_dark,265860_00024615.jpg,0.25,0.25,0.25,0.25
EUVP_underwater_dark,265862_00025131.jpg,0.25,0.25,0.25,0.25
EUVP_underwater_dark,265863_00005630.jpg,0.25,0.25,0.25,0.25
EUVP_underwater_dark,265867_n01914609_3545.JPEG,0.25,0.25,0.25,0.25
EUVP_underwater_dark,265868_n01924916_3776.JPEG,0.25,0.25,0.25,0.25
EUVP_underwater_dark,265870_n02606052_4174.JPEG,0.25,0.25,0.25,0.25
EUVP_underwater_dark,265871_00005808.jpg,0.25,0.25,0.25,0.25
EUVP_underwater_dark,265872_00008840.jpg,0.25,0.25,0.25,0.25
EUVP_underwater_dark,265873_n01924916_7689.JPEG,0.25,0.25,0.25,0.25
EUVP_underwater_dark,265874_n02317335_8335.JPEG,0.25,0.25,0.25,0.25
EUVP_underwater_dark,265875_n01980166_7770.JPEG,0.25,0.25,0.25,0.25
EUVP_underwater_dark,265876_00009100.jpg,0.25,0.25,0.25,0.25
EUVP_underwater_dark,265877_00026948.jpg,0.25,0.25,0.25,0.25
EUVP_underwater_dark,265878_00020889.jpg,0.25,0.25,0.25,0.25
EUVP_underwater_dark,265880_n01978455_8466.JPEG,0.25,0.25,0.25,0.25
EUVP_underwater_dark,265881_00036820.jpg,0.25,0.25,0.25,0.25
EUVP_underwater_dark,265882_00014955.jpg,0.25,0.25,0.25,0.25
EUVP_underwater_dark,265883_n01917289_3492.JPEG,0.25,0.25,0.25,0.25
EUVP_underwater_dark,265884_00014835.jpg,0.25,0.25,0.25,0.25
EUVP_underwater_dark,265885_sea_turtle_coral_reef_345.jpg,0.25,0.25,0.25,0.25
EUVP_underwater_dark,265888_00005336.jpg,0.25,0.25,0.25,0.25
EUVP_underwater_dark,265889_sea_turtle_top_430.jpg,0.25,0.25,0.25,0.25
EUVP_underwater_dark,265891_00019852.jpg,0.25,0.25,0.25,0.25
EUVP_underwater_dark,265892_00015876.jpg,0.25,0.25,0.25,0.25
EUVP_underwater_dark,265894_n01980166_2371.JPEG,0.25,0.25,0.25,0.25
EUVP_underwater_dark,265895_00025395.jpg,0.25,0.25,0.25,0.25
EUVP_underwater_dark,265896_n01950731_12828.JPEG,0.25,0.25,0.25,0.25
EUVP_underwater_dark,265898_00017401.jpg,0.25,0.25,0.25,0.25
EUVP_underwater_dark,265899_n01978455_10668.JPEG,0.25,0.25,0.25,0.25
EUVP_underwater_dark,265901_00011627.jpg,0.25,0.25,0.25,0.25
EUVP_underwater_dark,265902_00019132.jpg,0.25,0.25,0.25,0.25
EUVP_underwater_dark,265903_00035365.jpg,0.25,0.25,0.25,0.25
EUVP_underwater_dark,265904_00028176.jpg,0.25,0.25,0.25,0.25
EUVP_underwater_dark,265905_00009121.jpg,0.25,0.25,0.25,0.25
EUVP_underwater_dark,265906_n02319095_1992.JPEG,0.25,0.25,0.25,0.25
EUVP_underwater_dark,265908_00010468.jpg,0.25,0.25,0.25,0.25
EUVP_underwater_dark,265909_n09256479_8700.JPEG,0.25,0.25,0.25,0.25
EUVP_underwater_dark,265910_00018936.jpg,0.25,0.25,0.25,0.25
EUVP_underwater_dark,265913_00004974.jpg,0.25,0.25,0.25,0.25
EUVP_underwater_dark,265915_sun_aieqlyfgbnnsjgkd.jpg,0.25,0.25,0.25,0.25
EUVP_underwater_dark,265916_n02655020_12585.JPEG,0.25,0.25,0.25,0.25
EUVP_underwater_dark,265917_00027414.jpg,0.25,0.25,0.25,0.25
EUVP_underwater_dark,265918_n02319095_644.JPEG,0.25,0.25,0.25,0.25
EUVP_underwater_dark,265920_00029180.jpg,0.25,0.25,0.25,0.25
EUVP_underwater_dark,265922_00035015.jpg,0.25,0.25,0.25,0.25
EUVP_underwater_dark,265923_00028829.jpg,0.25,0.25,0.25,0.25
EUVP_underwater_dark,265924_scuba_palawan_621.jpg,0.25,0.25,0.25,0.25
EUVP_underwater_dark,265926_00038351.jpg,0.25,0.25,0.25,0.25
EUVP_underwater_dark,265927_n02319095_10113.JPEG,0.25,0.25,0.25,0.25
EUVP_underwater_dark,265929_n01924916_8530.JPEG,0.25,0.25,0.25,0.25
EUVP_underwater_dark,265934_n01984695_102368.JPEG,0.25,0.25,0.25,0.25
EUVP_underwater_dark,265935_n02607072_4676.JPEG,0.25,0.25,0.25,0.25
EUVP_underwater_dark,265937_00014611.jpg,0.25,0.25,0.25,0.25
EUVP_underwater_dark,265938_n01917289_2191.JPEG,0.25,0.25,0.25,0.25
EUVP_underwater_dark,265940_00035458.jpg,0.25,0.25,0.25,0.25
EUVP_underwater_dark,265942_00009193.jpg,0.25,0.25,0.25,0.25
EUVP_underwater_dark,265943_00008382.jpg,0.25,0.25,0.25,0.25
EUVP_underwater_dark,265944_n01914609_3606.JPEG,0.25,0.25,0.25,0.25
EUVP_underwater_dark,265945_00018531.jpg,0.25,0.25,0.25,0.25
EUVP_underwater_dark,265946_00026647.jpg,0.25,0.25,0.25,0.25
EUVP_underwater_dark,265947_00020622.jpg,0.25,0.25,0.25,0.25
EUVP_underwater_dark,265948_n02321529_8070.JPEG,0.25,0.25,0.25,0.25
EUVP_underwater_dark,265949_00003619.jpg,0.25,0.25,0.25,0.25
EUVP_underwater_dark,265950_n01950731_12633.JPEG,0.25,0.25,0.25,0.25
EUVP_underwater_dark,265952_00036082.jpg,0.25,0.25,0.25,0.25
EUVP_underwater_dark,265953_00029639.jpg,0.25,0.25,0.25,0.25
EUVP_underwater_dark,265954_00037759.jpg,0.25,0.25,0.25,0.25
EUVP_underwater_dark,265955_n09256479_15126.JPEG,0.25,0.25,0.25,0.25
EUVP_underwater_dark,265956_n01980166_75.JPEG,0.25,0.25,0.25,0.25
EUVP_underwater_dark,265957_00033271.jpg,0.25,0.25,0.25,0.25
EUVP_underwater_dark,265958_00013564.jpg,0.25,0.25,0.25,0.25
EUVP_underwater_dark,265959_00022201.jpg,0.25,0.25,0.25,0.25
EUVP_underwater_dark,265963_00032825.jpg,0.25,0.25,0.25,0.25
EUVP_underwater_dark,265964_n01917289_192.JPEG,0.25,0.25,0.25,0.25
EUVP_underwater_dark,265967_n01978455_11021.JPEG,0.25,0.25,0.25,0.25
EUVP_underwater_dark,265970_n02321529_2636.JPEG,0.25,0.25,0.25,0.25
EUVP_underwater_dark,265973_n02607072_814.JPEG,0.25,0.25,0.25,0.25
EUVP_underwater_dark,265974_00019131.jpg,0.25,0.25,0.25,0.25
EUVP_underwater_dark,265975_00033705.jpg,0.25,0.25,0.25,0.25
EUVP_underwater_dark,265976_n01950731_23836.JPEG,0.25,0.25,0.25,0.25
EUVP_underwater_dark,265979_n01980166_7269.JPEG,0.25,0.25,0.25,0.25
EUVP_underwater_dark,265980_n01917289_309.JPEG,0.25,0.25,0.25,0.25
EUVP_underwater_dark,265981_00011799.jpg,0.25,0.25,0.25,0.25
EUVP_underwater_dark,265983_00025656.jpg,0.25,0.25,0.25,0.25
EUVP_underwater_dark,265984_00011374.jpg,0.25,0.25,0.25,0.25
EUVP_underwater_dark,265985_n02319095_2624.JPEG,0.25,0.25,0.25,0.25
EUVP_underwater_dark,265986_sun_bicylviuwefjoqfq.jpg,0.25,0.25,0.25,0.25
EUVP_underwater_dark,265987_00024680.jpg,0.25,0.25,0.25,0.25
EUVP_underwater_dark,265988_00003082.jpg,0.25,0.25,0.25,0.25
EUVP_underwater_dark,265989_00020833.jpg,0.25,0.25,0.25,0.25
EUVP_underwater_dark,265990_n01943899_454.JPEG,0.25,0.25,0.25,0.25
EUVP_underwater_dark,265993_n02317335_21278.JPEG,0.25,0.25,0.25,0.25
EUVP_underwater_dark,265996_n02606052_18887.JPEG,0.25,0.25,0.25,0.25
EUVP_underwater_dark,265999_00015532.jpg,0.25,0.25,0.25,0.25
EUVP_underwater_dark,266001_00014746.jpg,0.25,0.25,0.25,0.25
EUVP_underwater_dark,266002_00037316.jpg,0.25,0.25,0.25,0.25
EUVP_underwater_dark,266005_n02321529_1545.JPEG,0.25,0.25,0.25,0.25
EUVP_underwater_dark,266006_sea_turtle_57.jpg,0.25,0.25,0.25,0.25
EUVP_underwater_dark,266007_00035372.jpg,0.25,0.25,0.25,0.25
EUVP_underwater_dark,266008_00037365.jpg,0.25,0.25,0.25,0.25
EUVP_underwater_dark,266009_scuba_caribbean_474.jpg,0.25,0.25,0.25,0.25
EUVP_underwater_dark,266010_n01978455_10455.JPEG,0.25,0.25,0.25,0.25
EUVP_underwater_dark,266011_00001718.jpg,0.25,0.25,0.25,0.25
EUVP_underwater_dark,266014_00012452.jpg,0.25,0.25,0.25,0.25
EUVP_underwater_dark,266015_scuba_madagascar_375.jpg,0.25,0.25,0.25,0.25
EUVP_underwater_dark,266016_00019789.jpg,0.25,0.25,0.25,0.25
EUVP_underwater_dark,266017_n02655020_7883.JPEG,0.25,0.25,0.25,0.25
EUVP_underwater_dark,266018_n01924916_7069.JPEG,0.25,0.25,0.25,0.25
EUVP_underwater_dark,266019_n01950731_2460.JPEG,0.25,0.25,0.25,0.25
EUVP_underwater_dark,266021_00029268.jpg,0.25,0.25,0.25,0.25
EUVP_underwater_dark,266022_00003071.jpg,0.25,0.25,0.25,0.25
EUVP_underwater_dark,266024_00002602.jpg,0.25,0.25,0.25,0.25
EUVP_underwater_dark,266025_00030095.jpg,0.25,0.25,0.25,0.25
EUVP_underwater_dark,266026_n01943899_23609.JPEG,0.25,0.25,0.25,0.25
EUVP_underwater_dark,266027_n02317335_20223.JPEG,0.25,0.25,0.25,0.25
EUVP_underwater_dark,266029_00029950.jpg,0.25,0.25,0.25,0.25
EUVP_underwater_dark,266030_00014524.jpg,0.25,0.25,0.25,0.25
EUVP_underwater_dark,266031_n01917289_600.JPEG,0.25,0.25,0.25,0.25
EUVP_underwater_dark,266032_n01751748_3783.JPEG,0.25,0.25,0.25,0.25
EUVP_underwater_dark,266035_00028840.jpg,0.25,0.25,0.25,0.25
EUVP_underwater_dark,266036_00004823.jpg,0.25,0.25,0.25,0.25
EUVP_underwater_dark,266037_n02319095_219.JPEG,0.25,0.25,0.25,0.25
EUVP_underwater_dark,266038_00005687.jpg,0.25,0.25,0.25,0.25
EUVP_underwater_dark,266039_n01978455_10106.JPEG,0.25,0.25,0.25,0.25
EUVP_underwater_dark,266042_n02319095_5388.JPEG,0.25,0.25,0.25,0.25
EUVP_underwater_dark,266044_00023982.jpg,0.25,0.25,0.25,0.25
EUVP_underwater_dark,266046_00005403.jpg,0.25,0.25,0.25,0.25
EUVP_underwater_dark,266047_00027692.jpg,0.25,0.25,0.25,0.25
EUVP_underwater_dark,266048_n01914609_6507.JPEG,0.25,0.25,0.25,0.25
EUVP_underwater_dark,266050_n01950731_21390.JPEG,0.25,0.25,0.25,0.25
EUVP_underwater_dark,266051_n02317335_1006.JPEG,0.25,0.25,0.25,0.25
EUVP_underwater_dark,266055_n01924916_1913.JPEG,0.25,0.25,0.25,0.25
EUVP_underwater_dark,266056_00032897.jpg,0.25,0.25,0.25,0.25
EUVP_underwater_dark,266058_00012744.jpg,0.25,0.25,0.25,0.25
EUVP_underwater_dark,266059_n01751748_9530.JPEG,0.25,0.25,0.25,0.25
EUVP_underwater_dark,266060_00028028.jpg,0.25,0.25,0.25,0.25
EUVP_underwater_dark,266061_00002177.jpg,0.25,0.25,0.25,0.25
EUVP_underwater_dark,266062_scuba_seychelles_52.jpg,0.25,0.25,0.25,0.25
EUVP_underwater_dark,266063_n02606052_1521.JPEG,0.25,0.25,0.25,0.25
EUVP_underwater_dark,266065_00032095.jpg,0.25,0.25,0.25,0.25
EUVP_underwater_dark,266066_00025957.jpg,0.25,0.25,0.25,0.25
EUVP_underwater_dark,266067_00033208.jpg,0.25,0.25,0.25,0.25
EUVP_underwater_dark,266068_00016169.jpg,0.25,0.25,0.25,0.25
EUVP_underwater_dark,266069_n01924916_20758.JPEG,0.25,0.25,0.25,0.25
EUVP_underwater_dark,266070_n01985128_488.JPEG,0.25,0.25,0.25,0.25
EUVP_underwater_dark,266071_00017250.jpg,0.25,0.25,0.25,0.25
EUVP_underwater_dark,266072_n01978455_3713.JPEG,0.25,0.25,0.25,0.25
EUVP_underwater_dark,266075_00023871.jpg,0.25,0.25,0.25,0.25
EUVP_underwater_dark,266076_n02321529_3445.JPEG,0.25,0.25,0.25,0.25
EUVP_underwater_dark,266077_n01980166_3322.JPEG,0.25,0.25,0.25,0.25
EUVP_underwater_dark,266078_n09256479_12356.JPEG,0.25,0.25,0.25,0.25
EUVP_underwater_dark,266079_00010030.jpg,0.25,0.25,0.25,0.25
EUVP_underwater_dark,266080_00037271.jpg,0.25,0.25,0.25,0.25
EUVP_underwater_dark,266081_00034795.jpg,0.25,0.25,0.25,0.25
EUVP_underwater_dark,266082_00013339.jpg,0.25,0.25,0.25,0.25
EUVP_underwater_dark,266083_n01984695_22606.JPEG,0.25,0.25,0.25,0.25
EUVP_underwater_dark,266085_00033946.jpg,0.25,0.25,0.25,0.25
EUVP_underwater_dark,266086_n02317335_4788.JPEG,0.25,0.25,0.25,0.25
EUVP_underwater_dark,266087_n01924916_1825.JPEG,0.25,0.25,0.25,0.25
EUVP_underwater_dark,266088_n02319095_7963.JPEG,0.25,0.25,0.25,0.25
EUVP_underwater_dark,266089_00018791.jpg,0.25,0.25,0.25,0.25
EUVP_underwater_dark,266090_00022665.jpg,0.25,0.25,0.25,0.25
EUVP_underwater_dark,266091_00001734.jpg,0.25,0.25,0.25,0.25
EUVP_underwater_dark,266092_n01751748_8907.JPEG,0.25,0.25,0.25,0.25
EUVP_underwater_dark,266093_00003452.jpg,0.25,0.25,0.25,0.25
EUVP_underwater_dark,266097_00016139.jpg,0.25,0.25,0.25,0.25
EUVP_underwater_dark,266098_n02319095_729.JPEG,0.25,0.25,0.25,0.25
EUVP_underwater_dark,266100_n09256479_13560.JPEG,0.25,0.25,0.25,0.25
EUVP_underwater_dark,266104_00030499.jpg,0.25,0.25,0.25,0.25
EUVP_underwater_dark,266107_scuba_dominican_republic_762.jpg,0.25,0.25,0.25,0.25
EUVP_underwater_dark,266108_00006808.jpg,0.25,0.25,0.25,0.25
EUVP_underwater_dark,266109_n02607072_3240.JPEG,0.25,0.25,0.25,0.25
EUVP_underwater_dark,266110_n02607072_4553.JPEG,0.25,0.25,0.25,0.25
EUVP_underwater_dark,266115_n01985128_20665.JPEG,0.25,0.25,0.25,0.25
EUVP_underwater_dark,266117_n02321529_8910.JPEG,0.25,0.25,0.25,0.25
EUVP_underwater_dark,266119_scuba_seychelles_251.jpg,0.25,0.25,0.25,0.25
EUVP_underwater_dark,266120_n01914609_19468.JPEG,0.25,0.25,0.25,0.25
EUVP_underwater_dark,266121_00009390.jpg,0.25,0.25,0.25,0.25
EUVP_underwater_dark,266122_00011150.jpg,0.25,0.25,0.25,0.25
EUVP_underwater_dark,266124_n02526121_4964.JPEG,0.25,0.25,0.25,0.25
EUVP_underwater_dark,266125_00039286.jpg,0.25,0.25,0.25,0.25
EUVP_underwater_dark,266126_00014092.jpg,0.25,0.25,0.25,0.25
EUVP_underwater_dark,266128_00011938.jpg,0.25,0.25,0.25,0.25
EUVP_underwater_dark,266129_00037856.jpg,0.25,0.25,0.25,0.25
EUVP_underwater_dark,266131_00000006.jpg,0.25,0.25,0.25,0.25
EUVP_underwater_dark,266133_n02607072_587.JPEG,0.25,0.25,0.25,0.25
EUVP_underwater_dark,266134_n02317335_6161.JPEG,0.25,0.25,0.25,0.25
EUVP_underwater_dark,266135_scuba_122.jpg,0.25,0.25,0.25,0.25
EUVP_underwater_dark,266136_n01917289_2113.JPEG,0.25,0.25,0.25,0.25
EUVP_underwater_dark,266137_00031898.jpg,0.25,0.25,0.25,0.25
EUVP_underwater_dark,266138_00015296.jpg,0.25,0.25,0.25,0.25
EUVP_underwater_dark,266139_00024934.jpg,0.25,0.25,0.25,0.25
EUVP_underwater_dark,266143_00033720.jpg,0.25,0.25,0.25,0.25
EUVP_underwater_dark,266144_00010346.jpg,0.25,0.25,0.25,0.25
EUVP_underwater_dark,266145_n01494475_17079.JPEG,0.25,0.25,0.25,0.25
EUVP_underwater_dark,266146_n01914609_7202.JPEG,0.25,0.25,0.25,0.25
EUVP_underwater_dark,266147_00005151.jpg,0.25,0.25,0.25,0.25
EUVP_underwater_dark,266149_00039501.jpg,0.25,0.25,0.25,0.25
EUVP_underwater_dark,266152_00017893.jpg,0.25,0.25,0.25,0.25
EUVP_underwater_dark,266153_n01950731_14203.JPEG,0.25,0.25,0.25,0.25
EUVP_underwater_dark,266154_n01978287_2416.JPEG,0.25,0.25,0.25,0.25
EUVP_underwater_dark,266156_n02319095_450.JPEG,0.25,0.25,0.25,0.25
EUVP_underwater_dark,266157_n01978455_12336.JPEG,0.25,0.25,0.25,0.25
EUVP_underwater_dark,266158_00016724.jpg,0.25,0.25,0.25,0.25
EUVP_underwater_dark,266161_00038382.jpg,0.25,0.25,0.25,0.25
EUVP_underwater_dark,266162_n01950731_4663.JPEG,0.25,0.25,0.25,0.25
EUVP_underwater_dark,266163_n02317335_14570.JPEG,0.25,0.25,0.25,0.25
EUVP_underwater_dark,266166_00002770.jpg,0.25,0.25,0.25,0.25
EUVP_underwater_dark,266172_00033974.jpg,0.25,0.25,0.25,0.25
EUVP_underwater_dark,266174_00026303.jpg,0.25,0.25,0.25,0.25
EUVP_underwater_dark,266175_n02317335_4167.JPEG,0.25,0.25,0.25,0.25
EUVP_underwater_dark,266177_00004621.jpg,0.25,0.25,0.25,0.25
EUVP_underwater_dark,266180_00023746.jpg,0.25,0.25,0.25,0.25
EUVP_underwater_dark,266181_n02321529_1230.JPEG,0.25,0.25,0.25,0.25
EUVP_underwater_dark,266182_00011815.jpg,0.25,0.25,0.25,0.25
EUVP_underwater_dark,266183_n01984695_41902.JPEG,0.25,0.25,0.25,0.25
EUVP_underwater_dark,266185_n01984695_36839.JPEG,0.25,0.25,0.25,0.25
EUVP_underwater_dark,266187_n09256479_7289.JPEG,0.25,0.25,0.25,0.25
EUVP_underwater_dark,266188_n01984695_8362.JPEG,0.25,0.25,0.25,0.25
EUVP_underwater_dark,266189_00023316.jpg,0.25,0.25,0.25,0.25
EUVP_underwater_dark,266194_n02655020_3232.JPEG,0.25,0.25,0.25,0.25
EUVP_underwater_dark,266195_00008108.jpg,0.25,0.25,0.25,0.25
EUVP_underwater_dark,266196_00038225.jpg,0.25,0.25,0.25,0.25
EUVP_underwater_dark,266198_n02655020_11385.JPEG,0.25,0.25,0.25,0.25
EUVP_underwater_dark,266199_00026538.jpg,0.25,0.25,0.25,0.25
EUVP_underwater_dark,266200_00019654.jpg,0.25,0.25,0.25,0.25
EUVP_underwater_dark,266202_00024587.jpg,0.25,0.25,0.25,0.25
EUVP_underwater_dark,266204_scuba_phi_phi_564.jpg,0.25,0.25,0.25,0.25
EUVP_underwater_dark,266205_n09256479_11349.JPEG,0.25,0.25,0.25,0.25
EUVP_underwater_dark,266206_n02655020_31303.JPEG,0.25,0.25,0.25,0.25
EUVP_underwater_dark,266208_00006275.jpg,0.25,0.25,0.25,0.25
EUVP_underwater_dark,266209_scuba_palau_471.jpg,0.25,0.25,0.25,0.25
EUVP_underwater_dark,266211_n01917289_1901.JPEG,0.25,0.25,0.25,0.25
EUVP_underwater_dark,266212_00003989.jpg,0.25,0.25,0.25,0.25
EUVP_underwater_dark,266213_00038658.jpg,0.25,0.25,0.25,0.25
EUVP_underwater_dark,266215_00034412.jpg,0.25,0.25,0.25,0.25
EUVP_underwater_dark,266217_00030008.jpg,0.25,0.25,0.25,0.25
EUVP_underwater_dark,266218_00022328.jpg,0.25,0.25,0.25,0.25
EUVP_underwater_dark,266220_sun_aqvenmfdjrygxbmh.jpg,0.25,0.25,0.25,0.25
EUVP_underwater_dark,266221_00004093.jpg,0.25,0.25,0.25,0.25
EUVP_underwater_dark,266222_n01498041_117.JPEG,0.25,0.25,0.25,0.25
EUVP_underwater_dark,266223_n01980166_4231.JPEG,0.25,0.25,0.25,0.25
EUVP_underwater_dark,266224_00019785.jpg,0.25,0.25,0.25,0.25
EUVP_underwater_dark,266227_00020563.jpg,0.25,0.25,0.25,0.25
EUVP_underwater_dark,266228_n02643566_4078.JPEG,0.25,0.25,0.25,0.25
EUVP_underwater_dark,266229_n01978455_8081.JPEG,0.25,0.25,0.25,0.25
EUVP_underwater_dark,266231_00007492.jpg,0.25,0.25,0.25,0.25
EUVP_underwater_dark,266232_n02607072_4475.JPEG,0.25,0.25,0.25,0.25
EUVP_underwater_dark,266233_00010137.jpg,0.25,0.25,0.25,0.25
EUVP_underwater_dark,266238_n09256479_13689.JPEG,0.25,0.25,0.25,0.25
EUVP_underwater_dark,266239_00030076.jpg,0.25,0.25,0.25,0.25
EUVP_underwater_dark,266240_n02319095_3915.JPEG,0.25,0.25,0.25,0.25
EUVP_underwater_dark,266241_n02317335_44976.JPEG,0.25,0.25,0.25,0.25
EUVP_underwater_dark,266243_00008508.jpg,0.25,0.25,0.25,0.25
EUVP_underwater_dark,266244_00016654.jpg,0.25,0.25,0.25,0.25
EUVP_underwater_dark,266246_00012464.jpg,0.25,0.25,0.25,0.25
EUVP_underwater_dark,266248_00016231.jpg,0.25,0.25,0.25,0.25
EUVP_underwater_dark,266249_00013785.jpg,0.25,0.25,0.25,0.25
EUVP_underwater_dark,266250_n02606052_13795.JPEG,0.25,0.25,0.25,0.25
EUVP_underwater_dark,266251_00002229.jpg,0.25,0.25,0.25,0.25
EUVP_underwater_dark,266252_00034463.jpg,0.25,0.25,0.25,0.25
EUVP_underwater_dark,266253_00005792.jpg,0.25,0.25,0.25,0.25
EUVP_underwater_dark,266254_n01950731_16139.JPEG,0.25,0.25,0.25,0.25
EUVP_underwater_dark,266255_n01924916_5759.JPEG,0.25,0.25,0.25,0.25
EUVP_underwater_dark,266256_00032160.jpg,0.25,0.25,0.25,0.25
EUVP_underwater_dark,266259_00007114.jpg,0.25,0.25,0.25,0.25
EUVP_underwater_dark,266261_n02319095_8445.JPEG,0.25,0.25,0.25,0.25
EUVP_underwater_dark,266262_n01924916_6996.JPEG,0.25,0.25,0.25,0.25
EUVP_underwater_dark,266263_00039789.jpg,0.25,0.25,0.25,0.25
EUVP_underwater_dark,266264_n01914609_5973.JPEG,0.25,0.25,0.25,0.25
EUVP_underwater_dark,266265_00000583.jpg,0.25,0.25,0.25,0.25
EUVP_underwater_dark,266266_n01950731_15655.JPEG,0.25,0.25,0.25,0.25
EUVP_underwater_dark,266268_00000970.jpg,0.25,0.25,0.25,0.25
EUVP_underwater_dark,266269_00020816.jpg,0.25,0.25,0.25,0.25
EUVP_underwater_dark,266270_n01984695_52520.JPEG,0.25,0.25,0.25,0.25
EUVP_underwater_dark,266271_00021151.jpg,0.25,0.25,0.25,0.25
EUVP_underwater_dark,266272_00002606.jpg,0.25,0.25,0.25,0.25
EUVP_underwater_dark,266273_00002152.jpg,0.25,0.25,0.25,0.25
EUVP_underwater_dark,266274_00031912.jpg,0.25,0.25,0.25,0.25
EUVP_underwater_dark,266276_00013058.jpg,0.25,0.25,0.25,0.25
EUVP_underwater_dark,266279_n02319095_2848.JPEG,0.25,0.25,0.25,0.25
EUVP_underwater_dark,266281_n02655020_15411.JPEG,0.25,0.25,0.25,0.25
EUVP_underwater_dark,266282_scuba_palawan_784.jpg,0.25,0.25,0.25,0.25
EUVP_underwater_dark,266285_00030463.jpg,0.25,0.25,0.25,0.25
EUVP_underwater_dark,266287_00020040.jpg,0.25,0.25,0.25,0.25
EUVP_underwater_dark,266289_n09256479_1861.JPEG,0.25,0.25,0.25,0.25
EUVP_underwater_dark,266290_scuba_north_carolina_694.jpg,0.25,0.25,0.25,0.25
EUVP_underwater_dark,266291_00008262.jpg,0.25,0.25,0.25,0.25
EUVP_underwater_dark,266292_00035726.jpg,0.25,0.25,0.25,0.25
EUVP_underwater_dark,266293_00033337.jpg,0.25,0.25,0.25,0.25
EUVP_underwater_dark,266295_00003359.jpg,0.25,0.25,0.25,0.25
EUVP_underwater_dark,266296_00037238.jpg,0.25,0.25,0.25,0.25
EUVP_underwater_dark,266298_n01914609_4734.JPEG,0.25,0.25,0.25,0.25
EUVP_underwater_dark,266300_00034999.jpg,0.25,0.25,0.25,0.25
EUVP_underwater_dark,266301_n09256479_3894.JPEG,0.25,0.25,0.25,0.25
EUVP_underwater_dark,266302_00016011.jpg,0.25,0.25,0.25,0.25
EUVP_underwater_dark,266304_00012898.jpg,0.25,0.25,0.25,0.25
EUVP_underwater_dark,266306_n01484850_11688.JPEG,0.25,0.25,0.25,0.25
EUVP_underwater_dark,266307_00012233.jpg,0.25,0.25,0.25,0.25
EUVP_underwater_dark,266308_00038026.jpg,0.25,0.25,0.25,0.25
EUVP_underwater_dark,266311_00021975.jpg,0.25,0.25,0.25,0.25
EUVP_underwater_dark,266312_00006979.jpg,0.25,0.25,0.25,0.25
EUVP_underwater_dark,266315_00026950.jpg,0.25,0.25,0.25,0.25
EUVP_underwater_dark,266316_00026241.jpg,0.25,0.25,0.25,0.25
EUVP_underwater_dark,266317_00030419.jpg,0.25,0.25,0.25,0.25
EUVP_underwater_dark,266318_n02321529_4162.JPEG,0.25,0.25,0.25,0.25
EUVP_underwater_dark,266319_n02643566_1922.JPEG,0.25,0.25,0.25,0.25
EUVP_underwater_dark,266323_00014242.jpg,0.25,0.25,0.25,0.25
EUVP_underwater_dark,266326_00020754.jpg,0.25,0.25,0.25,0.25
EUVP_underwater_dark,266327_00024138.jpg,0.25,0.25,0.25,0.25
EUVP_underwater_dark,266328_n02319095_775.JPEG,0.25,0.25,0.25,0.25
EUVP_underwater_dark,266329_n01924916_7421.JPEG,0.25,0.25,0.25,0.25
EUVP_underwater_dark,266332_n02317335_7217.JPEG,0.25,0.25,0.25,0.25
EUVP_underwater_dark,266333_n01985128_32671.JPEG,0.25,0.25,0.25,0.25
EUVP_underwater_dark,266334_n02321529_3088.JPEG,0.25,0.25,0.25,0.25
EUVP_underwater_dark,266335_00025339.jpg,0.25,0.25,0.25,0.25
EUVP_underwater_dark,266336_scuba_caribbean_212.jpg,0.25,0.25,0.25,0.25
EUVP_underwater_dark,266337_00038231.jpg,0.25,0.25,0.25,0.25
EUVP_underwater_dark,266338_00005880.jpg,0.25,0.25,0.25,0.25
EUVP_underwater_dark,266340_00008280.jpg,0.25,0.25,0.25,0.25
EUVP_underwater_dark,266343_00009419.jpg,0.25,0.25,0.25,0.25
EUVP_underwater_dark,266344_00029095.jpg,0.25,0.25,0.25,0.25
EUVP_underwater_dark,266346_00022651.jpg,0.25,0.25,0.25,0.25
EUVP_underwater_dark,266349_00028609.jpg,0.25,0.25,0.25,0.25
EUVP_underwater_dark,266352_00010744.jpg,0.25,0.25,0.25,0.25
EUVP_underwater_dark,266353_00039359.jpg,0.25,0.25,0.25,0.25
EUVP_underwater_dark,266354_n02655020_16312.JPEG,0.25,0.25,0.25,0.25
EUVP_underwater_dark,266355_00009801.jpg,0.25,0.25,0.25,0.25
EUVP_underwater_dark,266356_00000018.jpg,0.25,0.25,0.25,0.25
EUVP_underwater_dark,266357_00008728.jpg,0.25,0.25,0.25,0.25
EUVP_underwater_dark,266363_n02607072_6248.JPEG,0.25,0.25,0.25,0.25
EUVP_underwater_dark,266364_00012097.jpg,0.25,0.25,0.25,0.25
EUVP_underwater_dark,266365_scuba_costa_rica_729.jpg,0.25,0.25,0.25,0.25
EUVP_underwater_dark,266369_n01943899_12939.JPEG,0.25,0.25,0.25,0.25
EUVP_underwater_dark,266370_n01917289_42.JPEG,0.25,0.25,0.25,0.25
EUVP_underwater_dark,266373_n01496331_6068.JPEG,0.25,0.25,0.25,0.25
EUVP_underwater_dark,266375_00012057.jpg,0.25,0.25,0.25,0.25
EUVP_underwater_dark,266377_00036737.jpg,0.25,0.25,0.25,0.25
EUVP_underwater_dark,266378_n02317335_3426.JPEG,0.25,0.25,0.25,0.25
EUVP_underwater_dark,266379_00003845.jpg,0.25,0.25,0.25,0.25
EUVP_underwater_dark,266380_n01950731_19157.JPEG,0.25,0.25,0.25,0.25
EUVP_underwater_dark,266381_00021879.jpg,0.25,0.25,0.25,0.25
EUVP_underwater_dark,266382_n01978455_59.JPEG,0.25,0.25,0.25,0.25
EUVP_underwater_dark,266384_00019981.jpg,0.25,0.25,0.25,0.25
EUVP_underwater_dark,266385_n01917289_1207.JPEG,0.25,0.25,0.25,0.25
EUVP_underwater_dark,266386_n02526121_6884.JPEG,0.25,0.25,0.25,0.25
EUVP_underwater_dark,266387_00004980.jpg,0.25,0.25,0.25,0.25
EUVP_underwater_dark,266388_00037902.jpg,0.25,0.25,0.25,0.25
EUVP_underwater_dark,266390_n01950731_24105.JPEG,0.25,0.25,0.25,0.25
EUVP_underwater_dark,266391_00015486.jpg,0.25,0.25,0.25,0.25
EUVP_underwater_dark,266394_00013496.jpg,0.25,0.25,0.25,0.25
EUVP_underwater_dark,266395_00036143.jpg,0.25,0.25,0.25,0.25
EUVP_underwater_dark,266396_n02607072_910.JPEG,0.25,0.25,0.25,0.25
EUVP_underwater_dark,266399_n01978287_2515.JPEG,0.25,0.25,0.25,0.25
EUVP_underwater_dark,266400_00007203.jpg,0.25,0.25,0.25,0.25
EUVP_underwater_dark,266401_00004451.jpg,0.25,0.25,0.25,0.25
EUVP_underwater_dark,266402_00008666.jpg,0.25,0.25,0.25,0.25
EUVP_underwater_dark,266404_n02526121_10878.JPEG,0.25,0.25,0.25,0.25
EUVP_underwater_dark,266405_00002735.jpg,0.25,0.25,0.25,0.25
EUVP_underwater_dark,266406_n02319095_4653.JPEG,0.25,0.25,0.25,0.25
EUVP_underwater_dark,266407_00025328.jpg,0.25,0.25,0.25,0.25
EUVP_underwater_dark,266408_sea_turtle_side_436.jpg,0.25,0.25,0.25,0.25
EUVP_underwater_dark,266409_00011521.jpg,0.25,0.25,0.25,0.25
EUVP_underwater_dark,266410_00023129.jpg,0.25,0.25,0.25,0.25
EUVP_underwater_dark,266411_00034338.jpg,0.25,0.25,0.25,0.25
EUVP_underwater_dark,266412_00029870.jpg,0.25,0.25,0.25,0.25
EUVP_underwater_dark,266414_00016609.jpg,0.25,0.25,0.25,0.25
EUVP_underwater_dark,266415_00000227.jpg,0.25,0.25,0.25,0.25
EUVP_underwater_dark,266417_00006358.jpg,0.25,0.25,0.25,0.25
EUVP_underwater_dark,266418_n01917289_673.JPEG,0.25,0.25,0.25,0.25
EUVP_underwater_dark,266419_00039127.jpg,0.25,0.25,0.25,0.25
EUVP_underwater_dark,266420_n02321529_5634.JPEG,0.25,0.25,0.25,0.25
EUVP_underwater_dark,266421_00024356.jpg,0.25,0.25,0.25,0.25
EUVP_underwater_dark,266422_n01978455_9891.JPEG,0.25,0.25,0.25,0.25
EUVP_underwater_dark,266423_00022355.jpg,0.25,0.25,0.25,0.25
EUVP_underwater_dark,266425_00038260.jpg,0.25,0.25,0.25,0.25
EUVP_underwater_dark,266426_n02526121_2965.JPEG,0.25,0.25,0.25,0.25
EUVP_underwater_dark,266427_brain_coral_49.jpg,0.25,0.25,0.25,0.25
EUVP_underwater_dark,266428_n02526121_5236.JPEG,0.25,0.25,0.25,0.25
EUVP_underwater_dark,266429_n02643566_2170.JPEG,0.25,0.25,0.25,0.25
EUVP_underwater_dark,266430_00028664.jpg,0.25,0.25,0.25,0.25
EUVP_underwater_dark,266431_00006246.jpg,0.25,0.25,0.25,0.25
EUVP_underwater_dark,266432_n01917289_353.JPEG,0.25,0.25,0.25,0.25
EUVP_underwater_dark,266433_n02526121_7542.JPEG,0.25,0.25,0.25,0.25
EUVP_underwater_dark,266435_00024253.jpg,0.25,0.25,0.25,0.25
EUVP_underwater_dark,266436_sea_turtle_coral_reef_358.jpg,0.25,0.25,0.25,0.25
EUVP_underwater_dark,266437_00004381.jpg,0.25,0.25,0.25,0.25
EUVP_underwater_dark,266439_00025037.jpg,0.25,0.25,0.25,0.25
EUVP_underwater_dark,266440_n01751748_19693.JPEG,0.25,0.25,0.25,0.25
EUVP_underwater_dark,266441_n01984695_81298.JPEG,0.25,0.25,0.25,0.25
EUVP_underwater_dark,266442_n01943899_14452.JPEG,0.25,0.25,0.25,0.25
EUVP_underwater_dark,266443_00018100.jpg,0.25,0.25,0.25,0.25
EUVP_underwater_dark,266447_scuba_greece_485.jpg,0.25,0.25,0.25,0.25
EUVP_underwater_dark,266454_00008530.jpg,0.25,0.25,0.25,0.25
EUVP_underwater_dark,266455_00002256.jpg,0.25,0.25,0.25,0.25
EUVP_underwater_dark,266456_n01751748_838.JPEG,0.25,0.25,0.25,0.25
EUVP_underwater_dark,266458_n01943899_21008.JPEG,0.25,0.25,0.25,0.25
EUVP_underwater_dark,266461_00034969.jpg,0.25,0.25,0.25,0.25
EUVP_underwater_dark,266462_n09256479_7646.JPEG,0.25,0.25,0.25,0.25
EUVP_underwater_dark,266463_00025294.jpg,0.25,0.25,0.25,0.25
EUVP_underwater_dark,266464_00013008.jpg,0.25,0.25,0.25,0.25
EUVP_underwater_dark,266465_n02317335_22470.JPEG,0.25,0.25,0.25,0.25
EUVP_underwater_dark,266467_n01914609_2962.JPEG,0.25,0.25,0.25,0.25
EUVP_underwater_dark,266469_n02643566_15566.JPEG,0.25,0.25,0.25,0.25
EUVP_underwater_dark,266471_sun_btlsgcllflinsabq.jpg,0.25,0.25,0.25,0.25
EUVP_underwater_dark,266477_00005897.jpg,0.25,0.25,0.25,0.25
EUVP_underwater_dark,266479_00020886.jpg,0.25,0.25,0.25,0.25
EUVP_underwater_dark,266480_00037605.jpg,0.25,0.25,0.25,0.25
EUVP_underwater_dark,266481_sea_turtle_night_118.jpg,0.25,0.25,0.25,0.25
EUVP_underwater_dark,266483_00028220.jpg,0.25,0.25,0.25,0.25
EUVP_underwater_dark,266484_n01924916_5363.JPEG,0.25,0.25,0.25,0.25
EUVP_underwater_dark,266485_n02607072_4871.JPEG,0.25,0.25,0.25,0.25
EUVP_underwater_dark,266486_00020747.jpg,0.25,0.25,0.25,0.25
EUVP_underwater_dark,266487_n09256479_10177.JPEG,0.25,0.25,0.25,0.25
EUVP_underwater_dark,266494_scuba_bonaire_542.jpg,0.25,0.25,0.25,0.25
EUVP_underwater_dark,266496_00032803.jpg,0.25,0.25,0.25,0.25
EUVP_underwater_dark,266500_00019513.jpg,0.25,0.25,0.25,0.25
EUVP_underwater_dark,266502_n01978455_2825.JPEG,0.25,0.25,0.25,0.25
EUVP_underwater_dark,266503_n01924916_11197.JPEG,0.25,0.25,0.25,0.25
EUVP_underwater_dark,266505_n02643566_2070.JPEG,0.25,0.25,0.25,0.25
EUVP_underwater_dark,266506_n02321529_4557.JPEG,0.25,0.25,0.25,0.25
EUVP_underwater_dark,266507_n01914609_9770.JPEG,0.25,0.25,0.25,0.25
EUVP_underwater_dark,266510_00012915.jpg,0.25,0.25,0.25,0.25
EUVP_underwater_dark,266514_n02319095_111.JPEG,0.25,0.25,0.25,0.25
EUVP_underwater_dark,266515_sea_turtle_video_262.jpg,0.25,0.25,0.25,0.25
EUVP_underwater_dark,266516_n01751748_11669.JPEG,0.25,0.25,0.25,0.25
EUVP_underwater_dark,266517_00030661.jpg,0.25,0.25,0.25,0.25
EUVP_underwater_dark,266519_n01751748_5504.JPEG,0.25,0.25,0.25,0.25
EUVP_underwater_dark,266520_00012413.jpg,0.25,0.25,0.25,0.25
EUVP_underwater_dark,266521_00028706.jpg,0.25,0.25,0.25,0.25
EUVP_underwater_dark,266522_00003019.jpg,0.25,0.25,0.25,0.25
EUVP_underwater_dark,266525_n02643566_734.JPEG,0.25,0.25,0.25,0.25
EUVP_underwater_dark,266526_00005957.jpg,0.25,0.25,0.25,0.25
EUVP_underwater_dark,266530_n01924916_13701.JPEG,0.25,0.25,0.25,0.25
EUVP_underwater_dark,266531_n02319095_5154.JPEG,0.25,0.25,0.25,0.25
EUVP_underwater_dark,266535_00031190.jpg,0.25,0.25,0.25,0.25
EUVP_underwater_dark,266539_00005143.jpg,0.25,0.25,0.25,0.25
EUVP_underwater_dark,266541_n01664065_8705.JPEG,0.25,0.25,0.25,0.25
EUVP_underwater_dark,266544_n02526121_6617.JPEG,0.25,0.25,0.25,0.25
EUVP_underwater_dark,266548_00003978.jpg,0.25,0.25,0.25,0.25
EUVP_underwater_dark,266550_n02607072_2850.JPEG,0.25,0.25,0.25,0.25
EUVP_underwater_dark,266554_n01978455_2202.JPEG,0.25,0.25,0.25,0.25
EUVP_underwater_dark,266555_n01924916_13019.JPEG,0.25,0.25,0.25,0.25
EUVP_underwater_dark,266556_00035259.jpg,0.25,0.25,0.25,0.25
EUVP_underwater_dark,266557_n01917289_2033.JPEG,0.25,0.25,0.25,0.25
EUVP_underwater_dark,266559_00019522.jpg,0.25,0.25,0.25,0.25
EUVP_underwater_dark,266560_n01924916_7446.JPEG,0.25,0.25,0.25,0.25
EUVP_underwater_dark,266561_00002480.jpg,0.25,0.25,0.25,0.25
EUVP_underwater_dark,266562_n01950731_316.JPEG,0.25,0.25,0.25,0.25
EUVP_underwater_dark,266566_scuba_grenada_674.jpg,0.25,0.25,0.25,0.25
EUVP_underwater_dark,266567_n01980166_1245.JPEG,0.25,0.25,0.25,0.25
EUVP_underwater_dark,266569_n01914609_8438.JPEG,0.25,0.25,0.25,0.25
EUVP_underwater_dark,266571_n01980166_4191.JPEG,0.25,0.25,0.25,0.25
EUVP_underwater_dark,266572_n02655020_2376.JPEG,0.25,0.25,0.25,0.25
EUVP_underwater_dark,266575_n02643566_365.JPEG,0.25,0.25,0.25,0.25
EUVP_underwater_dark,266576_n02526121_10804.JPEG,0.25,0.25,0.25,0.25
EUVP_underwater_dark,266577_n02321529_1653.JPEG,0.25,0.25,0.25,0.25
EUVP_underwater_dark,266578_n02317335_23623.JPEG,0.25,0.25,0.25,0.25
EUVP_underwater_dark,266580_n02317335_17088.JPEG,0.25,0.25,0.25,0.25
EUVP_underwater_dark,266581_00017239.jpg,0.25,0.25,0.25,0.25
EUVP_underwater_dark,266583_00001856.jpg,0.25,0.25,0.25,0.25
EUVP_underwater_dark,266586_scuba_isla_mujeres_881.jpg,0.25,0.25,0.25,0.25
EUVP_underwater_dark,266587_n02606052_7532.JPEG,0.25,0.25,0.25,0.25
EUVP_underwater_dark,266588_00033734.jpg,0.25,0.25,0.25,0.25
EUVP_underwater_dark,266591_n01914609_10009.JPEG,0.25,0.25,0.25,0.25
EUVP_underwater_dark,266592_n01980166_4909.JPEG,0.25,0.25,0.25,0.25
EUVP_underwater_dark,266593_00011481.jpg,0.25,0.25,0.25,0.25
EUVP_underwater_dark,266594_00026818.jpg,0.25,0.25,0.25,0.25
EUVP_underwater_dark,266595_n01917289_4462.JPEG,0.25,0.25,0.25,0.25
EUVP_underwater_dark,266599_00010985.jpg,0.25,0.25,0.25,0.25
EUVP_underwater_dark,266601_00035119.jpg,0.25,0.25,0.25,0.25
EUVP_underwater_dark,266604_n01496331_4089.JPEG,0.25,0.25,0.25,0.25
EUVP_underwater_dark,266605_00033688.jpg,0.25,0.25,0.25,0.25
EUVP_underwater_dark,266606_n01498041_4704.JPEG,0.25,0.25,0.25,0.25
EUVP_underwater_dark,266611_n01985128_43828.JPEG,0.25,0.25,0.25,0.25
EUVP_underwater_dark,266613_00032821.jpg,0.25,0.25,0.25,0.25
EUVP_underwater_dark,266617_n01914609_16370.JPEG,0.25,0.25,0.25,0.25
EUVP_underwater_dark,266619_scuba_caribbean_740.jpg,0.25,0.25,0.25,0.25
EUVP_underwater_dark,266621_00013487.jpg,0.25,0.25,0.25,0.25
EUVP_underwater_dark,266623_00021813.jpg,0.25,0.25,0.25,0.25
EUVP_underwater_dark,266624_00006873.jpg,0.25,0.25,0.25,0.25
EUVP_underwater_dark,266625_n01924916_201.JPEG,0.25,0.25,0.25,0.25
EUVP_underwater_dark,266629_n02317335_4668.JPEG,0.25,0.25,0.25,0.25
EUVP_underwater_dark,266630_00000380.jpg,0.25,0.25,0.25,0.25
EUVP_underwater_dark,266631_sea_turtle_jellyfish_111.jpg,0.25,0.25,0.25,0.25
EUVP_underwater_dark,266632_00017237.jpg,0.25,0.25,0.25,0.25
EUVP_underwater_dark,266633_n02319095_6383.JPEG,0.25,0.25,0.25,0.25
EUVP_underwater_dark,266635_n02321529_6326.JPEG,0.25,0.25,0.25,0.25
EUVP_underwater_dark,266638_n09256479_3993.JPEG,0.25,0.25,0.25,0.25
EUVP_underwater_dark,266642_00014425.jpg,0.25,0.25,0.25,0.25
EUVP_underwater_dark,266643_n02606052_15258.JPEG,0.25,0.25,0.25,0.25
EUVP_underwater_dark,266648_00011046.jpg,0.25,0.25,0.25,0.25
EUVP_underwater_dark,266653_n01943899_17115.JPEG,0.25,0.25,0.25,0.25
EUVP_underwater_dark,266654_n01978455_2465.JPEG,0.25,0.25,0.25,0.25
EUVP_underwater_dark,266655_00014239.jpg,0.25,0.25,0.25,0.25
EUVP_underwater_dark,266656_scuba_alaska_33.jpg,0.25,0.25,0.25,0.25
EUVP_underwater_dark,266657_00008270.jpg,0.25,0.25,0.25,0.25
EUVP_underwater_dark,266658_n02607072_3096.JPEG,0.25,0.25,0.25,0.25
EUVP_underwater_dark,266659_n01950731_15788.JPEG,0.25,0.25,0.25,0.25
EUVP_underwater_dark,266660_00029107.jpg,0.25,0.25,0.25,0.25
EUVP_underwater_dark,266662_n02643566_5102.JPEG,0.25,0.25,0.25,0.25
EUVP_underwater_dark,266664_00005839.jpg,0.25,0.25,0.25,0.25
EUVP_underwater_dark,266666_n01984695_403.JPEG,0.25,0.25,0.25,0.25
EUVP_underwater_dark,266667_n02319095_166.JPEG,0.25,0.25,0.25,0.25
EUVP_underwater_dark,266668_00002176.jpg,0.25,0.25,0.25,0.25
EUVP_underwater_dark,266670_n02317335_7399.JPEG,0.25,0.25,0.25,0.25
EUVP_underwater_dark,266674_scuba_alaska_826.jpg,0.25,0.25,0.25,0.25
EUVP_underwater_dark,266676_00034977.jpg,0.25,0.25,0.25,0.25
EUVP_underwater_dark,266677_00026278.jpg,0.25,0.25,0.25,0.25
EUVP_underwater_dark,266678_00038727.jpg,0.25,0.25,0.25,0.25
EUVP_underwater_dark,266679_00031657.jpg,0.25,0.25,0.25,0.25
EUVP_underwater_dark,266680_n01496331_14119.JPEG,0.25,0.25,0.25,0.25
EUVP_underwater_dark,266681_n02319095_3633.JPEG,0.25,0.25,0.25,0.25
EUVP_underwater_dark,266683_00017440.jpg,0.25,0.25,0.25,0.25
EUVP_underwater_dark,266685_n01950731_13979.JPEG,0.25,0.25,0.25,0.25
EUVP_underwater_dark,266686_n01924916_12125.JPEG,0.25,0.25,0.25,0.25
EUVP_underwater_dark,266690_00014292.jpg,0.25,0.25,0.25,0.25
EUVP_underwater_dark,266691_00021589.jpg,0.25,0.25,0.25,0.25
EUVP_underwater_dark,266692_00027720.jpg,0.25,0.25,0.25,0.25
EUVP_underwater_dark,266693_n01984695_20103.JPEG,0.25,0.25,0.25,0.25
EUVP_underwater_dark,266694_n01924916_3722.JPEG,0.25,0.25,0.25,0.25
EUVP_underwater_dark,266696_00002872.jpg,0.25,0.25,0.25,0.25
EUVP_underwater_dark,266697_n01978455_999.JPEG,0.25,0.25,0.25,0.25
EUVP_underwater_dark,266698_n01914609_13794.JPEG,0.25,0.25,0.25,0.25
EUVP_underwater_dark,266699_00023853.jpg,0.25,0.25,0.25,0.25
EUVP_underwater_dark,266701_00008532.jpg,0.25,0.25,0.25,0.25
EUVP_underwater_dark,266703_00019861.jpg,0.25,0.25,0.25,0.25
EUVP_underwater_dark,266704_n02607072_5341.JPEG,0.25,0.25,0.25,0.25
EUVP_underwater_dark,266705_00010485.jpg,0.25,0.25,0.25,0.25
EUVP_underwater_dark,266709_n01978455_3765.JPEG,0.25,0.25,0.25,0.25
EUVP_underwater_dark,266711_00030639.jpg,0.25,0.25,0.25,0.25
EUVP_underwater_dark,266713_00010345.jpg,0.25,0.25,0.25,0.25
EUVP_underwater_dark,266714_00021402.jpg,0.25,0.25,0.25,0.25
EUVP_underwater_dark,266715_00039961.jpg,0.25,0.25,0.25,0.25
EUVP_underwater_dark,266717_n01950731_16042.JPEG,0.25,0.25,0.25,0.25
EUVP_underwater_dark,266718_00022584.jpg,0.25,0.25,0.25,0.25
EUVP_underwater_dark,266721_n02319095_2370.JPEG,0.25,0.25,0.25,0.25
EUVP_underwater_dark,266722_n01984695_659.JPEG,0.25,0.25,0.25,0.25
EUVP_underwater_dark,266723_n01498041_11393.JPEG,0.25,0.25,0.25,0.25
EUVP_underwater_dark,266725_n01924916_8059.JPEG,0.25,0.25,0.25,0.25
EUVP_underwater_dark,266726_n01914609_13542.JPEG,0.25,0.25,0.25,0.25
EUVP_underwater_dark,266728_n01914609_8894.JPEG,0.25,0.25,0.25,0.25
EUVP_underwater_dark,266732_n09256479_9978.JPEG,0.25,0.25,0.25,0.25
EUVP_underwater_dark,266734_n01917289_1993.JPEG,0.25,0.25,0.25,0.25
EUVP_underwater_dark,266735_00007909.jpg,0.25,0.25,0.25,0.25
EUVP_underwater_dark,266738_n02319095_21.JPEG,0.25,0.25,0.25,0.25
EUVP_underwater_dark,266740_n02526121_12208.JPEG,0.25,0.25,0.25,0.25
EUVP_underwater_dark,266741_00001203.jpg,0.25,0.25,0.25,0.25
EUVP_underwater_dark,266743_n02606052_4954.JPEG,0.25,0.25,0.25,0.25
EUVP_underwater_dark,266746_n09256479_1649.JPEG,0.25,0.25,0.25,0.25
EUVP_underwater_dark,266749_00022603.jpg,0.25,0.25,0.25,0.25
EUVP_underwater_dark,266750_n01914609_10155.JPEG,0.25,0.25,0.25,0.25
EUVP_underwater_dark,266751_00027790.jpg,0.25,0.25,0.25,0.25
EUVP_underwater_dark,266752_00022279.jpg,0.25,0.25,0.25,0.25
EUVP_underwater_dark,266753_n02317335_41573.JPEG,0.25,0.25,0.25,0.25
EUVP_underwater_dark,266754_00020108.jpg,0.25,0.25,0.25,0.25
EUVP_underwater_dark,266755_n01917289_4032.JPEG,0.25,0.25,0.25,0.25
EUVP_underwater_dark,266756_00023591.jpg,0.25,0.25,0.25,0.25
EUVP_underwater_dark,266759_00015435.jpg,0.25,0.25,0.25,0.25
EUVP_underwater_dark,266761_00021262.jpg,0.25,0.25,0.25,0.25
EUVP_underwater_dark,266762_00033204.jpg,0.25,0.25,0.25,0.25
EUVP_underwater_dark,266764_n01980166_4964.JPEG,0.25,0.25,0.25,0.25
EUVP_underwater_dark,266765_sea_turtle_video_471.jpg,0.25,0.25,0.25,0.25
EUVP_underwater_dark,266768_n09256479_13929.JPEG,0.25,0.25,0.25,0.25
EUVP_underwater_dark,266770_n02643566_3971.JPEG,0.25,0.25,0.25,0.25
EUVP_underwater_dark,266772_00019408.jpg,0.25,0.25,0.25,0.25
EUVP_underwater_dark,266775_n02321529_7828.JPEG,0.25,0.25,0.25,0.25
EUVP_underwater_dark,266776_n02321529_13072.JPEG,0.25,0.25,0.25,0.25
EUVP_underwater_dark,266777_00035963.jpg,0.25,0.25,0.25,0.25
EUVP_underwater_dark,266778_n01914609_5034.JPEG,0.25,0.25,0.25,0.25
EUVP_underwater_dark,266779_00017615.jpg,0.25,0.25,0.25,0.25
EUVP_underwater_dark,266780_n01924916_7684.JPEG,0.25,0.25,0.25,0.25
EUVP_underwater_dark,266781_n02655020_11642.JPEG,0.25,0.25,0.25,0.25
EUVP_underwater_dark,266784_n02606052_16059.JPEG,0.25,0.25,0.25,0.25
EUVP_underwater_dark,266788_00035045.jpg,0.25,0.25,0.25,0.25
EUVP_underwater_dark,266789_00004843.jpg,0.25,0.25,0.25,0.25
EUVP_underwater_dark,266790_00026449.jpg,0.25,0.25,0.25,0.25
EUVP_underwater_dark,266791_00029772.jpg,0.25,0.25,0.25,0.25
EUVP_underwater_dark,266792_n01914609_13372.JPEG,0.25,0.25,0.25,0.25
EUVP_underwater_dark,266794_n02655020_12421.JPEG,0.25,0.25,0.25,0.25
EUVP_underwater_dark,266795_sea_turtle_kauai_264.jpg,0.25,0.25,0.25,0.25
EUVP_underwater_dark,266797_00029287.jpg,0.25,0.25,0.25,0.25
EUVP_underwater_dark,266799_00033252.jpg,0.25,0.25,0.25,0.25
EUVP_underwater_dark,266800_00023159.jpg,0.25,0.25,0.25,0.25
EUVP_underwater_dark,266802_n01496331_608.JPEG,0.25,0.25,0.25,0.25
EUVP_underwater_dark,266803_n01984695_10489.JPEG,0.25,0.25,0.25,0.25
EUVP_underwater_dark,266808_00010719.jpg,0.25,0.25,0.25,0.25
EUVP_underwater_dark,266809_00006731.jpg,0.25,0.25,0.25,0.25
EUVP_underwater_dark,266810_00023048.jpg,0.25,0.25,0.25,0.25
EUVP_underwater_dark,266816_00004675.jpg,0.25,0.25,0.25,0.25
EUVP_underwater_dark,266819_n02643566_3750.JPEG,0.25,0.25,0.25,0.25
EUVP_underwater_dark,266820_00013114.jpg,0.25,0.25,0.25,0.25
EUVP_underwater_dark,266821_n01924916_6820.JPEG,0.25,0.25,0.25,0.25
EUVP_underwater_dark,266823_scuba_italy_844.jpg,0.25,0.25,0.25,0.25
EUVP_underwater_dark,266824_n01950731_16224.JPEG,0.25,0.25,0.25,0.25
EUVP_underwater_dark,266825_00001621.jpg,0.25,0.25,0.25,0.25
EUVP_underwater_dark,266826_n02606052_7648.JPEG,0.25,0.25,0.25,0.25
EUVP_underwater_dark,266827_scuba_phi_phi_249.jpg,0.25,0.25,0.25,0.25
EUVP_underwater_dark,266830_n02317335_56443.JPEG,0.25,0.25,0.25,0.25
EUVP_underwater_dark,266832_00030819.jpg,0.25,0.25,0.25,0.25
EUVP_underwater_dark,266833_00021104.jpg,0.25,0.25,0.25,0.25
EUVP_underwater_dark,266834_n01950731_23256.JPEG,0.25,0.25,0.25,0.25
EUVP_underwater_dark,266835_00038585.jpg,0.25,0.25,0.25,0.25
EUVP_underwater_dark,266836_n09256479_13011.JPEG,0.25,0.25,0.25,0.25
EUVP_underwater_dark,266837_n01950731_13959.JPEG,0.25,0.25,0.25,0.25
EUVP_underwater_dark,266841_00003336.jpg,0.25,0.25,0.25,0.25
EUVP_underwater_dark,266842_n02319095_5723.JPEG,0.25,0.25,0.25,0.25
EUVP_underwater_dark,266843_n09256479_2230.JPEG,0.25,0.25,0.25,0.25
EUVP_underwater_dark,266844_n01978287_8018.JPEG,0.25,0.25,0.25,0.25
EUVP_underwater_dark,266847_n01950731_21770.JPEG,0.25,0.25,0.25,0.25
EUVP_underwater_dark,266850_n01491361_9971.JPEG,0.25,0.25,0.25,0.25
EUVP_underwater_dark,266851_sea_turtle_video_617.jpg,0.25,0.25,0.25,0.25
EUVP_underwater_dark,266852_scuba_palawan_551.jpg,0.25,0.25,0.25,0.25
EUVP_underwater_dark,266854_n01984695_13977.JPEG,0.25,0.25,0.25,0.25
EUVP_underwater_dark,266856_n02317335_1790.JPEG,0.25,0.25,0.25,0.25
EUVP_underwater_dark,266859_00034755.jpg,0.25,0.25,0.25,0.25
EUVP_underwater_dark,266860_00027456.jpg,0.25,0.25,0.25,0.25
EUVP_underwater_dark,266861_00004767.jpg,0.25,0.25,0.25,0.25
EUVP_underwater_dark,266862_00012252.jpg,0.25,0.25,0.25,0.25
EUVP_underwater_dark,266863_00026500.jpg,0.25,0.25,0.25,0.25
EUVP_underwater_dark,266864_00018443.jpg,0.25,0.25,0.25,0.25
EUVP_underwater_dark,266865_00015911.jpg,0.25,0.25,0.25,0.25
EUVP_underwater_dark,266866_n01950731_9723.JPEG,0.25,0.25,0.25,0.25
EUVP_underwater_dark,266867_n02606052_16524.JPEG,0.25,0.25,0.25,0.25
EUVP_underwater_dark,266870_n02607072_2020.JPEG,0.25,0.25,0.25,0.25
EUVP_underwater_dark,266871_00007692.jpg,0.25,0.25,0.25,0.25
EUVP_underwater_dark,266874_n01491361_4532.JPEG,0.25,0.25,0.25,0.25
EUVP_underwater_dark,266875_00021321.jpg,0.25,0.25,0.25,0.25
EUVP_underwater_dark,266876_00016719.jpg,0.25,0.25,0.25,0.25
EUVP_underwater_dark,266879_00006326.jpg,0.25,0.25,0.25,0.25
EUVP_underwater_dark,266880_n01980166_1579.JPEG,0.25,0.25,0.25,0.25
EUVP_underwater_dark,266881_n01950731_13386.JPEG,0.25,0.25,0.25,0.25
EUVP_underwater_dark,266882_00018087.jpg,0.25,0.25,0.25,0.25
EUVP_underwater_dark,266884_00017434.jpg,0.25,0.25,0.25,0.25
EUVP_underwater_dark,266886_00015085.jpg,0.25,0.25,0.25,0.25
EUVP_underwater_dark,266887_00023562.jpg,0.25,0.25,0.25,0.25
EUVP_underwater_dark,266889_00033955.jpg,0.25,0.25,0.25,0.25
EUVP_underwater_dark,266890_n01950731_13713.JPEG,0.25,0.25,0.25,0.25
EUVP_underwater_dark,266892_00003440.jpg,0.25,0.25,0.25,0.25
EUVP_underwater_dark,266893_n01943899_29776.JPEG,0.25,0.25,0.25,0.25
EUVP_underwater_dark,266894_00019387.jpg,0.25,0.25,0.25,0.25
EUVP_underwater_dark,266895_n02655020_12840.JPEG,0.25,0.25,0.25,0.25
EUVP_underwater_dark,266897_n02606052_288.JPEG,0.25,0.25,0.25,0.25
EUVP_underwater_dark,266899_scuba_christmas_358.jpg,0.25,0.25,0.25,0.25
EUVP_underwater_dark,266900_n01984695_86756.JPEG,0.25,0.25,0.25,0.25
EUVP_underwater_dark,266901_n02317335_15888.JPEG,0.25,0.25,0.25,0.25
EUVP_underwater_dark,266902_n01924916_9651.JPEG,0.25,0.25,0.25,0.25
EUVP_underwater_dark,266904_n01980166_5446.JPEG,0.25,0.25,0.25,0.25
EUVP_underwater_dark,266905_00017659.jpg,0.25,0.25,0.25,0.25
EUVP_underwater_dark,266906_00022082.jpg,0.25,0.25,0.25,0.25
EUVP_underwater_dark,266907_n01496331_2720.JPEG,0.25,0.25,0.25,0.25
EUVP_underwater_dark,266910_00006194.jpg,0.25,0.25,0.25,0.25
EUVP_underwater_dark,266913_00028062.jpg,0.25,0.25,0.25,0.25
EUVP_underwater_dark,266914_00009509.jpg,0.25,0.25,0.25,0.25
EUVP_underwater_dark,266915_n01984695_65010.JPEG,0.25,0.25,0.25,0.25
EUVP_underwater_dark,266916_scuba_phi_phi_340.jpg,0.25,0.25,0.25,0.25
EUVP_underwater_dark,266917_00028067.jpg,0.25,0.25,0.25,0.25
EUVP_underwater_dark,266918_00036266.jpg,0.25,0.25,0.25,0.25
EUVP_underwater_dark,266919_00036191.jpg,0.25,0.25,0.25,0.25
EUVP_underwater_dark,266921_n02319095_6069.JPEG,0.25,0.25,0.25,0.25
EUVP_underwater_dark,266922_00021483.jpg,0.25,0.25,0.25,0.25
EUVP_underwater_dark,266923_00025255.jpg,0.25,0.25,0.25,0.25
EUVP_underwater_dark,266924_n01984695_24704.JPEG,0.25,0.25,0.25,0.25
EUVP_underwater_dark,266925_00030109.jpg,0.25,0.25,0.25,0.25
EUVP_underwater_dark,266927_00011913.jpg,0.25,0.25,0.25,0.25
EUVP_underwater_dark,266930_00018294.jpg,0.25,0.25,0.25,0.25
EUVP_underwater_dark,266932_scuba_thailand_730.jpg,0.25,0.25,0.25,0.25
EUVP_underwater_dark,266935_n02317335_29087.JPEG,0.25,0.25,0.25,0.25
EUVP_underwater_dark,266937_n02607072_4431.JPEG,0.25,0.25,0.25,0.25
EUVP_underwater_dark,266938_n01496331_12885.JPEG,0.25,0.25,0.25,0.25
EUVP_underwater_dark,266940_00008417.jpg,0.25,0.25,0.25,0.25
EUVP_underwater_dark,266942_00010893.jpg,0.25,0.25,0.25,0.25
EUVP_underwater_dark,266943_00000267.jpg,0.25,0.25,0.25,0.25
EUVP_underwater_dark,266944_n02317335_43328.JPEG,0.25,0.25,0.25,0.25
EUVP_underwater_dark,266945_n01985128_20214.JPEG,0.25,0.25,0.25,0.25
EUVP_underwater_dark,266946_00008927.jpg,0.25,0.25,0.25,0.25
EUVP_underwater_dark,266947_00033951.jpg,0.25,0.25,0.25,0.25
EUVP_underwater_dark,266948_00033418.jpg,0.25,0.25,0.25,0.25
EUVP_underwater_dark,266949_00016436.jpg,0.25,0.25,0.25,0.25
EUVP_underwater_dark,266950_n01498041_2018.JPEG,0.25,0.25,0.25,0.25
EUVP_underwater_dark,266952_n01984695_26715.JPEG,0.25,0.25,0.25,0.25
EUVP_underwater_dark,266954_00029723.jpg,0.25,0.25,0.25,0.25
EUVP_underwater_dark,266955_00012960.jpg,0.25,0.25,0.25,0.25
EUVP_underwater_dark,266956_00021838.jpg,0.25,0.25,0.25,0.25
EUVP_underwater_dark,266958_00004656.jpg,0.25,0.25,0.25,0.25
EUVP_underwater_dark,266959_00039910.jpg,0.25,0.25,0.25,0.25
EUVP_underwater_dark,266960_00029885.jpg,0.25,0.25,0.25,0.25
EUVP_underwater_dark,266962_00038906.jpg,0.25,0.25,0.25,0.25
EUVP_underwater_dark,266963_n01914609_10471.JPEG,0.25,0.25,0.25,0.25
EUVP_underwater_dark,266964_00023925.jpg,0.25,0.25,0.25,0.25
EUVP_underwater_dark,266965_00032656.jpg,0.25,0.25,0.25,0.25
EUVP_underwater_dark,266966_n01943899_11344.JPEG,0.25,0.25,0.25,0.25
EUVP_underwater_dark,266967_00030600.jpg,0.25,0.25,0.25,0.25
EUVP_underwater_dark,266968_n02321529_385.JPEG,0.25,0.25,0.25,0.25
EUVP_underwater_dark,266970_n02655020_46391.JPEG,0.25,0.25,0.25,0.25
EUVP_underwater_dark,266972_n02607072_5858.JPEG,0.25,0.25,0.25,0.25
EUVP_underwater_dark,266973_n02606052_556.JPEG,0.25,0.25,0.25,0.25
EUVP_underwater_dark,266974_n01751748_12562.JPEG,0.25,0.25,0.25,0.25
EUVP_underwater_dark,266975_00019484.jpg,0.25,0.25,0.25,0.25
EUVP_underwater_dark,266976_n01924916_16695.JPEG,0.25,0.25,0.25,0.25
EUVP_underwater_dark,266977_n02606052_18608.JPEG,0.25,0.25,0.25,0.25
EUVP_underwater_dark,266980_00034075.jpg,0.25,0.25,0.25,0.25
EUVP_underwater_dark,266985_n02606052_5182.JPEG,0.25,0.25,0.25,0.25
EUVP_underwater_dark,266986_n01917289_1432.JPEG,0.25,0.25,0.25,0.25
EUVP_underwater_dark,266987_n02607072_247.JPEG,0.25,0.25,0.25,0.25
EUVP_underwater_dark,266988_00000962.jpg,0.25,0.25,0.25,0.25
EUVP_underwater_dark,266989_00021411.jpg,0.25,0.25,0.25,0.25
EUVP_underwater_dark,266992_n02319095_742.JPEG,0.25,0.25,0.25,0.25
EUVP_underwater_dark,266993_n01924916_14018.JPEG,0.25,0.25,0.25,0.25
EUVP_underwater_dark,266997_00001861.jpg,0.25,0.25,0.25,0.25
EUVP_underwater_dark,266998_00024848.jpg,0.25,0.25,0.25,0.25
EUVP_underwater_dark,267000_00010178.jpg,0.25,0.25,0.25,0.25
EUVP_underwater_dark,267002_n01980166_7606.JPEG,0.25,0.25,0.25,0.25
EUVP_underwater_dark,267003_00016065.jpg,0.25,0.25,0.25,0.25
EUVP_underwater_dark,267006_n01950731_14388.JPEG,0.25,0.25,0.25,0.25
EUVP_underwater_dark,267008_00039232.jpg,0.25,0.25,0.25,0.25
EUVP_underwater_dark,267009_n02606052_1449.JPEG,0.25,0.25,0.25,0.25
EUVP_underwater_dark,267010_n01498041_3869.JPEG,0.25,0.25,0.25,0.25
EUVP_underwater_dark,267012_00019594.jpg,0.25,0.25,0.25,0.25
EUVP_underwater_dark,267013_00036814.jpg,0.25,0.25,0.25,0.25
EUVP_underwater_dark,267014_00029203.jpg,0.25,0.25,0.25,0.25
EUVP_underwater_dark,267015_n01924916_3281.JPEG,0.25,0.25,0.25,0.25
EUVP_underwater_dark,267016_00009638.jpg,0.25,0.25,0.25,0.25
EUVP_underwater_dark,267019_00016169.jpg,0.25,0.25,0.25,0.25
EUVP_underwater_dark,267021_n01664065_5374.JPEG,0.25,0.25,0.25,0.25
EUVP_underwater_dark,267022_00009076.jpg,0.25,0.25,0.25,0.25
EUVP_underwater_dark,267023_n01484850_1329.JPEG,0.25,0.25,0.25,0.25
EUVP_underwater_dark,267024_00032492.jpg,0.25,0.25,0.25,0.25
EUVP_underwater_dark,267026_00016535.jpg,0.25,0.25,0.25,0.25
EUVP_underwater_dark,267029_00016829.jpg,0.25,0.25,0.25,0.25
EUVP_underwater_dark,267030_n01924916_8387.JPEG,0.25,0.25,0.25,0.25
EUVP_underwater_dark,267031_00026661.jpg,0.25,0.25,0.25,0.25
EUVP_underwater_dark,267033_00012465.jpg,0.25,0.25,0.25,0.25
EUVP_underwater_dark,267034_n01924916_14184.JPEG,0.25,0.25,0.25,0.25
EUVP_underwater_dark,267036_00039522.jpg,0.25,0.25,0.25,0.25
EUVP_underwater_dark,267037_n02317335_6717.JPEG,0.25,0.25,0.25,0.25
EUVP_underwater_dark,267038_n01924916_12117.JPEG,0.25,0.25,0.25,0.25
EUVP_underwater_dark,267043_00021258.jpg,0.25,0.25,0.25,0.25
EUVP_underwater_dark,267045_00017425.jpg,0.25,0.25,0.25,0.25
EUVP_underwater_dark,267046_00000946.jpg,0.25,0.25,0.25,0.25
EUVP_underwater_dark,267054_n01917289_1191.JPEG,0.25,0.25,0.25,0.25
EUVP_underwater_dark,267057_00018695.jpg,0.25,0.25,0.25,0.25
EUVP_underwater_dark,267058_n02607072_5289.JPEG,0.25,0.25,0.25,0.25
EUVP_underwater_dark,267059_n01980166_5099.JPEG,0.25,0.25,0.25,0.25
EUVP_underwater_dark,267060_00023827.jpg,0.25,0.25,0.25,0.25
EUVP_underwater_dark,267061_00038762.jpg,0.25,0.25,0.25,0.25
EUVP_underwater_dark,267062_00019385.jpg,0.25,0.25,0.25,0.25
EUVP_underwater_dark,267064_n02321529_8982.JPEG,0.25,0.25,0.25,0.25
EUVP_underwater_dark,267066_00032612.jpg,0.25,0.25,0.25,0.25
EUVP_underwater_dark,267067_scuba_lake_mead_804.jpg,0.25,0.25,0.25,0.25
EUVP_underwater_dark,267068_00036531.jpg,0.25,0.25,0.25,0.25
EUVP_underwater_dark,267069_00008433.jpg,0.25,0.25,0.25,0.25
EUVP_underwater_dark,267070_00030000.jpg,0.25,0.25,0.25,0.25
EUVP_underwater_dark,267072_00022914.jpg,0.25,0.25,0.25,0.25
EUVP_underwater_dark,267077_00001321.jpg,0.25,0.25,0.25,0.25
EUVP_underwater_dark,267078_00000638.jpg,0.25,0.25,0.25,0.25
EUVP_underwater_dark,267080_00001861.jpg,0.25,0.25,0.25,0.25
EUVP_underwater_dark,267081_00024644.jpg,0.25,0.25,0.25,0.25
EUVP_underwater_dark,267082_00023713.jpg,0.25,0.25,0.25,0.25
EUVP_underwater_dark,267084_n02321529_4629.JPEG,0.25,0.25,0.25,0.25
EUVP_underwater_dark,267085_00031017.jpg,0.25,0.25,0.25,0.25
EUVP_underwater_dark,267088_00030692.jpg,0.25,0.25,0.25,0.25
EUVP_underwater_dark,267091_00033728.jpg,0.25,0.25,0.25,0.25
EUVP_underwater_dark,267092_00001715.jpg,0.25,0.25,0.25,0.25
EUVP_underwater_dark,267093_n02321529_4747.JPEG,0.25,0.25,0.25,0.25
EUVP_underwater_dark,267094_00001809.jpg,0.25,0.25,0.25,0.25
EUVP_underwater_dark,267095_n01981276_6333.JPEG,0.25,0.25,0.25,0.25
EUVP_underwater_dark,267096_n01978287_6116.JPEG,0.25,0.25,0.25,0.25
EUVP_underwater_dark,267098_00031550.jpg,0.25,0.25,0.25,0.25
EUVP_underwater_dark,267099_n02319095_2856.JPEG,0.25,0.25,0.25,0.25
EUVP_underwater_dark,267100_00030496.jpg,0.25,0.25,0.25,0.25
EUVP_underwater_dark,267101_n02317335_6440.JPEG,0.25,0.25,0.25,0.25
EUVP_underwater_dark,267102_00033986.jpg,0.25,0.25,0.25,0.25
EUVP_underwater_dark,267103_00038611.jpg,0.25,0.25,0.25,0.25
EUVP_underwater_dark,267104_n02317335_14877.JPEG,0.25,0.25,0.25,0.25
EUVP_underwater_dark,267106_00009804.jpg,0.25,0.25,0.25,0.25
EUVP_underwater_dark,267109_00023565.jpg,0.25,0.25,0.25,0.25
EUVP_underwater_dark,267110_n01917289_2925.JPEG,0.25,0.25,0.25,0.25
EUVP_underwater_dark,267111_00010863.jpg,0.25,0.25,0.25,0.25
EUVP_underwater_dark,267113_00001894.jpg,0.25,0.25,0.25,0.25
EUVP_underwater_dark,267114_00017569.jpg,0.25,0.25,0.25,0.25
EUVP_underwater_dark,267115_00035585.jpg,0.25,0.25,0.25,0.25
EUVP_underwater_dark,267116_00038629.jpg,0.25,0.25,0.25,0.25
EUVP_underwater_dark,267117_n02655020_47424.JPEG,0.25,0.25,0.25,0.25
EUVP_underwater_dark,267120_n01917289_5041.JPEG,0.25,0.25,0.25,0.25
EUVP_underwater_dark,267122_n02643566_2158.JPEG,0.25,0.25,0.25,0.25
EUVP_underwater_dark,267123_n02606052_6230.JPEG,0.25,0.25,0.25,0.25
EUVP_underwater_dark,267124_00031944.jpg,0.25,0.25,0.25,0.25
EUVP_underwater_dark,267125_n02319095_7171.JPEG,0.25,0.25,0.25,0.25
EUVP_underwater_dark,267127_00014795.jpg,0.25,0.25,0.25,0.25
EUVP_underwater_dark,267129_n02317335_19909.JPEG,0.25,0.25,0.25,0.25
EUVP_underwater_dark,267130_00002823.jpg,0.25,0.25,0.25,0.25
EUVP_underwater_dark,267131_n01924916_7327.JPEG,0.25,0.25,0.25,0.25
EUVP_underwater_dark,267133_00005057.jpg,0.25,0.25,0.25,0.25
EUVP_underwater_dark,267136_n09256479_2390.JPEG,0.25,0.25,0.25,0.25
EUVP_underwater_dark,267137_00019040.jpg,0.25,0.25,0.25,0.25
EUVP_underwater_dark,267138_n01980166_310.JPEG,0.25,0.25,0.25,0.25
EUVP_underwater_dark,267139_00016552.jpg,0.25,0.25,0.25,0.25
EUVP_underwater_dark,267140_00007853.jpg,0.25,0.25,0.25,0.25
EUVP_underwater_dark,267141_n01664065_33149.JPEG,0.25,0.25,0.25,0.25
EUVP_underwater_dark,267142_n02655020_33939.JPEG,0.25,0.25,0.25,0.25
EUVP_underwater_dark,267143_n02321529_1142.JPEG,0.25,0.25,0.25,0.25
EUVP_underwater_dark,267145_scuba_seychelles_489.jpg,0.25,0.25,0.25,0.25
EUVP_underwater_dark,267147_00013173.jpg,0.25,0.25,0.25,0.25
EUVP_underwater_dark,267148_n01978455_88.JPEG,0.25,0.25,0.25,0.25
EUVP_underwater_dark,267149_00016541.jpg,0.25,0.25,0.25,0.25
EUVP_underwater_dark,267153_scuba_palau_106.jpg,0.25,0.25,0.25,0.25
EUVP_underwater_dark,267154_00000552.jpg,0.25,0.25,0.25,0.25
EUVP_underwater_dark,267156_n01950731_12998.JPEG,0.25,0.25,0.25,0.25
EUVP_underwater_dark,267157_n02319095_4684.JPEG,0.25,0.25,0.25,0.25
EUVP_underwater_dark,267158_n02317335_26368.JPEG,0.25,0.25,0.25,0.25
EUVP_underwater_dark,267160_n01496331_3965.JPEG,0.25,0.25,0.25,0.25
EUVP_underwater_dark,267161_n01950731_10423.JPEG,0.25,0.25,0.25,0.25
EUVP_underwater_dark,267162_n09256479_7318.JPEG,0.25,0.25,0.25,0.25
EUVP_underwater_dark,267163_n01924916_6024.JPEG,0.25,0.25,0.25,0.25
EUVP_underwater_dark,267164_00029974.jpg,0.25,0.25,0.25,0.25
EUVP_underwater_dark,267166_00016074.jpg,0.25,0.25,0.25,0.25
EUVP_underwater_dark,267168_n02317335_14510.JPEG,0.25,0.25,0.25,0.25
EUVP_underwater_dark,267169_n02606052_17361.JPEG,0.25,0.25,0.25,0.25
EUVP_underwater_dark,267170_00000920.jpg,0.25,0.25,0.25,0.25
EUVP_underwater_dark,267172_00009630.jpg,0.25,0.25,0.25,0.25
EUVP_underwater_dark,267173_00003802.jpg,0.25,0.25,0.25,0.25
EUVP_underwater_dark,267174_n01978455_2221.JPEG,0.25,0.25,0.25,0.25
EUVP_underwater_dark,267175_00020808.jpg,0.25,0.25,0.25,0.25
EUVP_underwater_dark,267177_00013945.jpg,0.25,0.25,0.25,0.25
EUVP_underwater_dark,267178_n01917289_5134.JPEG,0.25,0.25,0.25,0.25
EUVP_underwater_dark,267181_00016014.jpg,0.25,0.25,0.25,0.25
EUVP_underwater_dark,267182_00030657.jpg,0.25,0.25,0.25,0.25
EUVP_underwater_dark,267185_00018989.jpg,0.25,0.25,0.25,0.25
EUVP_underwater_dark,267187_00002341.jpg,0.25,0.25,0.25,0.25
EUVP_underwater_dark,267188_00029999.jpg,0.25,0.25,0.25,0.25
EUVP_underwater_dark,267189_n01978455_2395.JPEG,0.25,0.25,0.25,0.25
EUVP_underwater_dark,267190_00024922.jpg,0.25,0.25,0.25,0.25
EUVP_underwater_dark,267191_00029429.jpg,0.25,0.25,0.25,0.25
EUVP_underwater_dark,267193_00010774.jpg,0.25,0.25,0.25,0.25
EUVP_underwater_dark,267194_00020765.jpg,0.25,0.25,0.25,0.25
EUVP_underwater_dark,267195_00037116.jpg,0.25,0.25,0.25,0.25
EUVP_underwater_dark,267197_n02319095_3549.JPEG,0.25,0.25,0.25,0.25
EUVP_underwater_dark,267198_n01924916_2835.JPEG,0.25,0.25,0.25,0.25
EUVP_underwater_dark,267199_n02321529_2295.JPEG,0.25,0.25,0.25,0.25
EUVP_underwater_dark,267200_00005519.jpg,0.25,0.25,0.25,0.25
EUVP_underwater_dark,267201_n02319095_112.JPEG,0.25,0.25,0.25,0.25
EUVP_underwater_dark,267202_00033498.jpg,0.25,0.25,0.25,0.25
EUVP_underwater_dark,267203_00036150.jpg,0.25,0.25,0.25,0.25
EUVP_underwater_dark,267205_n02607072_12569.JPEG,0.25,0.25,0.25,0.25
EUVP_underwater_dark,267207_sea_turtle_underwater_240.jpg,0.25,0.25,0.25,0.25
EUVP_underwater_dark,267208_00039212.jpg,0.25,0.25,0.25,0.25
EUVP_underwater_dark,267210_n01980166_3609.JPEG,0.25,0.25,0.25,0.25
EUVP_underwater_dark,267211_00020820.jpg,0.25,0.25,0.25,0.25
EUVP_underwater_dark,267212_00034258.jpg,0.25,0.25,0.25,0.25
EUVP_underwater_dark,267214_n01910747_609.JPEG,0.25,0.25,0.25,0.25
EUVP_underwater_dark,267215_00001706.jpg,0.25,0.25,0.25,0.25
EUVP_underwater_dark,267217_n01924916_5822.JPEG,0.25,0.25,0.25,0.25
EUVP_underwater_dark,267218_00011225.jpg,0.25,0.25,0.25,0.25
EUVP_underwater_dark,267223_00020688.jpg,0.25,0.25,0.25,0.25
EUVP_underwater_dark,267224_00012492.jpg,0.25,0.25,0.25,0.25
EUVP_underwater_dark,267225_00019799.jpg,0.25,0.25,0.25,0.25
EUVP_underwater_dark,267227_00012763.jpg,0.25,0.25,0.25,0.25
EUVP_underwater_dark,267229_00036448.jpg,0.25,0.25,0.25,0.25
EUVP_underwater_dark,267230_scuba_bvi_353.jpg,0.25,0.25,0.25,0.25
EUVP_underwater_dark,267231_sun_abnxlxsgumytjyuz.jpg,0.25,0.25,0.25,0.25
EUVP_underwater_dark,267233_n01917289_169.JPEG,0.25,0.25,0.25,0.25
EUVP_underwater_dark,267234_n09256479_9106.JPEG,0.25,0.25,0.25,0.25
EUVP_underwater_dark,267235_n01984695_11258.JPEG,0.25,0.25,0.25,0.25
EUVP_underwater_dark,267237_00014168.jpg,0.25,0.25,0.25,0.25
EUVP_underwater_dark,267239_00038397.jpg,0.25,0.25,0.25,0.25
EUVP_underwater_dark,267240_n01985128_46384.JPEG,0.25,0.25,0.25,0.25
EUVP_underwater_dark,267241_n01984695_53798.JPEG,0.25,0.25,0.25,0.25
EUVP_underwater_dark,267242_n01978455_7535.JPEG,0.25,0.25,0.25,0.25
EUVP_underwater_dark,267243_n01917289_4266.JPEG,0.25,0.25,0.25,0.25
EUVP_underwater_dark,267244_00003710.jpg,0.25,0.25,0.25,0.25
EUVP_underwater_dark,267245_00032037.jpg,0.25,0.25,0.25,0.25
EUVP_underwater_dark,267247_n01950731_9305.JPEG,0.25,0.25,0.25,0.25
EUVP_underwater_dark,267249_n02321529_8287.JPEG,0.25,0.25,0.25,0.25
EUVP_underwater_dark,267251_n01924916_8675.JPEG,0.25,0.25,0.25,0.25
EUVP_underwater_dark,267252_n01950731_13188.JPEG,0.25,0.25,0.25,0.25
EUVP_underwater_dark,267253_00005448.jpg,0.25,0.25,0.25,0.25
EUVP_underwater_dark,267256_00017443.jpg,0.25,0.25,0.25,0.25
EUVP_underwater_dark,267257_n02319095_1911.JPEG,0.25,0.25,0.25,0.25
EUVP_underwater_dark,267259_00032880.jpg,0.25,0.25,0.25,0.25
EUVP_underwater_dark,267260_00031007.jpg,0.25,0.25,0.25,0.25
EUVP_underwater_dark,267261_00000891.jpg,0.25,0.25,0.25,0.25
EUVP_underwater_dark,267262_00006506.jpg,0.25,0.25,0.25,0.25
EUVP_underwater_dark,267263_n01924916_19804.JPEG,0.25,0.25,0.25,0.25
EUVP_underwater_dark,267265_scuba_isla_mujeres_245.jpg,0.25,0.25,0.25,0.25
EUVP_underwater_dark,267266_00032877.jpg,0.25,0.25,0.25,0.25
EUVP_underwater_dark,267269_00025166.jpg,0.25,0.25,0.25,0.25
EUVP_underwater_dark,267270_00013585.jpg,0.25,0.25,0.25,0.25
EUVP_underwater_dark,267271_n02319095_5132.JPEG,0.25,0.25,0.25,0.25
EUVP_underwater_dark,267272_n09256479_2242.JPEG,0.25,0.25,0.25,0.25
EUVP_underwater_dark,267273_00000506.jpg,0.25,0.25,0.25,0.25
EUVP_underwater_dark,267274_00014405.jpg,0.25,0.25,0.25,0.25
EUVP_underwater_dark,267276_00003580.jpg,0.25,0.25,0.25,0.25
EUVP_underwater_dark,267277_00027280.jpg,0.25,0.25,0.25,0.25
EUVP_underwater_dark,267279_n02607072_734.JPEG,0.25,0.25,0.25,0.25
EUVP_underwater_dark,267280_00016566.jpg,0.25,0.25,0.25,0.25
EUVP_underwater_dark,267281_00027587.jpg,0.25,0.25,0.25,0.25
EUVP_underwater_dark,267282_00024646.jpg,0.25,0.25,0.25,0.25
EUVP_underwater_dark,267283_00027424.jpg,0.25,0.25,0.25,0.25
EUVP_underwater_dark,267284_00023995.jpg,0.25,0.25,0.25,0.25
EUVP_underwater_dark,267286_00009520.jpg,0.25,0.25,0.25,0.25
EUVP_underwater_dark,267290_n01978455_339.JPEG,0.25,0.25,0.25,0.25
EUVP_underwater_dark,267292_00023258.jpg,0.25,0.25,0.25,0.25
EUVP_underwater_dark,267295_n09256479_10843.JPEG,0.25,0.25,0.25,0.25
EUVP_underwater_dark,267296_00012259.jpg,0.25,0.25,0.25,0.25
EUVP_underwater_dark,267297_00015430.jpg,0.25,0.25,0.25,0.25
EUVP_underwater_dark,267299_n02319095_507.JPEG,0.25,0.25,0.25,0.25
EUVP_underwater_dark,267300_n01980166_1051.JPEG,0.25,0.25,0.25,0.25
EUVP_underwater_dark,267302_n01985128_30529.JPEG,0.25,0.25,0.25,0.25
EUVP_underwater_dark,267304_n01950731_20029.JPEG,0.25,0.25,0.25,0.25
EUVP_underwater_dark,267305_n02643566_696.JPEG,0.25,0.25,0.25,0.25
EUVP_underwater_dark,267306_00018919.jpg,0.25,0.25,0.25,0.25
EUVP_underwater_dark,267307_00009714.jpg,0.25,0.25,0.25,0.25
EUVP_underwater_dark,267308_n02607072_744.JPEG,0.25,0.25,0.25,0.25
EUVP_underwater_dark,267309_n01983481_19880.JPEG,0.25,0.25,0.25,0.25
EUVP_underwater_dark,267311_00037375.jpg,0.25,0.25,0.25,0.25
EUVP_underwater_dark,267314_00009979.jpg,0.25,0.25,0.25,0.25
EUVP_underwater_dark,267315_00013312.jpg,0.25,0.25,0.25,0.25
EUVP_underwater_dark,267316_n01484850_11636.JPEG,0.25,0.25,0.25,0.25
EUVP_underwater_dark,267317_n09256479_1395.JPEG,0.25,0.25,0.25,0.25
EUVP_underwater_dark,267318_n01751748_1525.JPEG,0.25,0.25,0.25,0.25
EUVP_underwater_dark,267320_00015338.jpg,0.25,0.25,0.25,0.25
EUVP_underwater_dark,267321_scuba_italy_801.jpg,0.25,0.25,0.25,0.25
EUVP_underwater_dark,267322_00028284.jpg,0.25,0.25,0.25,0.25
EUVP_underwater_dark,267325_00030173.jpg,0.25,0.25,0.25,0.25
EUVP_underwater_dark,267326_00021806.jpg,0.25,0.25,0.25,0.25
EUVP_underwater_dark,267327_n01924916_9990.JPEG,0.25,0.25,0.25,0.25
EUVP_underwater_dark,267328_00033251.jpg,0.25,0.25,0.25,0.25
EUVP_underwater_dark,267329_00024179.jpg,0.25,0.25,0.25,0.25
EUVP_underwater_dark,267331_00014204.jpg,0.25,0.25,0.25,0.25
EUVP_underwater_dark,267333_n01917289_1945.JPEG,0.25,0.25,0.25,0.25
EUVP_underwater_dark,267335_00023128.jpg,0.25,0.25,0.25,0.25
EUVP_underwater_dark,267336_00039706.jpg,0.25,0.25,0.25,0.25
EUVP_underwater_dark,267338_00028718.jpg,0.25,0.25,0.25,0.25
EUVP_underwater_dark,267340_00024376.jpg,0.25,0.25,0.25,0.25
EUVP_underwater_dark,267341_00033892.jpg,0.25,0.25,0.25,0.25
EUVP_underwater_dark,267342_00013740.jpg,0.25,0.25,0.25,0.25
EUVP_underwater_dark,267343_00013959.jpg,0.25,0.25,0.25,0.25
EUVP_underwater_dark,267346_00027267.jpg,0.25,0.25,0.25,0.25
EUVP_underwater_dark,267347_00028856.jpg,0.25,0.25,0.25,0.25
EUVP_underwater_dark,267349_00037952.jpg,0.25,0.25,0.25,0.25
EUVP_underwater_dark,267350_n01950731_14009.JPEG,0.25,0.25,0.25,0.25
EUVP_underwater_dark,267351_00026974.jpg,0.25,0.25,0.25,0.25
EUVP_underwater_dark,267353_00028428.jpg,0.25,0.25,0.25,0.25
EUVP_underwater_dark,267354_n02607072_3605.JPEG,0.25,0.25,0.25,0.25
EUVP_underwater_dark,267360_00002027.jpg,0.25,0.25,0.25,0.25
EUVP_underwater_dark,267361_00028676.jpg,0.25,0.25,0.25,0.25
EUVP_underwater_dark,267362_n01664065_7755.JPEG,0.25,0.25,0.25,0.25
EUVP_underwater_dark,267363_n02526121_11637.JPEG,0.25,0.25,0.25,0.25
EUVP_underwater_dark,267364_00009001.jpg,0.25,0.25,0.25,0.25
EUVP_underwater_dark,267366_n01924916_7000.JPEG,0.25,0.25,0.25,0.25
EUVP_underwater_dark,267367_n01950731_14552.JPEG,0.25,0.25,0.25,0.25
EUVP_underwater_dark,267368_n02655020_38938.JPEG,0.25,0.25,0.25,0.25
EUVP_underwater_dark,267369_00008515.jpg,0.25,0.25,0.25,0.25
EUVP_underwater_dark,267370_n01917289_3586.JPEG,0.25,0.25,0.25,0.25
EUVP_underwater_dark,267371_00026963.jpg,0.25,0.25,0.25,0.25
EUVP_underwater_dark,267372_n01924916_7979.JPEG,0.25,0.25,0.25,0.25
EUVP_underwater_dark,267374_n01924916_5806.JPEG,0.25,0.25,0.25,0.25
EUVP_underwater_dark,267376_00021943.jpg,0.25,0.25,0.25,0.25
EUVP_underwater_dark,267377_00016493.jpg,0.25,0.25,0.25,0.25
EUVP_underwater_dark,267378_00030458.jpg,0.25,0.25,0.25,0.25
EUVP_underwater_dark,267379_n01914609_19429.JPEG,0.25,0.25,0.25,0.25
EUVP_underwater_dark,267380_00001738.jpg,0.25,0.25,0.25,0.25
EUVP_underwater_dark,267382_n01924916_3444.JPEG,0.25,0.25,0.25,0.25
EUVP_underwater_dark,267383_00023609.jpg,0.25,0.25,0.25,0.25
EUVP_underwater_dark,267386_00030379.jpg,0.25,0.25,0.25,0.25
EUVP_underwater_dark,267387_n02317335_12999.JPEG,0.25,0.25,0.25,0.25
EUVP_underwater_dark,267388_00008829.jpg,0.25,0.25,0.25,0.25
EUVP_underwater_dark,267389_n01950731_13425.JPEG,0.25,0.25,0.25,0.25
EUVP_underwater_dark,267390_sea_turtle_video_108.jpg,0.25,0.25,0.25,0.25
EUVP_underwater_dark,267391_00024399.jpg,0.25,0.25,0.25,0.25
EUVP_underwater_dark,267392_00015891.jpg,0.25,0.25,0.25,0.25
EUVP_underwater_dark,267393_n01751748_5077.JPEG,0.25,0.25,0.25,0.25
EUVP_underwater_dark,267394_00036077.jpg,0.25,0.25,0.25,0.25
EUVP_underwater_dark,267396_n09256479_6473.JPEG,0.25,0.25,0.25,0.25
EUVP_underwater_dark,267397_00006615.jpg,0.25,0.25,0.25,0.25
EUVP_underwater_dark,267398_00016127.jpg,0.25,0.25,0.25,0.25
EUVP_underwater_dark,267399_n01924916_8882.JPEG,0.25,0.25,0.25,0.25
EUVP_underwater_dark,267400_n02321529_138.JPEG,0.25,0.25,0.25,0.25
EUVP_underwater_dark,267401_n01917289_1386.JPEG,0.25,0.25,0.25,0.25
EUVP_underwater_dark,267403_n02317335_24654.JPEG,0.25,0.25,0.25,0.25
EUVP_underwater_dark,267405_00030114.jpg,0.25,0.25,0.25,0.25
EUVP_underwater_dark,267408_n02317335_22184.JPEG,0.25,0.25,0.25,0.25
EUVP_underwater_dark,267409_scuba_madagascar_384.jpg,0.25,0.25,0.25,0.25
EUVP_underwater_dark,267411_00013445.jpg,0.25,0.25,0.25,0.25
EUVP_underwater_dark,267413_00004339.jpg,0.25,0.25,0.25,0.25
EUVP_underwater_dark,267417_n01924916_4119.JPEG,0.25,0.25,0.25,0.25
EUVP_underwater_dark,267419_00023189.jpg,0.25,0.25,0.25,0.25
EUVP_underwater_dark,267420_n01910747_15248.JPEG,0.25,0.25,0.25,0.25
EUVP_underwater_dark,267422_00020611.jpg,0.25,0.25,0.25,0.25
EUVP_underwater_dark,267424_00000193.jpg,0.25,0.25,0.25,0.25
EUVP_underwater_dark,267425_00028912.jpg,0.25,0.25,0.25,0.25
EUVP_underwater_dark,267426_00013693.jpg,0.25,0.25,0.25,0.25
EUVP_underwater_dark,267434_00019488.jpg,0.25,0.25,0.25,0.25
EUVP_underwater_dark,267435_00024657.jpg,0.25,0.25,0.25,0.25
EUVP_underwater_dark,267436_00008509.jpg,0.25,0.25,0.25,0.25
EUVP_underwater_dark,267437_sun_ainjbonxmervsvpv.jpg,0.25,0.25,0.25,0.25
EUVP_underwater_dark,267438_00007013.jpg,0.25,0.25,0.25,0.25
EUVP_underwater_dark,267439_n01980166_828.JPEG,0.25,0.25,0.25,0.25
EUVP_underwater_dark,267441_00038604.jpg,0.25,0.25,0.25,0.25
EUVP_underwater_dark,267442_n02526121_2868.JPEG,0.25,0.25,0.25,0.25
EUVP_underwater_dark,267443_n01980166_8121.JPEG,0.25,0.25,0.25,0.25
EUVP_underwater_dark,267445_n02606052_22897.JPEG,0.25,0.25,0.25,0.25
EUVP_underwater_dark,267446_n01924916_9544.JPEG,0.25,0.25,0.25,0.25
EUVP_underwater_dark,267447_00001486.jpg,0.25,0.25,0.25,0.25
EUVP_underwater_dark,267449_n01978455_2791.JPEG,0.25,0.25,0.25,0.25
EUVP_underwater_dark,267451_n01950731_12866.JPEG,0.25,0.25,0.25,0.25
EUVP_underwater_dark,267452_scuba_phi_phi_166.jpg,0.25,0.25,0.25,0.25
EUVP_underwater_dark,267454_n01751748_8287.JPEG,0.25,0.25,0.25,0.25
EUVP_underwater_dark,267455_n01980166_6876.JPEG,0.25,0.25,0.25,0.25
EUVP_underwater_dark,267456_00019045.jpg,0.25,0.25,0.25,0.25
EUVP_underwater_dark,267458_n01924916_10630.JPEG,0.25,0.25,0.25,0.25
EUVP_underwater_dark,267459_n01496331_7653.JPEG,0.25,0.25,0.25,0.25
EUVP_underwater_dark,267460_00016327.jpg,0.25,0.25,0.25,0.25
EUVP_underwater_dark,267463_00006225.jpg,0.25,0.25,0.25,0.25
EUVP_underwater_dark,267465_00000755.jpg,0.25,0.25,0.25,0.25
EUVP_underwater_dark,267466_n01924916_7463.JPEG,0.25,0.25,0.25,0.25
EUVP_underwater_dark,267467_n02319095_977.JPEG,0.25,0.25,0.25,0.25
EUVP_underwater_dark,267468_00035744.jpg,0.25,0.25,0.25,0.25
EUVP_underwater_dark,267469_n01917289_4852.JPEG,0.25,0.25,0.25,0.25
EUVP_underwater_dark,267472_n02317335_64.JPEG,0.25,0.25,0.25,0.25
EUVP_underwater_dark,267473_n01751748_339.JPEG,0.25,0.25,0.25,0.25
EUVP_underwater_dark,267474_n02526121_5659.JPEG,0.25,0.25,0.25,0.25
EUVP_underwater_dark,267475_n02319095_10056.JPEG,0.25,0.25,0.25,0.25
EUVP_underwater_dark,267476_00029391.jpg,0.25,0.25,0.25,0.25
EUVP_underwater_dark,267477_n02319095_1587.JPEG,0.25,0.25,0.25,0.25
EUVP_underwater_dark,267478_00035265.jpg,0.25,0.25,0.25,0.25
EUVP_underwater_dark,267480_00003395.jpg,0.25,0.25,0.25,0.25
EUVP_underwater_dark,267482_n01751748_8987.JPEG,0.25,0.25,0.25,0.25
EUVP_underwater_dark,267483_n01924916_6988.JPEG,0.25,0.25,0.25,0.25
EUVP_underwater_dark,267484_n01917289_3757.JPEG,0.25,0.25,0.25,0.25
EUVP_underwater_dark,267485_scuba_aquarium_601.jpg,0.25,0.25,0.25,0.25
EUVP_underwater_dark,267487_00032597.jpg,0.25,0.25,0.25,0.25
EUVP_underwater_dark,267488_00039622.jpg,0.25,0.25,0.25,0.25
EUVP_underwater_dark,267489_n01950731_421.JPEG,0.25,0.25,0.25,0.25
EUVP_underwater_dark,267490_00011059.jpg,0.25,0.25,0.25,0.25
EUVP_underwater_dark,267492_n01980166_281.JPEG,0.25,0.25,0.25,0.25
EUVP_underwater_dark,267494_00006016.jpg,0.25,0.25,0.25,0.25
EUVP_underwater_dark,267496_00014087.jpg,0.25,0.25,0.25,0.25
EUVP_underwater_dark,267497_00026998.jpg,0.25,0.25,0.25,0.25
EUVP_underwater_dark,267498_n02655020_23579.JPEG,0.25,0.25,0.25,0.25
EUVP_underwater_dark,267499_00039738.jpg,0.25,0.25,0.25,0.25
EUVP_underwater_dark,267500_00034271.jpg,0.25,0.25,0.25,0.25
EUVP_underwater_dark,267502_n01943899_3864.JPEG,0.25,0.25,0.25,0.25
EUVP_underwater_dark,267503_00038843.jpg,0.25,0.25,0.25,0.25
EUVP_underwater_dark,267504_00004667.jpg,0.25,0.25,0.25,0.25
EUVP_underwater_dark,267505_00039410.jpg,0.25,0.25,0.25,0.25
EUVP_underwater_dark,267507_00032023.jpg,0.25,0.25,0.25,0.25
EUVP_underwater_dark,267508_n01980166_2746.JPEG,0.25,0.25,0.25,0.25
EUVP_underwater_dark,267509_n02317335_3307.JPEG,0.25,0.25,0.25,0.25
EUVP_underwater_dark,267512_00006267.jpg,0.25,0.25,0.25,0.25
EUVP_underwater_dark,267513_00005474.jpg,0.25,0.25,0.25,0.25
EUVP_underwater_dark,267514_sea_turtle_video_707.jpg,0.25,0.25,0.25,0.25
EUVP_underwater_dark,267515_n01950731_8905.JPEG,0.25,0.25,0.25,0.25
EUVP_underwater_dark,267516_n02655020_10870.JPEG,0.25,0.25,0.25,0.25
EUVP_underwater_dark,267518_00003249.jpg,0.25,0.25,0.25,0.25
EUVP_underwater_dark,267521_n01924916_7932.JPEG,0.25,0.25,0.25,0.25
EUVP_underwater_dark,267523_00009197.jpg,0.25,0.25,0.25,0.25
EUVP_underwater_dark,267527_00033557.jpg,0.25,0.25,0.25,0.25
EUVP_underwater_dark,267528_n01950731_11079.JPEG,0.25,0.25,0.25,0.25
EUVP_underwater_dark,267529_n01491361_9409.JPEG,0.25,0.25,0.25,0.25
EUVP_underwater_dark,267530_n09256479_7177.JPEG,0.25,0.25,0.25,0.25
EUVP_underwater_dark,267531_n02526121_1568.JPEG,0.25,0.25,0.25,0.25
EUVP_underwater_dark,267532_00039772.jpg,0.25,0.25,0.25,0.25
EUVP_underwater_dark,267535_00006984.jpg,0.25,0.25,0.25,0.25
EUVP_underwater_dark,267537_scuba_north_carolina_64.jpg,0.25,0.25,0.25,0.25
EUVP_underwater_dark,267539_00038410.jpg,0.25,0.25,0.25,0.25
EUVP_underwater_dark,267540_00005832.jpg,0.25,0.25,0.25,0.25
EUVP_underwater_dark,267541_00002487.jpg,0.25,0.25,0.25,0.25
EUVP_underwater_dark,267542_n02319095_426.JPEG,0.25,0.25,0.25,0.25
EUVP_underwater_dark,267543_00036593.jpg,0.25,0.25,0.25,0.25
EUVP_underwater_dark,267544_n01980166_7373.JPEG,0.25,0.25,0.25,0.25
EUVP_underwater_dark,267545_00003924.jpg,0.25,0.25,0.25,0.25
EUVP_underwater_dark,267547_n02607072_1933.JPEG,0.25,0.25,0.25,0.25
EUVP_underwater_dark,267549_scuba_indonesia_292.jpg,0.25,0.25,0.25,0.25
EUVP_underwater_dark,267550_00006743.jpg,0.25,0.25,0.25,0.25
EUVP_underwater_dark,267551_00023211.jpg,0.25,0.25,0.25,0.25
EUVP_underwater_dark,267552_n01910747_19339.JPEG,0.25,0.25,0.25,0.25
EUVP_underwater_dark,267554_n01984695_53436.JPEG,0.25,0.25,0.25,0.25
EUVP_underwater_dark,267555_00012184.jpg,0.25,0.25,0.25,0.25
EUVP_underwater_dark,267556_n02321529_8766.JPEG,0.25,0.25,0.25,0.25
EUVP_underwater_dark,267557_00038745.jpg,0.25,0.25,0.25,0.25
EUVP_underwater_dark,267559_sea_turtle_night_636.jpg,0.25,0.25,0.25,0.25
EUVP_underwater_dark,267560_00028516.jpg,0.25,0.25,0.25,0.25
EUVP_underwater_dark,267561_00005729.jpg,0.25,0.25,0.25,0.25
EUVP_underwater_dark,267562_n01924916_6166.JPEG,0.25,0.25,0.25,0.25
EUVP_underwater_dark,267563_n02526121_8013.JPEG,0.25,0.25,0.25,0.25
EUVP_underwater_dark,267564_00012699.jpg,0.25,0.25,0.25,0.25
EUVP_underwater_dark,267565_00031732.jpg,0.25,0.25,0.25,0.25
EUVP_underwater_dark,267566_00037156.jpg,0.25,0.25,0.25,0.25
EUVP_underwater_dark,267567_00004895.jpg,0.25,0.25,0.25,0.25
EUVP_underwater_dark,267569_00010175.jpg,0.25,0.25,0.25,0.25
EUVP_underwater_dark,267570_00039370.jpg,0.25,0.25,0.25,0.25
EUVP_underwater_dark,267571_00023460.jpg,0.25,0.25,0.25,0.25
EUVP_underwater_dark,267572_n02526121_6321.JPEG,0.25,0.25,0.25,0.25
EUVP_underwater_dark,267573_00037320.jpg,0.25,0.25,0.25,0.25
EUVP_underwater_dark,267574_00035649.jpg,0.25,0.25,0.25,0.25
EUVP_underwater_dark,267576_00033265.jpg,0.25,0.25,0.25,0.25
EUVP_underwater_dark,267577_00024713.jpg,0.25,0.25,0.25,0.25
EUVP_underwater_dark,267579_00027384.jpg,0.25,0.25,0.25,0.25
EUVP_underwater_dark,267580_n02319095_4421.JPEG,0.25,0.25,0.25,0.25
EUVP_underwater_dark,267581_n02317335_20279.JPEG,0.25,0.25,0.25,0.25
EUVP_underwater_dark,267582_n01924916_6815.JPEG,0.25,0.25,0.25,0.25
EUVP_underwater_dark,267584_n01978455_12680.JPEG,0.25,0.25,0.25,0.25
EUVP_underwater_dark,267585_n01910747_11820.JPEG,0.25,0.25,0.25,0.25
EUVP_underwater_dark,267586_00027374.jpg,0.25,0.25,0.25,0.25
EUVP_underwater_dark,267587_n02319095_232.JPEG,0.25,0.25,0.25,0.25
EUVP_underwater_dark,267588_00024766.jpg,0.25,0.25,0.25,0.25
EUVP_underwater_dark,267590_n02655020_8627.JPEG,0.25,0.25,0.25,0.25
EUVP_underwater_dark,267591_00006573.jpg,0.25,0.25,0.25,0.25
EUVP_underwater_dark,267592_n01924916_7285.JPEG,0.25,0.25,0.25,0.25
EUVP_underwater_dark,267593_n01924916_12449.JPEG,0.25,0.25,0.25,0.25
EUVP_underwater_dark,267594_00012899.jpg,0.25,0.25,0.25,0.25
EUVP_underwater_dark,267595_00032777.jpg,0.25,0.25,0.25,0.25
EUVP_underwater_dark,267596_00038544.jpg,0.25,0.25,0.25,0.25
EUVP_underwater_dark,267597_00001567.jpg,0.25,0.25,0.25,0.25
EUVP_underwater_dark,267600_00026805.jpg,0.25,0.25,0.25,0.25
EUVP_underwater_dark,267601_scuba_sri_lanka_781.jpg,0.25,0.25,0.25,0.25
EUVP_underwater_dark,267602_n02317335_13397.JPEG,0.25,0.25,0.25,0.25
EUVP_underwater_dark,267603_n01984695_26927.JPEG,0.25,0.25,0.25,0.25
EUVP_underwater_dark,267604_n02607072_574.JPEG,0.25,0.25,0.25,0.25
EUVP_underwater_dark,267605_00024676.jpg,0.25,0.25,0.25,0.25
EUVP_underwater_dark,267606_n01751748_4761.JPEG,0.25,0.25,0.25,0.25
EUVP_underwater_dark,267610_00002504.jpg,0.25,0.25,0.25,0.25
EUVP_underwater_dark,267611_n02319095_1953.JPEG,0.25,0.25,0.25,0.25
EUVP_underwater_dark,267612_00004023.jpg,0.25,0.25,0.25,0.25
EUVP_underwater_dark,267613_00002139.jpg,0.25,0.25,0.25,0.25
EUVP_underwater_dark,267614_00039164.jpg,0.25,0.25,0.25,0.25
EUVP_underwater_dark,267615_00034134.jpg,0.25,0.25,0.25,0.25
EUVP_underwater_dark,267616_n01924916_6263.JPEG,0.25,0.25,0.25,0.25
EUVP_underwater_dark,267617_00030209.jpg,0.25,0.25,0.25,0.25
EUVP_underwater_dark,267618_00019445.jpg,0.25,0.25,0.25,0.25
EUVP_underwater_dark,267620_n02607072_10385.JPEG,0.25,0.25,0.25,0.25
EUVP_underwater_dark,267621_n01983481_1468.JPEG,0.25,0.25,0.25,0.25
EUVP_underwater_dark,267622_00010661.jpg,0.25,0.25,0.25,0.25
EUVP_underwater_dark,267623_00034994.jpg,0.25,0.25,0.25,0.25
EUVP_underwater_dark,267624_n02319095_1466.JPEG,0.25,0.25,0.25,0.25
EUVP_underwater_dark,267626_00011846.jpg,0.25,0.25,0.25,0.25
EUVP_underwater_dark,267628_scuba_palawan_340.jpg,0.25,0.25,0.25,0.25
EUVP_underwater_dark,267629_n02317335_37219.JPEG,0.25,0.25,0.25,0.25
EUVP_underwater_dark,267631_n01950731_6978.JPEG,0.25,0.25,0.25,0.25
EUVP_underwater_dark,267632_00004016.jpg,0.25,0.25,0.25,0.25
EUVP_underwater_dark,267633_00011140.jpg,0.25,0.25,0.25,0.25
EUVP_underwater_dark,267634_n01917289_4655.JPEG,0.25,0.25,0.25,0.25
EUVP_underwater_dark,267635_00028924.jpg,0.25,0.25,0.25,0.25
EUVP_underwater_dark,267636_n02655020_10916.JPEG,0.25,0.25,0.25,0.25
EUVP_underwater_dark,267638_n01914609_10623.JPEG,0.25,0.25,0.25,0.25
EUVP_underwater_dark,267639_n09256479_10474.JPEG,0.25,0.25,0.25,0.25
EUVP_underwater_dark,267641_n02319095_9939.JPEG,0.25,0.25,0.25,0.25
EUVP_underwater_dark,267642_00034959.jpg,0.25,0.25,0.25,0.25
EUVP_underwater_dark,267643_n01978455_8058.JPEG,0.25,0.25,0.25,0.25
EUVP_underwater_dark,267644_00017612.jpg,0.25,0.25,0.25,0.25
EUVP_underwater_dark,267647_n02607072_129.JPEG,0.25,0.25,0.25,0.25
EUVP_underwater_dark,267648_n02321529_5760.JPEG,0.25,0.25,0.25,0.25
EUVP_underwater_dark,267651_00033057.jpg,0.25,0.25,0.25,0.25
EUVP_underwater_dark,267652_00029022.jpg,0.25,0.25,0.25,0.25
EUVP_underwater_dark,267653_00024920.jpg,0.25,0.25,0.25,0.25
EUVP_underwater_dark,267654_00022967.jpg,0.25,0.25,0.25,0.25
EUVP_underwater_dark,267655_n01978455_1381.JPEG,0.25,0.25,0.25,0.25
EUVP_underwater_dark,267656_00012437.jpg,0.25,0.25,0.25,0.25
EUVP_underwater_dark,267657_00034474.jpg,0.25,0.25,0.25,0.25
EUVP_underwater_dark,267658_00026597.jpg,0.25,0.25,0.25,0.25
EUVP_underwater_dark,267659_00039712.jpg,0.25,0.25,0.25,0.25
EUVP_underwater_dark,267663_n02317335_5055.JPEG,0.25,0.25,0.25,0.25
EUVP_underwater_dark,267664_n01950731_23000.JPEG,0.25,0.25,0.25,0.25
EUVP_underwater_dark,267665_00028857.jpg,0.25,0.25,0.25,0.25
EUVP_underwater_dark,267668_n02606052_17623.JPEG,0.25,0.25,0.25,0.25
EUVP_underwater_dark,267671_00032168.jpg,0.25,0.25,0.25,0.25
EUVP_underwater_dark,267672_n02317335_22505.JPEG,0.25,0.25,0.25,0.25
EUVP_underwater_dark,267673_n02643566_3282.JPEG,0.25,0.25,0.25,0.25
EUVP_underwater_dark,267674_00018559.jpg,0.25,0.25,0.25,0.25
EUVP_underwater_dark,267675_00031828.jpg,0.25,0.25,0.25,0.25
EUVP_underwater_dark,267676_scuba_barbados_150.jpg,0.25,0.25,0.25,0.25
EUVP_underwater_dark,267677_00014688.jpg,0.25,0.25,0.25,0.25
EUVP_underwater_dark,267679_00037706.jpg,0.25,0.25,0.25,0.25
EUVP_underwater_dark,267681_00018341.jpg,0.25,0.25,0.25,0.25
EUVP_underwater_dark,267682_00022862.jpg,0.25,0.25,0.25,0.25
EUVP_underwater_dark,267684_00000988.jpg,0.25,0.25,0.25,0.25
EUVP_underwater_dark,267685_n01914609_19258.JPEG,0.25,0.25,0.25,0.25
EUVP_underwater_dark,267686_00010136.jpg,0.25,0.25,0.25,0.25
EUVP_underwater_dark,267687_n02643566_172.JPEG,0.25,0.25,0.25,0.25
EUVP_underwater_dark,267688_n01924916_7984.JPEG,0.25,0.25,0.25,0.25
EUVP_underwater_dark,267689_n02607072_6275.JPEG,0.25,0.25,0.25,0.25
EUVP_underwater_dark,267691_00020715.jpg,0.25,0.25,0.25,0.25
EUVP_underwater_dark,267693_00011676.jpg,0.25,0.25,0.25,0.25
EUVP_underwater_dark,267695_00015538.jpg,0.25,0.25,0.25,0.25
EUVP_underwater_dark,267696_n02643566_2905.JPEG,0.25,0.25,0.25,0.25
EUVP_underwater_dark,267698_00037146.jpg,0.25,0.25,0.25,0.25
EUVP_underwater_dark,267701_00023572.jpg,0.25,0.25,0.25,0.25
EUVP_underwater_dark,267702_00008240.jpg,0.25,0.25,0.25,0.25
EUVP_underwater_dark,267704_00010958.jpg,0.25,0.25,0.25,0.25
EUVP_underwater_dark,267705_00003390.jpg,0.25,0.25,0.25,0.25
EUVP_underwater_dark,267706_00014975.jpg,0.25,0.25,0.25,0.25
EUVP_underwater_dark,267707_n02526121_5842.JPEG,0.25,0.25,0.25,0.25
EUVP_underwater_dark,267708_n01924916_11250.JPEG,0.25,0.25,0.25,0.25
EUVP_underwater_dark,267712_00029397.jpg,0.25,0.25,0.25,0.25
EUVP_underwater_dark,267713_00016529.jpg,0.25,0.25,0.25,0.25
EUVP_underwater_dark,267714_n02607072_470.JPEG,0.25,0.25,0.25,0.25
EUVP_underwater_dark,267716_00017073.jpg,0.25,0.25,0.25,0.25
EUVP_underwater_dark,267718_n01980166_7935.JPEG,0.25,0.25,0.25,0.25
EUVP_underwater_dark,267719_00015365.jpg,0.25,0.25,0.25,0.25
EUVP_underwater_dark,267721_00019398.jpg,0.25,0.25,0.25,0.25
EUVP_underwater_dark,267722_scuba_isla_mujeres_523.jpg,0.25,0.25,0.25,0.25
EUVP_underwater_dark,267724_00026190.jpg,0.25,0.25,0.25,0.25
EUVP_underwater_dark,267725_n02607072_13930.JPEG,0.25,0.25,0.25,0.25
EUVP_underwater_dark,267726_00035727.jpg,0.25,0.25,0.25,0.25
EUVP_underwater_dark,267727_n01914609_4395.JPEG,0.25,0.25,0.25,0.25
EUVP_underwater_dark,267729_00038899.jpg,0.25,0.25,0.25,0.25
EUVP_underwater_dark,267730_00027119.jpg,0.25,0.25,0.25,0.25
EUVP_underwater_dark,267732_n01943899_29035.JPEG,0.25,0.25,0.25,0.25
EUVP_underwater_dark,267736_00008011.jpg,0.25,0.25,0.25,0.25
EUVP_underwater_dark,267738_scuba_caribbean_613.jpg,0.25,0.25,0.25,0.25
EUVP_underwater_dark,267739_00000533.jpg,0.25,0.25,0.25,0.25
EUVP_underwater_dark,267740_00012916.jpg,0.25,0.25,0.25,0.25
EUVP_underwater_dark,267741_n02319095_6891.JPEG,0.25,0.25,0.25,0.25
EUVP_underwater_dark,267743_00038170.jpg,0.25,0.25,0.25,0.25
EUVP_underwater_dark,267744_00029484.jpg,0.25,0.25,0.25,0.25
EUVP_underwater_dark,267745_00024197.jpg,0.25,0.25,0.25,0.25
EUVP_underwater_dark,267746_00002518.jpg,0.25,0.25,0.25,0.25
EUVP_underwater_dark,267747_00015829.jpg,0.25,0.25,0.25,0.25
EUVP_underwater_dark,267750_n01751748_2421.JPEG,0.25,0.25,0.25,0.25
EUVP_underwater_dark,267751_00030215.jpg,0.25,0.25,0.25,0.25
EUVP_underwater_dark,267753_00008702.jpg,0.25,0.25,0.25,0.25
EUVP_underwater_dark,267754_n01950731_9534.JPEG,0.25,0.25,0.25,0.25
EUVP_underwater_dark,267755_00017916.jpg,0.25,0.25,0.25,0.25
EUVP_underwater_dark,267757_n01950731_14477.JPEG,0.25,0.25,0.25,0.25
EUVP_underwater_dark,267758_n01924916_13198.JPEG,0.25,0.25,0.25,0.25
EUVP_underwater_dark,267759_00020297.jpg,0.25,0.25,0.25,0.25
EUVP_underwater_dark,267760_n01751748_17469.JPEG,0.25,0.25,0.25,0.25
EUVP_underwater_dark,267761_n02319095_7004.JPEG,0.25,0.25,0.25,0.25
EUVP_underwater_dark,267763_n01924916_6664.JPEG,0.25,0.25,0.25,0.25
EUVP_underwater_dark,267764_n01980166_6881.JPEG,0.25,0.25,0.25,0.25
EUVP_underwater_dark,267765_n01978455_5296.JPEG,0.25,0.25,0.25,0.25
EUVP_underwater_dark,267766_n01751748_13852.JPEG,0.25,0.25,0.25,0.25
EUVP_underwater_dark,267768_00035437.jpg,0.25,0.25,0.25,0.25
EUVP_underwater_dark,267770_00024648.jpg,0.25,0.25,0.25,0.25
EUVP_underwater_dark,267771_sea_turtle_coral_reef_654.jpg,0.25,0.25,0.25,0.25
EUVP_underwater_dark,267773_n01491361_2318.JPEG,0.25,0.25,0.25,0.25
EUVP_underwater_dark,267774_n02606052_6911.JPEG,0.25,0.25,0.25,0.25
EUVP_underwater_dark,267775_n02317335_12440.JPEG,0.25,0.25,0.25,0.25
EUVP_underwater_dark,267776_n02526121_10341.JPEG,0.25,0.25,0.25,0.25
EUVP_underwater_dark,267777_00016049.jpg,0.25,0.25,0.25,0.25
EUVP_underwater_dark,267778_scuba_sri_lanka_745.jpg,0.25,0.25,0.25,0.25
EUVP_underwater_dark,267779_00011190.jpg,0.25,0.25,0.25,0.25
EUVP_underwater_dark,267783_n02317335_2359.JPEG,0.25,0.25,0.25,0.25
EUVP_underwater_dark,267784_00033171.jpg,0.25,0.25,0.25,0.25
EUVP_underwater_dark,267785_00037462.jpg,0.25,0.25,0.25,0.25
EUVP_underwater_dark,267786_00018706.jpg,0.25,0.25,0.25,0.25
EUVP_underwater_dark,267788_n02655020_7750.JPEG,0.25,0.25,0.25,0.25
EUVP_underwater_dark,267789_n01924916_7627.JPEG,0.25,0.25,0.25,0.25
EUVP_underwater_dark,267791_00018637.jpg,0.25,0.25,0.25,0.25
EUVP_underwater_dark,267792_00003589.jpg,0.25,0.25,0.25,0.25
EUVP_underwater_dark,267794_n01917289_2529.JPEG,0.25,0.25,0.25,0.25
EUVP_underwater_dark,267795_n01914609_6261.JPEG,0.25,0.25,0.25,0.25
EUVP_underwater_dark,267796_00026027.jpg,0.25,0.25,0.25,0.25
EUVP_underwater_dark,267797_00020685.jpg,0.25,0.25,0.25,0.25
EUVP_underwater_dark,267798_n02319095_2826.JPEG,0.25,0.25,0.25,0.25
EUVP_underwater_dark,267799_00013673.jpg,0.25,0.25,0.25,0.25
EUVP_underwater_dark,267800_00033135.jpg,0.25,0.25,0.25,0.25
EUVP_underwater_dark,267805_n01751748_8700.JPEG,0.25,0.25,0.25,0.25
EUVP_underwater_dark,267807_00010977.jpg,0.25,0.25,0.25,0.25
EUVP_underwater_dark,267808_n01950731_21003.JPEG,0.25,0.25,0.25,0.25
EUVP_underwater_dark,267809_n01751748_2613.JPEG,0.25,0.25,0.25,0.25
EUVP_underwater_dark,267810_n02319095_7140.JPEG,0.25,0.25,0.25,0.25
EUVP_underwater_dark,267811_n01981276_8981.JPEG,0.25,0.25,0.25,0.25
EUVP_underwater_dark,267812_00014529.jpg,0.25,0.25,0.25,0.25
EUVP_underwater_dark,267813_00033750.jpg,0.25,0.25,0.25,0.25
EUVP_underwater_dark,267817_n01924916_14249.JPEG,0.25,0.25,0.25,0.25
EUVP_underwater_dark,267818_n01917289_4821.JPEG,0.25,0.25,0.25,0.25
EUVP_underwater_dark,267819_scuba_costa_rica_241.jpg,0.25,0.25,0.25,0.25
EUVP_underwater_dark,267820_n01984695_12412.JPEG,0.25,0.25,0.25,0.25
EUVP_underwater_dark,267822_00022886.jpg,0.25,0.25,0.25,0.25
EUVP_underwater_dark,267823_n02319095_3625.JPEG,0.25,0.25,0.25,0.25
EUVP_underwater_dark,267825_00007017.jpg,0.25,0.25,0.25,0.25
EUVP_underwater_dark,267826_00037329.jpg,0.25,0.25,0.25,0.25
EUVP_underwater_dark,267827_n01498041_12471.JPEG,0.25,0.25,0.25,0.25
EUVP_underwater_dark,267828_00038823.jpg,0.25,0.25,0.25,0.25
EUVP_underwater_dark,267829_n02606052_3808.JPEG,0.25,0.25,0.25,0.25
EUVP_underwater_dark,267830_n01950731_5061.JPEG,0.25,0.25,0.25,0.25
EUVP_underwater_dark,267831_n01985128_32794.JPEG,0.25,0.25,0.25,0.25
EUVP_underwater_dark,267833_n02606052_14903.JPEG,0.25,0.25,0.25,0.25
EUVP_underwater_dark,267835_00002729.jpg,0.25,0.25,0.25,0.25
EUVP_underwater_dark,267836_00001695.jpg,0.25,0.25,0.25,0.25
EUVP_underwater_dark,267837_n02317335_5675.JPEG,0.25,0.25,0.25,0.25
EUVP_underwater_dark,267839_00036217.jpg,0.25,0.25,0.25,0.25
EUVP_underwater_dark,267840_00021190.jpg,0.25,0.25,0.25,0.25
EUVP_underwater_dark,267843_00020883.jpg,0.25,0.25,0.25,0.25
EUVP_underwater_dark,267847_00025992.jpg,0.25,0.25,0.25,0.25
EUVP_underwater_dark,267848_00027888.jpg,0.25,0.25,0.25,0.25
EUVP_underwater_dark,267849_n01950731_12706.JPEG,0.25,0.25,0.25,0.25
EUVP_underwater_dark,267850_00014380.jpg,0.25,0.25,0.25,0.25
EUVP_underwater_dark,267852_00036420.jpg,0.25,0.25,0.25,0.25
EUVP_underwater_dark,267856_n01950731_9015.JPEG,0.25,0.25,0.25,0.25
EUVP_underwater_dark,267857_n01980166_8690.JPEG,0.25,0.25,0.25,0.25
EUVP_underwater_dark,267861_n02606052_12361.JPEG,0.25,0.25,0.25,0.25
EUVP_underwater_dark,267862_00015154.jpg,0.25,0.25,0.25,0.25
EUVP_underwater_dark,267863_n01978455_3719.JPEG,0.25,0.25,0.25,0.25
EUVP_underwater_dark,267865_00001021.jpg,0.25,0.25,0.25,0.25
EUVP_underwater_dark,267866_00029738.jpg,0.25,0.25,0.25,0.25
EUVP_underwater_dark,267867_00033425.jpg,0.25,0.25,0.25,0.25
EUVP_underwater_dark,267868_00003243.jpg,0.25,0.25,0.25,0.25
EUVP_underwater_dark,267869_n02655020_15874.JPEG,0.25,0.25,0.25,0.25
EUVP_underwater_dark,267870_n01484850_7415.JPEG,0.25,0.25,0.25,0.25
EUVP_underwater_dark,267872_n01910747_15232.JPEG,0.25,0.25,0.25,0.25
EUVP_underwater_dark,267873_00032088.jpg,0.25,0.25,0.25,0.25
EUVP_underwater_dark,267876_00021197.jpg,0.25,0.25,0.25,0.25
EUVP_underwater_dark,267878_n01924916_88.JPEG,0.25,0.25,0.25,0.25
EUVP_underwater_dark,267879_00004517.jpg,0.25,0.25,0.25,0.25
EUVP_underwater_dark,267881_00011131.jpg,0.25,0.25,0.25,0.25
EUVP_underwater_dark,267882_n01924916_12499.JPEG,0.25,0.25,0.25,0.25
EUVP_underwater_dark,267883_00015715.jpg,0.25,0.25,0.25,0.25
EUVP_underwater_dark,267884_00000284.jpg,0.25,0.25,0.25,0.25
EUVP_underwater_dark,267886_n01924916_7207.JPEG,0.25,0.25,0.25,0.25
EUVP_underwater_dark,267888_00000367.jpg,0.25,0.25,0.25,0.25
EUVP_underwater_dark,267892_00015449.jpg,0.25,0.25,0.25,0.25
EUVP_underwater_dark,267894_n02607072_2919.JPEG,0.25,0.25,0.25,0.25
EUVP_underwater_dark,267896_00003469.jpg,0.25,0.25,0.25,0.25
EUVP_underwater_dark,267897_n01924916_2867.JPEG,0.25,0.25,0.25,0.25
EUVP_underwater_dark,267900_n01950731_494.JPEG,0.25,0.25,0.25,0.25
EUVP_underwater_dark,267901_n01917289_2134.JPEG,0.25,0.25,0.25,0.25
EUVP_underwater_dark,267902_00009311.jpg,0.25,0.25,0.25,0.25
EUVP_underwater_dark,267906_n01917289_4354.JPEG,0.25,0.25,0.25,0.25
EUVP_underwater_dark,267909_00029612.jpg,0.25,0.25,0.25,0.25
EUVP_underwater_dark,267910_00038393.jpg,0.25,0.25,0.25,0.25
EUVP_underwater_dark,267911_n02643566_3839.JPEG,0.25,0.25,0.25,0.25
EUVP_underwater_dark,267912_scuba_lanzarote_420.jpg,0.25,0.25,0.25,0.25
EUVP_underwater_dark,267913_00017579.jpg,0.25,0.25,0.25,0.25
EUVP_underwater_dark,267914_00018499.jpg,0.25,0.25,0.25,0.25
EUVP_underwater_dark,267916_00011667.jpg,0.25,0.25,0.25,0.25
EUVP_underwater_dark,267917_n02319095_1724.JPEG,0.25,0.25,0.25,0.25
EUVP_underwater_dark,267918_n01984695_19675.JPEG,0.25,0.25,0.25,0.25
EUVP_underwater_dark,267921_n02606052_8781.JPEG,0.25,0.25,0.25,0.25
EUVP_underwater_dark,267922_00014449.jpg,0.25,0.25,0.25,0.25
EUVP_underwater_dark,267923_00028348.jpg,0.25,0.25,0.25,0.25
EUVP_underwater_dark,267929_00018773.jpg,0.25,0.25,0.25,0.25
EUVP_underwater_dark,267930_00012876.jpg,0.25,0.25,0.25,0.25
EUVP_underwater_dark,267931_n02319095_7182.JPEG,0.25,0.25,0.25,0.25
EUVP_underwater_dark,267932_00033113.jpg,0.25,0.25,0.25,0.25
EUVP_underwater_dark,267941_00018062.jpg,0.25,0.25,0.25,0.25
EUVP_underwater_dark,267942_n01978455_2493.JPEG,0.25,0.25,0.25,0.25
EUVP_underwater_dark,267944_00005088.jpg,0.25,0.25,0.25,0.25
EUVP_underwater_dark,267945_n01924916_6453.JPEG,0.25,0.25,0.25,0.25
EUVP_underwater_dark,267946_n02643566_884.JPEG,0.25,0.25,0.25,0.25
EUVP_underwater_dark,267948_n02526121_8640.JPEG,0.25,0.25,0.25,0.25
EUVP_underwater_dark,267950_n01910747_3018.JPEG,0.25,0.25,0.25,0.25
EUVP_underwater_dark,267951_00028169.jpg,0.25,0.25,0.25,0.25
EUVP_underwater_dark,267952_n01664065_101.JPEG,0.25,0.25,0.25,0.25
EUVP_underwater_dark,267955_00006529.jpg,0.25,0.25,0.25,0.25
EUVP_underwater_dark,267956_n01664065_11629.JPEG,0.25,0.25,0.25,0.25
EUVP_underwater_dark,267957_00022614.jpg,0.25,0.25,0.25,0.25
EUVP_underwater_dark,267960_n09256479_5026.JPEG,0.25,0.25,0.25,0.25
EUVP_underwater_dark,267962_00014850.jpg,0.25,0.25,0.25,0.25
EUVP_underwater_dark,267963_00017777.jpg,0.25,0.25,0.25,0.25
EUVP_underwater_dark,267964_00029586.jpg,0.25,0.25,0.25,0.25
EUVP_underwater_dark,267965_00005161.jpg,0.25,0.25,0.25,0.25
EUVP_underwater_dark,267967_00030413.jpg,0.25,0.25,0.25,0.25
EUVP_underwater_dark,267968_n01978455_2489.JPEG,0.25,0.25,0.25,0.25
EUVP_underwater_dark,267971_00008521.jpg,0.25,0.25,0.25,0.25
EUVP_underwater_dark,267972_00014746.jpg,0.25,0.25,0.25,0.25
EUVP_underwater_dark,267973_00037769.jpg,0.25,0.25,0.25,0.25
EUVP_underwater_dark,267975_00008604.jpg,0.25,0.25,0.25,0.25
EUVP_underwater_dark,267976_n02607072_4610.JPEG,0.25,0.25,0.25,0.25
EUVP_underwater_dark,267977_n01980166_1274.JPEG,0.25,0.25,0.25,0.25
EUVP_underwater_dark,267978_n01980166_910.JPEG,0.25,0.25,0.25,0.25
EUVP_underwater_dark,267979_n01751748_3480.JPEG,0.25,0.25,0.25,0.25
EUVP_underwater_dark,267980_n01984695_85243.JPEG,0.25,0.25,0.25,0.25
EUVP_underwater_dark,267982_n01924916_5878.JPEG,0.25,0.25,0.25,0.25
EUVP_underwater_dark,267987_n02319095_8318.JPEG,0.25,0.25,0.25,0.25
EUVP_underwater_dark,267988_n02607072_4665.JPEG,0.25,0.25,0.25,0.25
EUVP_underwater_dark,267992_sea_turtle_adorable_677.jpg,0.25,0.25,0.25,0.25
EUVP_underwater_dark,267993_00020185.jpg,0.25,0.25,0.25,0.25
EUVP_underwater_dark,267995_00020354.jpg,0.25,0.25,0.25,0.25
EUVP_underwater_dark,267997_00002376.jpg,0.25,0.25,0.25,0.25
EUVP_underwater_dark,267998_n01943899_13687.JPEG,0.25,0.25,0.25,0.25
EUVP_underwater_dark,267999_n02319095_1019.JPEG,0.25,0.25,0.25,0.25
EUVP_underwater_dark,268000_n01984695_66227.JPEG,0.25,0.25,0.25,0.25
EUVP_underwater_dark,268001_00023558.jpg,0.25,0.25,0.25,0.25
EUVP_underwater_dark,268006_00017380.jpg,0.25,0.25,0.25,0.25
EUVP_underwater_dark,268010_00013418.jpg,0.25,0.25,0.25,0.25
EUVP_underwater_dark,268011_n01924916_11264.JPEG,0.25,0.25,0.25,0.25
EUVP_underwater_dark,268012_n01917289_218.JPEG,0.25,0.25,0.25,0.25
EUVP_underwater_dark,268014_n02526121_6007.JPEG,0.25,0.25,0.25,0.25
EUVP_underwater_dark,268015_n01496331_749.JPEG,0.25,0.25,0.25,0.25
EUVP_underwater_dark,268016_00008507.jpg,0.25,0.25,0.25,0.25
EUVP_underwater_dark,268018_n01980166_5848.JPEG,0.25,0.25,0.25,0.25
EUVP_underwater_dark,268024_00024343.jpg,0.25,0.25,0.25,0.25
EUVP_underwater_dark,268026_00008169.jpg,0.25,0.25,0.25,0.25
EUVP_underwater_dark,268028_n01910747_6630.JPEG,0.25,0.25,0.25,0.25
EUVP_underwater_dark,268030_n09256479_13576.JPEG,0.25,0.25,0.25,0.25
EUVP_underwater_dark,268031_00027892.jpg,0.25,0.25,0.25,0.25
EUVP_underwater_dark,268035_00004480.jpg,0.25,0.25,0.25,0.25
EUVP_underwater_dark,268036_n02321529_4585.JPEG,0.25,0.25,0.25,0.25
EUVP_underwater_dark,268043_00033747.jpg,0.25,0.25,0.25,0.25
EUVP_underwater_dark,268046_n02317335_14249.JPEG,0.25,0.25,0.25,0.25
EUVP_underwater_dark,268047_n02526121_1291.JPEG,0.25,0.25,0.25,0.25
EUVP_underwater_dark,268049_n01914609_3266.JPEG,0.25,0.25,0.25,0.25
EUVP_underwater_dark,268050_n01950731_17020.JPEG,0.25,0.25,0.25,0.25
EUVP_underwater_dark,268051_n01924916_6588.JPEG,0.25,0.25,0.25,0.25
EUVP_underwater_dark,268052_n01914609_2717.JPEG,0.25,0.25,0.25,0.25
EUVP_underwater_dark,268055_n01978287_8113.JPEG,0.25,0.25,0.25,0.25
EUVP_underwater_dark,268056_n02606052_7251.JPEG,0.25,0.25,0.25,0.25
EUVP_underwater_dark,268057_n02643566_792.JPEG,0.25,0.25,0.25,0.25
EUVP_underwater_dark,268060_n01950731_12422.JPEG,0.25,0.25,0.25,0.25
EUVP_underwater_dark,268061_00012247.jpg,0.25,0.25,0.25,0.25
EUVP_underwater_dark,268062_00026779.jpg,0.25,0.25,0.25,0.25
EUVP_underwater_dark,268063_n01924916_8972.JPEG,0.25,0.25,0.25,0.25
EUVP_underwater_dark,268064_n02317335_4568.JPEG,0.25,0.25,0.25,0.25
EUVP_underwater_dark,268066_00016041.jpg,0.25,0.25,0.25,0.25
EUVP_underwater_dark,268067_00024389.jpg,0.25,0.25,0.25,0.25
EUVP_underwater_dark,268068_n01950731_3975.JPEG,0.25,0.25,0.25,0.25
EUVP_underwater_dark,268071_00037248.jpg,0.25,0.25,0.25,0.25
EUVP_underwater_dark,268072_n02606052_687.JPEG,0.25,0.25,0.25,0.25
EUVP_underwater_dark,268074_00016894.jpg,0.25,0.25,0.25,0.25
EUVP_underwater_dark,268075_00037117.jpg,0.25,0.25,0.25,0.25
EUVP_underwater_dark,268076_n01950731_11871.JPEG,0.25,0.25,0.25,0.25
EUVP_underwater_dark,268077_n02607072_4637.JPEG,0.25,0.25,0.25,0.25
EUVP_underwater_dark,268078_00008118.jpg,0.25,0.25,0.25,0.25
EUVP_underwater_dark,268082_n02317335_1877.JPEG,0.25,0.25,0.25,0.25
EUVP_underwater_dark,268085_n09256479_13554.JPEG,0.25,0.25,0.25,0.25
EUVP_underwater_dark,268086_00034560.jpg,0.25,0.25,0.25,0.25
EUVP_underwater_dark,268088_00008388.jpg,0.25,0.25,0.25,0.25
EUVP_underwater_dark,268089_n01751748_2023.JPEG,0.25,0.25,0.25,0.25
EUVP_underwater_dark,268090_00015528.jpg,0.25,0.25,0.25,0.25
EUVP_underwater_dark,268092_n01751748_6269.JPEG,0.25,0.25,0.25,0.25
EUVP_underwater_dark,268094_00008886.jpg,0.25,0.25,0.25,0.25
EUVP_underwater_dark,268095_00008003.jpg,0.25,0.25,0.25,0.25
EUVP_underwater_dark,268096_00034554.jpg,0.25,0.25,0.25,0.25
EUVP_underwater_dark,268097_n01978455_3397.JPEG,0.25,0.25,0.25,0.25
EUVP_underwater_dark,268098_n01924916_3617.JPEG,0.25,0.25,0.25,0.25
EUVP_underwater_dark,268099_n02655020_1109.JPEG,0.25,0.25,0.25,0.25
EUVP_underwater_dark,268100_00027481.jpg,0.25,0.25,0.25,0.25
EUVP_underwater_dark,268102_sun_bumybxmxyofrmeeo.jpg,0.25,0.25,0.25,0.25
EUVP_underwater_dark,268104_00022623.jpg,0.25,0.25,0.25,0.25
EUVP_underwater_dark,268106_00013268.jpg,0.25,0.25,0.25,0.25
EUVP_underwater_dark,268109_n02319095_8677.JPEG,0.25,0.25,0.25,0.25
EUVP_underwater_dark,268110_n02321529_9319.JPEG,0.25,0.25,0.25,0.25
EUVP_underwater_dark,268113_n02319095_2519.JPEG,0.25,0.25,0.25,0.25
EUVP_underwater_dark,268114_00006816.jpg,0.25,0.25,0.25,0.25
EUVP_underwater_dark,268115_scuba_bvi_173.jpg,0.25,0.25,0.25,0.25
EUVP_underwater_dark,268116_00030832.jpg,0.25,0.25,0.25,0.25
EUVP_underwater_dark,268117_n02319095_2711.JPEG,0.25,0.25,0.25,0.25
EUVP_underwater_dark,268118_n01494475_6872.JPEG,0.25,0.25,0.25,0.25
EUVP_underwater_dark,268122_00016062.jpg,0.25,0.25,0.25,0.25
EUVP_underwater_dark,268124_00029097.jpg,0.25,0.25,0.25,0.25
EUVP_underwater_dark,268126_00034216.jpg,0.25,0.25,0.25,0.25
EUVP_underwater_dark,268127_00004426.jpg,0.25,0.25,0.25,0.25
EUVP_underwater_dark,268128_n01924916_6685.JPEG,0.25,0.25,0.25,0.25
EUVP_underwater_dark,268129_00012671.jpg,0.25,0.25,0.25,0.25
EUVP_underwater_dark,268132_n01924916_5373.JPEG,0.25,0.25,0.25,0.25
EUVP_underwater_dark,268133_n01917289_1967.JPEG,0.25,0.25,0.25,0.25
EUVP_underwater_dark,268134_n02319095_8810.JPEG,0.25,0.25,0.25,0.25
EUVP_underwater_dark,268136_00032297.jpg,0.25,0.25,0.25,0.25
EUVP_underwater_dark,268138_00002841.jpg,0.25,0.25,0.25,0.25
EUVP_underwater_dark,268139_00026186.jpg,0.25,0.25,0.25,0.25
EUVP_underwater_dark,268140_00016336.jpg,0.25,0.25,0.25,0.25
EUVP_underwater_dark,268144_n01924916_7720.JPEG,0.25,0.25,0.25,0.25
EUVP_underwater_dark,268147_n01980166_2728.JPEG,0.25,0.25,0.25,0.25
EUVP_underwater_dark,268149_00007159.jpg,0.25,0.25,0.25,0.25
EUVP_underwater_dark,268150_n02317335_6403.JPEG,0.25,0.25,0.25,0.25
EUVP_underwater_dark,268151_00012141.jpg,0.25,0.25,0.25,0.25
EUVP_underwater_dark,268152_00026211.jpg,0.25,0.25,0.25,0.25
EUVP_underwater_dark,268154_00035464.jpg,0.25,0.25,0.25,0.25
EUVP_underwater_dark,268155_00028939.jpg,0.25,0.25,0.25,0.25
EUVP_underwater_dark,268156_n01914609_16414.JPEG,0.25,0.25,0.25,0.25
EUVP_underwater_dark,268157_00033646.jpg,0.25,0.25,0.25,0.25
EUVP_underwater_dark,268159_00012847.jpg,0.25,0.25,0.25,0.25
EUVP_underwater_dark,268160_00014086.jpg,0.25,0.25,0.25,0.25
EUVP_underwater_dark,268161_n01496331_1511.JPEG,0.25,0.25,0.25,0.25
EUVP_underwater_dark,268164_00027710.jpg,0.25,0.25,0.25,0.25
EUVP_underwater_dark,268167_n01980166_8626.JPEG,0.25,0.25,0.25,0.25
EUVP_underwater_dark,268168_00031410.jpg,0.25,0.25,0.25,0.25
EUVP_underwater_dark,268170_n01914609_7967.JPEG,0.25,0.25,0.25,0.25
EUVP_underwater_dark,268171_n02643566_626.JPEG,0.25,0.25,0.25,0.25
EUVP_underwater_dark,268172_00017231.jpg,0.25,0.25,0.25,0.25
EUVP_underwater_dark,268176_00029523.jpg,0.25,0.25,0.25,0.25
EUVP_underwater_dark,268177_n02319095_4041.JPEG,0.25,0.25,0.25,0.25
EUVP_underwater_dark,268178_00023401.jpg,0.25,0.25,0.25,0.25
EUVP_underwater_dark,268179_n02643566_1429.JPEG,0.25,0.25,0.25,0.25
EUVP_underwater_dark,268182_n02643566_7475.JPEG,0.25,0.25,0.25,0.25
EUVP_underwater_dark,268183_00008544.jpg,0.25,0.25,0.25,0.25
EUVP_underwater_dark,268184_00023144.jpg,0.25,0.25,0.25,0.25
EUVP_underwater_dark,268186_n01914609_2054.JPEG,0.25,0.25,0.25,0.25
EUVP_underwater_dark,268187_00017989.jpg,0.25,0.25,0.25,0.25
EUVP_underwater_dark,268188_scuba_bonaire_661.jpg,0.25,0.25,0.25,0.25
EUVP_underwater_dark,268189_sun_bbrocyckptmbrrlf.jpg,0.25,0.25,0.25,0.25
EUVP_underwater_dark,268190_00017698.jpg,0.25,0.25,0.25,0.25
EUVP_underwater_dark,268191_00016861.jpg,0.25,0.25,0.25,0.25
EUVP_underwater_dark,268192_00017592.jpg,0.25,0.25,0.25,0.25
EUVP_underwater_dark,268196_n01914609_5000.JPEG,0.25,0.25,0.25,0.25
EUVP_underwater_dark,268197_00005535.jpg,0.25,0.25,0.25,0.25
EUVP_underwater_dark,268198_00028511.jpg,0.25,0.25,0.25,0.25
EUVP_underwater_dark,268199_00026488.jpg,0.25,0.25,0.25,0.25
EUVP_underwater_dark,268200_00034093.jpg,0.25,0.25,0.25,0.25
EUVP_underwater_dark,268201_n01980166_8124.JPEG,0.25,0.25,0.25,0.25
EUVP_underwater_dark,268202_00036117.jpg,0.25,0.25,0.25,0.25
EUVP_underwater_dark,268206_scuba_thailand_248.jpg,0.25,0.25,0.25,0.25
EUVP_underwater_dark,268207_00024221.jpg,0.25,0.25,0.25,0.25
EUVP_underwater_dark,268212_00022083.jpg,0.25,0.25,0.25,0.25
EUVP_underwater_dark,268213_00009727.jpg,0.25,0.25,0.25,0.25
EUVP_underwater_dark,268218_n02607072_1536.JPEG,0.25,0.25,0.25,0.25
EUVP_underwater_dark,268219_n01950731_10233.JPEG,0.25,0.25,0.25,0.25
EUVP_underwater_dark,268220_n02317335_15420.JPEG,0.25,0.25,0.25,0.25
EUVP_underwater_dark,268221_n01978455_7461.JPEG,0.25,0.25,0.25,0.25
EUVP_underwater_dark,268222_n01984695_16175.JPEG,0.25,0.25,0.25,0.25
EUVP_underwater_dark,268224_00009218.jpg,0.25,0.25,0.25,0.25
EUVP_underwater_dark,268225_n01985128_18251.JPEG,0.25,0.25,0.25,0.25
EUVP_underwater_dark,268226_n01924916_5184.JPEG,0.25,0.25,0.25,0.25
EUVP_underwater_dark,268229_00009803.jpg,0.25,0.25,0.25,0.25
EUVP_underwater_dark,268230_n02319095_9946.JPEG,0.25,0.25,0.25,0.25
EUVP_underwater_dark,268234_n02607072_4589.JPEG,0.25,0.25,0.25,0.25
EUVP_underwater_dark,268235_00015452.jpg,0.25,0.25,0.25,0.25
EUVP_underwater_dark,268236_n01950731_3486.JPEG,0.25,0.25,0.25,0.25
EUVP_underwater_dark,268237_00033594.jpg,0.25,0.25,0.25,0.25
EUVP_underwater_dark,268240_00030424.jpg,0.25,0.25,0.25,0.25
EUVP_underwater_dark,268241_n02643566_2864.JPEG,0.25,0.25,0.25,0.25
EUVP_underwater_dark,268243_00037197.jpg,0.25,0.25,0.25,0.25
EUVP_underwater_dark,268244_n01924916_9181.JPEG,0.25,0.25,0.25,0.25
EUVP_underwater_dark,268246_00037443.jpg,0.25,0.25,0.25,0.25
EUVP_underwater_dark,268247_scuba_indonesia_343.jpg,0.25,0.25,0.25,0.25
EUVP_underwater_dark,268248_n01496331_29876.JPEG,0.25,0.25,0.25,0.25
EUVP_underwater_dark,268250_00021058.jpg,0.25,0.25,0.25,0.25
EUVP_underwater_dark,268251_00026545.jpg,0.25,0.25,0.25,0.25
EUVP_underwater_dark,268252_00002654.jpg,0.25,0.25,0.25,0.25
EUVP_underwater_dark,268253_00000532.jpg,0.25,0.25,0.25,0.25
EUVP_underwater_dark,268255_00027272.jpg,0.25,0.25,0.25,0.25
EUVP_underwater_dark,268256_00033491.jpg,0.25,0.25,0.25,0.25
EUVP_underwater_dark,268257_n01498041_361.JPEG,0.25,0.25,0.25,0.25
EUVP_underwater_dark,268258_n01984695_55535.JPEG,0.25,0.25,0.25,0.25
EUVP_underwater_dark,268260_00024494.jpg,0.25,0.25,0.25,0.25
EUVP_underwater_dark,268261_00007049.jpg,0.25,0.25,0.25,0.25
EUVP_underwater_dark,268263_00027256.jpg,0.25,0.25,0.25,0.25
EUVP_underwater_dark,268264_00022142.jpg,0.25,0.25,0.25,0.25
EUVP_underwater_dark,268265_00032810.jpg,0.25,0.25,0.25,0.25
EUVP_underwater_dark,268266_00013121.jpg,0.25,0.25,0.25,0.25
EUVP_underwater_dark,268268_00025231.jpg,0.25,0.25,0.25,0.25
EUVP_underwater_dark,268269_n01494475_7827.JPEG,0.25,0.25,0.25,0.25
EUVP_underwater_dark,268272_00023807.jpg,0.25,0.25,0.25,0.25
EUVP_underwater_dark,268274_n01924916_9126.JPEG,0.25,0.25,0.25,0.25
EUVP_underwater_dark,268275_00007169.jpg,0.25,0.25,0.25,0.25
EUVP_underwater_dark,268276_00001940.jpg,0.25,0.25,0.25,0.25
EUVP_underwater_dark,268278_n02317335_24990.JPEG,0.25,0.25,0.25,0.25
EUVP_underwater_dark,268279_n01496331_7710.JPEG,0.25,0.25,0.25,0.25
EUVP_underwater_dark,268281_scuba_madagascar_287.jpg,0.25,0.25,0.25,0.25
EUVP_underwater_dark,268282_n02317335_2079.JPEG,0.25,0.25,0.25,0.25
EUVP_underwater_dark,268283_00011178.jpg,0.25,0.25,0.25,0.25
EUVP_underwater_dark,268284_scuba_indonesia_358.jpg,0.25,0.25,0.25,0.25
EUVP_underwater_dark,268285_n01980166_5376.JPEG,0.25,0.25,0.25,0.25
EUVP_underwater_dark,268286_00006134.jpg,0.25,0.25,0.25,0.25
EUVP_underwater_dark,268289_n01917289_1286.JPEG,0.25,0.25,0.25,0.25
EUVP_underwater_dark,268290_00018022.jpg,0.25,0.25,0.25,0.25
EUVP_underwater_dark,268292_00031945.jpg,0.25,0.25,0.25,0.25
EUVP_underwater_dark,268293_00029626.jpg,0.25,0.25,0.25,0.25
EUVP_underwater_dark,268295_n01980166_654.JPEG,0.25,0.25,0.25,0.25
EUVP_underwater_dark,268296_n01984695_10098.JPEG,0.25,0.25,0.25,0.25
EUVP_underwater_dark,268297_00008130.jpg,0.25,0.25,0.25,0.25
EUVP_underwater_dark,268299_n02319095_832.JPEG,0.25,0.25,0.25,0.25
EUVP_underwater_dark,268300_00006706.jpg,0.25,0.25,0.25,0.25
EUVP_underwater_dark,268302_00026245.jpg,0.25,0.25,0.25,0.25
EUVP_underwater_dark,268303_00004484.jpg,0.25,0.25,0.25,0.25
EUVP_underwater_dark,268304_00038852.jpg,0.25,0.25,0.25,0.25
EUVP_underwater_dark,268306_00024223.jpg,0.25,0.25,0.25,0.25
EUVP_underwater_dark,268308_scuba_costa_rica_545.jpg,0.25,0.25,0.25,0.25
EUVP_underwater_dark,268309_scuba_north_carolina_401.jpg,0.25,0.25,0.25,0.25
EUVP_underwater_dark,268310_n09256479_10330.JPEG,0.25,0.25,0.25,0.25
EUVP_underwater_dark,268313_00026938.jpg,0.25,0.25,0.25,0.25
EUVP_underwater_dark,268314_n01980166_1432.JPEG,0.25,0.25,0.25,0.25
EUVP_underwater_dark,268315_00022684.jpg,0.25,0.25,0.25,0.25
EUVP_underwater_dark,268316_00015845.jpg,0.25,0.25,0.25,0.25
EUVP_underwater_dark,268317_n01950731_6071.JPEG,0.25,0.25,0.25,0.25
EUVP_underwater_dark,268318_00025632.jpg,0.25,0.25,0.25,0.25
EUVP_underwater_dark,268319_n01664065_32222.JPEG,0.25,0.25,0.25,0.25
EUVP_underwater_dark,268320_00007095.jpg,0.25,0.25,0.25,0.25
EUVP_underwater_dark,268324_00005907.jpg,0.25,0.25,0.25,0.25
EUVP_underwater_dark,268326_00033963.jpg,0.25,0.25,0.25,0.25
EUVP_underwater_dark,268327_n01950731_16100.JPEG,0.25,0.25,0.25,0.25
EUVP_underwater_dark,268329_00035663.jpg,0.25,0.25,0.25,0.25
EUVP_underwater_dark,268331_00026896.jpg,0.25,0.25,0.25,0.25
EUVP_underwater_dark,268338_00005150.jpg,0.25,0.25,0.25,0.25
EUVP_underwater_dark,268339_n01950731_20654.JPEG,0.25,0.25,0.25,0.25
EUVP_underwater_dark,268342_00031713.jpg,0.25,0.25,0.25,0.25
EUVP_underwater_dark,268343_sea_turtle_sri_lanka_694.jpg,0.25,0.25,0.25,0.25
EUVP_underwater_dark,268345_n02317335_20327.JPEG,0.25,0.25,0.25,0.25
EUVP_underwater_dark,268346_00013486.jpg,0.25,0.25,0.25,0.25
EUVP_underwater_dark,268347_00037550.jpg,0.25,0.25,0.25,0.25
EUVP_underwater_dark,268350_00018928.jpg,0.25,0.25,0.25,0.25
EUVP_underwater_dark,268351_00005754.jpg,0.25,0.25,0.25,0.25
EUVP_underwater_dark,268352_n01917289_2896.JPEG,0.25,0.25,0.25,0.25
EUVP_underwater_dark,268353_00039649.jpg,0.25,0.25,0.25,0.25
EUVP_underwater_dark,268354_n01924916_5330.JPEG,0.25,0.25,0.25,0.25
EUVP_underwater_dark,268356_00009176.jpg,0.25,0.25,0.25,0.25
EUVP_underwater_dark,268357_00023920.jpg,0.25,0.25,0.25,0.25
EUVP_underwater_dark,268358_00009026.jpg,0.25,0.25,0.25,0.25
EUVP_underwater_dark,268359_n02607072_4570.JPEG,0.25,0.25,0.25,0.25
EUVP_underwater_dark,268363_00000920.jpg,0.25,0.25,0.25,0.25
EUVP_underwater_dark,268367_00021410.jpg,0.25,0.25,0.25,0.25
EUVP_underwater_dark,268368_00006394.jpg,0.25,0.25,0.25,0.25
EUVP_underwater_dark,268369_00013534.jpg,0.25,0.25,0.25,0.25
EUVP_underwater_dark,268372_00006368.jpg,0.25,0.25,0.25,0.25
EUVP_underwater_dark,268386_n01924916_3833.JPEG,0.25,0.25,0.25,0.25
EUVP_underwater_dark,268395_00001412.jpg,0.25,0.25,0.25,0.25
EUVP_underwater_dark,268396_00035041.jpg,0.25,0.25,0.25,0.25
EUVP_underwater_dark,268398_00033470.jpg,0.25,0.25,0.25,0.25
EUVP_underwater_dark,268400_00039612.jpg,0.25,0.25,0.25,0.25
EUVP_underwater_dark,268401_00006006.jpg,0.25,0.25,0.25,0.25
EUVP_underwater_dark,268402_n01924916_1151.JPEG,0.25,0.25,0.25,0.25
EUVP_underwater_dark,268403_00022628.jpg,0.25,0.25,0.25,0.25
EUVP_underwater_dark,268405_00012660.jpg,0.25,0.25,0.25,0.25
EUVP_underwater_dark,268406_n02607072_2700.JPEG,0.25,0.25,0.25,0.25
EUVP_underwater_dark,268409_n01978287_60.JPEG,0.25,0.25,0.25,0.25
EUVP_underwater_dark,268412_00036741.jpg,0.25,0.25,0.25,0.25
EUVP_underwater_dark,268413_n01484850_11748.JPEG,0.25,0.25,0.25,0.25
EUVP_underwater_dark,268415_n01978455_2998.JPEG,0.25,0.25,0.25,0.25
EUVP_underwater_dark,268416_00008832.jpg,0.25,0.25,0.25,0.25
EUVP_underwater_dark,268425_n01917289_3651.JPEG,0.25,0.25,0.25,0.25
EUVP_underwater_dark,268427_n01978455_343.JPEG,0.25,0.25,0.25,0.25
EUVP_underwater_dark,268430_00005114.jpg,0.25,0.25,0.25,0.25
EUVP_underwater_dark,268432_00003648.jpg,0.25,0.25,0.25,0.25
EUVP_underwater_dark,268433_00015960.jpg,0.25,0.25,0.25,0.25
EUVP_underwater_dark,268435_n01984695_49089.JPEG,0.25,0.25,0.25,0.25
EUVP_underwater_dark,268437_n01950731_16107.JPEG,0.25,0.25,0.25,0.25
EUVP_underwater_dark,268438_n02319095_116.JPEG,0.25,0.25,0.25,0.25
EUVP_underwater_dark,268440_00001515.jpg,0.25,0.25,0.25,0.25
EUVP_underwater_dark,268443_00027388.jpg,0.25,0.25,0.25,0.25
EUVP_underwater_dark,268448_00001223.jpg,0.25,0.25,0.25,0.25
EUVP_underwater_dark,268450_00021119.jpg,0.25,0.25,0.25,0.25
EUVP_underwater_dark,268452_n01978287_7349.JPEG,0.25,0.25,0.25,0.25
EUVP_underwater_dark,268454_00012826.jpg,0.25,0.25,0.25,0.25
EUVP_underwater_dark,268455_00015617.jpg,0.25,0.25,0.25,0.25
EUVP_underwater_dark,268456_00020938.jpg,0.25,0.25,0.25,0.25
EUVP_underwater_dark,268457_00027875.jpg,0.25,0.25,0.25,0.25
EUVP_underwater_dark,268458_n01981276_15124.JPEG,0.25,0.25,0.25,0.25
EUVP_underwater_dark,268461_00027612.jpg,0.25,0.25,0.25,0.25
EUVP_underwater_dark,268462_n02319095_1971.JPEG,0.25,0.25,0.25,0.25
EUVP_underwater_dark,268467_00001079.jpg,0.25,0.25,0.25,0.25
EUVP_underwater_dark,268471_n01924916_5091.JPEG,0.25,0.25,0.25,0.25
EUVP_underwater_dark,268475_00017788.jpg,0.25,0.25,0.25,0.25
EUVP_underwater_dark,268476_00016372.jpg,0.25,0.25,0.25,0.25
EUVP_underwater_dark,268478_00031856.jpg,0.25,0.25,0.25,0.25
EUVP_underwater_dark,268479_n01496331_2325.JPEG,0.25,0.25,0.25,0.25
EUVP_underwater_dark,268485_00006511.jpg,0.25,0.25,0.25,0.25
EUVP_underwater_dark,268486_n02317335_44293.JPEG,0.25,0.25,0.25,0.25
EUVP_underwater_dark,268487_n02321529_1713.JPEG,0.25,0.25,0.25,0.25
EUVP_underwater_dark,268488_00001546.jpg,0.25,0.25,0.25,0.25
EUVP_underwater_dark,268489_00026201.jpg,0.25,0.25,0.25,0.25
EUVP_underwater_dark,268490_n01950731_192.JPEG,0.25,0.25,0.25,0.25
EUVP_underwater_dark,268491_n01943899_15427.JPEG,0.25,0.25,0.25,0.25
EUVP_underwater_dark,268493_00016425.jpg,0.25,0.25,0.25,0.25
EUVP_underwater_dark,268494_n01950731_14977.JPEG,0.25,0.25,0.25,0.25
EUVP_underwater_dark,268495_00002362.jpg,0.25,0.25,0.25,0.25
EUVP_underwater_dark,268496_00026671.jpg,0.25,0.25,0.25,0.25
EUVP_underwater_dark,268498_00010763.jpg,0.25,0.25,0.25,0.25
EUVP_underwater_dark,268500_n02319095_6794.JPEG,0.25,0.25,0.25,0.25
EUVP_underwater_dark,268501_00022246.jpg,0.25,0.25,0.25,0.25
EUVP_underwater_dark,268505_00020368.jpg,0.25,0.25,0.25,0.25
EUVP_underwater_dark,268507_n01491361_4844.JPEG,0.25,0.25,0.25,0.25
EUVP_underwater_dark,268508_00033151.jpg,0.25,0.25,0.25,0.25
EUVP_underwater_dark,268509_n02655020_7919.JPEG,0.25,0.25,0.25,0.25
EUVP_underwater_dark,268510_00028756.jpg,0.25,0.25,0.25,0.25
EUVP_underwater_dark,268511_n01924916_8365.JPEG,0.25,0.25,0.25,0.25
EUVP_underwater_dark,268512_n02607072_1529.JPEG,0.25,0.25,0.25,0.25
EUVP_underwater_dark,268513_00035009.jpg,0.25,0.25,0.25,0.25
EUVP_underwater_dark,268515_00030433.jpg,0.25,0.25,0.25,0.25
EUVP_underwater_dark,268517_00038252.jpg,0.25,0.25,0.25,0.25
EUVP_underwater_dark,268518_n01984695_70483.JPEG,0.25,0.25,0.25,0.25
EUVP_underwater_dark,268519_00001584.jpg,0.25,0.25,0.25,0.25
EUVP_underwater_dark,268520_00007445.jpg,0.25,0.25,0.25,0.25
EUVP_underwater_dark,268521_n01983481_11327.JPEG,0.25,0.25,0.25,0.25
EUVP_underwater_dark,268523_00039393.jpg,0.25,0.25,0.25,0.25
EUVP_underwater_dark,268525_00028139.jpg,0.25,0.25,0.25,0.25
EUVP_underwater_dark,268527_n02526121_11218.JPEG,0.25,0.25,0.25,0.25
EUVP_underwater_dark,268528_scuba_iceland_438.jpg,0.25,0.25,0.25,0.25
EUVP_underwater_dark,268529_00038730.jpg,0.25,0.25,0.25,0.25
EUVP_underwater_dark,268530_n01950731_10065.JPEG,0.25,0.25,0.25,0.25
EUVP_underwater_dark,268532_n01914609_8543.JPEG,0.25,0.25,0.25,0.25
EUVP_underwater_dark,268533_n01494475_17729.JPEG,0.25,0.25,0.25,0.25
EUVP_underwater_dark,268534_00005881.jpg,0.25,0.25,0.25,0.25
EUVP_underwater_dark,268535_00038215.jpg,0.25,0.25,0.25,0.25
EUVP_underwater_dark,268542_sea_turtle_71.jpg,0.25,0.25,0.25,0.25
EUVP_underwater_dark,268543_00025501.jpg,0.25,0.25,0.25,0.25
EUVP_underwater_dark,268545_n02526121_9166.JPEG,0.25,0.25,0.25,0.25
EUVP_underwater_dark,268546_n01978455_9383.JPEG,0.25,0.25,0.25,0.25
EUVP_underwater_dark,268547_n02526121_9869.JPEG,0.25,0.25,0.25,0.25
EUVP_underwater_dark,268548_n01984695_49715.JPEG,0.25,0.25,0.25,0.25
EUVP_underwater_dark,268551_00003825.jpg,0.25,0.25,0.25,0.25
EUVP_underwater_dark,268555_n02321529_12616.JPEG,0.25,0.25,0.25,0.25
EUVP_underwater_dark,268556_n01910747_6995.JPEG,0.25,0.25,0.25,0.25
EUVP_underwater_dark,268559_n01943899_4571.JPEG,0.25,0.25,0.25,0.25
EUVP_underwater_dark,268561_n01950731_14367.JPEG,0.25,0.25,0.25,0.25
EUVP_underwater_dark,268562_00023422.jpg,0.25,0.25,0.25,0.25
EUVP_underwater_dark,268564_00037974.jpg,0.25,0.25,0.25,0.25
EUVP_underwater_dark,268565_00017867.jpg,0.25,0.25,0.25,0.25
EUVP_underwater_dark,268566_00003979.jpg,0.25,0.25,0.25,0.25
EUVP_underwater_dark,268568_00017853.jpg,0.25,0.25,0.25,0.25
EUVP_underwater_dark,268570_n02607072_3401.JPEG,0.25,0.25,0.25,0.25
EUVP_underwater_dark,268572_n02321529_3393.JPEG,0.25,0.25,0.25,0.25
EUVP_underwater_dark,268574_00026756.jpg,0.25,0.25,0.25,0.25
EUVP_underwater_dark,268575_00030709.jpg,0.25,0.25,0.25,0.25
EUVP_underwater_dark,268577_n01751748_18668.JPEG,0.25,0.25,0.25,0.25
EUVP_underwater_dark,268579_00006149.jpg,0.25,0.25,0.25,0.25
EUVP_underwater_dark,268580_00028257.jpg,0.25,0.25,0.25,0.25
EUVP_underwater_dark,268582_n01914609_13977.JPEG,0.25,0.25,0.25,0.25
EUVP_underwater_dark,268586_00011100.jpg,0.25,0.25,0.25,0.25
EUVP_underwater_dark,268590_scuba_taiwan_361.jpg,0.25,0.25,0.25,0.25
EUVP_underwater_dark,268593_n01924916_8425.JPEG,0.25,0.25,0.25,0.25
EUVP_underwater_dark,268595_00012311.jpg,0.25,0.25,0.25,0.25
EUVP_underwater_dark,268596_n01924916_7516.JPEG,0.25,0.25,0.25,0.25
EUVP_underwater_dark,268597_n01924916_9653.JPEG,0.25,0.25,0.25,0.25
EUVP_underwater_dark,268598_00008681.jpg,0.25,0.25,0.25,0.25
EUVP_underwater_dark,268599_n01984695_8415.JPEG,0.25,0.25,0.25,0.25
EUVP_underwater_dark,268601_00018291.jpg,0.25,0.25,0.25,0.25
EUVP_underwater_dark,268602_n01924916_6075.JPEG,0.25,0.25,0.25,0.25
EUVP_underwater_dark,268603_n01978455_5455.JPEG,0.25,0.25,0.25,0.25
EUVP_underwater_dark,268604_00011270.jpg,0.25,0.25,0.25,0.25
EUVP_underwater_dark,268606_00008295.jpg,0.25,0.25,0.25,0.25
EUVP_underwater_dark,268607_00033327.jpg,0.25,0.25,0.25,0.25
EUVP_underwater_dark,268609_n01924916_6091.JPEG,0.25,0.25,0.25,0.25
EUVP_underwater_dark,268610_n01491361_107.JPEG,0.25,0.25,0.25,0.25
EUVP_underwater_dark,268611_n02317335_2344.JPEG,0.25,0.25,0.25,0.25
EUVP_underwater_dark,268612_00004680.jpg,0.25,0.25,0.25,0.25
EUVP_underwater_dark,268613_00011162.jpg,0.25,0.25,0.25,0.25
EUVP_underwater_dark,268614_n01498041_3310.JPEG,0.25,0.25,0.25,0.25
EUVP_underwater_dark,268616_00037378.jpg,0.25,0.25,0.25,0.25
EUVP_underwater_dark,268617_00009052.jpg,0.25,0.25,0.25,0.25
EUVP_underwater_dark,268620_00034187.jpg,0.25,0.25,0.25,0.25
EUVP_underwater_dark,268622_00028259.jpg,0.25,0.25,0.25,0.25
EUVP_underwater_dark,268623_00032962.jpg,0.25,0.25,0.25,0.25
EUVP_underwater_dark,268625_00003565.jpg,0.25,0.25,0.25,0.25
EUVP_underwater_dark,268628_00021383.jpg,0.25,0.25,0.25,0.25
EUVP_underwater_dark,268629_00024149.jpg,0.25,0.25,0.25,0.25
EUVP_underwater_dark,268630_00038469.jpg,0.25,0.25,0.25,0.25
EUVP_underwater_dark,268631_00036434.jpg,0.25,0.25,0.25,0.25
EUVP_underwater_dark,268633_00015980.jpg,0.25,0.25,0.25,0.25
EUVP_underwater_dark,268635_n01924916_13034.JPEG,0.25,0.25,0.25,0.25
EUVP_underwater_dark,268637_n09256479_3270.JPEG,0.25,0.25,0.25,0.25
EUVP_underwater_dark,268638_00019870.jpg,0.25,0.25,0.25,0.25
EUVP_underwater_dark,268640_00004374.jpg,0.25,0.25,0.25,0.25
EUVP_underwater_dark,268641_n01978455_8334.JPEG,0.25,0.25,0.25,0.25
EUVP_underwater_dark,268642_n02319095_2025.JPEG,0.25,0.25,0.25,0.25
EUVP_underwater_dark,268643_n02321529_1570.JPEG,0.25,0.25,0.25,0.25
EUVP_underwater_dark,268644_00017224.jpg,0.25,0.25,0.25,0.25
EUVP_underwater_dark,268645_n01751748_2627.JPEG,0.25,0.25,0.25,0.25
EUVP_underwater_dark,268647_n04251144_32442.JPEG,0.25,0.25,0.25,0.25
EUVP_underwater_dark,268648_n02607072_4873.JPEG,0.25,0.25,0.25,0.25
EUVP_underwater_dark,268649_00017862.jpg,0.25,0.25,0.25,0.25
EUVP_underwater_dark,268650_00007233.jpg,0.25,0.25,0.25,0.25
EUVP_underwater_dark,268651_n02321529_6824.JPEG,0.25,0.25,0.25,0.25
EUVP_underwater_dark,268652_n02317335_2942.JPEG,0.25,0.25,0.25,0.25
EUVP_underwater_dark,268653_n01924916_7955.JPEG,0.25,0.25,0.25,0.25
EUVP_underwater_dark,268655_00002359.jpg,0.25,0.25,0.25,0.25
EUVP_underwater_dark,268658_sea_turtle_kauai_290.jpg,0.25,0.25,0.25,0.25
EUVP_underwater_dark,268660_n02606052_4967.JPEG,0.25,0.25,0.25,0.25
EUVP_underwater_dark,268663_n01496331_1227.JPEG,0.25,0.25,0.25,0.25
EUVP_underwater_dark,268664_n01950731_8450.JPEG,0.25,0.25,0.25,0.25
EUVP_underwater_dark,268666_n02317335_23183.JPEG,0.25,0.25,0.25,0.25
EUVP_underwater_dark,268667_00023986.jpg,0.25,0.25,0.25,0.25
EUVP_underwater_dark,268668_n01917289_4239.JPEG,0.25,0.25,0.25,0.25
EUVP_underwater_dark,268671_00017909.jpg,0.25,0.25,0.25,0.25
EUVP_underwater_dark,268672_n01924916_6849.JPEG,0.25,0.25,0.25,0.25
EUVP_underwater_dark,268673_00034029.jpg,0.25,0.25,0.25,0.25
EUVP_underwater_dark,268674_n02607072_3583.JPEG,0.25,0.25,0.25,0.25
EUVP_underwater_dark,268675_00000131.jpg,0.25,0.25,0.25,0.25
EUVP_underwater_dark,268676_00010361.jpg,0.25,0.25,0.25,0.25
EUVP_underwater_dark,268677_00035613.jpg,0.25,0.25,0.25,0.25
EUVP_underwater_dark,268678_00038711.jpg,0.25,0.25,0.25,0.25
EUVP_underwater_dark,268679_00032663.jpg,0.25,0.25,0.25,0.25
EUVP_underwater_dark,268681_n01980166_8268.JPEG,0.25,0.25,0.25,0.25
EUVP_underwater_dark,268682_n01496331_11728.JPEG,0.25,0.25,0.25,0.25
EUVP_underwater_dark,268683_00029852.jpg,0.25,0.25,0.25,0.25
EUVP_underwater_dark,268686_00031271.jpg,0.25,0.25,0.25,0.25
EUVP_underwater_dark,268687_n01664065_8710.JPEG,0.25,0.25,0.25,0.25
EUVP_underwater_dark,268688_00029467.jpg,0.25,0.25,0.25,0.25
EUVP_underwater_dark,268689_n02526121_5194.JPEG,0.25,0.25,0.25,0.25
EUVP_underwater_dark,268691_n01978455_11694.JPEG,0.25,0.25,0.25,0.25
EUVP_underwater_dark,268694_n09256479_3912.JPEG,0.25,0.25,0.25,0.25
EUVP_underwater_dark,268695_00009855.jpg,0.25,0.25,0.25,0.25
EUVP_underwater_dark,268697_n02643566_89.JPEG,0.25,0.25,0.25,0.25
EUVP_underwater_dark,268699_00032414.jpg,0.25,0.25,0.25,0.25
EUVP_underwater_dark,268700_n01950731_4681.JPEG,0.25,0.25,0.25,0.25
EUVP_underwater_dark,268702_n01980166_1434.JPEG,0.25,0.25,0.25,0.25
EUVP_underwater_dark,268703_00003219.jpg,0.25,0.25,0.25,0.25
EUVP_underwater_dark,268704_n01984695_20602.JPEG,0.25,0.25,0.25,0.25
EUVP_underwater_dark,268705_00028898.jpg,0.25,0.25,0.25,0.25
EUVP_underwater_dark,268706_n02321529_12017.JPEG,0.25,0.25,0.25,0.25
EUVP_underwater_dark,268707_n02319095_9031.JPEG,0.25,0.25,0.25,0.25
EUVP_underwater_dark,268708_n01950731_12167.JPEG,0.25,0.25,0.25,0.25
EUVP_underwater_dark,268710_n01980166_9253.JPEG,0.25,0.25,0.25,0.25
EUVP_underwater_dark,268717_00024164.jpg,0.25,0.25,0.25,0.25
EUVP_underwater_dark,268718_00036318.jpg,0.25,0.25,0.25,0.25
EUVP_underwater_dark,268720_n01751748_12723.JPEG,0.25,0.25,0.25,0.25
EUVP_underwater_dark,268721_00026552.jpg,0.25,0.25,0.25,0.25
EUVP_underwater_dark,268722_00009665.jpg,0.25,0.25,0.25,0.25
EUVP_underwater_dark,268725_n02317335_40132.JPEG,0.25,0.25,0.25,0.25
EUVP_underwater_dark,268728_00038881.jpg,0.25,0.25,0.25,0.25
EUVP_underwater_dark,268729_00038219.jpg,0.25,0.25,0.25,0.25
EUVP_underwater_dark,268732_00027776.jpg,0.25,0.25,0.25,0.25
EUVP_underwater_dark,268733_00003288.jpg,0.25,0.25,0.25,0.25
EUVP_underwater_dark,268735_00005503.jpg,0.25,0.25,0.25,0.25
EUVP_underwater_dark,268736_00018888.jpg,0.25,0.25,0.25,0.25
EUVP_underwater_dark,268737_n01984695_6847.JPEG,0.25,0.25,0.25,0.25
EUVP_underwater_dark,268738_00004543.jpg,0.25,0.25,0.25,0.25
EUVP_underwater_dark,268739_00035096.jpg,0.25,0.25,0.25,0.25
EUVP_underwater_dark,268740_00010683.jpg,0.25,0.25,0.25,0.25
EUVP_underwater_dark,268741_00016515.jpg,0.25,0.25,0.25,0.25
EUVP_underwater_dark,268742_n02319095_2019.JPEG,0.25,0.25,0.25,0.25
EUVP_underwater_dark,268747_n02321529_11626.JPEG,0.25,0.25,0.25,0.25
EUVP_underwater_dark,268751_00030880.jpg,0.25,0.25,0.25,0.25
EUVP_underwater_dark,268753_n01950731_9180.JPEG,0.25,0.25,0.25,0.25
EUVP_underwater_dark,268754_00013488.jpg,0.25,0.25,0.25,0.25
EUVP_underwater_dark,268757_n01924916_2962.JPEG,0.25,0.25,0.25,0.25
EUVP_underwater_dark,268758_n01984695_4123.JPEG,0.25,0.25,0.25,0.25
EUVP_underwater_dark,268760_00021029.jpg,0.25,0.25,0.25,0.25
EUVP_underwater_dark,268761_00024955.jpg,0.25,0.25,0.25,0.25
EUVP_underwater_dark,268763_00007219.jpg,0.25,0.25,0.25,0.25
EUVP_underwater_dark,268764_n01924916_8326.JPEG,0.25,0.25,0.25,0.25
EUVP_underwater_dark,268765_n01984695_13726.JPEG,0.25,0.25,0.25,0.25
EUVP_underwater_dark,268766_n02643566_961.JPEG,0.25,0.25,0.25,0.25
EUVP_underwater_dark,268768_00038241.jpg,0.25,0.25,0.25,0.25
EUVP_underwater_dark,268769_n02321529_9781.JPEG,0.25,0.25,0.25,0.25
EUVP_underwater_dark,268771_n01980166_2118.JPEG,0.25,0.25,0.25,0.25
EUVP_underwater_dark,268773_n02526121_5796.JPEG,0.25,0.25,0.25,0.25
EUVP_underwater_dark,268775_00000086.jpg,0.25,0.25,0.25,0.25
EUVP_underwater_dark,268776_scuba_228.jpg,0.25,0.25,0.25,0.25
EUVP_underwater_dark,268777_n01950731_14704.JPEG,0.25,0.25,0.25,0.25
EUVP_underwater_dark,268779_00039108.jpg,0.25,0.25,0.25,0.25
EUVP_underwater_dark,268780_n01984695_47155.JPEG,0.25,0.25,0.25,0.25
EUVP_underwater_dark,268781_n01917289_1337.JPEG,0.25,0.25,0.25,0.25
EUVP_underwater_dark,268783_00031555.jpg,0.25,0.25,0.25,0.25
EUVP_underwater_dark,268784_n01950731_11642.JPEG,0.25,0.25,0.25,0.25
EUVP_underwater_dark,268785_00005193.jpg,0.25,0.25,0.25,0.25
EUVP_underwater_dark,268786_n01917289_5348.JPEG,0.25,0.25,0.25,0.25
EUVP_underwater_dark,268787_00018462.jpg,0.25,0.25,0.25,0.25
EUVP_underwater_dark,268796_n01943899_33364.JPEG,0.25,0.25,0.25,0.25
EUVP_underwater_dark,268798_n01751748_4400.JPEG,0.25,0.25,0.25,0.25
EUVP_underwater_dark,268799_n01950731_3899.JPEG,0.25,0.25,0.25,0.25
EUVP_underwater_dark,268801_n02607072_3125.JPEG,0.25,0.25,0.25,0.25
EUVP_underwater_dark,268802_n01978455_1494.JPEG,0.25,0.25,0.25,0.25
EUVP_underwater_dark,268804_n01978455_11567.JPEG,0.25,0.25,0.25,0.25
EUVP_underwater_dark,268806_n02321529_4985.JPEG,0.25,0.25,0.25,0.25
EUVP_underwater_dark,268807_n01924916_7739.JPEG,0.25,0.25,0.25,0.25
EUVP_underwater_dark,268808_00001669.jpg,0.25,0.25,0.25,0.25
EUVP_underwater_dark,268809_n02321529_10826.JPEG,0.25,0.25,0.25,0.25
EUVP_underwater_dark,268810_n01914609_5858.JPEG,0.25,0.25,0.25,0.25
EUVP_underwater_dark,268811_00029520.jpg,0.25,0.25,0.25,0.25
EUVP_underwater_dark,268812_n02319095_7944.JPEG,0.25,0.25,0.25,0.25
EUVP_underwater_dark,268815_00034727.jpg,0.25,0.25,0.25,0.25
EUVP_underwater_dark,268816_00039066.jpg,0.25,0.25,0.25,0.25
EUVP_underwater_dark,268817_00002657.jpg,0.25,0.25,0.25,0.25
EUVP_underwater_dark,268818_n09256479_5454.JPEG,0.25,0.25,0.25,0.25
EUVP_underwater_dark,268819_00013013.jpg,0.25,0.25,0.25,0.25
EUVP_underwater_dark,268821_n01984695_78796.JPEG,0.25,0.25,0.25,0.25
EUVP_underwater_dark,268822_00020279.jpg,0.25,0.25,0.25,0.25
EUVP_underwater_dark,268824_n01917289_5022.JPEG,0.25,0.25,0.25,0.25
EUVP_underwater_dark,268825_n01950731_31642.JPEG,0.25,0.25,0.25,0.25
EUVP_underwater_dark,268826_n02317335_6389.JPEG,0.25,0.25,0.25,0.25
EUVP_underwater_dark,268827_scuba_bvi_861.jpg,0.25,0.25,0.25,0.25
EUVP_underwater_dark,268828_00001152.jpg,0.25,0.25,0.25,0.25
EUVP_underwater_dark,268829_n01924916_5930.JPEG,0.25,0.25,0.25,0.25
EUVP_underwater_dark,268830_00009261.jpg,0.25,0.25,0.25,0.25
EUVP_underwater_dark,268831_n02607072_440.JPEG,0.25,0.25,0.25,0.25
EUVP_underwater_dark,268832_n01950731_2504.JPEG,0.25,0.25,0.25,0.25
EUVP_underwater_dark,268835_scuba_phi_phi_848.jpg,0.25,0.25,0.25,0.25
EUVP_underwater_dark,268837_n01924916_8595.JPEG,0.25,0.25,0.25,0.25
EUVP_underwater_dark,268838_n01984695_32010.JPEG,0.25,0.25,0.25,0.25
EUVP_underwater_dark,268839_00011045.jpg,0.25,0.25,0.25,0.25
EUVP_underwater_dark,268840_00036004.jpg,0.25,0.25,0.25,0.25
EUVP_underwater_dark,268841_n02317335_12230.JPEG,0.25,0.25,0.25,0.25
EUVP_underwater_dark,268842_n01950731_10902.JPEG,0.25,0.25,0.25,0.25
EUVP_underwater_dark,268844_n01924916_9477.JPEG,0.25,0.25,0.25,0.25
EUVP_underwater_dark,268845_00014963.jpg,0.25,0.25,0.25,0.25
EUVP_underwater_dark,268846_n01978455_1662.JPEG,0.25,0.25,0.25,0.25
EUVP_underwater_dark,268848_n02321529_19736.JPEG,0.25,0.25,0.25,0.25
EUVP_underwater_dark,268849_00021796.jpg,0.25,0.25,0.25,0.25
EUVP_underwater_dark,268850_00010489.jpg,0.25,0.25,0.25,0.25
EUVP_underwater_dark,268851_00034856.jpg,0.25,0.25,0.25,0.25
EUVP_underwater_dark,268854_00021005.jpg,0.25,0.25,0.25,0.25
EUVP_underwater_dark,268855_00012073.jpg,0.25,0.25,0.25,0.25
EUVP_underwater_dark,268857_n02319095_7639.JPEG,0.25,0.25,0.25,0.25
EUVP_underwater_dark,268858_scuba_greece_317.jpg,0.25,0.25,0.25,0.25
EUVP_underwater_dark,268859_00023212.jpg,0.25,0.25,0.25,0.25
EUVP_underwater_dark,268860_00009784.jpg,0.25,0.25,0.25,0.25
EUVP_underwater_dark,268861_00027690.jpg,0.25,0.25,0.25,0.25
EUVP_underwater_dark,268862_n02607072_99.JPEG,0.25,0.25,0.25,0.25
EUVP_underwater_dark,268865_n01978455_9598.JPEG,0.25,0.25,0.25,0.25
EUVP_underwater_dark,268866_00020472.jpg,0.25,0.25,0.25,0.25
EUVP_underwater_dark,268868_n01950731_11810.JPEG,0.25,0.25,0.25,0.25
EUVP_underwater_dark,268870_00035654.jpg,0.25,0.25,0.25,0.25
EUVP_underwater_dark,268871_00018110.jpg,0.25,0.25,0.25,0.25
EUVP_underwater_dark,268872_00028008.jpg,0.25,0.25,0.25,0.25
EUVP_underwater_dark,268875_n01950731_17882.JPEG,0.25,0.25,0.25,0.25
EUVP_underwater_dark,268876_n02319095_172.JPEG,0.25,0.25,0.25,0.25
EUVP_underwater_dark,268877_00024226.jpg,0.25,0.25,0.25,0.25
EUVP_underwater_dark,268878_00033783.jpg,0.25,0.25,0.25,0.25
EUVP_underwater_dark,268880_n01980166_6077.JPEG,0.25,0.25,0.25,0.25
EUVP_underwater_dark,268881_n01924916_5137.JPEG,0.25,0.25,0.25,0.25
EUVP_underwater_dark,268882_00024505.jpg,0.25,0.25,0.25,0.25
EUVP_underwater_dark,268884_n02643566_3399.JPEG,0.25,0.25,0.25,0.25
EUVP_underwater_dark,268885_n02319095_7249.JPEG,0.25,0.25,0.25,0.25
EUVP_underwater_dark,268886_n09256479_9448.JPEG,0.25,0.25,0.25,0.25
EUVP_underwater_dark,268887_00030711.jpg,0.25,0.25,0.25,0.25
EUVP_underwater_dark,268888_n01924916_11426.JPEG,0.25,0.25,0.25,0.25
EUVP_underwater_dark,268890_00031335.jpg,0.25,0.25,0.25,0.25
EUVP_underwater_dark,268891_n01751748_4697.JPEG,0.25,0.25,0.25,0.25
EUVP_underwater_dark,268892_00038925.jpg,0.25,0.25,0.25,0.25
EUVP_underwater_dark,268894_00010820.jpg,0.25,0.25,0.25,0.25
EUVP_underwater_dark,268895_00002368.jpg,0.25,0.25,0.25,0.25
EUVP_underwater_dark,268896_n01910747_214.JPEG,0.25,0.25,0.25,0.25
EUVP_underwater_dark,268897_n01751748_7515.JPEG,0.25,0.25,0.25,0.25
EUVP_underwater_dark,268898_00026570.jpg,0.25,0.25,0.25,0.25
EUVP_underwater_dark,268899_scuba_palawan_824.jpg,0.25,0.25,0.25,0.25
EUVP_underwater_dark,268902_n02606052_1458.JPEG,0.25,0.25,0.25,0.25
EUVP_underwater_dark,268903_00027233.jpg,0.25,0.25,0.25,0.25
EUVP_underwater_dark,268905_00023988.jpg,0.25,0.25,0.25,0.25
EUVP_underwater_dark,268907_scuba_costa_rica_700.jpg,0.25,0.25,0.25,0.25
EUVP_underwater_dark,268908_00029433.jpg,0.25,0.25,0.25,0.25
EUVP_underwater_dark,268909_00019157.jpg,0.25,0.25,0.25,0.25
EUVP_underwater_dark,268910_00029320.jpg,0.25,0.25,0.25,0.25
EUVP_underwater_dark,268911_n01984695_43609.JPEG,0.25,0.25,0.25,0.25
EUVP_underwater_dark,268912_00007523.jpg,0.25,0.25,0.25,0.25
EUVP_underwater_dark,268913_00020484.jpg,0.25,0.25,0.25,0.25
EUVP_underwater_dark,268914_00028774.jpg,0.25,0.25,0.25,0.25
EUVP_underwater_dark,268916_00009716.jpg,0.25,0.25,0.25,0.25
EUVP_underwater_dark,268917_00028434.jpg,0.25,0.25,0.25,0.25
EUVP_underwater_dark,268918_00021180.jpg,0.25,0.25,0.25,0.25
EUVP_underwater_dark,268919_00008493.jpg,0.25,0.25,0.25,0.25
EUVP_underwater_dark,268922_00002734.jpg,0.25,0.25,0.25,0.25
EUVP_underwater_dark,268923_00022331.jpg,0.25,0.25,0.25,0.25
EUVP_underwater_dark,268925_n01924916_5162.JPEG,0.25,0.25,0.25,0.25
EUVP_underwater_dark,268928_00033320.jpg,0.25,0.25,0.25,0.25
EUVP_underwater_dark,268931_00038966.jpg,0.25,0.25,0.25,0.25
EUVP_underwater_dark,268932_n02655020_12104.JPEG,0.25,0.25,0.25,0.25
EUVP_underwater_dark,268933_n01950731_6005.JPEG,0.25,0.25,0.25,0.25
EUVP_underwater_dark,268935_00012026.jpg,0.25,0.25,0.25,0.25
EUVP_underwater_dark,268936_00038627.jpg,0.25,0.25,0.25,0.25
EUVP_underwater_dark,268937_n01924916_3407.JPEG,0.25,0.25,0.25,0.25
EUVP_underwater_dark,268939_n02321529_10848.JPEG,0.25,0.25,0.25,0.25
EUVP_underwater_dark,268940_n02317335_12008.JPEG,0.25,0.25,0.25,0.25
EUVP_underwater_dark,268941_n01943899_23701.JPEG,0.25,0.25,0.25,0.25
EUVP_underwater_dark,268942_00018031.jpg,0.25,0.25,0.25,0.25
EUVP_underwater_dark,268943_sea_turtle_underwater_621.jpg,0.25,0.25,0.25,0.25
EUVP_underwater_dark,268944_n01943899_19745.JPEG,0.25,0.25,0.25,0.25
EUVP_underwater_dark,268945_00028276.jpg,0.25,0.25,0.25,0.25
EUVP_underwater_dark,268947_n01950731_33114.JPEG,0.25,0.25,0.25,0.25
EUVP_underwater_dark,268950_n01978455_10431.JPEG,0.25,0.25,0.25,0.25
EUVP_underwater_dark,268953_n01924916_7252.JPEG,0.25,0.25,0.25,0.25
EUVP_underwater_dark,268954_n01910747_12628.JPEG,0.25,0.25,0.25,0.25
EUVP_underwater_dark,268955_00029868.jpg,0.25,0.25,0.25,0.25
EUVP_underwater_dark,268956_00011747.jpg,0.25,0.25,0.25,0.25
EUVP_underwater_dark,268957_n01751748_5147.JPEG,0.25,0.25,0.25,0.25
EUVP_underwater_dark,268959_00000123.jpg,0.25,0.25,0.25,0.25
EUVP_underwater_dark,268960_00025376.jpg,0.25,0.25,0.25,0.25
EUVP_underwater_dark,268961_00009723.jpg,0.25,0.25,0.25,0.25
EUVP_underwater_dark,268964_n02607072_676.JPEG,0.25,0.25,0.25,0.25
EUVP_underwater_dark,268965_sea_turtle_adorable_170.jpg,0.25,0.25,0.25,0.25
EUVP_underwater_dark,268966_00023176.jpg,0.25,0.25,0.25,0.25
EUVP_underwater_dark,268967_n01914609_11637.JPEG,0.25,0.25,0.25,0.25
EUVP_underwater_dark,268973_n02319095_8398.JPEG,0.25,0.25,0.25,0.25
EUVP_underwater_dark,268974_00013368.jpg,0.25,0.25,0.25,0.25
EUVP_underwater_dark,268975_00032032.jpg,0.25,0.25,0.25,0.25
EUVP_underwater_dark,268976_00034253.jpg,0.25,0.25,0.25,0.25
EUVP_underwater_dark,268977_00019666.jpg,0.25,0.25,0.25,0.25
EUVP_underwater_dark,268978_n02319095_2743.JPEG,0.25,0.25,0.25,0.25
EUVP_underwater_dark,268980_00024528.jpg,0.25,0.25,0.25,0.25
EUVP_underwater_dark,268982_00024277.jpg,0.25,0.25,0.25,0.25
EUVP_underwater_dark,268983_n01917289_4758.JPEG,0.25,0.25,0.25,0.25
EUVP_underwater_dark,268984_n01924916_3007.JPEG,0.25,0.25,0.25,0.25
EUVP_underwater_dark,268985_00032630.jpg,0.25,0.25,0.25,0.25
EUVP_underwater_dark,268986_n01491361_12637.JPEG,0.25,0.25,0.25,0.25
EUVP_underwater_dark,268988_00022195.jpg,0.25,0.25,0.25,0.25
EUVP_underwater_dark,268995_00000114.jpg,0.25,0.25,0.25,0.25
EUVP_underwater_dark,268997_00015781.jpg,0.25,0.25,0.25,0.25
EUVP_underwater_dark,268999_n01917289_5243.JPEG,0.25,0.25,0.25,0.25
EUVP_underwater_dark,269000_n01950731_4126.JPEG,0.25,0.25,0.25,0.25
EUVP_underwater_dark,269003_00023676.jpg,0.25,0.25,0.25,0.25
EUVP_underwater_dark,269005_n02607072_1684.JPEG,0.25,0.25,0.25,0.25
EUVP_underwater_dark,269007_00008298.jpg,0.25,0.25,0.25,0.25
EUVP_underwater_dark,269010_00030819.jpg,0.25,0.25,0.25,0.25
EUVP_underwater_dark,269012_n02319095_5088.JPEG,0.25,0.25,0.25,0.25
EUVP_underwater_dark,269014_00037110.jpg,0.25,0.25,0.25,0.25
EUVP_underwater_dark,269016_00035280.jpg,0.25,0.25,0.25,0.25
EUVP_underwater_dark,269017_00028860.jpg,0.25,0.25,0.25,0.25
EUVP_underwater_dark,269018_00013091.jpg,0.25,0.25,0.25,0.25
EUVP_underwater_dark,269019_00005706.jpg,0.25,0.25,0.25,0.25
EUVP_underwater_dark,269020_n01950731_14730.JPEG,0.25,0.25,0.25,0.25
EUVP_underwater_dark,269022_00023235.jpg,0.25,0.25,0.25,0.25
EUVP_underwater_dark,269023_n02606052_18026.JPEG,0.25,0.25,0.25,0.25
EUVP_underwater_dark,269024_n01980166_8197.JPEG,0.25,0.25,0.25,0.25
EUVP_underwater_dark,269028_00007505.jpg,0.25,0.25,0.25,0.25
EUVP_underwater_dark,269030_n01980166_1196.JPEG,0.25,0.25,0.25,0.25
EUVP_underwater_dark,269034_00032069.jpg,0.25,0.25,0.25,0.25
EUVP_underwater_dark,269037_n01980166_8002.JPEG,0.25,0.25,0.25,0.25
EUVP_underwater_dark,269038_00006117.jpg,0.25,0.25,0.25,0.25
EUVP_underwater_dark,269041_00002675.jpg,0.25,0.25,0.25,0.25
EUVP_underwater_dark,269042_n02321529_5583.JPEG,0.25,0.25,0.25,0.25
EUVP_underwater_dark,269044_n01924916_6388.JPEG,0.25,0.25,0.25,0.25
EUVP_underwater_dark,269045_n02526121_3281.JPEG,0.25,0.25,0.25,0.25
EUVP_underwater_dark,269046_00026294.jpg,0.25,0.25,0.25,0.25
EUVP_underwater_dark,269048_n02317335_12079.JPEG,0.25,0.25,0.25,0.25
EUVP_underwater_dark,269050_00003737.jpg,0.25,0.25,0.25,0.25
EUVP_underwater_dark,269051_00010955.jpg,0.25,0.25,0.25,0.25
EUVP_underwater_dark,269052_00025445.jpg,0.25,0.25,0.25,0.25
EUVP_underwater_dark,269053_00019916.jpg,0.25,0.25,0.25,0.25
EUVP_underwater_dark,269056_n01914609_3208.JPEG,0.25,0.25,0.25,0.25
EUVP_underwater_dark,269057_n01980166_4532.JPEG,0.25,0.25,0.25,0.25
EUVP_underwater_dark,269058_00034810.jpg,0.25,0.25,0.25,0.25
EUVP_underwater_dark,269060_n02655020_24387.JPEG,0.25,0.25,0.25,0.25
EUVP_underwater_dark,269061_n01496331_12657.JPEG,0.25,0.25,0.25,0.25
EUVP_underwater_dark,269064_00036249.jpg,0.25,0.25,0.25,0.25
EUVP_underwater_dark,269065_n02643566_3205.JPEG,0.25,0.25,0.25,0.25
EUVP_underwater_dark,269066_00030502.jpg,0.25,0.25,0.25,0.25
EUVP_underwater_dark,269067_00007532.jpg,0.25,0.25,0.25,0.25
EUVP_underwater_dark,269068_00015705.jpg,0.25,0.25,0.25,0.25
EUVP_underwater_dark,269075_00005799.jpg,0.25,0.25,0.25,0.25
EUVP_underwater_dark,269076_00026749.jpg,0.25,0.25,0.25,0.25
EUVP_underwater_dark,269077_00039820.jpg,0.25,0.25,0.25,0.25
EUVP_underwater_dark,269079_00024904.jpg,0.25,0.25,0.25,0.25
EUVP_underwater_dark,269080_n02607072_777.JPEG,0.25,0.25,0.25,0.25
EUVP_underwater_dark,269082_00001816.jpg,0.25,0.25,0.25,0.25
EUVP_underwater_dark,269083_00003685.jpg,0.25,0.25,0.25,0.25
EUVP_underwater_dark,269085_00009443.jpg,0.25,0.25,0.25,0.25
EUVP_underwater_dark,269086_n01924916_11261.JPEG,0.25,0.25,0.25,0.25
EUVP_underwater_dark,269087_n01924916_16261.JPEG,0.25,0.25,0.25,0.25
EUVP_underwater_dark,269093_n01484850_22702.JPEG,0.25,0.25,0.25,0.25
EUVP_underwater_dark,269094_00012224.jpg,0.25,0.25,0.25,0.25
EUVP_underwater_dark,269096_00026461.jpg,0.25,0.25,0.25,0.25
EUVP_underwater_dark,269097_n01950731_13225.JPEG,0.25,0.25,0.25,0.25
EUVP_underwater_dark,269098_00009389.jpg,0.25,0.25,0.25,0.25
EUVP_underwater_dark,269099_00018462.jpg,0.25,0.25,0.25,0.25
EUVP_underwater_dark,269101_n01950731_14102.JPEG,0.25,0.25,0.25,0.25
EUVP_underwater_dark,269104_00035027.jpg,0.25,0.25,0.25,0.25
EUVP_underwater_dark,269106_00002660.jpg,0.25,0.25,0.25,0.25
EUVP_underwater_dark,269107_scuba_italy_486.jpg,0.25,0.25,0.25,0.25
EUVP_underwater_dark,269109_00039410.jpg,0.25,0.25,0.25,0.25
EUVP_underwater_dark,269110_n02643566_3646.JPEG,0.25,0.25,0.25,0.25
EUVP_underwater_dark,269112_00003870.jpg,0.25,0.25,0.25,0.25
EUVP_underwater_dark,269113_n01914609_14004.JPEG,0.25,0.25,0.25,0.25
EUVP_underwater_dark,269114_00022823.jpg,0.25,0.25,0.25,0.25
EUVP_underwater_dark,269116_00003815.jpg,0.25,0.25,0.25,0.25
EUVP_underwater_dark,269117_00010795.jpg,0.25,0.25,0.25,0.25
EUVP_underwater_dark,269119_sun_bqauiedqoowdwrcy.jpg,0.25,0.25,0.25,0.25
EUVP_underwater_dark,269120_n01943899_30889.JPEG,0.25,0.25,0.25,0.25
EUVP_underwater_dark,269121_n01910747_1435.JPEG,0.25,0.25,0.25,0.25
EUVP_underwater_dark,269122_00030030.jpg,0.25,0.25,0.25,0.25
EUVP_underwater_dark,269123_n01498041_3700.JPEG,0.25,0.25,0.25,0.25
EUVP_underwater_dark,269124_n02319095_6379.JPEG,0.25,0.25,0.25,0.25
EUVP_underwater_dark,269126_n02607072_4655.JPEG,0.25,0.25,0.25,0.25
EUVP_underwater_dark,269127_n01950731_13133.JPEG,0.25,0.25,0.25,0.25
EUVP_underwater_dark,269128_00028116.jpg,0.25,0.25,0.25,0.25
EUVP_underwater_dark,269129_00021224.jpg,0.25,0.25,0.25,0.25
EUVP_underwater_dark,269131_n02317335_21802.JPEG,0.25,0.25,0.25,0.25
EUVP_underwater_dark,269132_00029615.jpg,0.25,0.25,0.25,0.25
EUVP_underwater_dark,269133_n01984695_28665.JPEG,0.25,0.25,0.25,0.25
EUVP_underwater_dark,269134_00022913.jpg,0.25,0.25,0.25,0.25
EUVP_underwater_dark,269137_00007668.jpg,0.25,0.25,0.25,0.25
EUVP_underwater_dark,269139_00005246.jpg,0.25,0.25,0.25,0.25
EUVP_underwater_dark,269141_n01924916_2154.JPEG,0.25,0.25,0.25,0.25
EUVP_underwater_dark,269142_n01950731_9098.JPEG,0.25,0.25,0.25,0.25
EUVP_underwater_dark,269143_00020141.jpg,0.25,0.25,0.25,0.25
EUVP_underwater_dark,269144_00029879.jpg,0.25,0.25,0.25,0.25
EUVP_underwater_dark,269145_00001722.jpg,0.25,0.25,0.25,0.25
EUVP_underwater_dark,269146_n01980166_5624.JPEG,0.25,0.25,0.25,0.25
EUVP_underwater_dark,269149_n01924916_3638.JPEG,0.25,0.25,0.25,0.25
EUVP_underwater_dark,269150_00000073.jpg,0.25,0.25,0.25,0.25
EUVP_underwater_dark,269152_n01914609_8372.JPEG,0.25,0.25,0.25,0.25
EUVP_underwater_dark,269153_00023955.jpg,0.25,0.25,0.25,0.25
EUVP_underwater_dark,269154_00028140.jpg,0.25,0.25,0.25,0.25
EUVP_underwater_dark,269156_scuba_phuket_850.jpg,0.25,0.25,0.25,0.25
EUVP_underwater_dark,269158_00017336.jpg,0.25,0.25,0.25,0.25
EUVP_underwater_dark,269159_00029846.jpg,0.25,0.25,0.25,0.25
EUVP_underwater_dark,269160_00012311.jpg,0.25,0.25,0.25,0.25
EUVP_underwater_dark,269163_n02655020_8931.JPEG,0.25,0.25,0.25,0.25
EUVP_underwater_dark,269165_n01914609_18107.JPEG,0.25,0.25,0.25,0.25
EUVP_underwater_dark,269166_n01498041_14427.JPEG,0.25,0.25,0.25,0.25
EUVP_underwater_dark,269168_00029767.jpg,0.25,0.25,0.25,0.25
EUVP_underwater_dark,269170_n02317335_17816.JPEG,0.25,0.25,0.25,0.25
EUVP_underwater_dark,269171_n01984695_4731.JPEG,0.25,0.25,0.25,0.25
EUVP_underwater_dark,269172_00030601.jpg,0.25,0.25,0.25,0.25
EUVP_underwater_dark,269173_00001058.jpg,0.25,0.25,0.25,0.25
EUVP_underwater_dark,269174_n02319095_7314.JPEG,0.25,0.25,0.25,0.25
EUVP_underwater_dark,269175_00032591.jpg,0.25,0.25,0.25,0.25
EUVP_underwater_dark,269176_n01924916_6105.JPEG,0.25,0.25,0.25,0.25
EUVP_underwater_dark,269180_n01950731_17305.JPEG,0.25,0.25,0.25,0.25
EUVP_underwater_dark,269182_n02607072_463.JPEG,0.25,0.25,0.25,0.25
EUVP_underwater_dark,269183_00020873.jpg,0.25,0.25,0.25,0.25
EUVP_underwater_dark,269186_n01978455_12413.JPEG,0.25,0.25,0.25,0.25
EUVP_underwater_dark,269187_n01664065_11822.JPEG,0.25,0.25,0.25,0.25
EUVP_underwater_dark,269190_00019195.jpg,0.25,0.25,0.25,0.25
EUVP_underwater_dark,269192_n02526121_97.JPEG,0.25,0.25,0.25,0.25
EUVP_underwater_dark,269194_00004957.jpg,0.25,0.25,0.25,0.25
EUVP_underwater_dark,269195_n01914609_10759.JPEG,0.25,0.25,0.25,0.25
EUVP_underwater_dark,269196_n02321529_4463.JPEG,0.25,0.25,0.25,0.25
EUVP_underwater_dark,269197_n02607072_7727.JPEG,0.25,0.25,0.25,0.25
EUVP_underwater_dark,269199_00005326.jpg,0.25,0.25,0.25,0.25
EUVP_underwater_dark,269200_00021348.jpg,0.25,0.25,0.25,0.25
EUVP_underwater_dark,269204_00035807.jpg,0.25,0.25,0.25,0.25
EUVP_underwater_dark,269205_00039185.jpg,0.25,0.25,0.25,0.25
EUVP_underwater_dark,269208_00017780.jpg,0.25,0.25,0.25,0.25
EUVP_underwater_dark,269209_n01924916_2449.JPEG,0.25,0.25,0.25,0.25
EUVP_underwater_dark,269212_n02319095_6505.JPEG,0.25,0.25,0.25,0.25
EUVP_underwater_dark,269215_scuba_caribbean_617.jpg,0.25,0.25,0.25,0.25
EUVP_underwater_dark,269217_n01924916_6675.JPEG,0.25,0.25,0.25,0.25
EUVP_underwater_dark,269218_n02643566_1909.JPEG,0.25,0.25,0.25,0.25
EUVP_underwater_dark,269219_n01924916_13736.JPEG,0.25,0.25,0.25,0.25
EUVP_underwater_dark,269220_scuba_seychelles_263.jpg,0.25,0.25,0.25,0.25
EUVP_underwater_dark,269221_n01978455_2099.JPEG,0.25,0.25,0.25,0.25
EUVP_underwater_dark,269222_00037261.jpg,0.25,0.25,0.25,0.25
EUVP_underwater_dark,269223_n01494475_7066.JPEG,0.25,0.25,0.25,0.25
EUVP_underwater_dark,269227_n02319095_6101.JPEG,0.25,0.25,0.25,0.25
EUVP_underwater_dark,269228_n01950731_6239.JPEG,0.25,0.25,0.25,0.25
EUVP_underwater_dark,269231_n02643566_4337.JPEG,0.25,0.25,0.25,0.25
EUVP_underwater_dark,269233_n01980166_2936.JPEG,0.25,0.25,0.25,0.25
EUVP_underwater_dark,269234_n02319095_2712.JPEG,0.25,0.25,0.25,0.25
EUVP_underwater_dark,269239_00003883.jpg,0.25,0.25,0.25,0.25
EUVP_underwater_dark,269240_00026196.jpg,0.25,0.25,0.25,0.25
EUVP_underwater_dark,269241_n01950731_8902.JPEG,0.25,0.25,0.25,0.25
EUVP_underwater_dark,269242_00033306.jpg,0.25,0.25,0.25,0.25
EUVP_underwater_dark,269244_00023763.jpg,0.25,0.25,0.25,0.25
EUVP_underwater_dark,269249_00017258.jpg,0.25,0.25,0.25,0.25
EUVP_underwater_dark,269250_00016155.jpg,0.25,0.25,0.25,0.25
EUVP_underwater_dark,269251_n01751748_1247.JPEG,0.25,0.25,0.25,0.25
EUVP_underwater_dark,269252_scuba_aquarium_718.jpg,0.25,0.25,0.25,0.25
EUVP_underwater_dark,269253_n01980166_8527.JPEG,0.25,0.25,0.25,0.25
EUVP_underwater_dark,269254_00014212.jpg,0.25,0.25,0.25,0.25
EUVP_underwater_dark,269257_00037922.jpg,0.25,0.25,0.25,0.25
EUVP_underwater_dark,269259_00001325.jpg,0.25,0.25,0.25,0.25
EUVP_underwater_dark,269261_n01950731_7504.JPEG,0.25,0.25,0.25,0.25
EUVP_underwater_dark,269262_n01924916_11270.JPEG,0.25,0.25,0.25,0.25
EUVP_underwater_dark,269263_00035450.jpg,0.25,0.25,0.25,0.25
EUVP_underwater_dark,269264_00027733.jpg,0.25,0.25,0.25,0.25
EUVP_underwater_dark,269265_sea_turtle_jellyfish_216.jpg,0.25,0.25,0.25,0.25
EUVP_underwater_dark,269268_n01751748_1879.JPEG,0.25,0.25,0.25,0.25
EUVP_underwater_dark,269269_00020871.jpg,0.25,0.25,0.25,0.25
EUVP_underwater_dark,269271_00033198.jpg,0.25,0.25,0.25,0.25
EUVP_underwater_dark,269273_00028936.jpg,0.25,0.25,0.25,0.25
EUVP_underwater_dark,269275_n02319095_4626.JPEG,0.25,0.25,0.25,0.25
EUVP_underwater_dark,269277_n02607072_4841.JPEG,0.25,0.25,0.25,0.25
EUVP_underwater_dark,269279_n01950731_16472.JPEG,0.25,0.25,0.25,0.25
EUVP_underwater_dark,269281_00035240.jpg,0.25,0.25,0.25,0.25
EUVP_underwater_dark,269282_00036291.jpg,0.25,0.25,0.25,0.25
EUVP_underwater_dark,269283_n02321529_13230.JPEG,0.25,0.25,0.25,0.25
EUVP_underwater_dark,269284_00007129.jpg,0.25,0.25,0.25,0.25
EUVP_underwater_dark,269285_00020890.jpg,0.25,0.25,0.25,0.25
EUVP_underwater_dark,269286_00020400.jpg,0.25,0.25,0.25,0.25
EUVP_underwater_dark,269288_00025506.jpg,0.25,0.25,0.25,0.25
EUVP_underwater_dark,269289_n02655020_3923.JPEG,0.25,0.25,0.25,0.25
EUVP_underwater_dark,269290_n01924916_15844.JPEG,0.25,0.25,0.25,0.25
EUVP_underwater_dark,269292_00000352.jpg,0.25,0.25,0.25,0.25
EUVP_underwater_dark,269294_00009693.jpg,0.25,0.25,0.25,0.25
EUVP_underwater_dark,269296_n01924916_7767.JPEG,0.25,0.25,0.25,0.25
EUVP_underwater_dark,269297_00020848.jpg,0.25,0.25,0.25,0.25
EUVP_underwater_dark,269298_00003765.jpg,0.25,0.25,0.25,0.25
EUVP_underwater_dark,269299_n01984695_55299.JPEG,0.25,0.25,0.25,0.25
EUVP_underwater_dark,269300_n02321529_3874.JPEG,0.25,0.25,0.25,0.25
EUVP_underwater_dark,269302_00014394.jpg,0.25,0.25,0.25,0.25
EUVP_underwater_dark,269303_n01950731_15853.JPEG,0.25,0.25,0.25,0.25
EUVP_underwater_dark,269304_00039855.jpg,0.25,0.25,0.25,0.25
EUVP_underwater_dark,269305_00006183.jpg,0.25,0.25,0.25,0.25
EUVP_underwater_dark,269306_sea_turtle_night_406.jpg,0.25,0.25,0.25,0.25
EUVP_underwater_dark,269307_n01924916_5290.JPEG,0.25,0.25,0.25,0.25
EUVP_underwater_dark,269309_00014275.jpg,0.25,0.25,0.25,0.25
EUVP_underwater_dark,269310_n01494475_22238.JPEG,0.25,0.25,0.25,0.25
EUVP_underwater_dark,269313_00001533.jpg,0.25,0.25,0.25,0.25
EUVP_underwater_dark,269314_00033494.jpg,0.25,0.25,0.25,0.25
EUVP_underwater_dark,269315_00025721.jpg,0.25,0.25,0.25,0.25
EUVP_underwater_dark,269316_00004107.jpg,0.25,0.25,0.25,0.25
EUVP_underwater_dark,269317_sun_aersutwqvenmfbfz.jpg,0.25,0.25,0.25,0.25
EUVP_underwater_dark,269318_00039593.jpg,0.25,0.25,0.25,0.25
EUVP_underwater_dark,269319_00014760.jpg,0.25,0.25,0.25,0.25
EUVP_underwater_dark,269320_00002573.jpg,0.25,0.25,0.25,0.25
EUVP_underwater_dark,269321_n02321529_16359.JPEG,0.25,0.25,0.25,0.25
EUVP_underwater_dark,269323_00004348.jpg,0.25,0.25,0.25,0.25
EUVP_underwater_dark,269324_00022032.jpg,0.25,0.25,0.25,0.25
EUVP_underwater_dark,269325_n09256479_7907.JPEG,0.25,0.25,0.25,0.25
EUVP_underwater_dark,269327_n01985128_13725.JPEG,0.25,0.25,0.25,0.25
EUVP_underwater_dark,269328_00032824.jpg,0.25,0.25,0.25,0.25
EUVP_underwater_dark,269329_n01984695_20372.JPEG,0.25,0.25,0.25,0.25
EUVP_underwater_dark,269330_n01924916_5316.JPEG,0.25,0.25,0.25,0.25
EUVP_underwater_dark,269334_n01978455_8352.JPEG,0.25,0.25,0.25,0.25
EUVP_underwater_dark,269335_00037551.jpg,0.25,0.25,0.25,0.25
EUVP_underwater_dark,269336_n02526121_9285.JPEG,0.25,0.25,0.25,0.25
EUVP_underwater_dark,269337_00029361.jpg,0.25,0.25,0.25,0.25
EUVP_underwater_dark,269338_n01914609_325.JPEG,0.25,0.25,0.25,0.25
EUVP_underwater_dark,269339_n02319095_6282.JPEG,0.25,0.25,0.25,0.25
EUVP_underwater_dark,269340_n02319095_7681.JPEG,0.25,0.25,0.25,0.25
EUVP_underwater_dark,269341_n01917289_2046.JPEG,0.25,0.25,0.25,0.25
EUVP_underwater_dark,269342_n01980166_1764.JPEG,0.25,0.25,0.25,0.25
EUVP_underwater_dark,269344_n01917289_595.JPEG,0.25,0.25,0.25,0.25
EUVP_underwater_dark,269345_00002171.jpg,0.25,0.25,0.25,0.25
EUVP_underwater_dark,269346_n02321529_5625.JPEG,0.25,0.25,0.25,0.25
EUVP_underwater_dark,269347_00006192.jpg,0.25,0.25,0.25,0.25
EUVP_underwater_dark,269348_00030370.jpg,0.25,0.25,0.25,0.25
EUVP_underwater_dark,269349_n09256479_2632.JPEG,0.25,0.25,0.25,0.25
EUVP_underwater_dark,269350_00031047.jpg,0.25,0.25,0.25,0.25
EUVP_underwater_dark,269351_00020373.jpg,0.25,0.25,0.25,0.25
EUVP_underwater_dark,269352_n01496331_12286.JPEG,0.25,0.25,0.25,0.25
EUVP_underwater_dark,269354_00015800.jpg,0.25,0.25,0.25,0.25
EUVP_underwater_dark,269355_00001407.jpg,0.25,0.25,0.25,0.25
EUVP_underwater_dark,269356_n01751748_7038.JPEG,0.25,0.25,0.25,0.25
EUVP_underwater_dark,269358_00022174.jpg,0.25,0.25,0.25,0.25
EUVP_underwater_dark,269360_00005989.jpg,0.25,0.25,0.25,0.25
EUVP_underwater_dark,269361_n01914609_379.JPEG,0.25,0.25,0.25,0.25
EUVP_underwater_dark,269362_00037563.jpg,0.25,0.25,0.25,0.25
EUVP_underwater_dark,269363_00029485.jpg,0.25,0.25,0.25,0.25
EUVP_underwater_dark,269365_00023264.jpg,0.25,0.25,0.25,0.25
EUVP_underwater_dark,269366_n01914609_8144.JPEG,0.25,0.25,0.25,0.25
EUVP_underwater_dark,269367_00000143.jpg,0.25,0.25,0.25,0.25
EUVP_underwater_dark,269368_n01751748_9183.JPEG,0.25,0.25,0.25,0.25
EUVP_underwater_dark,269369_00036349.jpg,0.25,0.25,0.25,0.25
EUVP_underwater_dark,269372_00027233.jpg,0.25,0.25,0.25,0.25
EUVP_underwater_dark,269373_00007104.jpg,0.25,0.25,0.25,0.25
EUVP_underwater_dark,269374_00027100.jpg,0.25,0.25,0.25,0.25
EUVP_underwater_dark,269377_00007096.jpg,0.25,0.25,0.25,0.25
EUVP_underwater_dark,269378_n02319095_8416.JPEG,0.25,0.25,0.25,0.25
EUVP_underwater_dark,269381_n01943899_21640.JPEG,0.25,0.25,0.25,0.25
EUVP_underwater_dark,269382_00028644.jpg,0.25,0.25,0.25,0.25
EUVP_underwater_dark,269384_n01981276_3126.JPEG,0.25,0.25,0.25,0.25
EUVP_underwater_dark,269386_n01917289_362.JPEG,0.25,0.25,0.25,0.25
EUVP_underwater_dark,269387_scuba_aquarium_161.jpg,0.25,0.25,0.25,0.25
EUVP_underwater_dark,269388_00000165.jpg,0.25,0.25,0.25,0.25
EUVP_underwater_dark,269389_00025651.jpg,0.25,0.25,0.25,0.25
EUVP_underwater_dark,269390_n01924916_6651.JPEG,0.25,0.25,0.25,0.25
EUVP_underwater_dark,269392_00031131.jpg,0.25,0.25,0.25,0.25
EUVP_underwater_dark,269393_00005797.jpg,0.25,0.25,0.25,0.25
EUVP_underwater_dark,269394_00002075.jpg,0.25,0.25,0.25,0.25
EUVP_underwater_dark,269396_n02606052_639.JPEG,0.25,0.25,0.25,0.25
EUVP_underwater_dark,269397_00011425.jpg,0.25,0.25,0.25,0.25
EUVP_underwater_dark,269398_00007550.jpg,0.25,0.25,0.25,0.25
EUVP_underwater_dark,269399_00027578.jpg,0.25,0.25,0.25,0.25
EUVP_underwater_dark,269400_n02321529_9860.JPEG,0.25,0.25,0.25,0.25
EUVP_underwater_dark,269401_00031147.jpg,0.25,0.25,0.25,0.25
EUVP_underwater_dark,269402_n01924916_6837.JPEG,0.25,0.25,0.25,0.25
EUVP_underwater_dark,269403_n01950731_13438.JPEG,0.25,0.25,0.25,0.25
EUVP_underwater_dark,269404_n09256479_11621.JPEG,0.25,0.25,0.25,0.25
EUVP_underwater_dark,269406_00001406.jpg,0.25,0.25,0.25,0.25
EUVP_underwater_dark,269409_00025685.jpg,0.25,0.25,0.25,0.25
EUVP_underwater_dark,269410_n01978455_6065.JPEG,0.25,0.25,0.25,0.25
EUVP_underwater_dark,269411_n01924916_8285.JPEG,0.25,0.25,0.25,0.25
EUVP_underwater_dark,269414_00038364.jpg,0.25,0.25,0.25,0.25
EUVP_underwater_dark,269416_sea_turtle_top_211.jpg,0.25,0.25,0.25,0.25
EUVP_underwater_dark,269418_00014229.jpg,0.25,0.25,0.25,0.25
EUVP_underwater_dark,269419_00000949.jpg,0.25,0.25,0.25,0.25
EUVP_underwater_dark,269420_n02321529_2920.JPEG,0.25,0.25,0.25,0.25
EUVP_underwater_dark,269421_00004533.jpg,0.25,0.25,0.25,0.25
EUVP_underwater_dark,269422_00030976.jpg,0.25,0.25,0.25,0.25
EUVP_underwater_dark,269423_00000160.jpg,0.25,0.25,0.25,0.25
EUVP_underwater_dark,269424_n02317335_15134.JPEG,0.25,0.25,0.25,0.25
EUVP_underwater_dark,269426_n01978455_10546.JPEG,0.25,0.25,0.25,0.25
EUVP_underwater_dark,269427_00027354.jpg,0.25,0.25,0.25,0.25
EUVP_underwater_dark,269429_00018450.jpg,0.25,0.25,0.25,0.25
EUVP_underwater_dark,269430_n01924916_7383.JPEG,0.25,0.25,0.25,0.25
EUVP_underwater_dark,269432_n01924916_4732.JPEG,0.25,0.25,0.25,0.25
EUVP_underwater_dark,269433_n01950731_1627.JPEG,0.25,0.25,0.25,0.25
EUVP_underwater_dark,269435_00012478.jpg,0.25,0.25,0.25,0.25
EUVP_underwater_dark,269438_00031658.jpg,0.25,0.25,0.25,0.25
EUVP_underwater_dark,269439_00013203.jpg,0.25,0.25,0.25,0.25
EUVP_underwater_dark,269440_n01978455_2341.JPEG,0.25,0.25,0.25,0.25
EUVP_underwater_dark,269441_n01924916_9328.JPEG,0.25,0.25,0.25,0.25
EUVP_underwater_dark,269442_00003280.jpg,0.25,0.25,0.25,0.25
EUVP_underwater_dark,269444_n01917289_3599.JPEG,0.25,0.25,0.25,0.25
EUVP_underwater_dark,269446_00035882.jpg,0.25,0.25,0.25,0.25
EUVP_underwater_dark,269448_n01914609_13694.JPEG,0.25,0.25,0.25,0.25
EUVP_underwater_dark,269450_n02066245_13399.JPEG,0.25,0.25,0.25,0.25
EUVP_underwater_dark,269452_n02606052_19669.JPEG,0.25,0.25,0.25,0.25
EUVP_underwater_dark,269453_00030136.jpg,0.25,0.25,0.25,0.25
EUVP_underwater_dark,269454_n01496331_26557.JPEG,0.25,0.25,0.25,0.25
EUVP_underwater_dark,269456_00011456.jpg,0.25,0.25,0.25,0.25
EUVP_underwater_dark,269457_00033107.jpg,0.25,0.25,0.25,0.25
EUVP_underwater_dark,269459_00014378.jpg,0.25,0.25,0.25,0.25
EUVP_underwater_dark,269460_00037041.jpg,0.25,0.25,0.25,0.25
EUVP_underwater_dark,269462_n02317335_13844.JPEG,0.25,0.25,0.25,0.25
EUVP_underwater_dark,269463_n02319095_3885.JPEG,0.25,0.25,0.25,0.25
EUVP_underwater_dark,269464_00031201.jpg,0.25,0.25,0.25,0.25
EUVP_underwater_dark,269465_n02526121_620.JPEG,0.25,0.25,0.25,0.25
EUVP_underwater_dark,269467_00012024.jpg,0.25,0.25,0.25,0.25
EUVP_underwater_dark,269469_00006282.jpg,0.25,0.25,0.25,0.25
EUVP_underwater_dark,269470_00002884.jpg,0.25,0.25,0.25,0.25
EUVP_underwater_dark,269474_n02321529_7152.JPEG,0.25,0.25,0.25,0.25
EUVP_underwater_dark,269475_n02526121_2041.JPEG,0.25,0.25,0.25,0.25
EUVP_underwater_dark,269478_00039785.jpg,0.25,0.25,0.25,0.25
EUVP_underwater_dark,269479_n01950731_12811.JPEG,0.25,0.25,0.25,0.25
EUVP_underwater_dark,269480_00001931.jpg,0.25,0.25,0.25,0.25
EUVP_underwater_dark,269481_n02606052_2705.JPEG,0.25,0.25,0.25,0.25
EUVP_underwater_dark,269482_n01924916_6287.JPEG,0.25,0.25,0.25,0.25
EUVP_underwater_dark,269484_00002220.jpg,0.25,0.25,0.25,0.25
EUVP_underwater_dark,269485_n01910747_7019.JPEG,0.25,0.25,0.25,0.25
EUVP_underwater_dark,269486_00006354.jpg,0.25,0.25,0.25,0.25
EUVP_underwater_dark,269487_scuba_seychelles_594.jpg,0.25,0.25,0.25,0.25
EUVP_underwater_dark,269488_00035702.jpg,0.25,0.25,0.25,0.25
EUVP_underwater_dark,269489_n02607072_1675.JPEG,0.25,0.25,0.25,0.25
EUVP_underwater_dark,269491_00012579.jpg,0.25,0.25,0.25,0.25
EUVP_underwater_dark,269492_n02317335_7262.JPEG,0.25,0.25,0.25,0.25
EUVP_underwater_dark,269493_00020007.jpg,0.25,0.25,0.25,0.25
EUVP_underwater_dark,269496_00030813.jpg,0.25,0.25,0.25,0.25
EUVP_underwater_dark,269500_n01917289_1038.JPEG,0.25,0.25,0.25,0.25
EUVP_underwater_dark,269501_00008903.jpg,0.25,0.25,0.25,0.25
EUVP_underwater_dark,269502_00025037.jpg,0.25,0.25,0.25,0.25
EUVP_underwater_dark,269503_sea_turtle_underwater_713.jpg,0.25,0.25,0.25,0.25
EUVP_underwater_dark,269504_n01950731_18041.JPEG,0.25,0.25,0.25,0.25
EUVP_underwater_dark,269506_scuba_seychelles_439.jpg,0.25,0.25,0.25,0.25
EUVP_underwater_dark,269508_n01914609_8578.JPEG,0.25,0.25,0.25,0.25
EUVP_underwater_dark,269510_00001593.jpg,0.25,0.25,0.25,0.25
EUVP_underwater_dark,269511_00000571.jpg,0.25,0.25,0.25,0.25
EUVP_underwater_dark,269512_00004456.jpg,0.25,0.25,0.25,0.25
EUVP_underwater_dark,269514_00008221.jpg,0.25,0.25,0.25,0.25
EUVP_underwater_dark,269515_n01950731_16610.JPEG,0.25,0.25,0.25,0.25
EUVP_underwater_dark,269517_00035169.jpg,0.25,0.25,0.25,0.25
EUVP_underwater_dark,269518_n01978455_12700.JPEG,0.25,0.25,0.25,0.25
EUVP_underwater_dark,269519_n01498041_10100.JPEG,0.25,0.25,0.25,0.25
EUVP_underwater_dark,269520_n01924916_15776.JPEG,0.25,0.25,0.25,0.25
EUVP_underwater_dark,269521_n02321529_18752.JPEG,0.25,0.25,0.25,0.25
EUVP_underwater_dark,269522_n02606052_7336.JPEG,0.25,0.25,0.25,0.25
EUVP_underwater_dark,269525_00011504.jpg,0.25,0.25,0.25,0.25
EUVP_underwater_dark,269527_n09256479_5777.JPEG,0.25,0.25,0.25,0.25
EUVP_underwater_dark,269528_00037184.jpg,0.25,0.25,0.25,0.25
EUVP_underwater_dark,269529_n02317335_10769.JPEG,0.25,0.25,0.25,0.25
EUVP_underwater_dark,269530_00025673.jpg,0.25,0.25,0.25,0.25
EUVP_underwater_dark,269531_n02655020_10271.JPEG,0.25,0.25,0.25,0.25
EUVP_underwater_dark,269532_00001614.jpg,0.25,0.25,0.25,0.25
EUVP_underwater_dark,269533_00028451.jpg,0.25,0.25,0.25,0.25
EUVP_underwater_dark,269537_n02321529_5576.JPEG,0.25,0.25,0.25,0.25
EUVP_underwater_dark,269538_00002577.jpg,0.25,0.25,0.25,0.25
EUVP_underwater_dark,269539_00012000.jpg,0.25,0.25,0.25,0.25
EUVP_underwater_dark,269540_00037694.jpg,0.25,0.25,0.25,0.25
EUVP_underwater_dark,269542_n02319095_2330.JPEG,0.25,0.25,0.25,0.25
EUVP_underwater_dark,269543_n01924916_13580.JPEG,0.25,0.25,0.25,0.25
EUVP_underwater_dark,269544_00006419.jpg,0.25,0.25,0.25,0.25
EUVP_underwater_dark,269547_n01978455_1970.JPEG,0.25,0.25,0.25,0.25
EUVP_underwater_dark,269548_n01950731_15125.JPEG,0.25,0.25,0.25,0.25
EUVP_underwater_dark,269549_00009660.jpg,0.25,0.25,0.25,0.25
EUVP_underwater_dark,269550_n02526121_6777.JPEG,0.25,0.25,0.25,0.25
EUVP_underwater_dark,269551_00035929.jpg,0.25,0.25,0.25,0.25
EUVP_underwater_dark,269552_n01950731_12933.JPEG,0.25,0.25,0.25,0.25
EUVP_underwater_dark,269553_00010130.jpg,0.25,0.25,0.25,0.25
EUVP_underwater_dark,269555_00033017.jpg,0.25,0.25,0.25,0.25
EUVP_underwater_dark,269557_n02319095_4003.JPEG,0.25,0.25,0.25,0.25
EUVP_underwater_dark,269558_n02319095_2443.JPEG,0.25,0.25,0.25,0.25
EUVP_underwater_dark,269559_n01943899_1938.JPEG,0.25,0.25,0.25,0.25
EUVP_underwater_dark,269560_00028682.jpg,0.25,0.25,0.25,0.25
EUVP_underwater_dark,269562_00012300.jpg,0.25,0.25,0.25,0.25
EUVP_underwater_dark,269563_n01498041_4203.JPEG,0.25,0.25,0.25,0.25
EUVP_underwater_dark,269564_00021971.jpg,0.25,0.25,0.25,0.25
EUVP_underwater_dark,269565_00001016.jpg,0.25,0.25,0.25,0.25
EUVP_underwater_dark,269568_00013048.jpg,0.25,0.25,0.25,0.25
EUVP_underwater_dark,269569_00019976.jpg,0.25,0.25,0.25,0.25
EUVP_underwater_dark,269571_00005427.jpg,0.25,0.25,0.25,0.25
EUVP_underwater_dark,269576_n09256479_4783.JPEG,0.25,0.25,0.25,0.25
EUVP_underwater_dark,269579_00007775.jpg,0.25,0.25,0.25,0.25
EUVP_underwater_dark,269581_n02319095_3850.JPEG,0.25,0.25,0.25,0.25
EUVP_underwater_dark,269582_n02643566_511.JPEG,0.25,0.25,0.25,0.25
EUVP_underwater_dark,269585_n01924916_8378.JPEG,0.25,0.25,0.25,0.25
EUVP_underwater_dark,269591_00009597.jpg,0.25,0.25,0.25,0.25
EUVP_underwater_dark,269593_n02317335_7488.JPEG,0.25,0.25,0.25,0.25
EUVP_underwater_dark,269595_00020693.jpg,0.25,0.25,0.25,0.25
EUVP_underwater_dark,269596_00033030.jpg,0.25,0.25,0.25,0.25
EUVP_underwater_dark,269598_n02317335_7225.JPEG,0.25,0.25,0.25,0.25
EUVP_underwater_dark,269600_n01491361_9614.JPEG,0.25,0.25,0.25,0.25
EUVP_underwater_dark,269602_n01984695_29668.JPEG,0.25,0.25,0.25,0.25
EUVP_underwater_dark,269604_sun_bxlmplthjffknurr.jpg,0.25,0.25,0.25,0.25
EUVP_underwater_dark,269605_n01914609_6761.JPEG,0.25,0.25,0.25,0.25
EUVP_underwater_dark,269609_00005530.jpg,0.25,0.25,0.25,0.25
EUVP_underwater_dark,269610_n01984695_16418.JPEG,0.25,0.25,0.25,0.25
EUVP_underwater_dark,269612_n01924916_7605.JPEG,0.25,0.25,0.25,0.25
EUVP_underwater_dark,269614_n02607072_3433.JPEG,0.25,0.25,0.25,0.25
EUVP_underwater_dark,269617_n09256479_12062.JPEG,0.25,0.25,0.25,0.25
EUVP_underwater_dark,269619_scuba_bvi_381.jpg,0.25,0.25,0.25,0.25
EUVP_underwater_dark,269620_n09256479_8708.JPEG,0.25,0.25,0.25,0.25
EUVP_underwater_dark,269622_00032161.jpg,0.25,0.25,0.25,0.25
EUVP_underwater_dark,269625_00032723.jpg,0.25,0.25,0.25,0.25
EUVP_underwater_dark,269629_00005969.jpg,0.25,0.25,0.25,0.25
EUVP_underwater_dark,269630_n02321529_3645.JPEG,0.25,0.25,0.25,0.25
EUVP_underwater_dark,269632_scuba_north_carolina_779.jpg,0.25,0.25,0.25,0.25
EUVP_underwater_dark,269633_00028973.jpg,0.25,0.25,0.25,0.25
EUVP_underwater_dark,269634_00013885.jpg,0.25,0.25,0.25,0.25
EUVP_underwater_dark,269637_n02319095_3497.JPEG,0.25,0.25,0.25,0.25
EUVP_underwater_dark,269641_n01496331_28283.JPEG,0.25,0.25,0.25,0.25
EUVP_underwater_dark,269644_n02319095_6970.JPEG,0.25,0.25,0.25,0.25
EUVP_underwater_dark,269646_n01980166_3153.JPEG,0.25,0.25,0.25,0.25
EUVP_underwater_dark,269647_00026024.jpg,0.25,0.25,0.25,0.25
EUVP_underwater_dark,269652_00035231.jpg,0.25,0.25,0.25,0.25
EUVP_underwater_dark,269654_00013400.jpg,0.25,0.25,0.25,0.25
EUVP_underwater_dark,269661_n02526121_3192.JPEG,0.25,0.25,0.25,0.25
EUVP_underwater_dark,269662_n02526121_5558.JPEG,0.25,0.25,0.25,0.25
EUVP_underwater_dark,269664_00020542.jpg,0.25,0.25,0.25,0.25
EUVP_underwater_dark,269666_00011032.jpg,0.25,0.25,0.25,0.25
EUVP_underwater_dark,269667_n01950731_10977.JPEG,0.25,0.25,0.25,0.25
EUVP_underwater_dark,269668_00029000.jpg,0.25,0.25,0.25,0.25
EUVP_underwater_dark,269670_n01914609_2435.JPEG,0.25,0.25,0.25,0.25
EUVP_underwater_dark,269671_00030223.jpg,0.25,0.25,0.25,0.25
EUVP_underwater_dark,269674_n01950731_23858.JPEG,0.25,0.25,0.25,0.25
EUVP_underwater_dark,269675_00004426.jpg,0.25,0.25,0.25,0.25
EUVP_underwater_dark,269676_00014864.jpg,0.25,0.25,0.25,0.25
EUVP_underwater_dark,269678_n01498041_12614.JPEG,0.25,0.25,0.25,0.25
EUVP_underwater_dark,269680_n01924916_5584.JPEG,0.25,0.25,0.25,0.25
EUVP_underwater_dark,269681_n01950731_14168.JPEG,0.25,0.25,0.25,0.25
EUVP_underwater_dark,269682_00034735.jpg,0.25,0.25,0.25,0.25
EUVP_underwater_dark,269684_00016601.jpg,0.25,0.25,0.25,0.25
EUVP_underwater_dark,269686_00024806.jpg,0.25,0.25,0.25,0.25
EUVP_underwater_dark,269688_00020448.jpg,0.25,0.25,0.25,0.25
EUVP_underwater_dark,269689_n02319095_1864.JPEG,0.25,0.25,0.25,0.25
EUVP_underwater_dark,269690_00022818.jpg,0.25,0.25,0.25,0.25
EUVP_underwater_dark,269691_00035344.jpg,0.25,0.25,0.25,0.25
EUVP_underwater_dark,269692_00030050.jpg,0.25,0.25,0.25,0.25
EUVP_underwater_dark,269693_n01978455_9851.JPEG,0.25,0.25,0.25,0.25
EUVP_underwater_dark,269695_n02607072_3202.JPEG,0.25,0.25,0.25,0.25
EUVP_underwater_dark,269697_scuba_phi_phi_646.jpg,0.25,0.25,0.25,0.25
EUVP_underwater_dark,269698_00024239.jpg,0.25,0.25,0.25,0.25
EUVP_underwater_dark,269699_00007233.jpg,0.25,0.25,0.25,0.25
EUVP_underwater_dark,269700_n01914609_11031.JPEG,0.25,0.25,0.25,0.25
EUVP_underwater_dark,269702_00017486.jpg,0.25,0.25,0.25,0.25
EUVP_underwater_dark,269703_n02319095_487.JPEG,0.25,0.25,0.25,0.25
EUVP_underwater_dark,269705_00015613.jpg,0.25,0.25,0.25,0.25
EUVP_underwater_dark,269707_00029655.jpg,0.25,0.25,0.25,0.25
EUVP_underwater_dark,269709_n01980166_1506.JPEG,0.25,0.25,0.25,0.25
EUVP_underwater_dark,269710_n01491361_4159.JPEG,0.25,0.25,0.25,0.25
EUVP_underwater_dark,269711_00031857.jpg,0.25,0.25,0.25,0.25
EUVP_underwater_dark,269712_n02526121_5083.JPEG,0.25,0.25,0.25,0.25
EUVP_underwater_dark,269714_n01984695_64134.JPEG,0.25,0.25,0.25,0.25
EUVP_underwater_dark,269717_00030006.jpg,0.25,0.25,0.25,0.25
EUVP_underwater_dark,269718_n01924916_14623.JPEG,0.25,0.25,0.25,0.25
EUVP_underwater_dark,269720_n01943899_12851.JPEG,0.25,0.25,0.25,0.25
EUVP_underwater_dark,269721_00034484.jpg,0.25,0.25,0.25,0.25
EUVP_underwater_dark,269722_scuba_greece_884.jpg,0.25,0.25,0.25,0.25
EUVP_underwater_dark,269723_n02319095_2989.JPEG,0.25,0.25,0.25,0.25
EUVP_underwater_dark,269724_n01924916_10725.JPEG,0.25,0.25,0.25,0.25
EUVP_underwater_dark,269725_n02317335_20653.JPEG,0.25,0.25,0.25,0.25
EUVP_underwater_dark,269726_brain_coral_44.jpg,0.25,0.25,0.25,0.25
EUVP_underwater_dark,269729_00016223.jpg,0.25,0.25,0.25,0.25
EUVP_underwater_dark,269731_00035238.jpg,0.25,0.25,0.25,0.25
EUVP_underwater_dark,269732_sea_turtle_side_199.jpg,0.25,0.25,0.25,0.25
EUVP_underwater_dark,269733_00026094.jpg,0.25,0.25,0.25,0.25
EUVP_underwater_dark,269734_00020088.jpg,0.25,0.25,0.25,0.25
EUVP_underwater_dark,269736_00039117.jpg,0.25,0.25,0.25,0.25
EUVP_underwater_dark,269738_n02321529_1430.JPEG,0.25,0.25,0.25,0.25
EUVP_underwater_dark,269739_n02606052_22423.JPEG,0.25,0.25,0.25,0.25
EUVP_underwater_dark,269741_n02317335_721.JPEG,0.25,0.25,0.25,0.25
EUVP_underwater_dark,269743_00010922.jpg,0.25,0.25,0.25,0.25
EUVP_underwater_dark,269744_00026916.jpg,0.25,0.25,0.25,0.25
EUVP_underwater_dark,269746_n02643566_16380.JPEG,0.25,0.25,0.25,0.25
EUVP_underwater_dark,269747_n02317335_24918.JPEG,0.25,0.25,0.25,0.25
EUVP_underwater_dark,269748_00025805.jpg,0.25,0.25,0.25,0.25
EUVP_underwater_dark,269749_00037855.jpg,0.25,0.25,0.25,0.25
EUVP_underwater_dark,269750_00006009.jpg,0.25,0.25,0.25,0.25
EUVP_underwater_dark,269751_n01924916_7291.JPEG,0.25,0.25,0.25,0.25
EUVP_underwater_dark,269753_00035728.jpg,0.25,0.25,0.25,0.25
EUVP_underwater_dark,269754_n02606052_193.JPEG,0.25,0.25,0.25,0.25
EUVP_underwater_dark,269755_00023679.jpg,0.25,0.25,0.25,0.25
EUVP_underwater_dark,269756_00029025.jpg,0.25,0.25,0.25,0.25
EUVP_underwater_dark,269757_sea_turtle_jellyfish_97.jpg,0.25,0.25,0.25,0.25
EUVP_underwater_dark,269758_00007787.jpg,0.25,0.25,0.25,0.25
EUVP_underwater_dark,269759_n01914609_17084.JPEG,0.25,0.25,0.25,0.25
EUVP_underwater_dark,269761_n02321529_14141.JPEG,0.25,0.25,0.25,0.25
EUVP_underwater_dark,269763_00030019.jpg,0.25,0.25,0.25,0.25
EUVP_underwater_dark,269765_00018219.jpg,0.25,0.25,0.25,0.25
EUVP_underwater_dark,269766_n01978287_2030.JPEG,0.25,0.25,0.25,0.25
EUVP_underwater_dark,269767_n01978455_6673.JPEG,0.25,0.25,0.25,0.25
EUVP_underwater_dark,269768_00007258.jpg,0.25,0.25,0.25,0.25
EUVP_underwater_dark,269770_00035986.jpg,0.25,0.25,0.25,0.25
EUVP_underwater_dark,269771_00005993.jpg,0.25,0.25,0.25,0.25
EUVP_underwater_dark,269775_n01984695_36462.JPEG,0.25,0.25,0.25,0.25
EUVP_underwater_dark,269776_n01950731_13028.JPEG,0.25,0.25,0.25,0.25
EUVP_underwater_dark,269777_n02607072_1222.JPEG,0.25,0.25,0.25,0.25
EUVP_underwater_dark,269778_00021029.jpg,0.25,0.25,0.25,0.25
EUVP_underwater_dark,269779_n02319095_7275.JPEG,0.25,0.25,0.25,0.25
EUVP_underwater_dark,269780_n02317335_13027.JPEG,0.25,0.25,0.25,0.25
EUVP_underwater_dark,269781_00016342.jpg,0.25,0.25,0.25,0.25
EUVP_underwater_dark,269785_n01978455_2185.JPEG,0.25,0.25,0.25,0.25
EUVP_underwater_dark,269787_00021695.jpg,0.25,0.25,0.25,0.25
EUVP_underwater_dark,269788_00028996.jpg,0.25,0.25,0.25,0.25
EUVP_underwater_dark,269790_n02607072_3700.JPEG,0.25,0.25,0.25,0.25
EUVP_underwater_dark,269791_n02317335_4879.JPEG,0.25,0.25,0.25,0.25
EUVP_underwater_dark,269794_00026945.jpg,0.25,0.25,0.25,0.25
EUVP_underwater_dark,269796_00033165.jpg,0.25,0.25,0.25,0.25
EUVP_underwater_dark,269797_00035291.jpg,0.25,0.25,0.25,0.25
EUVP_underwater_dark,269798_n01924916_1426.JPEG,0.25,0.25,0.25,0.25
EUVP_underwater_dark,269799_00001461.jpg,0.25,0.25,0.25,0.25
EUVP_underwater_dark,269800_00004979.jpg,0.25,0.25,0.25,0.25
EUVP_underwater_dark,269801_00036490.jpg,0.25,0.25,0.25,0.25
EUVP_underwater_dark,269802_n02607072_2060.JPEG,0.25,0.25,0.25,0.25
EUVP_underwater_dark,269804_n02317335_6070.JPEG,0.25,0.25,0.25,0.25
EUVP_underwater_dark,269807_00014456.jpg,0.25,0.25,0.25,0.25
EUVP_underwater_dark,269810_00033815.jpg,0.25,0.25,0.25,0.25
EUVP_underwater_dark,269811_00015845.jpg,0.25,0.25,0.25,0.25
EUVP_underwater_dark,269812_n01751748_7438.JPEG,0.25,0.25,0.25,0.25
EUVP_underwater_dark,269814_n02319095_9752.JPEG,0.25,0.25,0.25,0.25
EUVP_underwater_dark,269818_00004205.jpg,0.25,0.25,0.25,0.25
EUVP_underwater_dark,269819_00005999.jpg,0.25,0.25,0.25,0.25
EUVP_underwater_dark,269820_00008938.jpg,0.25,0.25,0.25,0.25
EUVP_underwater_dark,269821_n02321529_11154.JPEG,0.25,0.25,0.25,0.25
EUVP_underwater_dark,269825_n01910747_10096.JPEG,0.25,0.25,0.25,0.25
EUVP_underwater_dark,269826_n02606052_1487.JPEG,0.25,0.25,0.25,0.25
EUVP_underwater_dark,269827_n09256479_11703.JPEG,0.25,0.25,0.25,0.25
EUVP_underwater_dark,269829_n01910747_517.JPEG,0.25,0.25,0.25,0.25
EUVP_underwater_dark,269830_00021651.jpg,0.25,0.25,0.25,0.25
EUVP_underwater_dark,269832_n02319095_1537.JPEG,0.25,0.25,0.25,0.25
EUVP_underwater_dark,269834_00018748.jpg,0.25,0.25,0.25,0.25
EUVP_underwater_dark,269836_n02319095_10201.JPEG,0.25,0.25,0.25,0.25
EUVP_underwater_dark,269837_n02526121_9708.JPEG,0.25,0.25,0.25,0.25
EUVP_underwater_dark,269840_00018778.jpg,0.25,0.25,0.25,0.25
EUVP_underwater_dark,269841_n01498041_7627.JPEG,0.25,0.25,0.25,0.25
EUVP_underwater_dark,269844_00011057.jpg,0.25,0.25,0.25,0.25
EUVP_underwater_dark,269846_00029077.jpg,0.25,0.25,0.25,0.25
EUVP_underwater_dark,269847_00024238.jpg,0.25,0.25,0.25,0.25
EUVP_underwater_dark,269853_n01950731_17087.JPEG,0.25,0.25,0.25,0.25
EUVP_underwater_dark,269854_n01981276_20740.JPEG,0.25,0.25,0.25,0.25
EUVP_underwater_dark,269858_00015546.jpg,0.25,0.25,0.25,0.25
EUVP_underwater_dark,269859_00032023.jpg,0.25,0.25,0.25,0.25
EUVP_underwater_dark,269860_00016808.jpg,0.25,0.25,0.25,0.25
EUVP_underwater_dark,269861_n02655020_10217.JPEG,0.25,0.25,0.25,0.25
EUVP_underwater_dark,269863_n01914609_9446.JPEG,0.25,0.25,0.25,0.25
EUVP_underwater_dark,269873_00037877.jpg,0.25,0.25,0.25,0.25
EUVP_underwater_dark,269875_n02526121_29358.JPEG,0.25,0.25,0.25,0.25
EUVP_underwater_dark,269876_n02321529_8120.JPEG,0.25,0.25,0.25,0.25
EUVP_underwater_dark,269877_n01751748_8504.JPEG,0.25,0.25,0.25,0.25
EUVP_underwater_dark,269878_n02321529_1898.JPEG,0.25,0.25,0.25,0.25
EUVP_underwater_dark,269879_00033197.jpg,0.25,0.25,0.25,0.25
EUVP_underwater_dark,269882_00028175.jpg,0.25,0.25,0.25,0.25
EUVP_underwater_dark,269883_sea_turtle_coral_reef_135.jpg,0.25,0.25,0.25,0.25
EUVP_underwater_dark,269885_00016495.jpg,0.25,0.25,0.25,0.25
EUVP_underwater_dark,269887_n02643566_2988.JPEG,0.25,0.25,0.25,0.25
EUVP_underwater_dark,269889_00008460.jpg,0.25,0.25,0.25,0.25
EUVP_underwater_dark,269892_00001663.jpg,0.25,0.25,0.25,0.25
EUVP_underwater_dark,269893_n01496331_21482.JPEG,0.25,0.25,0.25,0.25
EUVP_underwater_dark,269898_00003061.jpg,0.25,0.25,0.25,0.25
EUVP_underwater_dark,269899_n09256479_10982.JPEG,0.25,0.25,0.25,0.25
EUVP_underwater_dark,269901_00018387.jpg,0.25,0.25,0.25,0.25
EUVP_underwater_dark,269902_n01950731_12104.JPEG,0.25,0.25,0.25,0.25
EUVP_underwater_dark,269903_00020756.jpg,0.25,0.25,0.25,0.25
EUVP_underwater_dark,269904_00012970.jpg,0.25,0.25,0.25,0.25
EUVP_underwater_dark,269905_00001758.jpg,0.25,0.25,0.25,0.25
EUVP_underwater_dark,269906_00027574.jpg,0.25,0.25,0.25,0.25
EUVP_underwater_dark,269909_00033075.jpg,0.25,0.25,0.25,0.25
EUVP_underwater_dark,269910_00024124.jpg,0.25,0.25,0.25,0.25
EUVP_underwater_dark,269911_n01496331_33953.JPEG,0.25,0.25,0.25,0.25
EUVP_underwater_dark,269912_00028210.jpg,0.25,0.25,0.25,0.25
EUVP_underwater_dark,269916_00032504.jpg,0.25,0.25,0.25,0.25
EUVP_underwater_dark,269918_n02643566_238.JPEG,0.25,0.25,0.25,0.25
EUVP_underwater_dark,269920_00011826.jpg,0.25,0.25,0.25,0.25
EUVP_underwater_dark,269921_00021381.jpg,0.25,0.25,0.25,0.25
EUVP_underwater_dark,269923_00022000.jpg,0.25,0.25,0.25,0.25
EUVP_underwater_dark,269924_n01924916_1570.JPEG,0.25,0.25,0.25,0.25
EUVP_underwater_dark,269925_n01914609_11418.JPEG,0.25,0.25,0.25,0.25
EUVP_underwater_dark,269926_n02526121_2759.JPEG,0.25,0.25,0.25,0.25
EUVP_underwater_dark,269927_00034066.jpg,0.25,0.25,0.25,0.25
EUVP_underwater_dark,269931_scuba_italy_896.jpg,0.25,0.25,0.25,0.25
EUVP_underwater_dark,269932_n02321529_5379.JPEG,0.25,0.25,0.25,0.25
EUVP_underwater_dark,269933_n01978455_5906.JPEG,0.25,0.25,0.25,0.25
EUVP_underwater_dark,269935_00001550.jpg,0.25,0.25,0.25,0.25
EUVP_underwater_dark,269936_n02643566_4066.JPEG,0.25,0.25,0.25,0.25
EUVP_underwater_dark,269937_n01980166_351.JPEG,0.25,0.25,0.25,0.25
EUVP_underwater_dark,269938_n01950731_16053.JPEG,0.25,0.25,0.25,0.25
EUVP_underwater_dark,269939_n01924916_3720.JPEG,0.25,0.25,0.25,0.25
EUVP_underwater_dark,269942_00003872.jpg,0.25,0.25,0.25,0.25
EUVP_underwater_dark,269944_n01980166_1107.JPEG,0.25,0.25,0.25,0.25
EUVP_underwater_dark,269945_00001806.jpg,0.25,0.25,0.25,0.25
EUVP_underwater_dark,269946_00019243.jpg,0.25,0.25,0.25,0.25
EUVP_underwater_dark,269947_n02526121_4909.JPEG,0.25,0.25,0.25,0.25
EUVP_underwater_dark,269948_n01943899_13966.JPEG,0.25,0.25,0.25,0.25
EUVP_underwater_dark,269951_n01978455_5017.JPEG,0.25,0.25,0.25,0.25
EUVP_underwater_dark,269952_00010814.jpg,0.25,0.25,0.25,0.25
EUVP_underwater_dark,269953_00013381.jpg,0.25,0.25,0.25,0.25
EUVP_underwater_dark,269955_00017123.jpg,0.25,0.25,0.25,0.25
EUVP_underwater_dark,269957_00030537.jpg,0.25,0.25,0.25,0.25
EUVP_underwater_dark,269959_00039642.jpg,0.25,0.25,0.25,0.25
EUVP_underwater_dark,269960_n01980166_8679.JPEG,0.25,0.25,0.25,0.25
EUVP_underwater_dark,269961_n02526121_7017.JPEG,0.25,0.25,0.25,0.25
EUVP_underwater_dark,269963_00011663.jpg,0.25,0.25,0.25,0.25
EUVP_underwater_dark,269965_n02606052_21278.JPEG,0.25,0.25,0.25,0.25
EUVP_underwater_dark,269967_00038411.jpg,0.25,0.25,0.25,0.25
EUVP_underwater_dark,269968_n09256479_6839.JPEG,0.25,0.25,0.25,0.25
EUVP_underwater_dark,269970_00039364.jpg,0.25,0.25,0.25,0.25
EUVP_underwater_dark,269973_00037845.jpg,0.25,0.25,0.25,0.25
EUVP_underwater_dark,269974_00014578.jpg,0.25,0.25,0.25,0.25
EUVP_underwater_dark,269975_00016403.jpg,0.25,0.25,0.25,0.25
EUVP_underwater_dark,269976_00024181.jpg,0.25,0.25,0.25,0.25
EUVP_underwater_dark,269980_n01917289_1948.JPEG,0.25,0.25,0.25,0.25
EUVP_underwater_dark,269981_n09256479_13089.JPEG,0.25,0.25,0.25,0.25
EUVP_underwater_dark,269984_scuba_costa_rica_611.jpg,0.25,0.25,0.25,0.25
EUVP_underwater_dark,269986_n01950731_14216.JPEG,0.25,0.25,0.25,0.25
EUVP_underwater_dark,269990_n01985128_31768.JPEG,0.25,0.25,0.25,0.25
EUVP_underwater_dark,269991_00035012.jpg,0.25,0.25,0.25,0.25
EUVP_underwater_dark,269992_n01751748_5034.JPEG,0.25,0.25,0.25,0.25
EUVP_underwater_dark,269995_n09256479_4779.JPEG,0.25,0.25,0.25,0.25
EUVP_underwater_dark,269997_00031288.jpg,0.25,0.25,0.25,0.25
EUVP_underwater_dark,269999_00025249.jpg,0.25,0.25,0.25,0.25
EUVP_underwater_dark,270003_n02317335_22175.JPEG,0.25,0.25,0.25,0.25
EUVP_underwater_dark,270004_00026848.jpg,0.25,0.25,0.25,0.25
EUVP_underwater_dark,270005_00036842.jpg,0.25,0.25,0.25,0.25
EUVP_underwater_dark,270008_n01917289_3169.JPEG,0.25,0.25,0.25,0.25
EUVP_underwater_dark,270011_00020042.jpg,0.25,0.25,0.25,0.25
EUVP_underwater_dark,270013_sea_turtle_kauai_353.jpg,0.25,0.25,0.25,0.25
EUVP_underwater_dark,270018_00032982.jpg,0.25,0.25,0.25,0.25
EUVP_underwater_dark,270019_00006977.jpg,0.25,0.25,0.25,0.25
EUVP_underwater_dark,270022_00001589.jpg,0.25,0.25,0.25,0.25
EUVP_underwater_dark,270025_00004720.jpg,0.25,0.25,0.25,0.25
EUVP_underwater_dark,270026_00010764.jpg,0.25,0.25,0.25,0.25
EUVP_underwater_dark,270028_00037035.jpg,0.25,0.25,0.25,0.25
EUVP_underwater_dark,270029_n01980166_266.JPEG,0.25,0.25,0.25,0.25
EUVP_underwater_dark,270031_00000353.jpg,0.25,0.25,0.25,0.25
EUVP_underwater_dark,270032_n02643566_3290.JPEG,0.25,0.25,0.25,0.25
EUVP_underwater_dark,270034_scuba_aquarium_89.jpg,0.25,0.25,0.25,0.25
EUVP_underwater_dark,270037_n02321529_7476.JPEG,0.25,0.25,0.25,0.25
EUVP_underwater_dark,270038_00001970.jpg,0.25,0.25,0.25,0.25
EUVP_underwater_dark,270039_n02319095_6669.JPEG,0.25,0.25,0.25,0.25
EUVP_underwater_dark,270041_00039740.jpg,0.25,0.25,0.25,0.25
EUVP_underwater_dark,270043_00005133.jpg,0.25,0.25,0.25,0.25
EUVP_underwater_dark,270044_00009757.jpg,0.25,0.25,0.25,0.25
EUVP_underwater_dark,270045_00029210.jpg,0.25,0.25,0.25,0.25
EUVP_underwater_dark,270046_00024493.jpg,0.25,0.25,0.25,0.25
EUVP_underwater_dark,270047_00027699.jpg,0.25,0.25,0.25,0.25
EUVP_underwater_dark,270048_00014321.jpg,0.25,0.25,0.25,0.25
EUVP_underwater_dark,270049_00020790.jpg,0.25,0.25,0.25,0.25
EUVP_underwater_dark,270050_n01950731_13511.JPEG,0.25,0.25,0.25,0.25
EUVP_underwater_dark,270051_n01914609_440.JPEG,0.25,0.25,0.25,0.25
EUVP_underwater_dark,270053_n01751748_19904.JPEG,0.25,0.25,0.25,0.25
EUVP_underwater_dark,270055_n01980166_2703.JPEG,0.25,0.25,0.25,0.25
EUVP_underwater_dark,270056_00034352.jpg,0.25,0.25,0.25,0.25
EUVP_underwater_dark,270057_00022491.jpg,0.25,0.25,0.25,0.25
EUVP_underwater_dark,270058_00004367.jpg,0.25,0.25,0.25,0.25
EUVP_underwater_dark,270059_n02319095_7838.JPEG,0.25,0.25,0.25,0.25
EUVP_underwater_dark,270062_00003369.jpg,0.25,0.25,0.25,0.25
EUVP_underwater_dark,270064_00035781.jpg,0.25,0.25,0.25,0.25
EUVP_underwater_dark,270065_00023962.jpg,0.25,0.25,0.25,0.25
EUVP_underwater_dark,270066_n01978455_5979.JPEG,0.25,0.25,0.25,0.25
EUVP_underwater_dark,270067_n02607072_98.JPEG,0.25,0.25,0.25,0.25
EUVP_underwater_dark,270068_00007868.jpg,0.25,0.25,0.25,0.25
EUVP_underwater_dark,270069_00024768.jpg,0.25,0.25,0.25,0.25
EUVP_underwater_dark,270071_n01978455_694.JPEG,0.25,0.25,0.25,0.25
EUVP_underwater_dark,270072_n01950731_10245.JPEG,0.25,0.25,0.25,0.25
EUVP_underwater_dark,270074_00008943.jpg,0.25,0.25,0.25,0.25
EUVP_underwater_dark,270075_n01950731_13867.JPEG,0.25,0.25,0.25,0.25
EUVP_underwater_dark,270076_00008117.jpg,0.25,0.25,0.25,0.25
EUVP_underwater_dark,270077_n02607072_2882.JPEG,0.25,0.25,0.25,0.25
EUVP_underwater_dark,270079_n01978455_3349.JPEG,0.25,0.25,0.25,0.25
EUVP_underwater_dark,270080_n02643566_3689.JPEG,0.25,0.25,0.25,0.25
EUVP_underwater_dark,270081_n01664065_28626.JPEG,0.25,0.25,0.25,0.25
EUVP_underwater_dark,270083_00025391.jpg,0.25,0.25,0.25,0.25
EUVP_underwater_dark,270086_00032934.jpg,0.25,0.25,0.25,0.25
EUVP_underwater_dark,270087_n01978455_8263.JPEG,0.25,0.25,0.25,0.25
EUVP_underwater_dark,270088_00002905.jpg,0.25,0.25,0.25,0.25
EUVP_underwater_dark,270089_00028469.jpg,0.25,0.25,0.25,0.25
EUVP_underwater_dark,270093_00028801.jpg,0.25,0.25,0.25,0.25
EUVP_underwater_dark,270095_00007009.jpg,0.25,0.25,0.25,0.25
EUVP_underwater_dark,270096_00026670.jpg,0.25,0.25,0.25,0.25
EUVP_underwater_dark,270097_00032699.jpg,0.25,0.25,0.25,0.25
EUVP_underwater_dark,270099_scuba_iceland_133.jpg,0.25,0.25,0.25,0.25
EUVP_underwater_dark,270100_sea_turtle_adorable_211.jpg,0.25,0.25,0.25,0.25
EUVP_underwater_dark,270101_00019830.jpg,0.25,0.25,0.25,0.25
EUVP_underwater_dark,270102_n02643566_6802.JPEG,0.25,0.25,0.25,0.25
EUVP_underwater_dark,270104_n01950731_1711.JPEG,0.25,0.25,0.25,0.25
EUVP_underwater_dark,270107_n01914609_724.JPEG,0.25,0.25,0.25,0.25
EUVP_underwater_dark,270108_scuba_thanksgiving_188.jpg,0.25,0.25,0.25,0.25
EUVP_underwater_dark,270109_00036873.jpg,0.25,0.25,0.25,0.25
EUVP_underwater_dark,270110_00022152.jpg,0.25,0.25,0.25,0.25
EUVP_underwater_dark,270111_00004854.jpg,0.25,0.25,0.25,0.25
EUVP_underwater_dark,270112_sea_turtle_adorable_325.jpg,0.25,0.25,0.25,0.25
EUVP_underwater_dark,270113_sun_bjyohiwtzzcgafwk.jpg,0.25,0.25,0.25,0.25
EUVP_underwater_dark,270114_n09256479_12269.JPEG,0.25,0.25,0.25,0.25
EUVP_underwater_dark,270115_n01751748_6399.JPEG,0.25,0.25,0.25,0.25
EUVP_underwater_dark,270117_n02319095_8654.JPEG,0.25,0.25,0.25,0.25
EUVP_underwater_dark,270118_00009455.jpg,0.25,0.25,0.25,0.25
EUVP_underwater_dark,270119_00030721.jpg,0.25,0.25,0.25,0.25
EUVP_underwater_dark,270123_n01950731_8574.JPEG,0.25,0.25,0.25,0.25
EUVP_underwater_dark,270124_n02321529_9582.JPEG,0.25,0.25,0.25,0.25
EUVP_underwater_dark,270127_n01950731_16674.JPEG,0.25,0.25,0.25,0.25
EUVP_underwater_dark,270131_00008941.jpg,0.25,0.25,0.25,0.25
EUVP_underwater_dark,270133_00001791.jpg,0.25,0.25,0.25,0.25
EUVP_underwater_dark,270134_00004201.jpg,0.25,0.25,0.25,0.25
EUVP_underwater_dark,270135_00000442.jpg,0.25,0.25,0.25,0.25
EUVP_underwater_dark,270136_00025709.jpg,0.25,0.25,0.25,0.25
EUVP_underwater_dark,270137_00032879.jpg,0.25,0.25,0.25,0.25
EUVP_underwater_dark,270138_00000437.jpg,0.25,0.25,0.25,0.25
EUVP_underwater_dark,270140_n02317335_8548.JPEG,0.25,0.25,0.25,0.25
EUVP_underwater_dark,270142_sea_turtle_89.jpg,0.25,0.25,0.25,0.25
EUVP_underwater_dark,270144_n02643566_3296.JPEG,0.25,0.25,0.25,0.25
EUVP_underwater_dark,270145_00030763.jpg,0.25,0.25,0.25,0.25
EUVP_underwater_dark,270146_sun_autlvlgvsiyzbejx.jpg,0.25,0.25,0.25,0.25
EUVP_underwater_dark,270151_00020588.jpg,0.25,0.25,0.25,0.25
EUVP_underwater_dark,270152_n01924916_10466.JPEG,0.25,0.25,0.25,0.25
EUVP_underwater_dark,270153_00006366.jpg,0.25,0.25,0.25,0.25
EUVP_underwater_dark,270155_n01978455_10493.JPEG,0.25,0.25,0.25,0.25
EUVP_underwater_dark,270156_00025298.jpg,0.25,0.25,0.25,0.25
EUVP_underwater_dark,270159_00036251.jpg,0.25,0.25,0.25,0.25
EUVP_underwater_dark,270160_n01943899_2736.JPEG,0.25,0.25,0.25,0.25
EUVP_underwater_dark,270162_n02319095_2454.JPEG,0.25,0.25,0.25,0.25
EUVP_underwater_dark,270166_n01978455_2349.JPEG,0.25,0.25,0.25,0.25
EUVP_underwater_dark,270167_00019070.jpg,0.25,0.25,0.25,0.25
EUVP_underwater_dark,270168_00012114.jpg,0.25,0.25,0.25,0.25
EUVP_underwater_dark,270169_00017426.jpg,0.25,0.25,0.25,0.25
EUVP_underwater_dark,270170_n01978455_2654.JPEG,0.25,0.25,0.25,0.25
EUVP_underwater_dark,270173_00014513.jpg,0.25,0.25,0.25,0.25
EUVP_underwater_dark,270174_00032937.jpg,0.25,0.25,0.25,0.25
EUVP_underwater_dark,270179_n01978455_2634.JPEG,0.25,0.25,0.25,0.25
EUVP_underwater_dark,270181_n01751748_6370.JPEG,0.25,0.25,0.25,0.25
EUVP_underwater_dark,270184_n01978455_8094.JPEG,0.25,0.25,0.25,0.25
EUVP_underwater_dark,270185_00001559.jpg,0.25,0.25,0.25,0.25
EUVP_underwater_dark,270186_00031990.jpg,0.25,0.25,0.25,0.25
EUVP_underwater_dark,270188_00009010.jpg,0.25,0.25,0.25,0.25
EUVP_underwater_dark,270190_00026753.jpg,0.25,0.25,0.25,0.25
EUVP_underwater_dark,270191_n01981276_27467.JPEG,0.25,0.25,0.25,0.25
EUVP_underwater_dark,270194_n02526121_3494.JPEG,0.25,0.25,0.25,0.25
EUVP_underwater_dark,270198_sea_turtle_adorable_65.jpg,0.25,0.25,0.25,0.25
EUVP_underwater_dark,270202_00020003.jpg,0.25,0.25,0.25,0.25
EUVP_underwater_dark,270203_n09256479_7600.JPEG,0.25,0.25,0.25,0.25
EUVP_underwater_dark,270204_00017091.jpg,0.25,0.25,0.25,0.25
EUVP_underwater_dark,270205_n01950731_4905.JPEG,0.25,0.25,0.25,0.25
EUVP_underwater_dark,270208_n02321529_3607.JPEG,0.25,0.25,0.25,0.25
EUVP_underwater_dark,270209_n01980166_1213.JPEG,0.25,0.25,0.25,0.25
EUVP_underwater_dark,270213_00036553.jpg,0.25,0.25,0.25,0.25
EUVP_underwater_dark,270214_00003354.jpg,0.25,0.25,0.25,0.25
EUVP_underwater_dark,270215_00038575.jpg,0.25,0.25,0.25,0.25
EUVP_underwater_dark,270216_00033134.jpg,0.25,0.25,0.25,0.25
EUVP_underwater_dark,270217_n01980166_5973.JPEG,0.25,0.25,0.25,0.25
EUVP_underwater_dark,270219_00000969.jpg,0.25,0.25,0.25,0.25
EUVP_underwater_dark,270220_00000786.jpg,0.25,0.25,0.25,0.25
EUVP_underwater_dark,270221_n01950731_13385.JPEG,0.25,0.25,0.25,0.25
EUVP_underwater_dark,270223_00035325.jpg,0.25,0.25,0.25,0.25
EUVP_underwater_dark,270225_00021308.jpg,0.25,0.25,0.25,0.25
EUVP_underwater_dark,270226_00025883.jpg,0.25,0.25,0.25,0.25
EUVP_underwater_dark,270230_00033703.jpg,0.25,0.25,0.25,0.25
EUVP_underwater_dark,270232_00001222.jpg,0.25,0.25,0.25,0.25
EUVP_underwater_dark,270234_00020345.jpg,0.25,0.25,0.25,0.25
EUVP_underwater_dark,270237_n02317335_5799.JPEG,0.25,0.25,0.25,0.25
EUVP_underwater_dark,270238_00021614.jpg,0.25,0.25,0.25,0.25
EUVP_underwater_dark,270239_00035855.jpg,0.25,0.25,0.25,0.25
EUVP_underwater_dark,270241_00016254.jpg,0.25,0.25,0.25,0.25
EUVP_underwater_dark,270242_n02607072_336.JPEG,0.25,0.25,0.25,0.25
EUVP_underwater_dark,270244_00026133.jpg,0.25,0.25,0.25,0.25
EUVP_underwater_dark,270246_00016668.jpg,0.25,0.25,0.25,0.25
EUVP_underwater_dark,270247_00017559.jpg,0.25,0.25,0.25,0.25
EUVP_underwater_dark,270248_00016329.jpg,0.25,0.25,0.25,0.25
EUVP_underwater_dark,270249_00019038.jpg,0.25,0.25,0.25,0.25
EUVP_underwater_dark,270250_00027733.jpg,0.25,0.25,0.25,0.25
EUVP_underwater_dark,270251_n01983481_27434.JPEG,0.25,0.25,0.25,0.25
EUVP_underwater_dark,270252_00019299.jpg,0.25,0.25,0.25,0.25
EUVP_underwater_dark,270254_00031539.jpg,0.25,0.25,0.25,0.25
EUVP_underwater_dark,270255_00036767.jpg,0.25,0.25,0.25,0.25
EUVP_underwater_dark,270258_scuba_phi_phi_791.jpg,0.25,0.25,0.25,0.25
EUVP_underwater_dark,270259_n02319095_2469.JPEG,0.25,0.25,0.25,0.25
EUVP_underwater_dark,270260_00029314.jpg,0.25,0.25,0.25,0.25
EUVP_underwater_dark,270261_00005738.jpg,0.25,0.25,0.25,0.25
EUVP_underwater_dark,270262_00010226.jpg,0.25,0.25,0.25,0.25
EUVP_underwater_dark,270264_n02317335_15627.JPEG,0.25,0.25,0.25,0.25
EUVP_underwater_dark,270265_n09256479_10388.JPEG,0.25,0.25,0.25,0.25
EUVP_underwater_dark,270266_n02607072_3353.JPEG,0.25,0.25,0.25,0.25
EUVP_underwater_dark,270267_n01980166_5898.JPEG,0.25,0.25,0.25,0.25
EUVP_underwater_dark,270268_00037525.jpg,0.25,0.25,0.25,0.25
EUVP_underwater_dark,270269_n01924916_9131.JPEG,0.25,0.25,0.25,0.25
EUVP_underwater_dark,270271_00028368.jpg,0.25,0.25,0.25,0.25
EUVP_underwater_dark,270272_00017596.jpg,0.25,0.25,0.25,0.25
EUVP_underwater_dark,270273_00027819.jpg,0.25,0.25,0.25,0.25
EUVP_underwater_dark,270275_00003389.jpg,0.25,0.25,0.25,0.25
EUVP_underwater_dark,270276_00028075.jpg,0.25,0.25,0.25,0.25
EUVP_underwater_dark,270278_00009627.jpg,0.25,0.25,0.25,0.25
EUVP_underwater_dark,270279_00026297.jpg,0.25,0.25,0.25,0.25
EUVP_underwater_dark,270280_00009670.jpg,0.25,0.25,0.25,0.25
EUVP_underwater_dark,270282_n01978455_1767.JPEG,0.25,0.25,0.25,0.25
EUVP_underwater_dark,270285_00034928.jpg,0.25,0.25,0.25,0.25
EUVP_underwater_dark,270286_n02655020_16581.JPEG,0.25,0.25,0.25,0.25
EUVP_underwater_dark,270288_n02321529_6036.JPEG,0.25,0.25,0.25,0.25
EUVP_underwater_dark,270289_00031889.jpg,0.25,0.25,0.25,0.25
EUVP_underwater_dark,270290_00030076.jpg,0.25,0.25,0.25,0.25
EUVP_underwater_dark,270291_00009624.jpg,0.25,0.25,0.25,0.25
EUVP_underwater_dark,270296_n01980166_4162.JPEG,0.25,0.25,0.25,0.25
EUVP_underwater_dark,270298_sea_turtle_panama_443.jpg,0.25,0.25,0.25,0.25
EUVP_underwater_dark,270299_scuba_bonaire_197.jpg,0.25,0.25,0.25,0.25
EUVP_underwater_dark,270302_00025833.jpg,0.25,0.25,0.25,0.25
EUVP_underwater_dark,270304_n01914609_3627.JPEG,0.25,0.25,0.25,0.25
EUVP_underwater_dark,270305_n01924916_6152.JPEG,0.25,0.25,0.25,0.25
EUVP_underwater_dark,270307_00032695.jpg,0.25,0.25,0.25,0.25
EUVP_underwater_dark,270308_00010341.jpg,0.25,0.25,0.25,0.25
EUVP_underwater_dark,270309_00024152.jpg,0.25,0.25,0.25,0.25
EUVP_underwater_dark,270310_00033799.jpg,0.25,0.25,0.25,0.25
EUVP_underwater_dark,270311_00026537.jpg,0.25,0.25,0.25,0.25
EUVP_underwater_dark,270312_scuba_aquarium_568.jpg,0.25,0.25,0.25,0.25
EUVP_underwater_dark,270314_scuba_palau_58.jpg,0.25,0.25,0.25,0.25
EUVP_underwater_dark,270316_00018178.jpg,0.25,0.25,0.25,0.25
EUVP_underwater_dark,270318_n01978455_7577.JPEG,0.25,0.25,0.25,0.25
EUVP_underwater_dark,270319_00010009.jpg,0.25,0.25,0.25,0.25
EUVP_underwater_dark,270320_00036857.jpg,0.25,0.25,0.25,0.25
EUVP_underwater_dark,270323_n02319095_4107.JPEG,0.25,0.25,0.25,0.25
EUVP_underwater_dark,270327_00037205.jpg,0.25,0.25,0.25,0.25
EUVP_underwater_dark,270328_n02655020_24262.JPEG,0.25,0.25,0.25,0.25
EUVP_underwater_dark,270329_00000597.jpg,0.25,0.25,0.25,0.25
EUVP_underwater_dark,270331_00009512.jpg,0.25,0.25,0.25,0.25
EUVP_underwater_dark,270332_n01984695_50051.JPEG,0.25,0.25,0.25,0.25
EUVP_underwater_dark,270334_00032378.jpg,0.25,0.25,0.25,0.25
EUVP_underwater_dark,270337_00003376.jpg,0.25,0.25,0.25,0.25
EUVP_underwater_dark,270338_00023664.jpg,0.25,0.25,0.25,0.25
EUVP_underwater_dark,270339_n01751748_12797.JPEG,0.25,0.25,0.25,0.25
EUVP_underwater_dark,270341_n01914609_3827.JPEG,0.25,0.25,0.25,0.25
EUVP_underwater_dark,270344_00026895.jpg,0.25,0.25,0.25,0.25
EUVP_underwater_dark,270345_00029219.jpg,0.25,0.25,0.25,0.25
EUVP_underwater_dark,270346_n01751748_4270.JPEG,0.25,0.25,0.25,0.25
EUVP_underwater_dark,270347_n01980166_2271.JPEG,0.25,0.25,0.25,0.25
EUVP_underwater_dark,270349_n01496331_7735.JPEG,0.25,0.25,0.25,0.25
EUVP_underwater_dark,270350_n01914609_2729.JPEG,0.25,0.25,0.25,0.25
EUVP_underwater_dark,270353_scuba_470.jpg,0.25,0.25,0.25,0.25
EUVP_underwater_dark,270354_00007269.jpg,0.25,0.25,0.25,0.25
EUVP_underwater_dark,270355_n02655020_11171.JPEG,0.25,0.25,0.25,0.25
EUVP_underwater_dark,270357_00015498.jpg,0.25,0.25,0.25,0.25
EUVP_underwater_dark,270358_n01980166_10459.JPEG,0.25,0.25,0.25,0.25
EUVP_underwater_dark,270359_00039644.jpg,0.25,0.25,0.25,0.25
EUVP_underwater_dark,270360_00009287.jpg,0.25,0.25,0.25,0.25
EUVP_underwater_dark,270362_n01980166_5594.JPEG,0.25,0.25,0.25,0.25
EUVP_underwater_dark,270363_00002975.jpg,0.25,0.25,0.25,0.25
EUVP_underwater_dark,270364_n02319095_564.JPEG,0.25,0.25,0.25,0.25
EUVP_underwater_dark,270365_n02319095_7146.JPEG,0.25,0.25,0.25,0.25
EUVP_underwater_dark,270366_n02643566_2238.JPEG,0.25,0.25,0.25,0.25
EUVP_underwater_dark,270367_n01978455_4184.JPEG,0.25,0.25,0.25,0.25
EUVP_underwater_dark,270368_n01980166_8250.JPEG,0.25,0.25,0.25,0.25
EUVP_underwater_dark,270369_00007579.jpg,0.25,0.25,0.25,0.25
EUVP_underwater_dark,270374_00028381.jpg,0.25,0.25,0.25,0.25
EUVP_underwater_dark,270376_00033105.jpg,0.25,0.25,0.25,0.25
EUVP_underwater_dark,270378_00020743.jpg,0.25,0.25,0.25,0.25
EUVP_underwater_dark,270379_n01950731_9946.JPEG,0.25,0.25,0.25,0.25
EUVP_underwater_dark,270381_n02607072_14371.JPEG,0.25,0.25,0.25,0.25
EUVP_underwater_dark,270382_n01985128_13584.JPEG,0.25,0.25,0.25,0.25
EUVP_underwater_dark,270385_00026474.jpg,0.25,0.25,0.25,0.25
EUVP_underwater_dark,270387_n01978455_5841.JPEG,0.25,0.25,0.25,0.25
EUVP_underwater_dark,270388_00027309.jpg,0.25,0.25,0.25,0.25
EUVP_underwater_dark,270389_n01981276_3924.JPEG,0.25,0.25,0.25,0.25
EUVP_underwater_dark,270391_00024177.jpg,0.25,0.25,0.25,0.25
EUVP_underwater_dark,270392_n02321529_551.JPEG,0.25,0.25,0.25,0.25
EUVP_underwater_dark,270393_n01914609_8355.JPEG,0.25,0.25,0.25,0.25
EUVP_underwater_dark,270394_n01984695_66939.JPEG,0.25,0.25,0.25,0.25
EUVP_underwater_dark,270398_00010116.jpg,0.25,0.25,0.25,0.25
EUVP_underwater_dark,270399_00007602.jpg,0.25,0.25,0.25,0.25
EUVP_underwater_dark,270400_n02526121_7983.JPEG,0.25,0.25,0.25,0.25
EUVP_underwater_dark,270402_00022529.jpg,0.25,0.25,0.25,0.25
EUVP_underwater_dark,270404_00037693.jpg,0.25,0.25,0.25,0.25
EUVP_underwater_dark,270406_00029279.jpg,0.25,0.25,0.25,0.25
EUVP_underwater_dark,270407_00022237.jpg,0.25,0.25,0.25,0.25
EUVP_underwater_dark,270408_00022346.jpg,0.25,0.25,0.25,0.25
EUVP_underwater_dark,270410_n01924916_6321.JPEG,0.25,0.25,0.25,0.25
EUVP_underwater_dark,270411_n01924916_9475.JPEG,0.25,0.25,0.25,0.25
EUVP_underwater_dark,270412_n02643566_1120.JPEG,0.25,0.25,0.25,0.25
EUVP_underwater_dark,270413_n02319095_6617.JPEG,0.25,0.25,0.25,0.25
EUVP_underwater_dark,270416_n02321529_11278.JPEG,0.25,0.25,0.25,0.25
EUVP_underwater_dark,270418_n01498041_1276.JPEG,0.25,0.25,0.25,0.25
EUVP_underwater_dark,270419_00018380.jpg,0.25,0.25,0.25,0.25
EUVP_underwater_dark,270420_00013393.jpg,0.25,0.25,0.25,0.25
EUVP_underwater_dark,270421_00038151.jpg,0.25,0.25,0.25,0.25
EUVP_underwater_dark,270422_n02607072_909.JPEG,0.25,0.25,0.25,0.25
EUVP_underwater_dark,270423_00001628.jpg,0.25,0.25,0.25,0.25
EUVP_underwater_dark,270424_00008455.jpg,0.25,0.25,0.25,0.25
EUVP_underwater_dark,270426_00010552.jpg,0.25,0.25,0.25,0.25
EUVP_underwater_dark,270429_n01924916_1681.JPEG,0.25,0.25,0.25,0.25
EUVP_underwater_dark,270430_00039854.jpg,0.25,0.25,0.25,0.25
EUVP_underwater_dark,270431_n01491361_57.JPEG,0.25,0.25,0.25,0.25
EUVP_underwater_dark,270432_00031691.jpg,0.25,0.25,0.25,0.25
EUVP_underwater_dark,270433_00017610.jpg,0.25,0.25,0.25,0.25
EUVP_underwater_dark,270437_n01980166_6734.JPEG,0.25,0.25,0.25,0.25
EUVP_underwater_dark,270439_00001506.jpg,0.25,0.25,0.25,0.25
EUVP_underwater_dark,270441_00002156.jpg,0.25,0.25,0.25,0.25
EUVP_underwater_dark,270442_n01924916_6745.JPEG,0.25,0.25,0.25,0.25
EUVP_underwater_dark,270443_00034189.jpg,0.25,0.25,0.25,0.25
EUVP_underwater_dark,270444_n01496331_28203.JPEG,0.25,0.25,0.25,0.25
EUVP_underwater_dark,270445_n01950731_8536.JPEG,0.25,0.25,0.25,0.25
EUVP_underwater_dark,270447_00007958.jpg,0.25,0.25,0.25,0.25
EUVP_underwater_dark,270450_n01980166_2543.JPEG,0.25,0.25,0.25,0.25
EUVP_underwater_dark,270451_n02319095_8458.JPEG,0.25,0.25,0.25,0.25
EUVP_underwater_dark,270453_n09256479_11618.JPEG,0.25,0.25,0.25,0.25
EUVP_underwater_dark,270454_n02319095_8489.JPEG,0.25,0.25,0.25,0.25
EUVP_underwater_dark,270455_00030953.jpg,0.25,0.25,0.25,0.25
EUVP_underwater_dark,270459_n01924916_1435.JPEG,0.25,0.25,0.25,0.25
EUVP_underwater_dark,270460_00017133.jpg,0.25,0.25,0.25,0.25
EUVP_underwater_dark,270461_00017273.jpg,0.25,0.25,0.25,0.25
EUVP_underwater_dark,270462_00021978.jpg,0.25,0.25,0.25,0.25
EUVP_underwater_dark,270464_sea_turtle_side_100.jpg,0.25,0.25,0.25,0.25
EUVP_underwater_dark,270465_n02643566_8294.JPEG,0.25,0.25,0.25,0.25
EUVP_underwater_dark,270466_00000686.jpg,0.25,0.25,0.25,0.25
EUVP_underwater_dark,270468_00003727.jpg,0.25,0.25,0.25,0.25
EUVP_underwater_dark,270473_00024452.jpg,0.25,0.25,0.25,0.25
EUVP_underwater_dark,270474_00002479.jpg,0.25,0.25,0.25,0.25
EUVP_underwater_dark,270476_n02655020_3398.JPEG,0.25,0.25,0.25,0.25
EUVP_underwater_dark,270478_00025115.jpg,0.25,0.25,0.25,0.25
EUVP_underwater_dark,270481_n01914609_1111.JPEG,0.25,0.25,0.25,0.25
EUVP_underwater_dark,270483_00022852.jpg,0.25,0.25,0.25,0.25
EUVP_underwater_dark,270485_scuba_taiwan_33.jpg,0.25,0.25,0.25,0.25
EUVP_underwater_dark,270488_n02643566_1031.JPEG,0.25,0.25,0.25,0.25
EUVP_underwater_dark,270489_n01924916_5219.JPEG,0.25,0.25,0.25,0.25
EUVP_underwater_dark,270490_n02607072_3.JPEG,0.25,0.25,0.25,0.25
EUVP_underwater_dark,270492_n02643566_4127.JPEG,0.25,0.25,0.25,0.25
EUVP_underwater_dark,270495_00038753.jpg,0.25,0.25,0.25,0.25
EUVP_underwater_dark,270496_00035078.jpg,0.25,0.25,0.25,0.25
EUVP_underwater_dark,270498_n02317335_19663.JPEG,0.25,0.25,0.25,0.25
EUVP_underwater_dark,270499_00037005.jpg,0.25,0.25,0.25,0.25
EUVP_underwater_dark,270501_00036596.jpg,0.25,0.25,0.25,0.25
EUVP_underwater_dark,270502_00032312.jpg,0.25,0.25,0.25,0.25
EUVP_underwater_dark,270508_00014686.jpg,0.25,0.25,0.25,0.25
EUVP_underwater_dark,270512_00026789.jpg,0.25,0.25,0.25,0.25
EUVP_underwater_dark,270513_00035588.jpg,0.25,0.25,0.25,0.25
EUVP_underwater_dark,270514_00005494.jpg,0.25,0.25,0.25,0.25
EUVP_underwater_dark,270516_00002370.jpg,0.25,0.25,0.25,0.25
EUVP_underwater_dark,270517_n01985128_5881.JPEG,0.25,0.25,0.25,0.25
EUVP_underwater_dark,270520_n02319095_5229.JPEG,0.25,0.25,0.25,0.25
EUVP_underwater_dark,270521_n01984695_26064.JPEG,0.25,0.25,0.25,0.25
EUVP_underwater_dark,270522_00001602.jpg,0.25,0.25,0.25,0.25
EUVP_underwater_dark,270524_00025845.jpg,0.25,0.25,0.25,0.25
EUVP_underwater_dark,270525_n02643566_2662.JPEG,0.25,0.25,0.25,0.25
EUVP_underwater_dark,270526_00035968.jpg,0.25,0.25,0.25,0.25
EUVP_underwater_dark,270528_n01914609_19210.JPEG,0.25,0.25,0.25,0.25
EUVP_underwater_dark,270529_00037199.jpg,0.25,0.25,0.25,0.25
EUVP_underwater_dark,270532_n01914609_12741.JPEG,0.25,0.25,0.25,0.25
EUVP_underwater_dark,270533_n01924916_7392.JPEG,0.25,0.25,0.25,0.25
EUVP_underwater_dark,270535_n01751748_9396.JPEG,0.25,0.25,0.25,0.25
EUVP_underwater_dark,270536_00036797.jpg,0.25,0.25,0.25,0.25
EUVP_underwater_dark,270537_00002066.jpg,0.25,0.25,0.25,0.25
EUVP_underwater_dark,270538_n02655020_19066.JPEG,0.25,0.25,0.25,0.25
EUVP_underwater_dark,270539_00030949.jpg,0.25,0.25,0.25,0.25
EUVP_underwater_dark,270542_n02607072_1620.JPEG,0.25,0.25,0.25,0.25
EUVP_underwater_dark,270543_n01924916_13415.JPEG,0.25,0.25,0.25,0.25
EUVP_underwater_dark,270544_00006683.jpg,0.25,0.25,0.25,0.25
EUVP_underwater_dark,270545_n02317335_12889.JPEG,0.25,0.25,0.25,0.25
EUVP_underwater_dark,270546_00018651.jpg,0.25,0.25,0.25,0.25
EUVP_underwater_dark,270548_n01981276_13452.JPEG,0.25,0.25,0.25,0.25
EUVP_underwater_dark,270549_n02317335_17253.JPEG,0.25,0.25,0.25,0.25
EUVP_underwater_dark,270550_00028558.jpg,0.25,0.25,0.25,0.25
EUVP_underwater_dark,270551_00021256.jpg,0.25,0.25,0.25,0.25
EUVP_underwater_dark,270553_n02317335_167.JPEG,0.25,0.25,0.25,0.25
EUVP_underwater_dark,270554_00011638.jpg,0.25,0.25,0.25,0.25
EUVP_underwater_dark,270555_n02655020_38698.JPEG,0.25,0.25,0.25,0.25
EUVP_underwater_dark,270560_n01914609_1414.JPEG,0.25,0.25,0.25,0.25
EUVP_underwater_dark,270561_scuba_sri_lanka_157.jpg,0.25,0.25,0.25,0.25
EUVP_underwater_dark,270562_n02526121_11620.JPEG,0.25,0.25,0.25,0.25
EUVP_underwater_dark,270564_00025792.jpg,0.25,0.25,0.25,0.25
EUVP_underwater_dark,270565_n01917289_1797.JPEG,0.25,0.25,0.25,0.25
EUVP_underwater_dark,270566_n01917289_3656.JPEG,0.25,0.25,0.25,0.25
EUVP_underwater_dark,270567_00014398.jpg,0.25,0.25,0.25,0.25
EUVP_underwater_dark,270568_n01917289_1816.JPEG,0.25,0.25,0.25,0.25
EUVP_underwater_dark,270569_00008534.jpg,0.25,0.25,0.25,0.25
EUVP_underwater_dark,270570_00017954.jpg,0.25,0.25,0.25,0.25
EUVP_underwater_dark,270571_n01950731_8868.JPEG,0.25,0.25,0.25,0.25
EUVP_underwater_dark,270572_00020509.jpg,0.25,0.25,0.25,0.25
EUVP_underwater_dark,270574_scuba_caribbean_365.jpg,0.25,0.25,0.25,0.25
EUVP_underwater_dark,270575_n01924916_6787.JPEG,0.25,0.25,0.25,0.25
EUVP_underwater_dark,270578_n01980166_8702.JPEG,0.25,0.25,0.25,0.25
EUVP_underwater_dark,270579_n02526121_8043.JPEG,0.25,0.25,0.25,0.25
EUVP_underwater_dark,270583_n01917289_5290.JPEG,0.25,0.25,0.25,0.25
EUVP_underwater_dark,270585_00022267.jpg,0.25,0.25,0.25,0.25
EUVP_underwater_dark,270586_00014224.jpg,0.25,0.25,0.25,0.25
EUVP_underwater_dark,270587_00021866.jpg,0.25,0.25,0.25,0.25
EUVP_underwater_dark,270588_n02321529_7101.JPEG,0.25,0.25,0.25,0.25
EUVP_underwater_dark,270593_n02321529_1513.JPEG,0.25,0.25,0.25,0.25
EUVP_underwater_dark,270594_scuba_palawan_595.jpg,0.25,0.25,0.25,0.25
EUVP_underwater_dark,270600_n02643566_3147.JPEG,0.25,0.25,0.25,0.25
EUVP_underwater_dark,270601_00030901.jpg,0.25,0.25,0.25,0.25
EUVP_underwater_dark,270602_n02317335_44057.JPEG,0.25,0.25,0.25,0.25
EUVP_underwater_dark,270603_00014919.jpg,0.25,0.25,0.25,0.25
EUVP_underwater_dark,270604_n02655020_10547.JPEG,0.25,0.25,0.25,0.25
EUVP_underwater_dark,270606_n01980166_8198.JPEG,0.25,0.25,0.25,0.25
EUVP_underwater_dark,270607_00031845.jpg,0.25,0.25,0.25,0.25
EUVP_underwater_dark,270608_n01917289_3370.JPEG,0.25,0.25,0.25,0.25
EUVP_underwater_dark,270614_n09256479_10371.JPEG,0.25,0.25,0.25,0.25
EUVP_underwater_dark,270615_00011563.jpg,0.25,0.25,0.25,0.25
EUVP_underwater_dark,270617_00037597.jpg,0.25,0.25,0.25,0.25
EUVP_underwater_dark,270618_n02321529_1117.JPEG,0.25,0.25,0.25,0.25
EUVP_underwater_dark,270620_00028543.jpg,0.25,0.25,0.25,0.25
EUVP_underwater_dark,270621_00011730.jpg,0.25,0.25,0.25,0.25
EUVP_underwater_dark,270622_00004583.jpg,0.25,0.25,0.25,0.25
EUVP_underwater_dark,270627_00004511.jpg,0.25,0.25,0.25,0.25
EUVP_underwater_dark,270628_n01914609_8352.JPEG,0.25,0.25,0.25,0.25
EUVP_underwater_dark,270629_n01984695_1678.JPEG,0.25,0.25,0.25,0.25
EUVP_underwater_dark,270631_n09256479_3835.JPEG,0.25,0.25,0.25,0.25
EUVP_underwater_dark,270632_00015971.jpg,0.25,0.25,0.25,0.25
EUVP_underwater_dark,270633_n01978287_6137.JPEG,0.25,0.25,0.25,0.25
EUVP_underwater_dark,270634_scuba_cuba_361.jpg,0.25,0.25,0.25,0.25
EUVP_underwater_dark,270635_00012143.jpg,0.25,0.25,0.25,0.25
EUVP_underwater_dark,270636_00019094.jpg,0.25,0.25,0.25,0.25
EUVP_underwater_dark,270639_n02607072_6070.JPEG,0.25,0.25,0.25,0.25
EUVP_underwater_dark,270641_00003284.jpg,0.25,0.25,0.25,0.25
EUVP_underwater_dark,270644_00024544.jpg,0.25,0.25,0.25,0.25
EUVP_underwater_dark,270648_n01950731_10009.JPEG,0.25,0.25,0.25,0.25
EUVP_underwater_dark,270649_00016073.jpg,0.25,0.25,0.25,0.25
EUVP_underwater_dark,270651_00014854.jpg,0.25,0.25,0.25,0.25
EUVP_underwater_dark,270654_n01950731_14765.JPEG,0.25,0.25,0.25,0.25
EUVP_underwater_dark,270655_00031174.jpg,0.25,0.25,0.25,0.25
EUVP_underwater_dark,270656_n02607072_3840.JPEG,0.25,0.25,0.25,0.25
EUVP_underwater_dark,270657_00018238.jpg,0.25,0.25,0.25,0.25
EUVP_underwater_dark,270658_n01751748_4324.JPEG,0.25,0.25,0.25,0.25
EUVP_underwater_dark,270660_n01978455_4045.JPEG,0.25,0.25,0.25,0.25
EUVP_underwater_dark,270661_n02607072_4866.JPEG,0.25,0.25,0.25,0.25
EUVP_underwater_dark,270662_n01980166_9805.JPEG,0.25,0.25,0.25,0.25
EUVP_underwater_dark,270664_00039976.jpg,0.25,0.25,0.25,0.25
EUVP_underwater_dark,270665_00035547.jpg,0.25,0.25,0.25,0.25
EUVP_underwater_dark,270667_00006590.jpg,0.25,0.25,0.25,0.25
EUVP_underwater_dark,270668_00021639.jpg,0.25,0.25,0.25,0.25
EUVP_underwater_dark,270670_n01980166_5345.JPEG,0.25,0.25,0.25,0.25
EUVP_underwater_dark,270673_00015942.jpg,0.25,0.25,0.25,0.25
EUVP_underwater_dark,270674_n02321529_3253.JPEG,0.25,0.25,0.25,0.25
EUVP_underwater_dark,270681_n01980166_7954.JPEG,0.25,0.25,0.25,0.25
EUVP_underwater_dark,270682_00037433.jpg,0.25,0.25,0.25,0.25
EUVP_underwater_dark,270683_n02317335_17814.JPEG,0.25,0.25,0.25,0.25
EUVP_underwater_dark,270684_n02655020_6845.JPEG,0.25,0.25,0.25,0.25
EUVP_underwater_dark,270685_n01950731_21393.JPEG,0.25,0.25,0.25,0.25
EUVP_underwater_dark,270686_n09256479_18661.JPEG,0.25,0.25,0.25,0.25
EUVP_underwater_dark,270687_n02319095_7322.JPEG,0.25,0.25,0.25,0.25
EUVP_underwater_dark,270689_00030883.jpg,0.25,0.25,0.25,0.25
EUVP_underwater_dark,270692_n01950731_9617.JPEG,0.25,0.25,0.25,0.25
EUVP_underwater_dark,270693_n02319095_9047.JPEG,0.25,0.25,0.25,0.25
EUVP_underwater_dark,270694_00004531.jpg,0.25,0.25,0.25,0.25
EUVP_underwater_dark,270696_n02317335_5010.JPEG,0.25,0.25,0.25,0.25
EUVP_underwater_dark,270697_00015841.jpg,0.25,0.25,0.25,0.25
EUVP_underwater_dark,270700_00018536.jpg,0.25,0.25,0.25,0.25
EUVP_underwater_dark,270701_00023058.jpg,0.25,0.25,0.25,0.25
EUVP_underwater_dark,270702_00025782.jpg,0.25,0.25,0.25,0.25
EUVP_underwater_dark,270704_00035550.jpg,0.25,0.25,0.25,0.25
EUVP_underwater_dark,270706_00039950.jpg,0.25,0.25,0.25,0.25
EUVP_underwater_dark,270708_n01914609_8351.JPEG,0.25,0.25,0.25,0.25
EUVP_underwater_dark,270710_n01985128_9825.JPEG,0.25,0.25,0.25,0.25
EUVP_underwater_dark,270712_00035738.jpg,0.25,0.25,0.25,0.25
EUVP_underwater_dark,270715_00007489.jpg,0.25,0.25,0.25,0.25
EUVP_underwater_dark,270716_00012317.jpg,0.25,0.25,0.25,0.25
EUVP_underwater_dark,270719_00037438.jpg,0.25,0.25,0.25,0.25
EUVP_underwater_dark,270720_00023174.jpg,0.25,0.25,0.25,0.25
EUVP_underwater_dark,270724_00003246.jpg,0.25,0.25,0.25,0.25
EUVP_underwater_dark,270725_00025561.jpg,0.25,0.25,0.25,0.25
EUVP_underwater_dark,270727_n01494475_5340.JPEG,0.25,0.25,0.25,0.25
EUVP_underwater_dark,270729_n01924916_6671.JPEG,0.25,0.25,0.25,0.25
EUVP_underwater_dark,270731_00021085.jpg,0.25,0.25,0.25,0.25
EUVP_underwater_dark,270733_n01924916_10374.JPEG,0.25,0.25,0.25,0.25
EUVP_underwater_dark,270734_n01914609_5033.JPEG,0.25,0.25,0.25,0.25
EUVP_underwater_dark,270735_n01484850_222.JPEG,0.25,0.25,0.25,0.25
EUVP_underwater_dark,270738_00025763.jpg,0.25,0.25,0.25,0.25
EUVP_underwater_dark,270739_n01496331_4505.JPEG,0.25,0.25,0.25,0.25
EUVP_underwater_dark,270741_00004062.jpg,0.25,0.25,0.25,0.25
EUVP_underwater_dark,270742_n02607072_15261.JPEG,0.25,0.25,0.25,0.25
EUVP_underwater_dark,270743_n02321529_8977.JPEG,0.25,0.25,0.25,0.25
EUVP_underwater_dark,270744_n01985128_19063.JPEG,0.25,0.25,0.25,0.25
EUVP_underwater_dark,270745_00001735.jpg,0.25,0.25,0.25,0.25
EUVP_underwater_dark,270746_00011124.jpg,0.25,0.25,0.25,0.25
EUVP_underwater_dark,270747_00004898.jpg,0.25,0.25,0.25,0.25
EUVP_underwater_dark,270751_00020654.jpg,0.25,0.25,0.25,0.25
EUVP_underwater_dark,270752_00014340.jpg,0.25,0.25,0.25,0.25
EUVP_underwater_dark,270755_00036024.jpg,0.25,0.25,0.25,0.25
EUVP_underwater_dark,270756_00006817.jpg,0.25,0.25,0.25,0.25
EUVP_underwater_dark,270757_00002532.jpg,0.25,0.25,0.25,0.25
EUVP_underwater_dark,270758_sea_turtle_underwater_108.jpg,0.25,0.25,0.25,0.25
EUVP_underwater_dark,270763_00008334.jpg,0.25,0.25,0.25,0.25
EUVP_underwater_dark,270764_00030694.jpg,0.25,0.25,0.25,0.25
EUVP_underwater_dark,270766_00033185.jpg,0.25,0.25,0.25,0.25
EUVP_underwater_dark,270767_n02643566_1506.JPEG,0.25,0.25,0.25,0.25
EUVP_underwater_dark,270768_00026867.jpg,0.25,0.25,0.25,0.25
EUVP_underwater_dark,270771_00017673.jpg,0.25,0.25,0.25,0.25
EUVP_underwater_dark,270773_n02317335_12272.JPEG,0.25,0.25,0.25,0.25
EUVP_underwater_dark,270774_00031088.jpg,0.25,0.25,0.25,0.25
EUVP_underwater_dark,270775_n02643566_3044.JPEG,0.25,0.25,0.25,0.25
EUVP_underwater_dark,270776_00018883.jpg,0.25,0.25,0.25,0.25
EUVP_underwater_dark,270777_00016050.jpg,0.25,0.25,0.25,0.25
EUVP_underwater_dark,270780_n01496331_12909.JPEG,0.25,0.25,0.25,0.25
EUVP_underwater_dark,270784_00019043.jpg,0.25,0.25,0.25,0.25
EUVP_underwater_dark,270789_n01980166_8275.JPEG,0.25,0.25,0.25,0.25
EUVP_underwater_dark,270790_n02321529_17437.JPEG,0.25,0.25,0.25,0.25
EUVP_underwater_dark,270792_n02321529_7492.JPEG,0.25,0.25,0.25,0.25
EUVP_underwater_dark,270793_00017150.jpg,0.25,0.25,0.25,0.25
EUVP_underwater_dark,270795_n01984695_28703.JPEG,0.25,0.25,0.25,0.25
EUVP_underwater_dark,270797_n02526121_7868.JPEG,0.25,0.25,0.25,0.25
EUVP_underwater_dark,270799_n02655020_35298.JPEG,0.25,0.25,0.25,0.25
EUVP_underwater_dark,270802_00037561.jpg,0.25,0.25,0.25,0.25
EUVP_underwater_dark,270806_n02607072_1239.JPEG,0.25,0.25,0.25,0.25
EUVP_underwater_dark,270808_n02317335_17420.JPEG,0.25,0.25,0.25,0.25
EUVP_underwater_dark,270811_00033380.jpg,0.25,0.25,0.25,0.25
EUVP_underwater_dark,270812_00026534.jpg,0.25,0.25,0.25,0.25
EUVP_underwater_dark,270814_n02321529_5113.JPEG,0.25,0.25,0.25,0.25
EUVP_underwater_dark,270821_n01914609_8623.JPEG,0.25,0.25,0.25,0.25
EUVP_underwater_dark,270824_scuba_punta_cana_34.jpg,0.25,0.25,0.25,0.25
EUVP_underwater_dark,270825_00030332.jpg,0.25,0.25,0.25,0.25
EUVP_underwater_dark,270826_00009190.jpg,0.25,0.25,0.25,0.25
EUVP_underwater_dark,270828_n01984695_56928.JPEG,0.25,0.25,0.25,0.25
EUVP_underwater_dark,270829_00027333.jpg,0.25,0.25,0.25,0.25
EUVP_underwater_dark,270830_00005756.jpg,0.25,0.25,0.25,0.25
EUVP_underwater_dark,270831_n01498041_1776.JPEG,0.25,0.25,0.25,0.25
EUVP_underwater_dark,270836_scuba_isla_mujeres_8.jpg,0.25,0.25,0.25,0.25
EUVP_underwater_dark,270838_n01950731_5310.JPEG,0.25,0.25,0.25,0.25
EUVP_underwater_dark,270842_n02319095_276.JPEG,0.25,0.25,0.25,0.25
EUVP_underwater_dark,270844_00022243.jpg,0.25,0.25,0.25,0.25
EUVP_underwater_dark,270847_00027398.jpg,0.25,0.25,0.25,0.25
EUVP_underwater_dark,270848_n01751748_6068.JPEG,0.25,0.25,0.25,0.25
EUVP_underwater_dark,270855_n02643566_835.JPEG,0.25,0.25,0.25,0.25
EUVP_underwater_dark,270856_n01980166_2871.JPEG,0.25,0.25,0.25,0.25
EUVP_underwater_dark,270857_n01496331_8686.JPEG,0.25,0.25,0.25,0.25
EUVP_underwater_dark,270858_n02321529_18635.JPEG,0.25,0.25,0.25,0.25
EUVP_underwater_dark,270860_00000733.jpg,0.25,0.25,0.25,0.25
EUVP_underwater_dark,270861_n01950731_16585.JPEG,0.25,0.25,0.25,0.25
EUVP_underwater_dark,270863_00008595.jpg,0.25,0.25,0.25,0.25
EUVP_underwater_dark,270869_n01498041_4081.JPEG,0.25,0.25,0.25,0.25
EUVP_underwater_dark,270871_00013469.jpg,0.25,0.25,0.25,0.25
EUVP_underwater_dark,270872_n01924916_12166.JPEG,0.25,0.25,0.25,0.25
EUVP_underwater_dark,270874_n01924916_8164.JPEG,0.25,0.25,0.25,0.25
EUVP_underwater_dark,270876_n01924916_3503.JPEG,0.25,0.25,0.25,0.25
EUVP_underwater_dark,270878_n01924916_6951.JPEG,0.25,0.25,0.25,0.25
EUVP_underwater_dark,270879_n01978455_2048.JPEG,0.25,0.25,0.25,0.25
EUVP_underwater_dark,270883_00011070.jpg,0.25,0.25,0.25,0.25
EUVP_underwater_dark,270884_n01917289_2621.JPEG,0.25,0.25,0.25,0.25
EUVP_underwater_dark,270885_00009398.jpg,0.25,0.25,0.25,0.25
EUVP_underwater_dark,270886_n02319095_1045.JPEG,0.25,0.25,0.25,0.25
EUVP_underwater_dark,270887_00034510.jpg,0.25,0.25,0.25,0.25
EUVP_underwater_dark,270889_00032340.jpg,0.25,0.25,0.25,0.25
EUVP_underwater_dark,270890_00017438.jpg,0.25,0.25,0.25,0.25
EUVP_underwater_dark,270892_00017528.jpg,0.25,0.25,0.25,0.25
EUVP_underwater_dark,270893_n02321529_12026.JPEG,0.25,0.25,0.25,0.25
EUVP_underwater_dark,270896_00016031.jpg,0.25,0.25,0.25,0.25
EUVP_underwater_dark,270898_00022578.jpg,0.25,0.25,0.25,0.25
EUVP_underwater_dark,270900_00031763.jpg,0.25,0.25,0.25,0.25
EUVP_underwater_dark,270901_n02319095_7308.JPEG,0.25,0.25,0.25,0.25
EUVP_underwater_dark,270902_n02526121_2511.JPEG,0.25,0.25,0.25,0.25
EUVP_underwater_dark,270903_n01978455_8044.JPEG,0.25,0.25,0.25,0.25
EUVP_underwater_dark,270905_n01984695_6295.JPEG,0.25,0.25,0.25,0.25
EUVP_underwater_dark,270907_n01664065_756.JPEG,0.25,0.25,0.25,0.25
EUVP_underwater_dark,270908_00036387.jpg,0.25,0.25,0.25,0.25
EUVP_underwater_dark,270910_00017158.jpg,0.25,0.25,0.25,0.25
EUVP_underwater_dark,270912_00009293.jpg,0.25,0.25,0.25,0.25
EUVP_underwater_dark,270913_00015339.jpg,0.25,0.25,0.25,0.25
EUVP_underwater_dark,270914_n02606052_9074.JPEG,0.25,0.25,0.25,0.25
EUVP_underwater_dark,270915_n02317335_12812.JPEG,0.25,0.25,0.25,0.25
EUVP_underwater_dark,270916_n01980166_1865.JPEG,0.25,0.25,0.25,0.25
EUVP_underwater_dark,270919_00039133.jpg,0.25,0.25,0.25,0.25
EUVP_underwater_dark,270921_n01924916_13712.JPEG,0.25,0.25,0.25,0.25
EUVP_underwater_dark,270923_00005784.jpg,0.25,0.25,0.25,0.25
EUVP_underwater_dark,270924_00032709.jpg,0.25,0.25,0.25,0.25
EUVP_underwater_dark,270925_n02321529_8510.JPEG,0.25,0.25,0.25,0.25
EUVP_underwater_dark,270927_n01924916_3219.JPEG,0.25,0.25,0.25,0.25
EUVP_underwater_dark,270928_00016916.jpg,0.25,0.25,0.25,0.25
EUVP_underwater_dark,270929_00003840.jpg,0.25,0.25,0.25,0.25
EUVP_underwater_dark,270931_00019057.jpg,0.25,0.25,0.25,0.25
EUVP_underwater_dark,270932_sea_turtle_underwater_277.jpeg,0.25,0.25,0.25,0.25
EUVP_underwater_dark,270933_00035989.jpg,0.25,0.25,0.25,0.25
EUVP_underwater_dark,270935_00023344.jpg,0.25,0.25,0.25,0.25
EUVP_underwater_dark,270936_00006305.jpg,0.25,0.25,0.25,0.25
EUVP_underwater_dark,270938_n01978455_11764.JPEG,0.25,0.25,0.25,0.25
EUVP_underwater_dark,270939_00028993.jpg,0.25,0.25,0.25,0.25
EUVP_underwater_dark,270940_00020152.jpg,0.25,0.25,0.25,0.25
EUVP_underwater_dark,270943_00026464.jpg,0.25,0.25,0.25,0.25
EUVP_underwater_dark,270944_n02321529_6277.JPEG,0.25,0.25,0.25,0.25
EUVP_underwater_dark,270945_00024607.jpg,0.25,0.25,0.25,0.25
EUVP_underwater_dark,270946_n01914609_953.JPEG,0.25,0.25,0.25,0.25
EUVP_underwater_dark,270947_n02607072_8871.JPEG,0.25,0.25,0.25,0.25
EUVP_underwater_dark,270951_n01924916_14482.JPEG,0.25,0.25,0.25,0.25
EUVP_underwater_dark,270953_n01917289_2236.JPEG,0.25,0.25,0.25,0.25
EUVP_underwater_dark,270955_n02607072_4537.JPEG,0.25,0.25,0.25,0.25
EUVP_underwater_dark,270958_00027714.jpg,0.25,0.25,0.25,0.25
EUVP_underwater_dark,270960_n02606052_20797.JPEG,0.25,0.25,0.25,0.25
EUVP_underwater_dark,270961_00012598.jpg,0.25,0.25,0.25,0.25
EUVP_underwater_dark,270962_n09256479_820.JPEG,0.25,0.25,0.25,0.25
EUVP_underwater_dark,270963_n01980166_721.JPEG,0.25,0.25,0.25,0.25
EUVP_underwater_dark,270965_n02607072_2032.JPEG,0.25,0.25,0.25,0.25
EUVP_underwater_dark,270971_00020078.jpg,0.25,0.25,0.25,0.25
EUVP_underwater_dark,270972_00014900.jpg,0.25,0.25,0.25,0.25
EUVP_underwater_dark,270973_n02655020_8272.JPEG,0.25,0.25,0.25,0.25
EUVP_underwater_dark,270974_n02321529_16004.JPEG,0.25,0.25,0.25,0.25
EUVP_underwater_dark,270975_n01950731_10831.JPEG,0.25,0.25,0.25,0.25
EUVP_underwater_dark,270976_00024462.jpg,0.25,0.25,0.25,0.25
EUVP_underwater_dark,270977_00002216.jpg,0.25,0.25,0.25,0.25
EUVP_underwater_dark,270981_00014459.jpg,0.25,0.25,0.25,0.25
EUVP_underwater_dark,270982_00010695.jpg,0.25,0.25,0.25,0.25
EUVP_underwater_dark,270983_n01914609_5918.JPEG,0.25,0.25,0.25,0.25
EUVP_underwater_dark,270984_00006477.jpg,0.25,0.25,0.25,0.25
EUVP_underwater_dark,270986_00034535.jpg,0.25,0.25,0.25,0.25
EUVP_underwater_dark,270988_00032098.jpg,0.25,0.25,0.25,0.25
EUVP_underwater_dark,270990_00009188.jpg,0.25,0.25,0.25,0.25
EUVP_underwater_dark,270992_00020943.jpg,0.25,0.25,0.25,0.25
EUVP_underwater_dark,270993_n01917289_85.JPEG,0.25,0.25,0.25,0.25
EUVP_underwater_dark,270995_n01910747_1681.JPEG,0.25,0.25,0.25,0.25
EUVP_underwater_dark,270996_00025369.jpg,0.25,0.25,0.25,0.25
EUVP_underwater_dark,270999_n02319095_6187.JPEG,0.25,0.25,0.25,0.25
EUVP_underwater_dark,271000_sea_turtle_coral_reef_10.jpg,0.25,0.25,0.25,0.25
EUVP_underwater_dark,271002_n01984695_79096.JPEG,0.25,0.25,0.25,0.25
EUVP_underwater_dark,271003_00021558.jpg,0.25,0.25,0.25,0.25
EUVP_underwater_dark,271007_n01978455_2233.JPEG,0.25,0.25,0.25,0.25
EUVP_underwater_dark,271008_00008030.jpg,0.25,0.25,0.25,0.25
EUVP_underwater_dark,271015_n01914609_16805.JPEG,0.25,0.25,0.25,0.25
EUVP_underwater_dark,271016_scuba_aquarium_747.jpg,0.25,0.25,0.25,0.25
EUVP_underwater_dark,271017_n02317335_18137.JPEG,0.25,0.25,0.25,0.25
EUVP_underwater_dark,271018_sea_turtle_adorable_416.jpg,0.25,0.25,0.25,0.25
EUVP_underwater_dark,271019_n02606052_11360.JPEG,0.25,0.25,0.25,0.25
EUVP_underwater_dark,271023_n01924916_8184.JPEG,0.25,0.25,0.25,0.25
EUVP_underwater_dark,271024_00036772.jpg,0.25,0.25,0.25,0.25
EUVP_underwater_dark,271027_00001356.jpg,0.25,0.25,0.25,0.25
EUVP_underwater_dark,271029_00021697.jpg,0.25,0.25,0.25,0.25
EUVP_underwater_dark,271030_00000469.jpg,0.25,0.25,0.25,0.25
EUVP_underwater_dark,271031_n02526121_2405.JPEG,0.25,0.25,0.25,0.25
EUVP_underwater_dark,271036_00025894.jpg,0.25,0.25,0.25,0.25
EUVP_underwater_dark,271038_00035297.jpg,0.25,0.25,0.25,0.25
EUVP_underwater_dark,271039_00026524.jpg,0.25,0.25,0.25,0.25
EUVP_underwater_dark,271040_00033701.jpg,0.25,0.25,0.25,0.25
EUVP_underwater_dark,271042_00002244.jpg,0.25,0.25,0.25,0.25
EUVP_underwater_dark,271043_00029519.jpg,0.25,0.25,0.25,0.25
EUVP_underwater_dark,271044_00016743.jpg,0.25,0.25,0.25,0.25
EUVP_underwater_dark,271046_00021769.jpg,0.25,0.25,0.25,0.25
EUVP_underwater_dark,271048_00004940.jpg,0.25,0.25,0.25,0.25
EUVP_underwater_dark,271051_00011018.jpg,0.25,0.25,0.25,0.25
EUVP_underwater_dark,271052_00022559.jpg,0.25,0.25,0.25,0.25
EUVP_underwater_dark,271058_n01924916_11749.JPEG,0.25,0.25,0.25,0.25
EUVP_underwater_dark,271059_00032437.jpg,0.25,0.25,0.25,0.25
EUVP_underwater_dark,271060_00035969.jpg,0.25,0.25,0.25,0.25
EUVP_underwater_dark,271062_00014869.jpg,0.25,0.25,0.25,0.25
EUVP_underwater_dark,271065_n02319095_10179.JPEG,0.25,0.25,0.25,0.25
EUVP_underwater_dark,271066_n01950731_10018.JPEG,0.25,0.25,0.25,0.25
EUVP_underwater_dark,271067_00029565.jpg,0.25,0.25,0.25,0.25
EUVP_underwater_dark,271068_n02071294_4745.JPEG,0.25,0.25,0.25,0.25
EUVP_underwater_dark,271070_00034415.jpg,0.25,0.25,0.25,0.25
EUVP_underwater_dark,271073_00015311.jpg,0.25,0.25,0.25,0.25
EUVP_underwater_dark,271076_00020941.jpg,0.25,0.25,0.25,0.25
EUVP_underwater_dark,271077_00033102.jpg,0.25,0.25,0.25,0.25
EUVP_underwater_dark,271080_00029357.jpg,0.25,0.25,0.25,0.25
EUVP_underwater_dark,271081_00010867.jpg,0.25,0.25,0.25,0.25
EUVP_underwater_dark,271087_sea_turtle_video_7.jpg,0.25,0.25,0.25,0.25
EUVP_underwater_dark,271089_00037996.jpg,0.25,0.25,0.25,0.25
EUVP_underwater_dark,271091_n01496331_26677.JPEG,0.25,0.25,0.25,0.25
EUVP_underwater_dark,271094_n02606052_6724.JPEG,0.25,0.25,0.25,0.25
EUVP_underwater_dark,271095_00006283.jpg,0.25,0.25,0.25,0.25
EUVP_underwater_dark,271098_n01985128_16813.JPEG,0.25,0.25,0.25,0.25
EUVP_underwater_dark,271103_00010830.jpg,0.25,0.25,0.25,0.25
EUVP_underwater_dark,271106_00012177.jpg,0.25,0.25,0.25,0.25
EUVP_underwater_dark,271107_n01950731_14454.JPEG,0.25,0.25,0.25,0.25
EUVP_underwater_dark,271108_n02606052_15336.JPEG,0.25,0.25,0.25,0.25
EUVP_underwater_dark,271109_00030202.jpg,0.25,0.25,0.25,0.25
EUVP_underwater_dark,271110_00022132.jpg,0.25,0.25,0.25,0.25
EUVP_underwater_dark,271111_00020590.jpg,0.25,0.25,0.25,0.25
EUVP_underwater_dark,271113_00000159.jpg,0.25,0.25,0.25,0.25
EUVP_underwater_dark,271114_n01978287_4367.JPEG,0.25,0.25,0.25,0.25
EUVP_underwater_dark,271117_00011585.jpg,0.25,0.25,0.25,0.25
EUVP_underwater_dark,271118_n01980166_6635.JPEG,0.25,0.25,0.25,0.25
EUVP_underwater_dark,271120_00029093.jpg,0.25,0.25,0.25,0.25
EUVP_underwater_dark,271124_n02607072_3038.JPEG,0.25,0.25,0.25,0.25
EUVP_underwater_dark,271131_00029324.jpg,0.25,0.25,0.25,0.25
EUVP_underwater_dark,271134_n01981276_4923.JPEG,0.25,0.25,0.25,0.25
EUVP_underwater_dark,271138_00002925.jpg,0.25,0.25,0.25,0.25
EUVP_underwater_dark,271141_00034690.jpg,0.25,0.25,0.25,0.25
EUVP_underwater_dark,271146_n01924916_716.JPEG,0.25,0.25,0.25,0.25
EUVP_underwater_dark,271147_n01910747_3139.JPEG,0.25,0.25,0.25,0.25
EUVP_underwater_dark,271148_sea_turtle_video_259.jpg,0.25,0.25,0.25,0.25
EUVP_underwater_dark,271149_n02643566_4479.JPEG,0.25,0.25,0.25,0.25
EUVP_underwater_dark,271151_00001486.jpg,0.25,0.25,0.25,0.25
EUVP_underwater_dark,271153_00035443.jpg,0.25,0.25,0.25,0.25
EUVP_underwater_dark,271154_00034008.jpg,0.25,0.25,0.25,0.25
EUVP_underwater_dark,271156_00003888.jpg,0.25,0.25,0.25,0.25
EUVP_underwater_dark,271158_00002205.jpg,0.25,0.25,0.25,0.25
EUVP_underwater_dark,271160_n01978455_2589.JPEG,0.25,0.25,0.25,0.25
EUVP_underwater_dark,271162_00021687.jpg,0.25,0.25,0.25,0.25
EUVP_underwater_dark,271164_n02643566_1395.JPEG,0.25,0.25,0.25,0.25
EUVP_underwater_dark,271166_00033785.jpg,0.25,0.25,0.25,0.25
EUVP_underwater_dark,271167_00025365.jpg,0.25,0.25,0.25,0.25
EUVP_underwater_dark,271169_n02607072_549.JPEG,0.25,0.25,0.25,0.25
EUVP_underwater_dark,271173_n09256479_6623.JPEG,0.25,0.25,0.25,0.25
EUVP_underwater_dark,271179_n01978455_1473.JPEG,0.25,0.25,0.25,0.25
EUVP_underwater_dark,271181_n02526121_1814.JPEG,0.25,0.25,0.25,0.25
EUVP_underwater_dark,271185_00032682.jpg,0.25,0.25,0.25,0.25
EUVP_underwater_dark,271186_00003379.jpg,0.25,0.25,0.25,0.25
EUVP_underwater_dark,271187_00021147.jpg,0.25,0.25,0.25,0.25
EUVP_underwater_dark,271188_00027183.jpg,0.25,0.25,0.25,0.25
EUVP_underwater_dark,271189_n01496331_13856.JPEG,0.25,0.25,0.25,0.25
EUVP_underwater_dark,271194_00021634.jpg,0.25,0.25,0.25,0.25
EUVP_underwater_dark,271199_00031375.jpg,0.25,0.25,0.25,0.25
EUVP_underwater_dark,271204_n01950731_26161.JPEG,0.25,0.25,0.25,0.25
EUVP_underwater_dark,271207_n02321529_4903.JPEG,0.25,0.25,0.25,0.25
EUVP_underwater_dark,271211_n01978287_9872.JPEG,0.25,0.25,0.25,0.25
EUVP_underwater_dark,271212_00030179.jpg,0.25,0.25,0.25,0.25
EUVP_underwater_dark,271214_n02317335_531.JPEG,0.25,0.25,0.25,0.25
EUVP_underwater_dark,271215_00038182.jpg,0.25,0.25,0.25,0.25
EUVP_underwater_dark,271217_00002217.jpg,0.25,0.25,0.25,0.25
EUVP_underwater_dark,271221_n02317335_20064.JPEG,0.25,0.25,0.25,0.25
EUVP_underwater_dark,271226_00011127.jpg,0.25,0.25,0.25,0.25
EUVP_underwater_dark,271229_00032360.jpg,0.25,0.25,0.25,0.25
EUVP_underwater_dark,271232_n01943899_10415.JPEG,0.25,0.25,0.25,0.25
EUVP_underwater_dark,271233_n01914609_4853.JPEG,0.25,0.25,0.25,0.25
EUVP_underwater_dark,271235_n02643566_2497.JPEG,0.25,0.25,0.25,0.25
EUVP_underwater_dark,271237_00035559.jpg,0.25,0.25,0.25,0.25
EUVP_underwater_dark,271238_00002276.jpg,0.25,0.25,0.25,0.25
EUVP_underwater_dark,271244_n02317335_728.JPEG,0.25,0.25,0.25,0.25
EUVP_underwater_dark,271249_n02321529_10309.JPEG,0.25,0.25,0.25,0.25
EUVP_underwater_dark,271250_00027548.jpg,0.25,0.25,0.25,0.25
EUVP_underwater_dark,271252_00012839.jpg,0.25,0.25,0.25,0.25
EUVP_underwater_dark,271253_n02606052_5897.JPEG,0.25,0.25,0.25,0.25
EUVP_underwater_dark,271255_n01943899_20483.JPEG,0.25,0.25,0.25,0.25
EUVP_underwater_dark,271257_00012257.jpg,0.25,0.25,0.25,0.25
EUVP_underwater_dark,271258_n02319095_8059.JPEG,0.25,0.25,0.25,0.25
EUVP_underwater_dark,271265_00003208.jpg,0.25,0.25,0.25,0.25
EUVP_underwater_dark,271266_00015935.jpg,0.25,0.25,0.25,0.25
EUVP_underwater_dark,271267_n02321529_17393.JPEG,0.25,0.25,0.25,0.25
EUVP_underwater_dark,271270_n02607072_3198.JPEG,0.25,0.25,0.25,0.25
EUVP_underwater_dark,271272_00016053.jpg,0.25,0.25,0.25,0.25
EUVP_underwater_dark,271279_00004527.jpg,0.25,0.25,0.25,0.25
EUVP_underwater_dark,271280_n01924916_8102.JPEG,0.25,0.25,0.25,0.25
EUVP_underwater_dark,271282_00016405.jpg,0.25,0.25,0.25,0.25
EUVP_underwater_dark,271283_00037734.jpg,0.25,0.25,0.25,0.25
EUVP_underwater_dark,271284_sea_turtle_top_695.jpg,0.25,0.25,0.25,0.25
EUVP_underwater_dark,271286_sea_turtle_coral_reef_11.jpg,0.25,0.25,0.25,0.25
EUVP_underwater_dark,271289_00036076.jpg,0.25,0.25,0.25,0.25
EUVP_underwater_dark,271290_n02526121_10056.JPEG,0.25,0.25,0.25,0.25
EUVP_underwater_dark,271291_n01950731_14115.JPEG,0.25,0.25,0.25,0.25
EUVP_underwater_dark,271292_n09256479_10426.JPEG,0.25,0.25,0.25,0.25
EUVP_underwater_dark,271294_n01978455_11579.JPEG,0.25,0.25,0.25,0.25
EUVP_underwater_dark,271296_n10565667_9252.JPEG,0.25,0.25,0.25,0.25
EUVP_underwater_dark,271298_00008764.jpg,0.25,0.25,0.25,0.25
EUVP_underwater_dark,271299_n02643566_3627.JPEG,0.25,0.25,0.25,0.25
EUVP_underwater_dark,271300_00004913.jpg,0.25,0.25,0.25,0.25
EUVP_underwater_dark,271305_00009753.jpg,0.25,0.25,0.25,0.25
EUVP_underwater_dark,271306_n01917289_255.JPEG,0.25,0.25,0.25,0.25
EUVP_underwater_dark,271308_n01950731_14420.JPEG,0.25,0.25,0.25,0.25
EUVP_underwater_dark,271309_00017498.jpg,0.25,0.25,0.25,0.25
EUVP_underwater_dark,271310_00039642.jpg,0.25,0.25,0.25,0.25
EUVP_underwater_dark,271312_00025695.jpg,0.25,0.25,0.25,0.25
EUVP_underwater_dark,271314_n01978455_11509.JPEG,0.25,0.25,0.25,0.25
EUVP_underwater_dark,271315_00026137.jpg,0.25,0.25,0.25,0.25
EUVP_underwater_dark,271316_00037125.jpg,0.25,0.25,0.25,0.25
EUVP_underwater_dark,271325_n01950731_2384.JPEG,0.25,0.25,0.25,0.25
EUVP_underwater_dark,271326_n01924916_7909.JPEG,0.25,0.25,0.25,0.25
EUVP_underwater_dark,271327_00017122.jpg,0.25,0.25,0.25,0.25
EUVP_underwater_dark,271328_n01914609_6355.JPEG,0.25,0.25,0.25,0.25
EUVP_underwater_dark,271329_n01914609_820.JPEG,0.25,0.25,0.25,0.25
EUVP_underwater_dark,271330_00007720.jpg,0.25,0.25,0.25,0.25
EUVP_underwater_dark,271332_n01917289_81.JPEG,0.25,0.25,0.25,0.25
EUVP_underwater_dark,271334_00005098.jpg,0.25,0.25,0.25,0.25
EUVP_underwater_dark,271336_00031310.jpg,0.25,0.25,0.25,0.25
EUVP_underwater_dark,271338_00007202.jpg,0.25,0.25,0.25,0.25
EUVP_underwater_dark,271340_00022266.jpg,0.25,0.25,0.25,0.25
EUVP_underwater_dark,271344_00033555.jpg,0.25,0.25,0.25,0.25
EUVP_underwater_dark,271347_n02317335_22528.JPEG,0.25,0.25,0.25,0.25
EUVP_underwater_dark,271358_n02321529_6251.JPEG,0.25,0.25,0.25,0.25
EUVP_underwater_dark,271359_00015144.jpg,0.25,0.25,0.25,0.25
EUVP_underwater_dark,271362_00036629.jpg,0.25,0.25,0.25,0.25
EUVP_underwater_dark,271366_n02317335_1698.JPEG,0.25,0.25,0.25,0.25
EUVP_underwater_dark,271367_00003996.jpg,0.25,0.25,0.25,0.25
EUVP_underwater_dark,271372_scuba_madagascar_116.jpg,0.25,0.25,0.25,0.25
EUVP_underwater_dark,271373_00022379.jpg,0.25,0.25,0.25,0.25
EUVP_underwater_dark,271374_00008057.jpg,0.25,0.25,0.25,0.25
EUVP_underwater_dark,271376_00008302.jpg,0.25,0.25,0.25,0.25
EUVP_underwater_dark,271379_00025224.jpg,0.25,0.25,0.25,0.25
EUVP_underwater_dark,271380_n01924916_908.JPEG,0.25,0.25,0.25,0.25
EUVP_underwater_dark,271385_00034972.jpg,0.25,0.25,0.25,0.25
EUVP_underwater_dark,271386_scuba_costa_rica_271.jpg,0.25,0.25,0.25,0.25
EUVP_underwater_dark,271389_n01664065_15082.JPEG,0.25,0.25,0.25,0.25
EUVP_underwater_dark,271390_00027858.jpg,0.25,0.25,0.25,0.25
EUVP_underwater_dark,271394_n01950731_1445.JPEG,0.25,0.25,0.25,0.25
EUVP_underwater_dark,271395_00010298.jpg,0.25,0.25,0.25,0.25
EUVP_underwater_dark,271396_n01484850_6696.JPEG,0.25,0.25,0.25,0.25
EUVP_underwater_dark,271397_00006589.jpg,0.25,0.25,0.25,0.25
EUVP_underwater_dark,271400_n01978455_6830.JPEG,0.25,0.25,0.25,0.25
EUVP_underwater_dark,271401_n02643566_594.JPEG,0.25,0.25,0.25,0.25
EUVP_underwater_dark,271404_00037715.jpg,0.25,0.25,0.25,0.25
EUVP_underwater_dark,271405_n01917289_1838.JPEG,0.25,0.25,0.25,0.25
EUVP_underwater_dark,271410_n01984695_66418.JPEG,0.25,0.25,0.25,0.25
EUVP_underwater_dark,271411_00014711.jpg,0.25,0.25,0.25,0.25
EUVP_underwater_dark,271415_n01914609_20098.JPEG,0.25,0.25,0.25,0.25
EUVP_underwater_dark,271418_n02319095_6350.JPEG,0.25,0.25,0.25,0.25
EUVP_underwater_dark,271420_00005317.jpg,0.25,0.25,0.25,0.25
EUVP_underwater_dark,271421_n09256479_9988.JPEG,0.25,0.25,0.25,0.25
EUVP_underwater_dark,271422_n01980166_4320.JPEG,0.25,0.25,0.25,0.25
EUVP_underwater_dark,271429_00020862.jpg,0.25,0.25,0.25,0.25
EUVP_underwater_dark,271431_n01910747_636.JPEG,0.25,0.25,0.25,0.25
EUVP_underwater_dark,271434_00012530.jpg,0.25,0.25,0.25,0.25
EUVP_underwater_dark,271437_n01917289_5147.JPEG,0.25,0.25,0.25,0.25
EUVP_underwater_dark,271438_n02643566_169.JPEG,0.25,0.25,0.25,0.25
EUVP_underwater_dark,271439_00014172.jpg,0.25,0.25,0.25,0.25
EUVP_underwater_dark,271440_n02606052_4765.JPEG,0.25,0.25,0.25,0.25
EUVP_underwater_dark,271441_00007869.jpg,0.25,0.25,0.25,0.25
EUVP_underwater_dark,271442_n01978455_2467.JPEG,0.25,0.25,0.25,0.25
EUVP_underwater_dark,271447_n02526121_4641.JPEG,0.25,0.25,0.25,0.25
EUVP_underwater_dark,271448_n01914609_1612.JPEG,0.25,0.25,0.25,0.25
EUVP_underwater_dark,271449_00003944.jpg,0.25,0.25,0.25,0.25
EUVP_underwater_dark,271451_sea_turtle_adorable_679.jpg,0.25,0.25,0.25,0.25
EUVP_underwater_dark,271452_n02319095_4149.JPEG,0.25,0.25,0.25,0.25
EUVP_underwater_dark,271453_00018674.jpg,0.25,0.25,0.25,0.25
EUVP_underwater_dark,271454_00015195.jpg,0.25,0.25,0.25,0.25
EUVP_underwater_dark,271458_00019388.jpg,0.25,0.25,0.25,0.25
EUVP_underwater_dark,271460_00010025.jpg,0.25,0.25,0.25,0.25
EUVP_underwater_dark,271461_00017256.jpg,0.25,0.25,0.25,0.25
EUVP_underwater_dark,271467_00015673.jpg,0.25,0.25,0.25,0.25
EUVP_underwater_dark,271469_00008096.jpg,0.25,0.25,0.25,0.25
EUVP_underwater_dark,271470_n01914609_1113.JPEG,0.25,0.25,0.25,0.25
EUVP_underwater_dark,271472_n01980166_7094.JPEG,0.25,0.25,0.25,0.25
EUVP_underwater_dark,271474_00022481.jpg,0.25,0.25,0.25,0.25
EUVP_underwater_dark,271477_00020557.jpg,0.25,0.25,0.25,0.25
EUVP_underwater_dark,271480_n02607072_1420.JPEG,0.25,0.25,0.25,0.25
EUVP_underwater_dark,271481_n01978455_5138.JPEG,0.25,0.25,0.25,0.25
EUVP_underwater_dark,271487_n01917289_1622.JPEG,0.25,0.25,0.25,0.25
EUVP_underwater_dark,271490_00023279.jpg,0.25,0.25,0.25,0.25
EUVP_underwater_dark,271491_00010577.jpg,0.25,0.25,0.25,0.25
EUVP_underwater_dark,271498_n01980166_292.JPEG,0.25,0.25,0.25,0.25
EUVP_underwater_dark,271501_n09256479_14032.JPEG,0.25,0.25,0.25,0.25
EUVP_underwater_dark,271502_00006543.jpg,0.25,0.25,0.25,0.25
EUVP_underwater_dark,271503_n09256479_10102.JPEG,0.25,0.25,0.25,0.25
EUVP_underwater_dark,271507_n01943899_14054.JPEG,0.25,0.25,0.25,0.25
EUVP_underwater_dark,271510_00005705.jpg,0.25,0.25,0.25,0.25
EUVP_underwater_dark,271511_00004789.jpg,0.25,0.25,0.25,0.25
EUVP_underwater_dark,271513_00024817.jpg,0.25,0.25,0.25,0.25
EUVP_underwater_dark,271514_n01984695_20985.JPEG,0.25,0.25,0.25,0.25
EUVP_underwater_dark,271515_n01664065_19101.JPEG,0.25,0.25,0.25,0.25
EUVP_underwater_dark,271524_n02526121_2817.JPEG,0.25,0.25,0.25,0.25
EUVP_underwater_dark,271526_sea_turtle_video_232.jpg,0.25,0.25,0.25,0.25
EUVP_underwater_dark,271529_00023650.jpg,0.25,0.25,0.25,0.25
EUVP_underwater_dark,271531_n01924916_5111.JPEG,0.25,0.25,0.25,0.25
EUVP_underwater_dark,271533_00011815.jpg,0.25,0.25,0.25,0.25
EUVP_underwater_dark,271538_00002047.jpg,0.25,0.25,0.25,0.25
EUVP_underwater_dark,271539_00017742.jpg,0.25,0.25,0.25,0.25
EUVP_underwater_dark,271540_n02321529_3041.JPEG,0.25,0.25,0.25,0.25
EUVP_underwater_dark,271541_00034474.jpg,0.25,0.25,0.25,0.25
EUVP_underwater_dark,271542_00037606.jpg,0.25,0.25,0.25,0.25
EUVP_underwater_dark,271545_n01914609_537.JPEG,0.25,0.25,0.25,0.25
EUVP_underwater_dark,271547_n02607072_2005.JPEG,0.25,0.25,0.25,0.25
EUVP_underwater_dark,271548_00007901.jpg,0.25,0.25,0.25,0.25
EUVP_underwater_dark,271549_00005197.jpg,0.25,0.25,0.25,0.25
EUVP_underwater_dark,271554_00017047.jpg,0.25,0.25,0.25,0.25
EUVP_underwater_dark,271556_00039567.jpg,0.25,0.25,0.25,0.25
EUVP_underwater_dark,271558_n01496331_14137.JPEG,0.25,0.25,0.25,0.25
EUVP_underwater_dark,271559_n01985128_5926.JPEG,0.25,0.25,0.25,0.25
EUVP_underwater_dark,271563_00016371.jpg,0.25,0.25,0.25,0.25
EUVP_underwater_dark,271567_00016081.jpg,0.25,0.25,0.25,0.25
EUVP_underwater_dark,271568_00011473.jpg,0.25,0.25,0.25,0.25
EUVP_underwater_dark,271572_n01664065_17558.JPEG,0.25,0.25,0.25,0.25
EUVP_underwater_dark,271574_n02607072_3867.JPEG,0.25,0.25,0.25,0.25
EUVP_underwater_dark,271576_00010151.jpg,0.25,0.25,0.25,0.25
EUVP_underwater_dark,271583_00039902.jpg,0.25,0.25,0.25,0.25
EUVP_underwater_dark,271585_n01924916_8731.JPEG,0.25,0.25,0.25,0.25
EUVP_underwater_dark,271586_n01924916_5254.JPEG,0.25,0.25,0.25,0.25
EUVP_underwater_dark,271587_n02606052_14664.JPEG,0.25,0.25,0.25,0.25
EUVP_underwater_dark,271588_00021724.jpg,0.25,0.25,0.25,0.25
EUVP_underwater_dark,271589_n01498041_10676.JPEG,0.25,0.25,0.25,0.25
EUVP_underwater_dark,271592_n01914609_8454.JPEG,0.25,0.25,0.25,0.25
EUVP_underwater_dark,271595_n02319095_1085.JPEG,0.25,0.25,0.25,0.25
EUVP_underwater_dark,271598_n02643566_3849.JPEG,0.25,0.25,0.25,0.25
EUVP_underwater_dark,271606_00025715.jpg,0.25,0.25,0.25,0.25
EUVP_underwater_dark,271614_00024356.jpg,0.25,0.25,0.25,0.25
EUVP_underwater_dark,271622_scuba_bonaire_749.jpg,0.25,0.25,0.25,0.25
EUVP_underwater_dark,271626_n01924916_7731.JPEG,0.25,0.25,0.25,0.25
EUVP_underwater_dark,271627_n01924916_6818.JPEG,0.25,0.25,0.25,0.25
EUVP_underwater_dark,271628_n02643566_927.JPEG,0.25,0.25,0.25,0.25
EUVP_underwater_dark,271629_n02321529_9694.JPEG,0.25,0.25,0.25,0.25
EUVP_underwater_dark,271632_00010482.jpg,0.25,0.25,0.25,0.25
EUVP_underwater_dark,271646_n01978287_2812.JPEG,0.25,0.25,0.25,0.25
EUVP_underwater_dark,271651_n02319095_78.JPEG,0.25,0.25,0.25,0.25
EUVP_underwater_dark,271652_00008934.jpg,0.25,0.25,0.25,0.25
EUVP_underwater_dark,271653_00025313.jpg,0.25,0.25,0.25,0.25
EUVP_underwater_dark,271655_00014284.jpg,0.25,0.25,0.25,0.25
EUVP_underwater_dark,271657_n01751748_2405.JPEG,0.25,0.25,0.25,0.25
EUVP_underwater_dark,271658_00033413.jpg,0.25,0.25,0.25,0.25
EUVP_underwater_dark,271659_n01664065_14066.JPEG,0.25,0.25,0.25,0.25
EUVP_underwater_dark,271660_00033212.jpg,0.25,0.25,0.25,0.25
EUVP_underwater_dark,271661_00003190.jpg,0.25,0.25,0.25,0.25
EUVP_underwater_dark,271663_00032504.jpg,0.25,0.25,0.25,0.25
EUVP_underwater_dark,271668_00019673.jpg,0.25,0.25,0.25,0.25
EUVP_underwater_dark,271673_n01664065_10372.JPEG,0.25,0.25,0.25,0.25
EUVP_underwater_dark,271674_00012919.jpg,0.25,0.25,0.25,0.25
EUVP_underwater_dark,271676_n01491361_14058.JPEG,0.25,0.25,0.25,0.25
EUVP_underwater_dark,271679_00010613.jpg,0.25,0.25,0.25,0.25
EUVP_underwater_dark,271680_n02643566_1127.JPEG,0.25,0.25,0.25,0.25
EUVP_underwater_dark,271682_n01494475_4386.JPEG,0.25,0.25,0.25,0.25
EUVP_underwater_dark,271683_00003156.jpg,0.25,0.25,0.25,0.25
EUVP_underwater_dark,271685_n02526121_4965.JPEG,0.25,0.25,0.25,0.25
EUVP_underwater_dark,271686_n09256479_1962.JPEG,0.25,0.25,0.25,0.25
EUVP_underwater_dark,271689_00039452.jpg,0.25,0.25,0.25,0.25
EUVP_underwater_dark,271692_sea_turtle_coral_reef_69.jpg,0.25,0.25,0.25,0.25
EUVP_underwater_dark,271697_n02655020_43402.JPEG,0.25,0.25,0.25,0.25
EUVP_underwater_dark,271698_n01751748_5066.JPEG,0.25,0.25,0.25,0.25
EUVP_underwater_dark,271699_00025867.jpg,0.25,0.25,0.25,0.25
EUVP_underwater_dark,271702_n01494475_25283.JPEG,0.25,0.25,0.25,0.25
EUVP_underwater_dark,271704_n02317335_12910.JPEG,0.25,0.25,0.25,0.25
EUVP_underwater_dark,271708_00018699.jpg,0.25,0.25,0.25,0.25
EUVP_underwater_dark,271711_n01984695_47529.JPEG,0.25,0.25,0.25,0.25
EUVP_underwater_dark,271714_00018372.jpg,0.25,0.25,0.25,0.25
EUVP_underwater_dark,271715_00006084.jpg,0.25,0.25,0.25,0.25
EUVP_underwater_dark,271716_00004782.jpg,0.25,0.25,0.25,0.25
EUVP_underwater_dark,271717_00008134.jpg,0.25,0.25,0.25,0.25
EUVP_underwater_dark,271719_00004993.jpg,0.25,0.25,0.25,0.25
EUVP_underwater_dark,271724_n01980166_9979.JPEG,0.25,0.25,0.25,0.25
EUVP_underwater_dark,271726_00019006.jpg,0.25,0.25,0.25,0.25
EUVP_underwater_dark,271727_00030736.jpg,0.25,0.25,0.25,0.25
EUVP_underwater_dark,271731_00019210.jpg,0.25,0.25,0.25,0.25
EUVP_underwater_dark,271732_n01980166_746.JPEG,0.25,0.25,0.25,0.25
EUVP_underwater_dark,271733_n02317335_1383.JPEG,0.25,0.25,0.25,0.25
EUVP_underwater_dark,271734_00022130.jpg,0.25,0.25,0.25,0.25
EUVP_underwater_dark,271737_00004416.jpg,0.25,0.25,0.25,0.25
EUVP_underwater_dark,271738_n01496331_1831.JPEG,0.25,0.25,0.25,0.25
EUVP_underwater_dark,271742_00016157.jpg,0.25,0.25,0.25,0.25
EUVP_underwater_dark,271743_n01950731_12138.JPEG,0.25,0.25,0.25,0.25
EUVP_underwater_dark,271744_n01985128_25046.JPEG,0.25,0.25,0.25,0.25
EUVP_underwater_dark,271746_00024334.jpg,0.25,0.25,0.25,0.25
EUVP_underwater_dark,271749_sea_turtle_kauai_506.jpg,0.25,0.25,0.25,0.25
EUVP_underwater_dark,271753_00037405.jpg,0.25,0.25,0.25,0.25
EUVP_underwater_dark,271755_n01943899_16268.JPEG,0.25,0.25,0.25,0.25
EUVP_underwater_dark,271756_00011870.jpg,0.25,0.25,0.25,0.25
EUVP_underwater_dark,271758_n02317335_11925.JPEG,0.25,0.25,0.25,0.25
EUVP_underwater_dark,271760_00022485.jpg,0.25,0.25,0.25,0.25
EUVP_underwater_dark,271763_00032855.jpg,0.25,0.25,0.25,0.25
EUVP_underwater_dark,271766_n01924916_5499.JPEG,0.25,0.25,0.25,0.25
EUVP_underwater_dark,271768_n02317335_6533.JPEG,0.25,0.25,0.25,0.25
EUVP_underwater_dark,271770_00003026.jpg,0.25,0.25,0.25,0.25
EUVP_underwater_dark,271771_n02321529_2965.JPEG,0.25,0.25,0.25,0.25
EUVP_underwater_dark,271772_n02317335_14267.JPEG,0.25,0.25,0.25,0.25
EUVP_underwater_dark,271773_n02526121_8861.JPEG,0.25,0.25,0.25,0.25
EUVP_underwater_dark,271779_n02319095_3467.JPEG,0.25,0.25,0.25,0.25
EUVP_underwater_dark,271781_00035356.jpg,0.25,0.25,0.25,0.25
EUVP_underwater_dark,271782_00010481.jpg,0.25,0.25,0.25,0.25
EUVP_underwater_dark,271785_n02319095_6488.JPEG,0.25,0.25,0.25,0.25
EUVP_underwater_dark,271786_00001624.jpg,0.25,0.25,0.25,0.25
EUVP_underwater_dark,271787_n02655020_14834.JPEG,0.25,0.25,0.25,0.25
EUVP_underwater_dark,271788_n01664065_28161.JPEG,0.25,0.25,0.25,0.25
EUVP_underwater_dark,271789_00034759.jpg,0.25,0.25,0.25,0.25
EUVP_underwater_dark,271792_00039349.jpg,0.25,0.25,0.25,0.25
EUVP_underwater_dark,271794_n01980166_4178.JPEG,0.25,0.25,0.25,0.25
EUVP_underwater_dark,271797_00024611.jpg,0.25,0.25,0.25,0.25
EUVP_underwater_dark,271798_00024717.jpg,0.25,0.25,0.25,0.25
EUVP_underwater_dark,271799_00038298.jpg,0.25,0.25,0.25,0.25
EUVP_underwater_dark,271800_n01924916_18184.JPEG,0.25,0.25,0.25,0.25
EUVP_underwater_dark,271803_n01910747_12383.JPEG,0.25,0.25,0.25,0.25
EUVP_underwater_dark,271805_00017654.jpg,0.25,0.25,0.25,0.25
EUVP_underwater_dark,271807_00035928.jpg,0.25,0.25,0.25,0.25
EUVP_underwater_dark,271810_00007674.jpg,0.25,0.25,0.25,0.25
EUVP_underwater_dark,271812_00013428.jpg,0.25,0.25,0.25,0.25
EUVP_underwater_dark,271817_n02526121_31066.JPEG,0.25,0.25,0.25,0.25
EUVP_underwater_dark,271818_00006380.jpg,0.25,0.25,0.25,0.25
EUVP_underwater_dark,271819_00019811.jpg,0.25,0.25,0.25,0.25
EUVP_underwater_dark,271821_n09256479_1052.JPEG,0.25,0.25,0.25,0.25
EUVP_underwater_dark,271824_00005451.jpg,0.25,0.25,0.25,0.25
EUVP_underwater_dark,271826_n02606052_12549.JPEG,0.25,0.25,0.25,0.25
EUVP_underwater_dark,271829_00003869.jpg,0.25,0.25,0.25,0.25
EUVP_underwater_dark,271830_n01751748_490.JPEG,0.25,0.25,0.25,0.25
EUVP_underwater_dark,271832_00028813.jpg,0.25,0.25,0.25,0.25
EUVP_underwater_dark,271835_n02317335_7579.JPEG,0.25,0.25,0.25,0.25
EUVP_underwater_dark,271839_00003740.jpg,0.25,0.25,0.25,0.25
EUVP_underwater_dark,271841_00017298.jpg,0.25,0.25,0.25,0.25
EUVP_underwater_dark,271849_00024568.jpg,0.25,0.25,0.25,0.25
EUVP_underwater_dark,271850_00020799.jpg,0.25,0.25,0.25,0.25
EUVP_underwater_dark,271851_00025518.jpg,0.25,0.25,0.25,0.25
EUVP_underwater_dark,271857_n02321529_3244.JPEG,0.25,0.25,0.25,0.25
EUVP_underwater_dark,271858_00027130.jpg,0.25,0.25,0.25,0.25
EUVP_underwater_dark,271859_n01914609_9287.JPEG,0.25,0.25,0.25,0.25
EUVP_underwater_dark,271860_n02607072_317.JPEG,0.25,0.25,0.25,0.25
EUVP_underwater_dark,271866_n02317335_14968.JPEG,0.25,0.25,0.25,0.25
EUVP_underwater_dark,271867_00013518.jpg,0.25,0.25,0.25,0.25
EUVP_underwater_dark,271869_n02526121_7991.JPEG,0.25,0.25,0.25,0.25
EUVP_underwater_dark,271871_00039774.jpg,0.25,0.25,0.25,0.25
EUVP_underwater_dark,271872_00000087.jpg,0.25,0.25,0.25,0.25
EUVP_underwater_dark,271873_n02607072_1980.JPEG,0.25,0.25,0.25,0.25
EUVP_underwater_dark,271874_n02655020_20966.JPEG,0.25,0.25,0.25,0.25
EUVP_underwater_dark,271877_00027056.jpg,0.25,0.25,0.25,0.25
EUVP_underwater_dark,271878_00002526.jpg,0.25,0.25,0.25,0.25
EUVP_underwater_dark,271881_00028367.jpg,0.25,0.25,0.25,0.25
EUVP_underwater_dark,271882_n01950731_12601.JPEG,0.25,0.25,0.25,0.25
EUVP_underwater_dark,271883_n02317335_4867.JPEG,0.25,0.25,0.25,0.25
EUVP_underwater_dark,271884_00028970.jpg,0.25,0.25,0.25,0.25
EUVP_underwater_dark,271889_n01498041_446.JPEG,0.25,0.25,0.25,0.25
EUVP_underwater_dark,271892_00015909.jpg,0.25,0.25,0.25,0.25
EUVP_underwater_dark,271893_n02321529_4127.JPEG,0.25,0.25,0.25,0.25
EUVP_underwater_dark,271894_n02606052_13085.JPEG,0.25,0.25,0.25,0.25
EUVP_underwater_dark,271901_00032695.jpg,0.25,0.25,0.25,0.25
EUVP_underwater_dark,271902_n02319095_3897.JPEG,0.25,0.25,0.25,0.25
EUVP_underwater_dark,271905_00002729.jpg,0.25,0.25,0.25,0.25
EUVP_underwater_dark,271909_n01950731_24169.JPEG,0.25,0.25,0.25,0.25
EUVP_underwater_dark,271911_n01914609_20611.JPEG,0.25,0.25,0.25,0.25
EUVP_underwater_dark,271912_n02066245_10525.JPEG,0.25,0.25,0.25,0.25
EUVP_underwater_dark,271914_00019361.jpg,0.25,0.25,0.25,0.25
EUVP_underwater_dark,271915_n01491361_3856.JPEG,0.25,0.25,0.25,0.25
EUVP_underwater_dark,271916_n01917289_1587.JPEG,0.25,0.25,0.25,0.25
EUVP_underwater_dark,271919_00035691.jpg,0.25,0.25,0.25,0.25
EUVP_underwater_dark,271920_00032188.jpg,0.25,0.25,0.25,0.25
EUVP_underwater_dark,271923_00039858.jpg,0.25,0.25,0.25,0.25
EUVP_underwater_dark,271929_n01984695_22930.JPEG,0.25,0.25,0.25,0.25
EUVP_underwater_dark,271931_brain_coral_38.jpg,0.25,0.25,0.25,0.25
EUVP_underwater_dark,271932_n02607072_4837.JPEG,0.25,0.25,0.25,0.25
EUVP_underwater_dark,271936_00001378.jpg,0.25,0.25,0.25,0.25
EUVP_underwater_dark,271937_n01498041_10755.JPEG,0.25,0.25,0.25,0.25
EUVP_underwater_dark,271939_00031878.jpg,0.25,0.25,0.25,0.25
EUVP_underwater_dark,271942_scuba_north_carolina_893.jpg,0.25,0.25,0.25,0.25
EUVP_underwater_dark,271945_00007007.jpg,0.25,0.25,0.25,0.25
EUVP_underwater_dark,271949_scuba_sri_lanka_122.jpeg,0.25,0.25,0.25,0.25
EUVP_underwater_dark,271950_00010411.jpg,0.25,0.25,0.25,0.25
EUVP_underwater_dark,271951_00038534.jpg,0.25,0.25,0.25,0.25
EUVP_underwater_dark,271957_n01664065_8551.JPEG,0.25,0.25,0.25,0.25
EUVP_underwater_dark,271958_n01924916_8651.JPEG,0.25,0.25,0.25,0.25
EUVP_underwater_dark,271960_00033362.jpg,0.25,0.25,0.25,0.25
EUVP_underwater_dark,271963_00022409.jpg,0.25,0.25,0.25,0.25
EUVP_underwater_dark,271964_00009964.jpg,0.25,0.25,0.25,0.25
EUVP_underwater_dark,271965_00033901.jpg,0.25,0.25,0.25,0.25
EUVP_underwater_dark,271967_n01950731_1184.JPEG,0.25,0.25,0.25,0.25
EUVP_underwater_dark,271968_n01491361_4477.JPEG,0.25,0.25,0.25,0.25
EUVP_underwater_dark,271969_n02317335_22387.JPEG,0.25,0.25,0.25,0.25
EUVP_underwater_dark,271970_00037487.jpg,0.25,0.25,0.25,0.25
EUVP_underwater_dark,271971_00001597.jpg,0.25,0.25,0.25,0.25
EUVP_underwater_dark,271972_00008740.jpg,0.25,0.25,0.25,0.25
EUVP_underwater_dark,271974_n01751748_803.JPEG,0.25,0.25,0.25,0.25
EUVP_underwater_dark,271979_n01950731_3886.JPEG,0.25,0.25,0.25,0.25
EUVP_underwater_dark,271981_00014253.jpg,0.25,0.25,0.25,0.25
EUVP_underwater_dark,271982_n01980166_3239.JPEG,0.25,0.25,0.25,0.25
EUVP_underwater_dark,271984_n01984695_15241.JPEG,0.25,0.25,0.25,0.25
EUVP_underwater_dark,271986_n01924916_197.JPEG,0.25,0.25,0.25,0.25
EUVP_underwater_dark,271987_00029589.jpg,0.25,0.25,0.25,0.25
EUVP_underwater_dark,271990_00035074.jpg,0.25,0.25,0.25,0.25
EUVP_underwater_dark,271995_n01484850_2204.JPEG,0.25,0.25,0.25,0.25
EUVP_underwater_dark,271996_n02319095_1164.JPEG,0.25,0.25,0.25,0.25
EUVP_underwater_dark,271998_n02317335_22091.JPEG,0.25,0.25,0.25,0.25
EUVP_underwater_dark,272000_00018539.jpg,0.25,0.25,0.25,0.25
EUVP_underwater_dark,272003_sun_ajdwbspsaypcxgwj.jpg,0.25,0.25,0.25,0.25
EUVP_underwater_dark,272005_n02655020_11899.JPEG,0.25,0.25,0.25,0.25
EUVP_underwater_dark,272006_00007042.jpg,0.25,0.25,0.25,0.25
EUVP_underwater_dark,272008_n01985128_50721.JPEG,0.25,0.25,0.25,0.25
EUVP_underwater_dark,272009_00030003.jpg,0.25,0.25,0.25,0.25
EUVP_underwater_dark,272012_00017103.jpg,0.25,0.25,0.25,0.25
EUVP_underwater_dark,272013_n02607072_1548.JPEG,0.25,0.25,0.25,0.25
EUVP_underwater_dark,272015_00009808.jpg,0.25,0.25,0.25,0.25
EUVP_underwater_dark,272016_n02606052_18652.JPEG,0.25,0.25,0.25,0.25
EUVP_underwater_dark,272018_00007036.jpg,0.25,0.25,0.25,0.25
EUVP_underwater_dark,272019_00024258.jpg,0.25,0.25,0.25,0.25
EUVP_underwater_dark,272020_n02655020_5076.JPEG,0.25,0.25,0.25,0.25
EUVP_underwater_dark,272021_00030893.jpg,0.25,0.25,0.25,0.25
EUVP_underwater_dark,272022_00000628.jpg,0.25,0.25,0.25,0.25
EUVP_underwater_dark,272023_n01910747_3050.JPEG,0.25,0.25,0.25,0.25
EUVP_underwater_dark,272025_00014307.jpg,0.25,0.25,0.25,0.25
EUVP_underwater_dark,272026_n02317335_24716.JPEG,0.25,0.25,0.25,0.25
EUVP_underwater_dark,272028_n01985128_30763.JPEG,0.25,0.25,0.25,0.25
EUVP_underwater_dark,272029_n01950731_558.JPEG,0.25,0.25,0.25,0.25
EUVP_underwater_dark,272030_00019666.jpg,0.25,0.25,0.25,0.25
EUVP_underwater_dark,272040_n02526121_3256.JPEG,0.25,0.25,0.25,0.25
EUVP_underwater_dark,272041_n02319095_4642.JPEG,0.25,0.25,0.25,0.25
EUVP_underwater_dark,272046_00001812.jpg,0.25,0.25,0.25,0.25
EUVP_underwater_dark,272051_n02643566_1738.JPEG,0.25,0.25,0.25,0.25
EUVP_underwater_dark,272061_n01980166_3545.JPEG,0.25,0.25,0.25,0.25
EUVP_underwater_dark,272065_n02319095_4665.JPEG,0.25,0.25,0.25,0.25
EUVP_underwater_dark,272066_n01494475_5150.JPEG,0.25,0.25,0.25,0.25
EUVP_underwater_dark,272067_n01980166_3810.JPEG,0.25,0.25,0.25,0.25
EUVP_underwater_dark,272069_00020872.jpg,0.25,0.25,0.25,0.25
EUVP_underwater_dark,272072_00022336.jpg,0.25,0.25,0.25,0.25
EUVP_underwater_dark,272074_n01924916_8208.JPEG,0.25,0.25,0.25,0.25
EUVP_underwater_dark,272082_00031758.jpg,0.25,0.25,0.25,0.25
EUVP_underwater_dark,272083_n01950731_1178.JPEG,0.25,0.25,0.25,0.25
EUVP_underwater_dark,272085_sun_bgvnrelidxyiobtx.jpg,0.25,0.25,0.25,0.25
EUVP_underwater_dark,272088_00014377.jpg,0.25,0.25,0.25,0.25
EUVP_underwater_dark,272092_n01924916_13396.JPEG,0.25,0.25,0.25,0.25
EUVP_underwater_dark,272093_00003961.jpg,0.25,0.25,0.25,0.25
EUVP_underwater_dark,272095_00007139.jpg,0.25,0.25,0.25,0.25
EUVP_underwater_dark,272098_00007742.jpg,0.25,0.25,0.25,0.25
EUVP_underwater_dark,272100_n02607072_1709.JPEG,0.25,0.25,0.25,0.25
EUVP_underwater_dark,272101_00030334.jpg,0.25,0.25,0.25,0.25
EUVP_underwater_dark,272104_00021462.jpg,0.25,0.25,0.25,0.25
EUVP_underwater_dark,272105_n02606052_83.JPEG,0.25,0.25,0.25,0.25
EUVP_underwater_dark,272107_00034294.jpg,0.25,0.25,0.25,0.25
EUVP_underwater_dark,272110_00022657.jpg,0.25,0.25,0.25,0.25
EUVP_underwater_dark,272111_00036294.jpg,0.25,0.25,0.25,0.25
EUVP_underwater_dark,272112_n02319095_4904.JPEG,0.25,0.25,0.25,0.25
EUVP_underwater_dark,272114_00037662.jpg,0.25,0.25,0.25,0.25
EUVP_underwater_dark,272115_n02607072_4903.JPEG,0.25,0.25,0.25,0.25
EUVP_underwater_dark,272116_sea_turtle_adorable_101.jpg,0.25,0.25,0.25,0.25
EUVP_underwater_dark,272117_00034282.jpg,0.25,0.25,0.25,0.25
EUVP_underwater_dark,272118_00023588.jpg,0.25,0.25,0.25,0.25
EUVP_underwater_dark,272119_00007729.jpg,0.25,0.25,0.25,0.25
EUVP_underwater_dark,272120_00032670.jpg,0.25,0.25,0.25,0.25
EUVP_underwater_dark,272121_n01943899_11955.JPEG,0.25,0.25,0.25,0.25
EUVP_underwater_dark,272122_n01985128_44873.JPEG,0.25,0.25,0.25,0.25
EUVP_underwater_dark,272124_n01950731_12515.JPEG,0.25,0.25,0.25,0.25
EUVP_underwater_dark,272125_n01980166_7847.JPEG,0.25,0.25,0.25,0.25
EUVP_underwater_dark,272126_00010419.jpg,0.25,0.25,0.25,0.25
EUVP_underwater_dark,272127_n02607072_397.JPEG,0.25,0.25,0.25,0.25
EUVP_underwater_dark,272128_n02321529_4552.JPEG,0.25,0.25,0.25,0.25
EUVP_underwater_dark,272130_00005618.jpg,0.25,0.25,0.25,0.25
EUVP_underwater_dark,272131_sea_turtle_top_269.jpg,0.25,0.25,0.25,0.25
EUVP_underwater_dark,272132_n02606052_7902.JPEG,0.25,0.25,0.25,0.25
EUVP_underwater_dark,272134_n01914609_7821.JPEG,0.25,0.25,0.25,0.25
EUVP_underwater_dark,272137_00035196.jpg,0.25,0.25,0.25,0.25
EUVP_underwater_dark,272138_00018410.jpg,0.25,0.25,0.25,0.25
EUVP_underwater_dark,272140_00009376.jpg,0.25,0.25,0.25,0.25
EUVP_underwater_dark,272141_n02319095_8244.JPEG,0.25,0.25,0.25,0.25
EUVP_underwater_dark,272142_00000103.jpg,0.25,0.25,0.25,0.25
EUVP_underwater_dark,272143_00032577.jpg,0.25,0.25,0.25,0.25
EUVP_underwater_dark,272144_n01978455_7413.JPEG,0.25,0.25,0.25,0.25
EUVP_underwater_dark,272146_00014021.jpg,0.25,0.25,0.25,0.25
EUVP_underwater_dark,272147_n01943899_370.JPEG,0.25,0.25,0.25,0.25
EUVP_underwater_dark,272148_00039596.jpg,0.25,0.25,0.25,0.25
EUVP_underwater_dark,272149_n01924916_5786.JPEG,0.25,0.25,0.25,0.25
EUVP_underwater_dark,272150_n02319095_5401.JPEG,0.25,0.25,0.25,0.25
EUVP_underwater_dark,272153_n01978287_5797.JPEG,0.25,0.25,0.25,0.25
EUVP_underwater_dark,272156_n02643566_7351.JPEG,0.25,0.25,0.25,0.25
EUVP_underwater_dark,272160_00006254.jpg,0.25,0.25,0.25,0.25
EUVP_underwater_dark,272161_00024231.jpg,0.25,0.25,0.25,0.25
EUVP_underwater_dark,272162_00012734.jpg,0.25,0.25,0.25,0.25
EUVP_underwater_dark,272163_n01950731_3373.JPEG,0.25,0.25,0.25,0.25
EUVP_underwater_dark,272164_n02526121_4816.JPEG,0.25,0.25,0.25,0.25
EUVP_underwater_dark,272165_00039201.jpg,0.25,0.25,0.25,0.25
EUVP_underwater_dark,272166_00017816.jpg,0.25,0.25,0.25,0.25
EUVP_underwater_dark,272168_n01751748_968.JPEG,0.25,0.25,0.25,0.25
EUVP_underwater_dark,272169_n02526121_6277.JPEG,0.25,0.25,0.25,0.25
EUVP_underwater_dark,272171_00015519.jpg,0.25,0.25,0.25,0.25
EUVP_underwater_dark,272173_n02317335_5155.JPEG,0.25,0.25,0.25,0.25
EUVP_underwater_dark,272174_n01924916_9783.JPEG,0.25,0.25,0.25,0.25
EUVP_underwater_dark,272176_n02321529_4011.JPEG,0.25,0.25,0.25,0.25
EUVP_underwater_dark,272177_00029839.jpg,0.25,0.25,0.25,0.25
EUVP_underwater_dark,272178_00032521.jpg,0.25,0.25,0.25,0.25
EUVP_underwater_dark,272180_n01984695_59347.JPEG,0.25,0.25,0.25,0.25
EUVP_underwater_dark,272184_n01924916_1875.JPEG,0.25,0.25,0.25,0.25
EUVP_underwater_dark,272185_00038592.jpg,0.25,0.25,0.25,0.25
EUVP_underwater_dark,272186_00000797.jpg,0.25,0.25,0.25,0.25
EUVP_underwater_dark,272187_00004292.jpg,0.25,0.25,0.25,0.25
EUVP_underwater_dark,272188_00006614.jpg,0.25,0.25,0.25,0.25
EUVP_underwater_dark,272190_00034557.jpg,0.25,0.25,0.25,0.25
EUVP_underwater_dark,272191_00025054.jpg,0.25,0.25,0.25,0.25
EUVP_underwater_dark,272193_00027298.jpg,0.25,0.25,0.25,0.25
EUVP_underwater_dark,272194_n02317335_22603.JPEG,0.25,0.25,0.25,0.25
EUVP_underwater_dark,272195_00015267.jpg,0.25,0.25,0.25,0.25
EUVP_underwater_dark,272196_n01980166_1733.JPEG,0.25,0.25,0.25,0.25
EUVP_underwater_dark,272200_00035424.jpg,0.25,0.25,0.25,0.25
EUVP_underwater_dark,272202_scuba_thailand_712.jpg,0.25,0.25,0.25,0.25
EUVP_underwater_dark,272205_00003806.jpg,0.25,0.25,0.25,0.25
EUVP_underwater_dark,272206_00001055.jpg,0.25,0.25,0.25,0.25
EUVP_underwater_dark,272210_00013164.jpg,0.25,0.25,0.25,0.25
EUVP_underwater_dark,272218_00030177.jpg,0.25,0.25,0.25,0.25
EUVP_underwater_dark,272222_scuba_bonaire_300.jpg,0.25,0.25,0.25,0.25
EUVP_underwater_dark,272223_n01924916_2508.JPEG,0.25,0.25,0.25,0.25
EUVP_underwater_dark,272224_n01924916_3247.JPEG,0.25,0.25,0.25,0.25
EUVP_underwater_dark,272230_00038355.jpg,0.25,0.25,0.25,0.25
EUVP_underwater_dark,272231_n01978455_4967.JPEG,0.25,0.25,0.25,0.25
EUVP_underwater_dark,272232_00035243.jpg,0.25,0.25,0.25,0.25
EUVP_underwater_dark,272236_00039192.jpg,0.25,0.25,0.25,0.25
EUVP_underwater_dark,272237_n01917289_5444.JPEG,0.25,0.25,0.25,0.25
EUVP_underwater_dark,272240_n02321529_9185.JPEG,0.25,0.25,0.25,0.25
EUVP_underwater_dark,272241_00006108.jpg,0.25,0.25,0.25,0.25
EUVP_underwater_dark,272243_00024376.jpg,0.25,0.25,0.25,0.25
EUVP_underwater_dark,272246_n02526121_2271.JPEG,0.25,0.25,0.25,0.25
EUVP_underwater_dark,272247_n01924916_7269.JPEG,0.25,0.25,0.25,0.25
EUVP_underwater_dark,272250_n01924916_729.JPEG,0.25,0.25,0.25,0.25
EUVP_underwater_dark,272253_00013672.jpg,0.25,0.25,0.25,0.25
EUVP_underwater_dark,272254_n02319095_4437.JPEG,0.25,0.25,0.25,0.25
EUVP_underwater_dark,272255_n01910747_7659.JPEG,0.25,0.25,0.25,0.25
EUVP_underwater_dark,272258_n02321529_4937.JPEG,0.25,0.25,0.25,0.25
EUVP_underwater_dark,272259_00035659.jpg,0.25,0.25,0.25,0.25
EUVP_underwater_dark,272260_00026191.jpg,0.25,0.25,0.25,0.25
EUVP_underwater_dark,272263_n02319095_6597.JPEG,0.25,0.25,0.25,0.25
EUVP_underwater_dark,272264_00032155.jpg,0.25,0.25,0.25,0.25
EUVP_underwater_dark,272268_00010979.jpg,0.25,0.25,0.25,0.25
EUVP_underwater_dark,272269_n02317335_18535.JPEG,0.25,0.25,0.25,0.25
EUVP_underwater_dark,272270_n02317335_17177.JPEG,0.25,0.25,0.25,0.25
EUVP_underwater_dark,272272_n02317335_1654.JPEG,0.25,0.25,0.25,0.25
EUVP_underwater_dark,272273_n02317335_53760.JPEG,0.25,0.25,0.25,0.25
EUVP_underwater_dark,272277_00019389.jpg,0.25,0.25,0.25,0.25
EUVP_underwater_dark,272279_00016646.jpg,0.25,0.25,0.25,0.25
EUVP_underwater_dark,272280_00009700.jpg,0.25,0.25,0.25,0.25
EUVP_underwater_dark,272282_00032273.jpg,0.25,0.25,0.25,0.25
EUVP_underwater_dark,272283_00009438.jpg,0.25,0.25,0.25,0.25
EUVP_underwater_dark,272284_n01943899_4448.JPEG,0.25,0.25,0.25,0.25
EUVP_underwater_dark,272285_00012047.jpg,0.25,0.25,0.25,0.25
EUVP_underwater_dark,272286_n01914609_1447.JPEG,0.25,0.25,0.25,0.25
EUVP_underwater_dark,272287_n02606052_18113.JPEG,0.25,0.25,0.25,0.25
EUVP_underwater_dark,272288_n01924916_18883.JPEG,0.25,0.25,0.25,0.25
EUVP_underwater_dark,272290_n01950731_16572.JPEG,0.25,0.25,0.25,0.25
EUVP_underwater_dark,272292_n02607072_4844.JPEG,0.25,0.25,0.25,0.25
EUVP_underwater_dark,272293_00036687.jpg,0.25,0.25,0.25,0.25
EUVP_underwater_dark,272294_scuba_north_carolina_848.jpg,0.25,0.25,0.25,0.25
EUVP_underwater_dark,272299_00015786.jpg,0.25,0.25,0.25,0.25
EUVP_underwater_dark,272300_00037796.jpg,0.25,0.25,0.25,0.25
EUVP_underwater_dark,272302_n02319095_9220.JPEG,0.25,0.25,0.25,0.25
EUVP_underwater_dark,272305_n02655020_16899.JPEG,0.25,0.25,0.25,0.25
EUVP_underwater_dark,272306_n01950731_1847.JPEG,0.25,0.25,0.25,0.25
EUVP_underwater_dark,272307_00018391.jpg,0.25,0.25,0.25,0.25
EUVP_underwater_dark,272308_n01980166_4112.JPEG,0.25,0.25,0.25,0.25
EUVP_underwater_dark,272310_00035168.jpg,0.25,0.25,0.25,0.25
EUVP_underwater_dark,272311_n01751748_14559.JPEG,0.25,0.25,0.25,0.25
EUVP_underwater_dark,272312_00007387.jpg,0.25,0.25,0.25,0.25
EUVP_underwater_dark,272313_00002332.jpg,0.25,0.25,0.25,0.25
EUVP_underwater_dark,272318_00036717.jpg,0.25,0.25,0.25,0.25
EUVP_underwater_dark,272319_n01950731_9836.JPEG,0.25,0.25,0.25,0.25
EUVP_underwater_dark,272320_00004808.jpg,0.25,0.25,0.25,0.25
EUVP_underwater_dark,272323_n01917289_622.JPEG,0.25,0.25,0.25,0.25
EUVP_underwater_dark,272324_00039472.jpg,0.25,0.25,0.25,0.25
EUVP_underwater_dark,272329_00022138.jpg,0.25,0.25,0.25,0.25
EUVP_underwater_dark,272330_00026462.jpg,0.25,0.25,0.25,0.25
EUVP_underwater_dark,272336_n02321529_2084.JPEG,0.25,0.25,0.25,0.25
EUVP_underwater_dark,272337_00021830.jpg,0.25,0.25,0.25,0.25
EUVP_underwater_dark,272339_00024290.jpg,0.25,0.25,0.25,0.25
EUVP_underwater_dark,272340_00021443.jpg,0.25,0.25,0.25,0.25
EUVP_underwater_dark,272341_00030772.jpg,0.25,0.25,0.25,0.25
EUVP_underwater_dark,272343_n02321529_18899.JPEG,0.25,0.25,0.25,0.25
EUVP_underwater_dark,272344_00007176.jpg,0.25,0.25,0.25,0.25
EUVP_underwater_dark,272345_00019489.jpg,0.25,0.25,0.25,0.25
EUVP_underwater_dark,272347_n01910747_9876.JPEG,0.25,0.25,0.25,0.25
EUVP_underwater_dark,272348_n02655020_5105.JPEG,0.25,0.25,0.25,0.25
EUVP_underwater_dark,272351_n02319095_4773.JPEG,0.25,0.25,0.25,0.25
EUVP_underwater_dark,272355_00023223.jpg,0.25,0.25,0.25,0.25
EUVP_underwater_dark,272356_n01498041_9467.JPEG,0.25,0.25,0.25,0.25
EUVP_underwater_dark,272360_sea_turtle_adorable_535.jpg,0.25,0.25,0.25,0.25
EUVP_underwater_dark,272361_00005526.jpg,0.25,0.25,0.25,0.25
EUVP_underwater_dark,272366_00008564.jpg,0.25,0.25,0.25,0.25
EUVP_underwater_dark,272367_00005225.jpg,0.25,0.25,0.25,0.25
EUVP_underwater_dark,272369_00027342.jpg,0.25,0.25,0.25,0.25
EUVP_underwater_dark,272370_n02643566_3568.JPEG,0.25,0.25,0.25,0.25
EUVP_underwater_dark,272376_00008785.jpg,0.25,0.25,0.25,0.25
EUVP_underwater_dark,272377_00037210.jpg,0.25,0.25,0.25,0.25
EUVP_underwater_dark,272380_n02607072_6882.JPEG,0.25,0.25,0.25,0.25
EUVP_underwater_dark,272383_n01496331_9078.JPEG,0.25,0.25,0.25,0.25
EUVP_underwater_dark,272384_n01980166_4646.JPEG,0.25,0.25,0.25,0.25
EUVP_underwater_dark,272386_00015254.jpg,0.25,0.25,0.25,0.25
EUVP_underwater_dark,272387_scuba_sri_lanka_302.jpg,0.25,0.25,0.25,0.25
EUVP_underwater_dark,272388_n01980166_898.JPEG,0.25,0.25,0.25,0.25
EUVP_underwater_dark,272390_n02321529_4254.JPEG,0.25,0.25,0.25,0.25
EUVP_underwater_dark,272391_00022168.jpg,0.25,0.25,0.25,0.25
EUVP_underwater_dark,272392_00036875.jpg,0.25,0.25,0.25,0.25
EUVP_underwater_dark,272395_n01914609_518.JPEG,0.25,0.25,0.25,0.25
EUVP_underwater_dark,272400_00012492.jpg,0.25,0.25,0.25,0.25
EUVP_underwater_dark,272402_scuba_isla_mujeres_42.jpg,0.25,0.25,0.25,0.25
EUVP_underwater_dark,272412_n01924916_5260.JPEG,0.25,0.25,0.25,0.25
EUVP_underwater_dark,272419_00033538.jpg,0.25,0.25,0.25,0.25
EUVP_underwater_dark,272422_00019254.jpg,0.25,0.25,0.25,0.25
EUVP_underwater_dark,272425_00023577.jpg,0.25,0.25,0.25,0.25
EUVP_underwater_dark,272427_n02317335_956.JPEG,0.25,0.25,0.25,0.25
EUVP_underwater_dark,272428_n02606052_5596.JPEG,0.25,0.25,0.25,0.25
EUVP_underwater_dark,272430_n01950731_7046.JPEG,0.25,0.25,0.25,0.25
EUVP_underwater_dark,272435_n02643566_2361.JPEG,0.25,0.25,0.25,0.25
EUVP_underwater_dark,272438_n01950731_14192.JPEG,0.25,0.25,0.25,0.25
EUVP_underwater_dark,272447_n02319095_3530.JPEG,0.25,0.25,0.25,0.25
EUVP_underwater_dark,272450_00010915.jpg,0.25,0.25,0.25,0.25
EUVP_underwater_dark,272451_00021455.jpg,0.25,0.25,0.25,0.25
EUVP_underwater_dark,272452_n01924916_11492.JPEG,0.25,0.25,0.25,0.25
EUVP_underwater_dark,272453_n09256479_9269.JPEG,0.25,0.25,0.25,0.25
EUVP_underwater_dark,272458_n09256479_1450.JPEG,0.25,0.25,0.25,0.25
EUVP_underwater_dark,272461_00016239.jpg,0.25,0.25,0.25,0.25
EUVP_underwater_dark,272462_00036411.jpg,0.25,0.25,0.25,0.25
EUVP_underwater_dark,272464_00026886.jpg,0.25,0.25,0.25,0.25
EUVP_underwater_dark,272466_n02643566_4138.JPEG,0.25,0.25,0.25,0.25
EUVP_underwater_dark,272468_00018901.jpg,0.25,0.25,0.25,0.25
EUVP_underwater_dark,272470_00005465.jpg,0.25,0.25,0.25,0.25
EUVP_underwater_dark,272471_n01924916_8360.JPEG,0.25,0.25,0.25,0.25
EUVP_underwater_dark,272474_00030946.jpg,0.25,0.25,0.25,0.25
EUVP_underwater_dark,272475_00030186.jpg,0.25,0.25,0.25,0.25
EUVP_underwater_dark,272476_00029724.jpg,0.25,0.25,0.25,0.25
EUVP_underwater_dark,272477_00029766.jpg,0.25,0.25,0.25,0.25
EUVP_underwater_dark,272485_n02319095_2293.JPEG,0.25,0.25,0.25,0.25
EUVP_underwater_dark,272487_00018177.jpg,0.25,0.25,0.25,0.25
EUVP_underwater_dark,272492_n02317335_25012.JPEG,0.25,0.25,0.25,0.25
EUVP_underwater_dark,272494_00025732.jpg,0.25,0.25,0.25,0.25
EUVP_underwater_dark,272498_00008459.jpg,0.25,0.25,0.25,0.25
EUVP_underwater_dark,272499_n01980166_5956.JPEG,0.25,0.25,0.25,0.25
EUVP_underwater_dark,272500_n01914609_1253.JPEG,0.25,0.25,0.25,0.25
EUVP_underwater_dark,272501_n02643566_13713.JPEG,0.25,0.25,0.25,0.25
EUVP_underwater_dark,272502_00031008.jpg,0.25,0.25,0.25,0.25
EUVP_underwater_dark,272504_00035051.jpg,0.25,0.25,0.25,0.25
EUVP_underwater_dark,272506_00033540.jpg,0.25,0.25,0.25,0.25
EUVP_underwater_dark,272507_00000748.jpg,0.25,0.25,0.25,0.25
EUVP_underwater_dark,272508_n02321529_8617.JPEG,0.25,0.25,0.25,0.25
EUVP_underwater_dark,272510_00022114.jpg,0.25,0.25,0.25,0.25
EUVP_underwater_dark,272511_n01910747_1790.JPEG,0.25,0.25,0.25,0.25
EUVP_underwater_dark,272513_n02606052_18885.JPEG,0.25,0.25,0.25,0.25
EUVP_underwater_dark,272514_n01496331_15629.JPEG,0.25,0.25,0.25,0.25
EUVP_underwater_dark,272517_n02319095_5463.JPEG,0.25,0.25,0.25,0.25
EUVP_underwater_dark,272519_n09256479_11483.JPEG,0.25,0.25,0.25,0.25
EUVP_underwater_dark,272521_n01950731_22745.JPEG,0.25,0.25,0.25,0.25
EUVP_underwater_dark,272525_n01496331_20916.JPEG,0.25,0.25,0.25,0.25
EUVP_underwater_dark,272526_n02319095_7113.JPEG,0.25,0.25,0.25,0.25
EUVP_underwater_dark,272527_00034617.jpg,0.25,0.25,0.25,0.25
EUVP_underwater_dark,272528_n01924916_171.JPEG,0.25,0.25,0.25,0.25
EUVP_underwater_dark,272532_n01978455_3858.JPEG,0.25,0.25,0.25,0.25
EUVP_underwater_dark,272534_n01924916_949.JPEG,0.25,0.25,0.25,0.25
EUVP_underwater_dark,272535_00036105.jpg,0.25,0.25,0.25,0.25
EUVP_underwater_dark,272537_00035672.jpg,0.25,0.25,0.25,0.25
EUVP_underwater_dark,272539_n01751748_7836.JPEG,0.25,0.25,0.25,0.25
EUVP_underwater_dark,272540_00012580.jpg,0.25,0.25,0.25,0.25
EUVP_underwater_dark,272541_00002613.jpg,0.25,0.25,0.25,0.25
EUVP_underwater_dark,272543_n01751748_8140.JPEG,0.25,0.25,0.25,0.25
EUVP_underwater_dark,272545_00033483.jpg,0.25,0.25,0.25,0.25
EUVP_underwater_dark,272547_00037977.jpg,0.25,0.25,0.25,0.25
EUVP_underwater_dark,272548_n02526121_4607.JPEG,0.25,0.25,0.25,0.25
EUVP_underwater_dark,272552_00006342.jpg,0.25,0.25,0.25,0.25
EUVP_underwater_dark,272553_n01983481_2996.JPEG,0.25,0.25,0.25,0.25
EUVP_underwater_dark,272554_00027830.jpg,0.25,0.25,0.25,0.25
EUVP_underwater_dark,272556_n02607072_1712.JPEG,0.25,0.25,0.25,0.25
EUVP_underwater_dark,272557_n01950731_1196.JPEG,0.25,0.25,0.25,0.25
EUVP_underwater_dark,272558_n02526121_9705.JPEG,0.25,0.25,0.25,0.25
EUVP_underwater_dark,272559_00038990.jpg,0.25,0.25,0.25,0.25
EUVP_underwater_dark,272560_00010954.jpg,0.25,0.25,0.25,0.25
EUVP_underwater_dark,272561_00013334.jpg,0.25,0.25,0.25,0.25
EUVP_underwater_dark,272563_n01924916_13619.JPEG,0.25,0.25,0.25,0.25
EUVP_underwater_dark,272564_00012479.jpg,0.25,0.25,0.25,0.25
EUVP_underwater_dark,272565_00013583.jpg,0.25,0.25,0.25,0.25
EUVP_underwater_dark,272566_n01910747_20392.JPEG,0.25,0.25,0.25,0.25
EUVP_underwater_dark,272568_00009943.jpg,0.25,0.25,0.25,0.25
EUVP_underwater_dark,272569_00038011.jpg,0.25,0.25,0.25,0.25
EUVP_underwater_dark,272570_00006877.jpg,0.25,0.25,0.25,0.25
EUVP_underwater_dark,272571_00012898.jpg,0.25,0.25,0.25,0.25
EUVP_underwater_dark,272574_n01751748_5808.JPEG,0.25,0.25,0.25,0.25
EUVP_underwater_dark,272575_n01980166_856.JPEG,0.25,0.25,0.25,0.25
EUVP_underwater_dark,272576_00036494.jpg,0.25,0.25,0.25,0.25
EUVP_underwater_dark,272577_00036231.jpg,0.25,0.25,0.25,0.25
EUVP_underwater_dark,272578_n01914609_4914.JPEG,0.25,0.25,0.25,0.25
EUVP_underwater_dark,272579_00011582.jpg,0.25,0.25,0.25,0.25
EUVP_underwater_dark,272580_00003316.jpg,0.25,0.25,0.25,0.25
EUVP_underwater_dark,272581_00019565.jpg,0.25,0.25,0.25,0.25
EUVP_underwater_dark,272582_00006319.jpg,0.25,0.25,0.25,0.25
EUVP_underwater_dark,272584_00024810.jpg,0.25,0.25,0.25,0.25
EUVP_underwater_dark,272585_00012602.jpg,0.25,0.25,0.25,0.25
EUVP_underwater_dark,272586_00021553.jpg,0.25,0.25,0.25,0.25
EUVP_underwater_dark,272588_00020202.jpg,0.25,0.25,0.25,0.25
EUVP_underwater_dark,272591_n01491361_6477.JPEG,0.25,0.25,0.25,0.25
EUVP_underwater_dark,272592_n02319095_7326.JPEG,0.25,0.25,0.25,0.25
EUVP_underwater_dark,272593_n01924916_6540.JPEG,0.25,0.25,0.25,0.25
EUVP_underwater_dark,272594_n01980166_7105.JPEG,0.25,0.25,0.25,0.25
EUVP_underwater_dark,272596_n01950731_13270.JPEG,0.25,0.25,0.25,0.25
EUVP_underwater_dark,272597_n01917289_2088.JPEG,0.25,0.25,0.25,0.25
EUVP_underwater_dark,272598_n01984695_44298.JPEG,0.25,0.25,0.25,0.25
EUVP_underwater_dark,272600_n01950731_2157.JPEG,0.25,0.25,0.25,0.25
EUVP_underwater_dark,272601_00011263.jpg,0.25,0.25,0.25,0.25
EUVP_underwater_dark,272602_00003094.jpg,0.25,0.25,0.25,0.25
EUVP_underwater_dark,272604_00014063.jpg,0.25,0.25,0.25,0.25
EUVP_underwater_dark,272612_n01950731_17668.JPEG,0.25,0.25,0.25,0.25
EUVP_underwater_dark,272613_n02526121_8113.JPEG,0.25,0.25,0.25,0.25
EUVP_underwater_dark,272614_n02643566_14405.JPEG,0.25,0.25,0.25,0.25
EUVP_underwater_dark,272615_n02607072_5522.JPEG,0.25,0.25,0.25,0.25
EUVP_underwater_dark,272618_00037771.jpg,0.25,0.25,0.25,0.25
EUVP_underwater_dark,272619_00007032.jpg,0.25,0.25,0.25,0.25
EUVP_underwater_dark,272625_n01751748_221.JPEG,0.25,0.25,0.25,0.25
EUVP_underwater_dark,272629_n02643566_333.JPEG,0.25,0.25,0.25,0.25
EUVP_underwater_dark,272630_00037918.jpg,0.25,0.25,0.25,0.25
EUVP_underwater_dark,272633_00036534.jpg,0.25,0.25,0.25,0.25
EUVP_underwater_dark,272635_n02655020_17417.JPEG,0.25,0.25,0.25,0.25
EUVP_underwater_dark,272636_00039648.jpg,0.25,0.25,0.25,0.25
EUVP_underwater_dark,272638_n01924916_19245.JPEG,0.25,0.25,0.25,0.25
EUVP_underwater_dark,272639_00024773.jpg,0.25,0.25,0.25,0.25
EUVP_underwater_dark,272640_n01914609_15993.JPEG,0.25,0.25,0.25,0.25
EUVP_underwater_dark,272644_n02317335_18108.JPEG,0.25,0.25,0.25,0.25
EUVP_underwater_dark,272646_n01985128_26846.JPEG,0.25,0.25,0.25,0.25
EUVP_underwater_dark,272649_n02321529_17363.JPEG,0.25,0.25,0.25,0.25
EUVP_underwater_dark,272651_n02321529_8121.JPEG,0.25,0.25,0.25,0.25
EUVP_underwater_dark,272655_n01924916_7596.JPEG,0.25,0.25,0.25,0.25
EUVP_underwater_dark,272657_00014223.jpg,0.25,0.25,0.25,0.25
EUVP_underwater_dark,272658_n01914609_3334.JPEG,0.25,0.25,0.25,0.25
EUVP_underwater_dark,272659_n09256479_3136.JPEG,0.25,0.25,0.25,0.25
EUVP_underwater_dark,272660_00039702.jpg,0.25,0.25,0.25,0.25
EUVP_underwater_dark,272661_00027019.jpg,0.25,0.25,0.25,0.25
EUVP_underwater_dark,272662_n09256479_9695.JPEG,0.25,0.25,0.25,0.25
EUVP_underwater_dark,272663_00006940.jpg,0.25,0.25,0.25,0.25
EUVP_underwater_dark,272667_00030175.jpg,0.25,0.25,0.25,0.25
EUVP_underwater_dark,272671_n01984695_1749.JPEG,0.25,0.25,0.25,0.25
EUVP_underwater_dark,272672_00009527.jpg,0.25,0.25,0.25,0.25
EUVP_underwater_dark,272675_00028880.jpg,0.25,0.25,0.25,0.25
EUVP_underwater_dark,272676_n01924916_6852.JPEG,0.25,0.25,0.25,0.25
EUVP_underwater_dark,272677_00011392.jpg,0.25,0.25,0.25,0.25
EUVP_underwater_dark,272678_n02317335_14774.JPEG,0.25,0.25,0.25,0.25
EUVP_underwater_dark,272680_00024101.jpg,0.25,0.25,0.25,0.25
EUVP_underwater_dark,272681_n01496331_33184.JPEG,0.25,0.25,0.25,0.25
EUVP_underwater_dark,272683_n01491361_4546.JPEG,0.25,0.25,0.25,0.25
EUVP_underwater_dark,272688_00009543.jpg,0.25,0.25,0.25,0.25
EUVP_underwater_dark,272689_00013146.jpg,0.25,0.25,0.25,0.25
EUVP_underwater_dark,272690_n01950731_13996.JPEG,0.25,0.25,0.25,0.25
EUVP_underwater_dark,272691_n02321529_10642.JPEG,0.25,0.25,0.25,0.25
EUVP_underwater_dark,272694_00032817.jpg,0.25,0.25,0.25,0.25
EUVP_underwater_dark,272695_n01980166_7816.JPEG,0.25,0.25,0.25,0.25
EUVP_underwater_dark,272696_n02317335_24775.JPEG,0.25,0.25,0.25,0.25
EUVP_underwater_dark,272697_00019074.jpg,0.25,0.25,0.25,0.25
EUVP_underwater_dark,272699_n02606052_13790.JPEG,0.25,0.25,0.25,0.25
EUVP_underwater_dark,272700_n02607072_14157.JPEG,0.25,0.25,0.25,0.25
EUVP_underwater_dark,272701_n01914609_6327.JPEG,0.25,0.25,0.25,0.25
EUVP_underwater_dark,272702_00033833.jpg,0.25,0.25,0.25,0.25
EUVP_underwater_dark,272708_00014881.jpg,0.25,0.25,0.25,0.25
EUVP_underwater_dark,272710_sun_broelkpuntfxcnkh.jpg,0.25,0.25,0.25,0.25
EUVP_underwater_dark,272715_00010322.jpg,0.25,0.25,0.25,0.25
EUVP_underwater_dark,272716_00025756.jpg,0.25,0.25,0.25,0.25
EUVP_underwater_dark,272718_00015321.jpg,0.25,0.25,0.25,0.25
EUVP_underwater_dark,272723_n01917289_564.JPEG,0.25,0.25,0.25,0.25
EUVP_underwater_dark,272726_00020458.jpg,0.25,0.25,0.25,0.25
EUVP_underwater_dark,272728_00026724.jpg,0.25,0.25,0.25,0.25
EUVP_underwater_dark,272729_00008122.jpg,0.25,0.25,0.25,0.25
EUVP_underwater_dark,272730_00033426.jpg,0.25,0.25,0.25,0.25
EUVP_underwater_dark,272731_n01980166_813.JPEG,0.25,0.25,0.25,0.25
EUVP_underwater_dark,272732_00006971.jpg,0.25,0.25,0.25,0.25
EUVP_underwater_dark,272733_00022568.jpg,0.25,0.25,0.25,0.25
EUVP_underwater_dark,272735_00000113.jpg,0.25,0.25,0.25,0.25
EUVP_underwater_dark,272737_n01924916_6620.JPEG,0.25,0.25,0.25,0.25
EUVP_underwater_dark,272739_n02319095_482.JPEG,0.25,0.25,0.25,0.25
EUVP_underwater_dark,272740_00038530.jpg,0.25,0.25,0.25,0.25
EUVP_underwater_dark,272741_n01664065_10572.JPEG,0.25,0.25,0.25,0.25
EUVP_underwater_dark,272742_00023872.jpg,0.25,0.25,0.25,0.25
EUVP_underwater_dark,272743_n01924916_3831.JPEG,0.25,0.25,0.25,0.25
EUVP_underwater_dark,272744_n01496331_29308.JPEG,0.25,0.25,0.25,0.25
EUVP_underwater_dark,272750_00013670.jpg,0.25,0.25,0.25,0.25
EUVP_underwater_dark,272751_n02319095_8300.JPEG,0.25,0.25,0.25,0.25
EUVP_underwater_dark,272752_00032216.jpg,0.25,0.25,0.25,0.25
EUVP_underwater_dark,272754_00017086.jpg,0.25,0.25,0.25,0.25
EUVP_underwater_dark,272756_00019904.jpg,0.25,0.25,0.25,0.25
EUVP_underwater_dark,272757_n01917289_2517.JPEG,0.25,0.25,0.25,0.25
EUVP_underwater_dark,272759_n02606052_21798.JPEG,0.25,0.25,0.25,0.25
EUVP_underwater_dark,272760_00006390.jpg,0.25,0.25,0.25,0.25
EUVP_underwater_dark,272761_00005163.jpg,0.25,0.25,0.25,0.25
EUVP_underwater_dark,272762_n02317335_42024.JPEG,0.25,0.25,0.25,0.25
EUVP_underwater_dark,272763_n01984695_39121.JPEG,0.25,0.25,0.25,0.25
EUVP_underwater_dark,272765_n02319095_8671.JPEG,0.25,0.25,0.25,0.25
EUVP_underwater_dark,272767_n01980166_5239.JPEG,0.25,0.25,0.25,0.25
EUVP_underwater_dark,272769_00005277.jpg,0.25,0.25,0.25,0.25
EUVP_underwater_dark,272770_00030133.jpg,0.25,0.25,0.25,0.25
EUVP_underwater_dark,272772_n02321529_5020.JPEG,0.25,0.25,0.25,0.25
EUVP_underwater_dark,272773_00037650.jpg,0.25,0.25,0.25,0.25
EUVP_underwater_dark,272775_n01924916_11482.JPEG,0.25,0.25,0.25,0.25
EUVP_underwater_dark,272778_n01924916_4015.JPEG,0.25,0.25,0.25,0.25
EUVP_underwater_dark,272779_scuba_great_lakes_343.jpg,0.25,0.25,0.25,0.25
EUVP_underwater_dark,272784_scuba_bonaire_633.jpg,0.25,0.25,0.25,0.25
EUVP_underwater_dark,272786_00020905.jpg,0.25,0.25,0.25,0.25
EUVP_underwater_dark,272787_00024383.jpg,0.25,0.25,0.25,0.25
EUVP_underwater_dark,272788_00028528.jpg,0.25,0.25,0.25,0.25
EUVP_underwater_dark,272789_n09256479_8520.JPEG,0.25,0.25,0.25,0.25
EUVP_underwater_dark,272790_00037926.jpg,0.25,0.25,0.25,0.25
EUVP_underwater_dark,272793_00039268.jpg,0.25,0.25,0.25,0.25
EUVP_underwater_dark,272794_00010665.jpg,0.25,0.25,0.25,0.25
EUVP_underwater_dark,272795_n09256479_8216.JPEG,0.25,0.25,0.25,0.25
EUVP_underwater_dark,272796_00011947.jpg,0.25,0.25,0.25,0.25
EUVP_underwater_dark,272797_00013218.jpg,0.25,0.25,0.25,0.25
EUVP_underwater_dark,272798_00003422.jpg,0.25,0.25,0.25,0.25
EUVP_underwater_dark,272799_00037702.jpg,0.25,0.25,0.25,0.25
EUVP_underwater_dark,272800_scuba_christmas_176.jpg,0.25,0.25,0.25,0.25
EUVP_underwater_dark,272801_scuba_costa_rica_264.jpg,0.25,0.25,0.25,0.25
EUVP_underwater_dark,272803_00003649.jpg,0.25,0.25,0.25,0.25
EUVP_underwater_dark,272807_00009095.jpg,0.25,0.25,0.25,0.25
EUVP_underwater_dark,272808_n02319095_5089.JPEG,0.25,0.25,0.25,0.25
EUVP_underwater_dark,272812_n01950731_15073.JPEG,0.25,0.25,0.25,0.25
EUVP_underwater_dark,272813_n02643566_2423.JPEG,0.25,0.25,0.25,0.25
EUVP_underwater_dark,272816_n01498041_782.JPEG,0.25,0.25,0.25,0.25
EUVP_underwater_dark,272818_00039585.jpg,0.25,0.25,0.25,0.25
EUVP_underwater_dark,272819_00031882.jpg,0.25,0.25,0.25,0.25
EUVP_underwater_dark,272821_n02319095_9855.JPEG,0.25,0.25,0.25,0.25
EUVP_underwater_dark,272823_00026816.jpg,0.25,0.25,0.25,0.25
EUVP_underwater_dark,272825_00020578.jpg,0.25,0.25,0.25,0.25
EUVP_underwater_dark,272826_00037022.jpg,0.25,0.25,0.25,0.25
EUVP_underwater_dark,272829_00007862.jpg,0.25,0.25,0.25,0.25
EUVP_underwater_dark,272831_sun_bnaassfnczkymzyy.jpg,0.25,0.25,0.25,0.25
EUVP_underwater_dark,272834_n01914609_7587.JPEG,0.25,0.25,0.25,0.25
EUVP_underwater_dark,272835_n02321529_10043.JPEG,0.25,0.25,0.25,0.25
EUVP_underwater_dark,272836_00001178.jpg,0.25,0.25,0.25,0.25
EUVP_underwater_dark,272837_00009500.jpg,0.25,0.25,0.25,0.25
EUVP_underwater_dark,272839_00000899.jpg,0.25,0.25,0.25,0.25
EUVP_underwater_dark,272841_00027697.jpg,0.25,0.25,0.25,0.25
EUVP_underwater_dark,272842_n02321529_6552.JPEG,0.25,0.25,0.25,0.25
EUVP_underwater_dark,272843_n01950731_4106.JPEG,0.25,0.25,0.25,0.25
EUVP_underwater_dark,272845_00009639.jpg,0.25,0.25,0.25,0.25
EUVP_underwater_dark,272847_n02526121_5369.JPEG,0.25,0.25,0.25,0.25
EUVP_underwater_dark,272852_n02643566_48.JPEG,0.25,0.25,0.25,0.25
EUVP_underwater_dark,272853_n01496331_14714.JPEG,0.25,0.25,0.25,0.25
EUVP_underwater_dark,272858_n01914609_5041.JPEG,0.25,0.25,0.25,0.25
EUVP_underwater_dark,272859_00027689.jpg,0.25,0.25,0.25,0.25
EUVP_underwater_dark,272861_00019817.jpg,0.25,0.25,0.25,0.25
EUVP_underwater_dark,272862_n01980166_2050.JPEG,0.25,0.25,0.25,0.25
EUVP_underwater_dark,272865_00006975.jpg,0.25,0.25,0.25,0.25
EUVP_underwater_dark,272866_n01664065_17948.JPEG,0.25,0.25,0.25,0.25
EUVP_underwater_dark,272867_00036456.jpg,0.25,0.25,0.25,0.25
EUVP_underwater_dark,272868_00024240.jpg,0.25,0.25,0.25,0.25
EUVP_underwater_dark,272870_00031843.jpg,0.25,0.25,0.25,0.25
EUVP_underwater_dark,272876_n02606052_20008.JPEG,0.25,0.25,0.25,0.25
EUVP_underwater_dark,272877_00039983.jpg,0.25,0.25,0.25,0.25
EUVP_underwater_dark,272878_00009935.jpg,0.25,0.25,0.25,0.25
EUVP_underwater_dark,272879_00010499.jpg,0.25,0.25,0.25,0.25
EUVP_underwater_dark,272880_00027604.jpg,0.25,0.25,0.25,0.25
EUVP_underwater_dark,272883_00005610.jpg,0.25,0.25,0.25,0.25
EUVP_underwater_dark,272885_n01910747_11139.JPEG,0.25,0.25,0.25,0.25
EUVP_underwater_dark,272886_n09256479_10689.JPEG,0.25,0.25,0.25,0.25
EUVP_underwater_dark,272888_00018615.jpg,0.25,0.25,0.25,0.25
EUVP_underwater_dark,272889_n01981276_806.JPEG,0.25,0.25,0.25,0.25
EUVP_underwater_dark,272890_n01950731_17491.JPEG,0.25,0.25,0.25,0.25
EUVP_underwater_dark,272891_scuba_iceland_733.jpg,0.25,0.25,0.25,0.25
EUVP_underwater_dark,272893_00036692.jpg,0.25,0.25,0.25,0.25
EUVP_underwater_dark,272894_sea_turtle_side_413.jpg,0.25,0.25,0.25,0.25
EUVP_underwater_dark,272900_n02643566_1270.JPEG,0.25,0.25,0.25,0.25
EUVP_underwater_dark,272901_00004787.jpg,0.25,0.25,0.25,0.25
EUVP_underwater_dark,272902_00010460.jpg,0.25,0.25,0.25,0.25
EUVP_underwater_dark,272903_n01950731_2291.JPEG,0.25,0.25,0.25,0.25
EUVP_underwater_dark,272904_n01917289_5555.JPEG,0.25,0.25,0.25,0.25
EUVP_underwater_dark,272906_00037614.jpg,0.25,0.25,0.25,0.25
EUVP_underwater_dark,272909_00001560.jpg,0.25,0.25,0.25,0.25
EUVP_underwater_dark,272913_n02643566_7579.JPEG,0.25,0.25,0.25,0.25
EUVP_underwater_dark,272914_00017708.jpg,0.25,0.25,0.25,0.25
EUVP_underwater_dark,272916_00003293.jpg,0.25,0.25,0.25,0.25
EUVP_underwater_dark,272919_n01950731_4601.JPEG,0.25,0.25,0.25,0.25
EUVP_underwater_dark,272920_n02319095_6382.JPEG,0.25,0.25,0.25,0.25
EUVP_underwater_dark,272922_00012856.jpg,0.25,0.25,0.25,0.25
EUVP_underwater_dark,272924_00017997.jpg,0.25,0.25,0.25,0.25
EUVP_underwater_dark,272927_00038412.jpg,0.25,0.25,0.25,0.25
EUVP_underwater_dark,272931_00034013.jpg,0.25,0.25,0.25,0.25
EUVP_underwater_dark,272932_n02655020_5711.JPEG,0.25,0.25,0.25,0.25
EUVP_underwater_dark,272934_n02643566_3152.JPEG,0.25,0.25,0.25,0.25
EUVP_underwater_dark,272935_n01950731_7608.JPEG,0.25,0.25,0.25,0.25
EUVP_underwater_dark,272938_00010197.jpg,0.25,0.25,0.25,0.25
EUVP_underwater_dark,272939_n02321529_8260.JPEG,0.25,0.25,0.25,0.25
EUVP_underwater_dark,272940_00014067.jpg,0.25,0.25,0.25,0.25
EUVP_underwater_dark,272941_n02317335_34650.JPEG,0.25,0.25,0.25,0.25
EUVP_underwater_dark,272943_00017444.jpg,0.25,0.25,0.25,0.25
EUVP_underwater_dark,272946_n02643566_2801.JPEG,0.25,0.25,0.25,0.25
EUVP_underwater_dark,272947_n01980166_9682.JPEG,0.25,0.25,0.25,0.25
EUVP_underwater_dark,272950_n01924916_8019.JPEG,0.25,0.25,0.25,0.25
EUVP_underwater_dark,272952_00000778.jpg,0.25,0.25,0.25,0.25
EUVP_underwater_dark,272960_n01980166_503.JPEG,0.25,0.25,0.25,0.25
EUVP_underwater_dark,272965_00024162.jpg,0.25,0.25,0.25,0.25
EUVP_underwater_dark,272966_n01984695_44345.JPEG,0.25,0.25,0.25,0.25
EUVP_underwater_dark,272969_00005518.jpg,0.25,0.25,0.25,0.25
EUVP_underwater_dark,272971_scuba_cuba_396.jpg,0.25,0.25,0.25,0.25
EUVP_underwater_dark,272975_00018395.jpg,0.25,0.25,0.25,0.25
EUVP_underwater_dark,272978_00021375.jpg,0.25,0.25,0.25,0.25
EUVP_underwater_dark,272980_00019978.jpg,0.25,0.25,0.25,0.25
EUVP_underwater_dark,272984_n01914609_572.JPEG,0.25,0.25,0.25,0.25
EUVP_underwater_dark,272986_n01978287_5405.JPEG,0.25,0.25,0.25,0.25
EUVP_underwater_dark,272987_00030695.jpg,0.25,0.25,0.25,0.25
EUVP_underwater_dark,272989_sea_turtle_kauai_92.jpg,0.25,0.25,0.25,0.25
EUVP_underwater_dark,272991_n01491361_1661.JPEG,0.25,0.25,0.25,0.25
EUVP_underwater_dark,272992_00008487.jpg,0.25,0.25,0.25,0.25
EUVP_underwater_dark,272993_n01984695_62485.JPEG,0.25,0.25,0.25,0.25
EUVP_underwater_dark,272996_00003163.jpg,0.25,0.25,0.25,0.25
EUVP_underwater_dark,272997_n02526121_11744.JPEG,0.25,0.25,0.25,0.25
EUVP_underwater_dark,273002_00024063.jpg,0.25,0.25,0.25,0.25
EUVP_underwater_dark,273003_00007559.jpg,0.25,0.25,0.25,0.25
EUVP_underwater_dark,273005_n01978287_2072.JPEG,0.25,0.25,0.25,0.25
EUVP_underwater_dark,273007_00039608.jpg,0.25,0.25,0.25,0.25
EUVP_underwater_dark,273008_n01924916_13838.JPEG,0.25,0.25,0.25,0.25
EUVP_underwater_dark,273010_n01914609_12299.JPEG,0.25,0.25,0.25,0.25
EUVP_underwater_dark,273012_n02319095_4855.JPEG,0.25,0.25,0.25,0.25
EUVP_underwater_dark,273017_00035295.jpg,0.25,0.25,0.25,0.25
EUVP_underwater_dark,273019_00017604.jpg,0.25,0.25,0.25,0.25
EUVP_underwater_dark,273022_00001712.jpg,0.25,0.25,0.25,0.25
EUVP_underwater_dark,273023_00021162.jpg,0.25,0.25,0.25,0.25
EUVP_underwater_dark,273024_n01924916_6402.JPEG,0.25,0.25,0.25,0.25
EUVP_underwater_dark,273028_n01491361_13033.JPEG,0.25,0.25,0.25,0.25
EUVP_underwater_dark,273029_00015005.jpg,0.25,0.25,0.25,0.25
EUVP_underwater_dark,273033_n02655020_5790.JPEG,0.25,0.25,0.25,0.25
EUVP_underwater_dark,273036_n02321529_4016.JPEG,0.25,0.25,0.25,0.25
EUVP_underwater_dark,273037_n01950731_16933.JPEG,0.25,0.25,0.25,0.25
EUVP_underwater_dark,273038_n01980166_2711.JPEG,0.25,0.25,0.25,0.25
EUVP_underwater_dark,273039_scuba_bonaire_740.jpg,0.25,0.25,0.25,0.25
EUVP_underwater_dark,273041_n01498041_8325.JPEG,0.25,0.25,0.25,0.25
EUVP_underwater_dark,273046_00025492.jpg,0.25,0.25,0.25,0.25
EUVP_underwater_dark,273049_00008645.jpg,0.25,0.25,0.25,0.25
EUVP_underwater_dark,273050_n01924916_6398.JPEG,0.25,0.25,0.25,0.25
EUVP_underwater_dark,273053_00001838.jpg,0.25,0.25,0.25,0.25
EUVP_underwater_dark,273054_00019556.jpg,0.25,0.25,0.25,0.25
EUVP_underwater_dark,273056_00034821.jpg,0.25,0.25,0.25,0.25
EUVP_underwater_dark,273063_00038598.jpg,0.25,0.25,0.25,0.25
EUVP_underwater_dark,273064_00036181.jpg,0.25,0.25,0.25,0.25
EUVP_underwater_dark,273067_00017748.jpg,0.25,0.25,0.25,0.25
EUVP_underwater_dark,273070_00004400.jpg,0.25,0.25,0.25,0.25
EUVP_underwater_dark,273071_n01924916_2730.JPEG,0.25,0.25,0.25,0.25
EUVP_underwater_dark,273072_00021665.jpg,0.25,0.25,0.25,0.25
EUVP_underwater_dark,273074_00027181.jpg,0.25,0.25,0.25,0.25
EUVP_underwater_dark,273080_00023025.jpg,0.25,0.25,0.25,0.25
EUVP_underwater_dark,273084_00003974.jpg,0.25,0.25,0.25,0.25
EUVP_underwater_dark,273085_n01917289_4858.JPEG,0.25,0.25,0.25,0.25
EUVP_underwater_dark,273087_00008352.jpg,0.25,0.25,0.25,0.25
EUVP_underwater_dark,273088_00003818.jpg,0.25,0.25,0.25,0.25
EUVP_underwater_dark,273089_00031337.jpg,0.25,0.25,0.25,0.25
EUVP_underwater_dark,273090_00010087.jpg,0.25,0.25,0.25,0.25
EUVP_underwater_dark,273091_00022494.jpg,0.25,0.25,0.25,0.25
EUVP_underwater_dark,273092_00027157.jpg,0.25,0.25,0.25,0.25
EUVP_underwater_dark,273095_n01980166_6683.JPEG,0.25,0.25,0.25,0.25
EUVP_underwater_dark,273106_n01914609_7919.JPEG,0.25,0.25,0.25,0.25
EUVP_underwater_dark,273109_00005180.jpg,0.25,0.25,0.25,0.25
EUVP_underwater_dark,273110_n01950731_13478.JPEG,0.25,0.25,0.25,0.25
EUVP_underwater_dark,273111_n01498041_1767.JPEG,0.25,0.25,0.25,0.25
EUVP_underwater_dark,273112_00022881.jpg,0.25,0.25,0.25,0.25
EUVP_underwater_dark,273114_00003525.jpg,0.25,0.25,0.25,0.25
EUVP_underwater_dark,273123_n01980166_9179.JPEG,0.25,0.25,0.25,0.25
EUVP_underwater_dark,273124_00033277.jpg,0.25,0.25,0.25,0.25
EUVP_underwater_dark,273126_00023313.jpg,0.25,0.25,0.25,0.25
EUVP_underwater_dark,273127_00009309.jpg,0.25,0.25,0.25,0.25
EUVP_underwater_dark,273128_00016576.jpg,0.25,0.25,0.25,0.25
EUVP_underwater_dark,273129_n01980166_8119.JPEG,0.25,0.25,0.25,0.25
EUVP_underwater_dark,273130_n01917289_1250.JPEG,0.25,0.25,0.25,0.25
EUVP_underwater_dark,273132_00034058.jpg,0.25,0.25,0.25,0.25
EUVP_underwater_dark,273135_00018572.jpg,0.25,0.25,0.25,0.25
EUVP_underwater_dark,273138_00020942.jpg,0.25,0.25,0.25,0.25
EUVP_underwater_dark,273140_00012981.jpg,0.25,0.25,0.25,0.25
EUVP_underwater_dark,273143_00003807.jpg,0.25,0.25,0.25,0.25
EUVP_underwater_dark,273145_n01751748_8826.JPEG,0.25,0.25,0.25,0.25
EUVP_underwater_dark,273146_n02606052_20895.JPEG,0.25,0.25,0.25,0.25
EUVP_underwater_dark,273147_n01498041_4378.JPEG,0.25,0.25,0.25,0.25
EUVP_underwater_dark,273150_00029890.jpg,0.25,0.25,0.25,0.25
EUVP_underwater_dark,273153_00005701.jpg,0.25,0.25,0.25,0.25
EUVP_underwater_dark,273154_00031354.jpg,0.25,0.25,0.25,0.25
EUVP_underwater_dark,273155_n01751748_967.JPEG,0.25,0.25,0.25,0.25
EUVP_underwater_dark,273156_n01950731_252.JPEG,0.25,0.25,0.25,0.25
EUVP_underwater_dark,273157_00028464.jpg,0.25,0.25,0.25,0.25
EUVP_underwater_dark,273158_n02317335_22400.JPEG,0.25,0.25,0.25,0.25
EUVP_underwater_dark,273159_n01950731_15533.JPEG,0.25,0.25,0.25,0.25
EUVP_underwater_dark,273162_00034048.jpg,0.25,0.25,0.25,0.25
EUVP_underwater_dark,273163_00019687.jpg,0.25,0.25,0.25,0.25
EUVP_underwater_dark,273164_n01924916_6859.JPEG,0.25,0.25,0.25,0.25
EUVP_underwater_dark,273165_00001626.jpg,0.25,0.25,0.25,0.25
EUVP_underwater_dark,273166_00000277.jpg,0.25,0.25,0.25,0.25
EUVP_underwater_dark,273167_n02317335_10025.JPEG,0.25,0.25,0.25,0.25
EUVP_underwater_dark,273168_n01924916_8582.JPEG,0.25,0.25,0.25,0.25
EUVP_underwater_dark,273169_00006376.jpg,0.25,0.25,0.25,0.25
EUVP_underwater_dark,273170_00012643.jpg,0.25,0.25,0.25,0.25
EUVP_underwater_dark,273172_00025721.jpg,0.25,0.25,0.25,0.25
EUVP_underwater_dark,273175_00034709.jpg,0.25,0.25,0.25,0.25
EUVP_underwater_dark,273176_00019334.jpg,0.25,0.25,0.25,0.25
EUVP_underwater_dark,273180_00023477.jpg,0.25,0.25,0.25,0.25
EUVP_underwater_dark,273181_n01980166_2031.JPEG,0.25,0.25,0.25,0.25
EUVP_underwater_dark,273183_00030530.jpg,0.25,0.25,0.25,0.25
EUVP_underwater_dark,273184_00002128.jpg,0.25,0.25,0.25,0.25
EUVP_underwater_dark,273188_n01491361_527.JPEG,0.25,0.25,0.25,0.25
EUVP_underwater_dark,273193_00000720.jpg,0.25,0.25,0.25,0.25
EUVP_underwater_dark,273194_n01917289_565.JPEG,0.25,0.25,0.25,0.25
EUVP_underwater_dark,273199_00010045.jpg,0.25,0.25,0.25,0.25
EUVP_underwater_dark,273200_00018003.jpg,0.25,0.25,0.25,0.25
EUVP_underwater_dark,273202_n02607072_139.JPEG,0.25,0.25,0.25,0.25
EUVP_underwater_dark,273203_n01980166_6176.JPEG,0.25,0.25,0.25,0.25
EUVP_underwater_dark,273205_00000182.jpg,0.25,0.25,0.25,0.25
EUVP_underwater_dark,273206_00035306.jpg,0.25,0.25,0.25,0.25
EUVP_underwater_dark,273207_n02643566_909.JPEG,0.25,0.25,0.25,0.25
EUVP_underwater_dark,273208_n01924916_9171.JPEG,0.25,0.25,0.25,0.25
EUVP_underwater_dark,273209_n01978287_8714.JPEG,0.25,0.25,0.25,0.25
EUVP_underwater_dark,273211_n02655020_9945.JPEG,0.25,0.25,0.25,0.25
EUVP_underwater_dark,273215_n01910747_2663.JPEG,0.25,0.25,0.25,0.25
EUVP_underwater_dark,273217_00025561.jpg,0.25,0.25,0.25,0.25
EUVP_underwater_dark,273219_00006234.jpg,0.25,0.25,0.25,0.25
EUVP_underwater_dark,273220_00014749.jpg,0.25,0.25,0.25,0.25
EUVP_underwater_dark,273221_00001803.jpg,0.25,0.25,0.25,0.25
EUVP_underwater_dark,273223_n01950731_22885.JPEG,0.25,0.25,0.25,0.25
EUVP_underwater_dark,273228_00022393.jpg,0.25,0.25,0.25,0.25
EUVP_underwater_dark,273231_n02655020_11104.JPEG,0.25,0.25,0.25,0.25
EUVP_underwater_dark,273234_00012804.jpg,0.25,0.25,0.25,0.25
EUVP_underwater_dark,273235_00011093.jpg,0.25,0.25,0.25,0.25
EUVP_underwater_dark,273237_n01980166_5247.JPEG,0.25,0.25,0.25,0.25
EUVP_underwater_dark,273238_00038493.jpg,0.25,0.25,0.25,0.25
EUVP_underwater_dark,273239_n01917289_5541.JPEG,0.25,0.25,0.25,0.25
EUVP_underwater_dark,273242_00030478.jpg,0.25,0.25,0.25,0.25
EUVP_underwater_dark,273243_n09256479_12468.JPEG,0.25,0.25,0.25,0.25
EUVP_underwater_dark,273244_n01980166_6557.JPEG,0.25,0.25,0.25,0.25
EUVP_underwater_dark,273246_n02321529_9116.JPEG,0.25,0.25,0.25,0.25
EUVP_underwater_dark,273248_n09256479_2498.JPEG,0.25,0.25,0.25,0.25
EUVP_underwater_dark,273249_n01491361_7223.JPEG,0.25,0.25,0.25,0.25
EUVP_underwater_dark,273250_00001069.jpg,0.25,0.25,0.25,0.25
EUVP_underwater_dark,273252_00019843.jpg,0.25,0.25,0.25,0.25
EUVP_underwater_dark,273255_00031610.jpg,0.25,0.25,0.25,0.25
EUVP_underwater_dark,273256_00017950.jpg,0.25,0.25,0.25,0.25
EUVP_underwater_dark,273259_00026524.jpg,0.25,0.25,0.25,0.25
EUVP_underwater_dark,273264_n02317335_56746.JPEG,0.25,0.25,0.25,0.25
EUVP_underwater_dark,273266_n01978455_4258.JPEG,0.25,0.25,0.25,0.25
EUVP_underwater_dark,273269_00035687.jpg,0.25,0.25,0.25,0.25
EUVP_underwater_dark,273271_n01950731_12362.JPEG,0.25,0.25,0.25,0.25
EUVP_underwater_dark,273273_00027042.jpg,0.25,0.25,0.25,0.25
EUVP_underwater_dark,273274_n01978455_4413.JPEG,0.25,0.25,0.25,0.25
EUVP_underwater_dark,273275_00034105.jpg,0.25,0.25,0.25,0.25
EUVP_underwater_dark,273277_00007083.jpg,0.25,0.25,0.25,0.25
EUVP_underwater_dark,273278_00002889.jpg,0.25,0.25,0.25,0.25
EUVP_underwater_dark,273287_00016208.jpg,0.25,0.25,0.25,0.25
EUVP_underwater_dark,273288_n01924916_7533.JPEG,0.25,0.25,0.25,0.25
EUVP_underwater_dark,273289_00033896.jpg,0.25,0.25,0.25,0.25
EUVP_underwater_dark,273290_n01980166_1809.JPEG,0.25,0.25,0.25,0.25
EUVP_underwater_dark,273291_n01983481_21931.JPEG,0.25,0.25,0.25,0.25
EUVP_underwater_dark,273294_n01917289_2845.JPEG,0.25,0.25,0.25,0.25
EUVP_underwater_dark,273296_sea_turtle_video_387.jpg,0.25,0.25,0.25,0.25
EUVP_underwater_dark,273298_n02319095_8407.JPEG,0.25,0.25,0.25,0.25
EUVP_underwater_dark,273299_00016294.jpg,0.25,0.25,0.25,0.25
EUVP_underwater_dark,273302_n02319095_1738.JPEG,0.25,0.25,0.25,0.25
EUVP_underwater_dark,273305_00010578.jpg,0.25,0.25,0.25,0.25
EUVP_underwater_dark,273307_sea_turtle_sri_lanka_234.jpeg,0.25,0.25,0.25,0.25
EUVP_underwater_dark,273308_n02321529_14617.JPEG,0.25,0.25,0.25,0.25
EUVP_underwater_dark,273310_n01980166_7484.JPEG,0.25,0.25,0.25,0.25
EUVP_underwater_dark,273313_n01751748_4685.JPEG,0.25,0.25,0.25,0.25
EUVP_underwater_dark,273315_n01978455_9899.JPEG,0.25,0.25,0.25,0.25
EUVP_underwater_dark,273316_00034872.jpg,0.25,0.25,0.25,0.25
EUVP_underwater_dark,273317_n01484850_10370.JPEG,0.25,0.25,0.25,0.25
EUVP_underwater_dark,273318_00011894.jpg,0.25,0.25,0.25,0.25
EUVP_underwater_dark,273323_n02643566_5879.JPEG,0.25,0.25,0.25,0.25
EUVP_underwater_dark,273329_n01751748_5277.JPEG,0.25,0.25,0.25,0.25
EUVP_underwater_dark,273332_00020084.jpg,0.25,0.25,0.25,0.25
EUVP_underwater_dark,273334_n02321529_3595.JPEG,0.25,0.25,0.25,0.25
EUVP_underwater_dark,273335_00001454.jpg,0.25,0.25,0.25,0.25
EUVP_underwater_dark,273336_00010237.jpg,0.25,0.25,0.25,0.25
EUVP_underwater_dark,273338_n01924916_9681.JPEG,0.25,0.25,0.25,0.25
EUVP_underwater_dark,273340_00031833.jpg,0.25,0.25,0.25,0.25
EUVP_underwater_dark,273342_00019216.jpg,0.25,0.25,0.25,0.25
EUVP_underwater_dark,273345_00020005.jpg,0.25,0.25,0.25,0.25
EUVP_underwater_dark,273354_00000800.jpg,0.25,0.25,0.25,0.25
EUVP_underwater_dark,273357_n01981276_13002.JPEG,0.25,0.25,0.25,0.25
EUVP_underwater_dark,273359_n01978455_1607.JPEG,0.25,0.25,0.25,0.25
EUVP_underwater_dark,273362_00013934.jpg,0.25,0.25,0.25,0.25
EUVP_underwater_dark,273365_n01950731_11917.JPEG,0.25,0.25,0.25,0.25
EUVP_underwater_dark,273366_00014739.jpg,0.25,0.25,0.25,0.25
EUVP_underwater_dark,273367_00013667.jpg,0.25,0.25,0.25,0.25
EUVP_underwater_dark,273370_00016539.jpg,0.25,0.25,0.25,0.25
EUVP_underwater_dark,273374_n01914609_1684.JPEG,0.25,0.25,0.25,0.25
EUVP_underwater_dark,273375_00031935.jpg,0.25,0.25,0.25,0.25
EUVP_underwater_dark,273377_n01980166_10285.JPEG,0.25,0.25,0.25,0.25
EUVP_underwater_dark,273378_00027973.jpg,0.25,0.25,0.25,0.25
EUVP_underwater_dark,273379_00012436.jpg,0.25,0.25,0.25,0.25
EUVP_underwater_dark,273383_00038404.jpg,0.25,0.25,0.25,0.25
EUVP_underwater_dark,273385_n01924916_6151.JPEG,0.25,0.25,0.25,0.25
EUVP_underwater_dark,273388_n02317335_10062.JPEG,0.25,0.25,0.25,0.25
EUVP_underwater_dark,273392_n01950731_22204.JPEG,0.25,0.25,0.25,0.25
EUVP_underwater_dark,273393_00004076.jpg,0.25,0.25,0.25,0.25
EUVP_underwater_dark,273394_00000536.jpg,0.25,0.25,0.25,0.25
EUVP_underwater_dark,273395_n01924916_7752.JPEG,0.25,0.25,0.25,0.25
EUVP_underwater_dark,273398_00029759.jpg,0.25,0.25,0.25,0.25
EUVP_underwater_dark,273401_00035555.jpg,0.25,0.25,0.25,0.25
EUVP_underwater_dark,273405_n02321529_103.JPEG,0.25,0.25,0.25,0.25
EUVP_underwater_dark,273408_scuba_alaska_719.jpg,0.25,0.25,0.25,0.25
EUVP_underwater_dark,273409_n01985128_25039.JPEG,0.25,0.25,0.25,0.25
EUVP_underwater_dark,273410_00009595.jpg,0.25,0.25,0.25,0.25
EUVP_underwater_dark,273411_00031617.jpg,0.25,0.25,0.25,0.25
EUVP_underwater_dark,273412_00023152.jpg,0.25,0.25,0.25,0.25
EUVP_underwater_dark,273414_n02607072_15228.JPEG,0.25,0.25,0.25,0.25
EUVP_underwater_dark,273415_00036424.jpg,0.25,0.25,0.25,0.25
EUVP_underwater_dark,273420_00034986.jpg,0.25,0.25,0.25,0.25
EUVP_underwater_dark,273421_00028852.jpg,0.25,0.25,0.25,0.25
EUVP_underwater_dark,273422_n02319095_6657.JPEG,0.25,0.25,0.25,0.25
EUVP_underwater_dark,273423_n01950731_684.JPEG,0.25,0.25,0.25,0.25
EUVP_underwater_dark,273424_n02607072_6243.JPEG,0.25,0.25,0.25,0.25
EUVP_underwater_dark,273426_00029511.jpg,0.25,0.25,0.25,0.25
EUVP_underwater_dark,273427_sea_turtle_underwater_29.jpg,0.25,0.25,0.25,0.25
EUVP_underwater_dark,273429_n02643566_537.JPEG,0.25,0.25,0.25,0.25
EUVP_underwater_dark,273430_n09256479_4770.JPEG,0.25,0.25,0.25,0.25
EUVP_underwater_dark,273431_00014947.jpg,0.25,0.25,0.25,0.25
EUVP_underwater_dark,273432_n02321529_16814.JPEG,0.25,0.25,0.25,0.25
EUVP_underwater_dark,273439_n02321529_9980.JPEG,0.25,0.25,0.25,0.25
EUVP_underwater_dark,273444_00032015.jpg,0.25,0.25,0.25,0.25
EUVP_underwater_dark,273449_00032222.jpg,0.25,0.25,0.25,0.25
EUVP_underwater_dark,273455_n02526121_8959.JPEG,0.25,0.25,0.25,0.25
EUVP_underwater_dark,273459_n02319095_1845.JPEG,0.25,0.25,0.25,0.25
EUVP_underwater_dark,273465_n09256479_2236.JPEG,0.25,0.25,0.25,0.25
EUVP_underwater_dark,273468_00034018.jpg,0.25,0.25,0.25,0.25
EUVP_underwater_dark,273471_00032860.jpg,0.25,0.25,0.25,0.25
EUVP_underwater_dark,273474_00007732.jpg,0.25,0.25,0.25,0.25
EUVP_underwater_dark,273477_n02321529_2399.JPEG,0.25,0.25,0.25,0.25
EUVP_underwater_dark,273479_n01950731_16393.JPEG,0.25,0.25,0.25,0.25
EUVP_underwater_dark,273480_00022540.jpg,0.25,0.25,0.25,0.25
EUVP_underwater_dark,273484_n02643566_1980.JPEG,0.25,0.25,0.25,0.25
EUVP_underwater_dark,273486_n02655020_10997.JPEG,0.25,0.25,0.25,0.25
EUVP_underwater_dark,273490_00026811.jpg,0.25,0.25,0.25,0.25
EUVP_underwater_dark,273491_n02607072_1785.JPEG,0.25,0.25,0.25,0.25
EUVP_underwater_dark,273498_00012771.jpg,0.25,0.25,0.25,0.25
EUVP_underwater_dark,273499_n01924916_9060.JPEG,0.25,0.25,0.25,0.25
EUVP_underwater_dark,273505_00003596.jpg,0.25,0.25,0.25,0.25
EUVP_underwater_dark,273506_n01980166_524.JPEG,0.25,0.25,0.25,0.25
EUVP_underwater_dark,273507_00025624.jpg,0.25,0.25,0.25,0.25
EUVP_underwater_dark,273508_00037192.jpg,0.25,0.25,0.25,0.25
EUVP_underwater_dark,273519_n02526121_6900.JPEG,0.25,0.25,0.25,0.25
EUVP_underwater_dark,273524_00003295.jpg,0.25,0.25,0.25,0.25
EUVP_underwater_dark,273525_00036909.jpg,0.25,0.25,0.25,0.25
EUVP_underwater_dark,273529_00011371.jpg,0.25,0.25,0.25,0.25
EUVP_underwater_dark,273530_00023902.jpg,0.25,0.25,0.25,0.25
EUVP_underwater_dark,273531_n01924916_6435.JPEG,0.25,0.25,0.25,0.25
EUVP_underwater_dark,273533_00007047.jpg,0.25,0.25,0.25,0.25
EUVP_underwater_dark,273534_00007588.jpg,0.25,0.25,0.25,0.25
EUVP_underwater_dark,273548_00021280.jpg,0.25,0.25,0.25,0.25
EUVP_underwater_dark,273549_00025601.jpg,0.25,0.25,0.25,0.25
EUVP_underwater_dark,273550_n01914609_9295.JPEG,0.25,0.25,0.25,0.25
EUVP_underwater_dark,273555_n02321529_7791.JPEG,0.25,0.25,0.25,0.25
EUVP_underwater_dark,273565_00035115.jpg,0.25,0.25,0.25,0.25
EUVP_underwater_dark,273579_00010008.jpg,0.25,0.25,0.25,0.25
EUVP_underwater_dark,273580_00028481.jpg,0.25,0.25,0.25,0.25
EUVP_underwater_dark,273582_n09256479_5527.JPEG,0.25,0.25,0.25,0.25
EUVP_underwater_dark,273587_n01914609_10578.JPEG,0.25,0.25,0.25,0.25
EUVP_underwater_dark,273589_n01914609_563.JPEG,0.25,0.25,0.25,0.25
EUVP_underwater_dark,273593_n01664065_10500.JPEG,0.25,0.25,0.25,0.25
EUVP_underwater_dark,273596_00011862.jpg,0.25,0.25,0.25,0.25
EUVP_underwater_dark,273598_n01751748_7803.JPEG,0.25,0.25,0.25,0.25
EUVP_underwater_dark,273599_n02643566_2533.JPEG,0.25,0.25,0.25,0.25
EUVP_underwater_dark,273601_n02643566_5069.JPEG,0.25,0.25,0.25,0.25
EUVP_underwater_dark,273604_00036096.jpg,0.25,0.25,0.25,0.25
EUVP_underwater_dark,273605_n01950731_27010.JPEG,0.25,0.25,0.25,0.25
EUVP_underwater_dark,273607_00036377.jpg,0.25,0.25,0.25,0.25
EUVP_underwater_dark,273610_n01924916_2937.JPEG,0.25,0.25,0.25,0.25
EUVP_underwater_dark,273611_00004106.jpg,0.25,0.25,0.25,0.25
EUVP_underwater_dark,273616_n01950731_20898.JPEG,0.25,0.25,0.25,0.25
EUVP_underwater_dark,273618_n01978455_10057.JPEG,0.25,0.25,0.25,0.25
EUVP_underwater_dark,273619_n02319095_1788.JPEG,0.25,0.25,0.25,0.25
EUVP_underwater_dark,273623_00038677.jpg,0.25,0.25,0.25,0.25
EUVP_underwater_dark,273626_sun_agataqxpdumhcvkx.jpg,0.25,0.25,0.25,0.25
EUVP_underwater_dark,273628_00002287.jpg,0.25,0.25,0.25,0.25
EUVP_underwater_dark,273629_00005362.jpg,0.25,0.25,0.25,0.25
EUVP_underwater_dark,273630_n01751748_6868.JPEG,0.25,0.25,0.25,0.25
EUVP_underwater_dark,273632_n01978455_65.JPEG,0.25,0.25,0.25,0.25
EUVP_underwater_dark,273640_00034711.jpg,0.25,0.25,0.25,0.25
EUVP_underwater_dark,273641_n01924916_3282.JPEG,0.25,0.25,0.25,0.25
EUVP_underwater_dark,273642_00003862.jpg,0.25,0.25,0.25,0.25
EUVP_underwater_dark,273643_00032007.jpg,0.25,0.25,0.25,0.25
EUVP_underwater_dark,273644_scuba_madagascar_159.jpg,0.25,0.25,0.25,0.25
EUVP_underwater_dark,273652_00030923.jpg,0.25,0.25,0.25,0.25
EUVP_underwater_dark,273658_00014518.jpg,0.25,0.25,0.25,0.25
EUVP_underwater_dark,273660_n01978455_6994.JPEG,0.25,0.25,0.25,0.25
EUVP_underwater_dark,273662_n01978455_7171.JPEG,0.25,0.25,0.25,0.25
EUVP_underwater_dark,273663_n02317335_3845.JPEG,0.25,0.25,0.25,0.25
EUVP_underwater_dark,273670_00005415.jpg,0.25,0.25,0.25,0.25
EUVP_underwater_dark,273671_00027780.jpg,0.25,0.25,0.25,0.25
EUVP_underwater_dark,273672_n01985128_9898.JPEG,0.25,0.25,0.25,0.25
EUVP_underwater_dark,273673_00032998.jpg,0.25,0.25,0.25,0.25
EUVP_underwater_dark,273675_n01950731_618.JPEG,0.25,0.25,0.25,0.25
EUVP_underwater_dark,273676_n01950731_9914.JPEG,0.25,0.25,0.25,0.25
EUVP_underwater_dark,273677_n02321529_11533.JPEG,0.25,0.25,0.25,0.25
EUVP_underwater_dark,273679_n02655020_10750.JPEG,0.25,0.25,0.25,0.25
EUVP_underwater_dark,273681_00020805.jpg,0.25,0.25,0.25,0.25
EUVP_underwater_dark,273683_n01751748_7440.JPEG,0.25,0.25,0.25,0.25
EUVP_underwater_dark,273684_00033616.jpg,0.25,0.25,0.25,0.25
EUVP_underwater_dark,273686_n02321529_4665.JPEG,0.25,0.25,0.25,0.25
EUVP_underwater_dark,273688_sun_bytmpsvvqotrnfkh.jpg,0.25,0.25,0.25,0.25
EUVP_underwater_dark,273691_00038729.jpg,0.25,0.25,0.25,0.25
EUVP_underwater_dark,273692_n02607072_308.JPEG,0.25,0.25,0.25,0.25
EUVP_underwater_dark,273697_n01498041_914.JPEG,0.25,0.25,0.25,0.25
EUVP_underwater_dark,273698_n01984695_26475.JPEG,0.25,0.25,0.25,0.25
EUVP_underwater_dark,273699_n01914609_4866.JPEG,0.25,0.25,0.25,0.25
EUVP_underwater_dark,273702_n01751748_47.JPEG,0.25,0.25,0.25,0.25
EUVP_underwater_dark,273703_00006807.jpg,0.25,0.25,0.25,0.25
EUVP_underwater_dark,273704_n01924916_14490.JPEG,0.25,0.25,0.25,0.25
EUVP_underwater_dark,273705_n01984695_40127.JPEG,0.25,0.25,0.25,0.25
EUVP_underwater_dark,273707_n02319095_3610.JPEG,0.25,0.25,0.25,0.25
EUVP_underwater_dark,273708_n01751748_14993.JPEG,0.25,0.25,0.25,0.25
EUVP_underwater_dark,273712_00012107.jpg,0.25,0.25,0.25,0.25
EUVP_underwater_dark,273715_n02317335_8800.JPEG,0.25,0.25,0.25,0.25
EUVP_underwater_dark,273716_00005465.jpg,0.25,0.25,0.25,0.25
EUVP_underwater_dark,273717_00037286.jpg,0.25,0.25,0.25,0.25
EUVP_underwater_dark,273718_00024541.jpg,0.25,0.25,0.25,0.25
EUVP_underwater_dark,273721_00021378.jpg,0.25,0.25,0.25,0.25
EUVP_underwater_dark,273723_00006194.jpg,0.25,0.25,0.25,0.25
EUVP_underwater_dark,273724_n02319095_7003.JPEG,0.25,0.25,0.25,0.25
EUVP_underwater_dark,273725_n01910747_569.JPEG,0.25,0.25,0.25,0.25
EUVP_underwater_dark,273728_00026477.jpg,0.25,0.25,0.25,0.25
EUVP_underwater_dark,273731_sun_aayljfaklgkflplo.jpg,0.25,0.25,0.25,0.25
EUVP_underwater_dark,273732_00001011.jpg,0.25,0.25,0.25,0.25
EUVP_underwater_dark,273733_00030714.jpg,0.25,0.25,0.25,0.25
EUVP_underwater_dark,273734_00000675.jpg,0.25,0.25,0.25,0.25
EUVP_underwater_dark,273735_n01498041_7872.JPEG,0.25,0.25,0.25,0.25
EUVP_underwater_dark,273738_sea_turtle_panama_321.jpg,0.25,0.25,0.25,0.25
EUVP_underwater_dark,273739_n02643566_967.JPEG,0.25,0.25,0.25,0.25
EUVP_underwater_dark,273750_00008714.jpg,0.25,0.25,0.25,0.25
EUVP_underwater_dark,273758_n01924916_9024.JPEG,0.25,0.25,0.25,0.25
EUVP_underwater_dark,273763_n01914609_13993.JPEG,0.25,0.25,0.25,0.25
EUVP_underwater_dark,273766_n01950731_14144.JPEG,0.25,0.25,0.25,0.25
EUVP_underwater_dark,273767_00035393.jpg,0.25,0.25,0.25,0.25
EUVP_underwater_dark,273769_n02655020_7180.JPEG,0.25,0.25,0.25,0.25
EUVP_underwater_dark,273771_n01498041_9237.JPEG,0.25,0.25,0.25,0.25
EUVP_underwater_dark,273775_00020550.jpg,0.25,0.25,0.25,0.25
EUVP_underwater_dark,273778_sea_turtle_375.jpg,0.25,0.25,0.25,0.25
EUVP_underwater_dark,273779_00029298.jpg,0.25,0.25,0.25,0.25
EUVP_underwater_dark,273781_n01950731_4276.JPEG,0.25,0.25,0.25,0.25
EUVP_underwater_dark,273782_00034006.jpg,0.25,0.25,0.25,0.25
EUVP_underwater_dark,273785_n02643566_2003.JPEG,0.25,0.25,0.25,0.25
EUVP_underwater_dark,273788_00012973.jpg,0.25,0.25,0.25,0.25
EUVP_underwater_dark,273790_n01924916_10349.JPEG,0.25,0.25,0.25,0.25
EUVP_underwater_dark,273793_00011726.jpg,0.25,0.25,0.25,0.25
EUVP_underwater_dark,273797_n01664065_5413.JPEG,0.25,0.25,0.25,0.25
EUVP_underwater_dark,273798_00017350.jpg,0.25,0.25,0.25,0.25
EUVP_underwater_dark,273799_n01978455_2600.JPEG,0.25,0.25,0.25,0.25
EUVP_underwater_dark,273800_n01924916_3307.JPEG,0.25,0.25,0.25,0.25
EUVP_underwater_dark,273804_00020538.jpg,0.25,0.25,0.25,0.25
EUVP_underwater_dark,273805_00005603.jpg,0.25,0.25,0.25,0.25
EUVP_underwater_dark,273808_00037133.jpg,0.25,0.25,0.25,0.25
EUVP_underwater_dark,273810_00029289.jpg,0.25,0.25,0.25,0.25
EUVP_underwater_dark,273811_00006016.jpg,0.25,0.25,0.25,0.25
EUVP_underwater_dark,273813_00001678.jpg,0.25,0.25,0.25,0.25
EUVP_underwater_dark,273816_00002264.jpg,0.25,0.25,0.25,0.25
EUVP_underwater_dark,273820_scuba_seychelles_540.jpg,0.25,0.25,0.25,0.25
EUVP_underwater_dark,273825_n02526121_8015.JPEG,0.25,0.25,0.25,0.25
EUVP_underwater_dark,273826_00018858.jpg,0.25,0.25,0.25,0.25
EUVP_underwater_dark,273827_00039051.jpg,0.25,0.25,0.25,0.25
EUVP_underwater_dark,273828_00036202.jpg,0.25,0.25,0.25,0.25
EUVP_underwater_dark,273833_n01924916_11531.JPEG,0.25,0.25,0.25,0.25
EUVP_underwater_dark,273837_n01950731_4211.JPEG,0.25,0.25,0.25,0.25
EUVP_underwater_dark,273843_00004150.jpg,0.25,0.25,0.25,0.25
EUVP_underwater_dark,273844_n01980166_1006.JPEG,0.25,0.25,0.25,0.25
EUVP_underwater_dark,273845_n02317335_26143.JPEG,0.25,0.25,0.25,0.25
EUVP_underwater_dark,273847_n01924916_6873.JPEG,0.25,0.25,0.25,0.25
EUVP_underwater_dark,273848_00030777.jpg,0.25,0.25,0.25,0.25
EUVP_underwater_dark,273850_n01950731_33823.JPEG,0.25,0.25,0.25,0.25
EUVP_underwater_dark,273854_00006973.jpg,0.25,0.25,0.25,0.25
EUVP_underwater_dark,273855_n01751748_8954.JPEG,0.25,0.25,0.25,0.25
EUVP_underwater_dark,273856_n01924916_6618.JPEG,0.25,0.25,0.25,0.25
EUVP_underwater_dark,273857_n02643566_3620.JPEG,0.25,0.25,0.25,0.25
EUVP_underwater_dark,273858_n02321529_6012.JPEG,0.25,0.25,0.25,0.25
EUVP_underwater_dark,273859_00022496.jpg,0.25,0.25,0.25,0.25
EUVP_underwater_dark,273860_n01924916_16232.JPEG,0.25,0.25,0.25,0.25
EUVP_underwater_dark,273861_n02317335_13709.JPEG,0.25,0.25,0.25,0.25
EUVP_underwater_dark,273865_00012615.jpg,0.25,0.25,0.25,0.25
EUVP_underwater_dark,273866_00037253.jpg,0.25,0.25,0.25,0.25
EUVP_underwater_dark,273867_00015704.jpg,0.25,0.25,0.25,0.25
EUVP_underwater_dark,273869_00027926.jpg,0.25,0.25,0.25,0.25
EUVP_underwater_dark,273870_00018104.jpg,0.25,0.25,0.25,0.25
EUVP_underwater_dark,273872_00024431.jpg,0.25,0.25,0.25,0.25
EUVP_underwater_dark,273875_00033262.jpg,0.25,0.25,0.25,0.25
EUVP_underwater_dark,273877_n01985128_15754.JPEG,0.25,0.25,0.25,0.25
EUVP_underwater_dark,273878_n02526121_7519.JPEG,0.25,0.25,0.25,0.25
EUVP_underwater_dark,273882_00038935.jpg,0.25,0.25,0.25,0.25
EUVP_underwater_dark,273884_00004329.jpg,0.25,0.25,0.25,0.25
EUVP_underwater_dark,273887_00013855.jpg,0.25,0.25,0.25,0.25
EUVP_underwater_dark,273893_00000291.jpg,0.25,0.25,0.25,0.25
EUVP_underwater_dark,273898_00004162.jpg,0.25,0.25,0.25,0.25
EUVP_underwater_dark,273899_n02319095_7959.JPEG,0.25,0.25,0.25,0.25
EUVP_underwater_dark,273901_n02526121_762.JPEG,0.25,0.25,0.25,0.25
EUVP_underwater_dark,273903_00036500.jpg,0.25,0.25,0.25,0.25
EUVP_underwater_dark,273904_n02321529_10473.JPEG,0.25,0.25,0.25,0.25
EUVP_underwater_dark,273905_00016958.jpg,0.25,0.25,0.25,0.25
EUVP_underwater_dark,273907_00024407.jpg,0.25,0.25,0.25,0.25
EUVP_underwater_dark,273908_00009498.jpg,0.25,0.25,0.25,0.25
EUVP_underwater_dark,273909_n09256479_12888.JPEG,0.25,0.25,0.25,0.25
EUVP_underwater_dark,273912_00002487.jpg,0.25,0.25,0.25,0.25
EUVP_underwater_dark,273915_n01924916_3472.JPEG,0.25,0.25,0.25,0.25
EUVP_underwater_dark,273918_n02319095_6862.JPEG,0.25,0.25,0.25,0.25
EUVP_underwater_dark,273920_00031198.jpg,0.25,0.25,0.25,0.25
EUVP_underwater_dark,273922_00006324.jpg,0.25,0.25,0.25,0.25
EUVP_underwater_dark,273926_00036653.jpg,0.25,0.25,0.25,0.25
EUVP_underwater_dark,273931_n02607072_14776.JPEG,0.25,0.25,0.25,0.25
EUVP_underwater_dark,273934_00015804.jpg,0.25,0.25,0.25,0.25
EUVP_underwater_dark,273935_n01924916_9476.JPEG,0.25,0.25,0.25,0.25
EUVP_underwater_dark,273937_00010116.jpg,0.25,0.25,0.25,0.25
EUVP_underwater_dark,273938_n01914609_6345.JPEG,0.25,0.25,0.25,0.25
EUVP_underwater_dark,273940_00015932.jpg,0.25,0.25,0.25,0.25
EUVP_underwater_dark,273941_n01924916_5883.JPEG,0.25,0.25,0.25,0.25
EUVP_underwater_dark,273944_n01924916_11688.JPEG,0.25,0.25,0.25,0.25
EUVP_underwater_dark,273945_00005533.jpg,0.25,0.25,0.25,0.25
EUVP_underwater_dark,273946_00023665.jpg,0.25,0.25,0.25,0.25
EUVP_underwater_dark,273948_n01950731_18335.JPEG,0.25,0.25,0.25,0.25
EUVP_underwater_dark,273949_n02319095_1890.JPEG,0.25,0.25,0.25,0.25
EUVP_underwater_dark,273951_n02317335_37790.JPEG,0.25,0.25,0.25,0.25
EUVP_underwater_dark,273953_n01980166_1581.JPEG,0.25,0.25,0.25,0.25
EUVP_underwater_dark,273954_00004289.jpg,0.25,0.25,0.25,0.25
EUVP_underwater_dark,273958_00005200.jpg,0.25,0.25,0.25,0.25
EUVP_underwater_dark,273959_n01914609_8022.JPEG,0.25,0.25,0.25,0.25
EUVP_underwater_dark,273961_00033880.jpg,0.25,0.25,0.25,0.25
EUVP_underwater_dark,273962_00038645.jpg,0.25,0.25,0.25,0.25
EUVP_underwater_dark,273964_00023407.jpg,0.25,0.25,0.25,0.25
EUVP_underwater_dark,273965_00020035.jpg,0.25,0.25,0.25,0.25
EUVP_underwater_dark,273966_00032987.jpg,0.25,0.25,0.25,0.25
EUVP_underwater_dark,273967_00011670.jpg,0.25,0.25,0.25,0.25
EUVP_underwater_dark,273969_00002942.jpg,0.25,0.25,0.25,0.25
EUVP_underwater_dark,273971_00033697.jpg,0.25,0.25,0.25,0.25
EUVP_underwater_dark,273972_n02526121_13418.JPEG,0.25,0.25,0.25,0.25
EUVP_underwater_dark,273973_00028324.jpg,0.25,0.25,0.25,0.25
EUVP_underwater_dark,273974_00011164.jpg,0.25,0.25,0.25,0.25
EUVP_underwater_dark,273977_n02526121_2082.JPEG,0.25,0.25,0.25,0.25
EUVP_underwater_dark,273978_n02317335_6643.JPEG,0.25,0.25,0.25,0.25
EUVP_underwater_dark,273979_n01984695_41547.JPEG,0.25,0.25,0.25,0.25
EUVP_underwater_dark,273983_scuba_mexico_167.jpg,0.25,0.25,0.25,0.25
EUVP_underwater_dark,273984_00008528.jpg,0.25,0.25,0.25,0.25
EUVP_underwater_dark,273987_00037562.jpg,0.25,0.25,0.25,0.25
EUVP_underwater_dark,273988_00016581.jpg,0.25,0.25,0.25,0.25
EUVP_underwater_dark,273990_n01978287_947.JPEG,0.25,0.25,0.25,0.25
EUVP_underwater_dark,273994_n01924916_5293.JPEG,0.25,0.25,0.25,0.25
EUVP_underwater_dark,273996_n01664065_23267.JPEG,0.25,0.25,0.25,0.25
EUVP_underwater_dark,273998_00021598.jpg,0.25,0.25,0.25,0.25
EUVP_underwater_dark,273999_00036799.jpg,0.25,0.25,0.25,0.25
EUVP_underwater_dark,274000_n02643566_3251.JPEG,0.25,0.25,0.25,0.25
EUVP_underwater_dark,274002_n01914609_1620.JPEG,0.25,0.25,0.25,0.25
EUVP_underwater_dark,274005_scuba_costa_rica_104.jpg,0.25,0.25,0.25,0.25
EUVP_underwater_dark,274006_00005814.jpg,0.25,0.25,0.25,0.25
EUVP_underwater_dark,274007_n01950731_12250.JPEG,0.25,0.25,0.25,0.25
EUVP_underwater_dark,274009_00025465.jpg,0.25,0.25,0.25,0.25
EUVP_underwater_dark,274013_00039650.jpg,0.25,0.25,0.25,0.25
EUVP_underwater_dark,274018_n02319095_6063.JPEG,0.25,0.25,0.25,0.25
EUVP_underwater_dark,274019_n01917289_3254.JPEG,0.25,0.25,0.25,0.25
EUVP_underwater_dark,274027_00022510.jpg,0.25,0.25,0.25,0.25
EUVP_underwater_dark,274033_n01924916_5150.JPEG,0.25,0.25,0.25,0.25
EUVP_underwater_dark,274036_n01950731_1208.JPEG,0.25,0.25,0.25,0.25
EUVP_underwater_dark,274041_n01917289_2388.JPEG,0.25,0.25,0.25,0.25
EUVP_underwater_dark,274046_00020515.jpg,0.25,0.25,0.25,0.25
EUVP_underwater_dark,274047_n09256479_7448.JPEG,0.25,0.25,0.25,0.25
EUVP_underwater_dark,274048_00039692.jpg,0.25,0.25,0.25,0.25
EUVP_underwater_dark,274051_00009184.jpg,0.25,0.25,0.25,0.25
EUVP_underwater_dark,274052_n01950731_13088.JPEG,0.25,0.25,0.25,0.25
EUVP_underwater_dark,274056_n02317335_22015.JPEG,0.25,0.25,0.25,0.25
EUVP_underwater_dark,274057_00038108.jpg,0.25,0.25,0.25,0.25
EUVP_underwater_dark,274058_00011990.jpg,0.25,0.25,0.25,0.25
EUVP_underwater_dark,274069_n02606052_6421.JPEG,0.25,0.25,0.25,0.25
EUVP_underwater_dark,274070_n01980166_2722.JPEG,0.25,0.25,0.25,0.25
EUVP_underwater_dark,274071_n02606052_22628.JPEG,0.25,0.25,0.25,0.25
EUVP_underwater_dark,274072_00031186.jpg,0.25,0.25,0.25,0.25
EUVP_underwater_dark,274075_00002663.jpg,0.25,0.25,0.25,0.25
EUVP_underwater_dark,274076_n02643566_3901.JPEG,0.25,0.25,0.25,0.25
EUVP_underwater_dark,274079_00020426.jpg,0.25,0.25,0.25,0.25
EUVP_underwater_imagenet,n01496331_1010.jpg,0.25,0.25,0.25,0.25
EUVP_underwater_imagenet,n01496331_10100.jpg,0.25,0.25,0.25,0.25
EUVP_underwater_imagenet,n01496331_10137.jpg,0.25,0.25,0.25,0.25
EUVP_underwater_imagenet,n01496331_10207.jpg,0.25,0.25,0.25,0.25
EUVP_underwater_imagenet,n01496331_10269.jpg,0.25,0.25,0.25,0.25
EUVP_underwater_imagenet,n01496331_10373.jpg,0.25,0.25,0.25,0.25
EUVP_underwater_imagenet,n01496331_10374.jpg,0.25,0.25,0.25,0.25
EUVP_underwater_imagenet,n01496331_1054.jpg,0.25,0.25,0.25,0.25
EUVP_underwater_imagenet,n01496331_10605.jpg,0.25,0.25,0.25,0.25
EUVP_underwater_imagenet,n01496331_10606.jpg,0.25,0.25,0.25,0.25
EUVP_underwater_imagenet,n01496331_10607.jpg,0.25,0.25,0.25,0.25
EUVP_underwater_imagenet,n01496331_10754.jpg,0.25,0.25,0.25,0.25
EUVP_underwater_imagenet,n01496331_10768.jpg,0.25,0.25,0.25,0.25
EUVP_underwater_imagenet,n01496331_10903.jpg,0.25,0.25,0.25,0.25
EUVP_underwater_imagenet,n01496331_11015.jpg,0.25,0.25,0.25,0.25
EUVP_underwater_imagenet,n01496331_11078.jpg,0.25,0.25,0.25,0.25
EUVP_underwater_imagenet,n01496331_1119.jpg,0.25,0.25,0.25,0.25
EUVP_underwater_imagenet,n01496331_1124.jpg,0.25,0.25,0.25,0.25
EUVP_underwater_imagenet,n01496331_11391.jpg,0.25,0.25,0.25,0.25
EUVP_underwater_imagenet,n01496331_11438.jpg,0.25,0.25,0.25,0.25
EUVP_underwater_imagenet,n01496331_1147.jpg,0.25,0.25,0.25,0.25
EUVP_underwater_imagenet,n01496331_11487.jpg,0.25,0.25,0.25,0.25
EUVP_underwater_imagenet,n01496331_115.jpg,0.25,0.25,0.25,0.25
EUVP_underwater_imagenet,n01496331_11515.jpg,0.25,0.25,0.25,0.25
EUVP_underwater_imagenet,n01496331_11530.jpg,0.25,0.25,0.25,0.25
EUVP_underwater_imagenet,n01496331_11534.jpg,0.25,0.25,0.25,0.25
EUVP_underwater_imagenet,n01496331_11547.jpg,0.25,0.25,0.25,0.25
EUVP_underwater_imagenet,n01496331_11594.jpg,0.25,0.25,0.25,0.25
EUVP_underwater_imagenet,n01496331_11609.jpg,0.25,0.25,0.25,0.25
EUVP_underwater_imagenet,n01496331_11647.jpg,0.25,0.25,0.25,0.25
EUVP_underwater_imagenet,n01496331_11695.jpg,0.25,0.25,0.25,0.25
EUVP_underwater_imagenet,n01496331_11696.jpg,0.25,0.25,0.25,0.25
EUVP_underwater_imagenet,n01496331_11728.jpg,0.25,0.25,0.25,0.25
EUVP_underwater_imagenet,n01496331_11732.jpg,0.25,0.25,0.25,0.25
EUVP_underwater_imagenet,n01496331_11835.jpg,0.25,0.25,0.25,0.25
EUVP_underwater_imagenet,n01496331_11866.jpg,0.25,0.25,0.25,0.25
EUVP_underwater_imagenet,n01496331_11877.jpg,0.25,0.25,0.25,0.25
EUVP_underwater_imagenet,n01496331_11989.jpg,0.25,0.25,0.25,0.25
EUVP_underwater_imagenet,n01496331_12097.jpg,0.25,0.25,0.25,0.25
EUVP_underwater_imagenet,n01496331_12116.jpg,0.25,0.25,0.25,0.25
EUVP_underwater_imagenet,n01496331_12165.jpg,0.25,0.25,0.25,0.25
EUVP_underwater_imagenet,n01496331_1217.jpg,0.25,0.25,0.25,0.25
EUVP_underwater_imagenet,n01496331_1227.jpg,0.25,0.25,0.25,0.25
EUVP_underwater_imagenet,n01496331_12286.jpg,0.25,0.25,0.25,0.25
EUVP_underwater_imagenet,n01496331_12312.jpg,0.25,0.25,0.25,0.25
EUVP_underwater_imagenet,n01496331_12353.jpg,0.25,0.25,0.25,0.25
EUVP_underwater_imagenet,n01496331_12356.jpg,0.25,0.25,0.25,0.25
EUVP_underwater_imagenet,n01496331_12448.jpg,0.25,0.25,0.25,0.25
EUVP_underwater_imagenet,n01496331_12558.jpg,0.25,0.25,0.25,0.25
EUVP_underwater_imagenet,n01496331_12559.jpg,0.25,0.25,0.25,0.25
EUVP_underwater_imagenet,n01496331_12596.jpg,0.25,0.25,0.25,0.25
EUVP_underwater_imagenet,n01496331_12604.jpg,0.25,0.25,0.25,0.25
EUVP_underwater_imagenet,n01496331_1263.jpg,0.25,0.25,0.25,0.25
EUVP_underwater_imagenet,n01496331_12648.jpg,0.25,0.25,0.25,0.25
EUVP_underwater_imagenet,n01496331_12657.jpg,0.25,0.25,0.25,0.25
EUVP_underwater_imagenet,n01496331_12694.jpg,0.25,0.25,0.25,0.25
EUVP_underwater_imagenet,n01496331_12885.jpg,0.25,0.25,0.25,0.25
EUVP_underwater_imagenet,n01496331_12909.jpg,0.25,0.25,0.25,0.25
EUVP_underwater_imagenet,n01496331_13161.jpg,0.25,0.25,0.25,0.25
EUVP_underwater_imagenet,n01496331_13370.jpg,0.25,0.25,0.25,0.25
EUVP_underwater_imagenet,n01496331_13372.jpg,0.25,0.25,0.25,0.25
EUVP_underwater_imagenet,n01496331_13415.jpg,0.25,0.25,0.25,0.25
EUVP_underwater_imagenet,n01496331_13460.jpg,0.25,0.25,0.25,0.25
EUVP_underwater_imagenet,n01496331_13467.jpg,0.25,0.25,0.25,0.25
EUVP_underwater_imagenet,n01496331_13516.jpg,0.25,0.25,0.25,0.25
EUVP_underwater_imagenet,n01496331_13582.jpg,0.25,0.25,0.25,0.25
EUVP_underwater_imagenet,n01496331_13654.jpg,0.25,0.25,0.25,0.25
EUVP_underwater_imagenet,n01496331_13800.jpg,0.25,0.25,0.25,0.25
EUVP_underwater_imagenet,n01496331_13856.jpg,0.25,0.25,0.25,0.25
EUVP_underwater_imagenet,n01496331_13923.jpg,0.25,0.25,0.25,0.25
EUVP_underwater_imagenet,n01496331_13934.jpg,0.25,0.25,0.25,0.25
EUVP_underwater_imagenet,n01496331_1400.jpg,0.25,0.25,0.25,0.25
EUVP_underwater_imagenet,n01496331_14002.jpg,0.25,0.25,0.25,0.25
EUVP_underwater_imagenet,n01496331_1402.jpg,0.25,0.25,0.25,0.25
EUVP_underwater_imagenet,n01496331_14060.jpg,0.25,0.25,0.25,0.25
EUVP_underwater_imagenet,n01496331_14061.jpg,0.25,0.25,0.25,0.25
EUVP_underwater_imagenet,n01496331_1411.jpg,0.25,0.25,0.25,0.25
EUVP_underwater_imagenet,n01496331_14119.jpg,0.25,0.25,0.25,0.25
EUVP_underwater_imagenet,n01496331_14134.jpg,0.25,0.25,0.25,0.25
EUVP_underwater_imagenet,n01496331_14137.jpg,0.25,0.25,0.25,0.25
EUVP_underwater_imagenet,n01496331_1417.jpg,0.25,0.25,0.25,0.25
EUVP_underwater_imagenet,n01496331_14225.jpg,0.25,0.25,0.25,0.25
EUVP_underwater_imagenet,n01496331_1432.jpg,0.25,0.25,0.25,0.25
EUVP_underwater_imagenet,n01496331_14584.jpg,0.25,0.25,0.25,0.25
EUVP_underwater_imagenet,n01496331_14714.jpg,0.25,0.25,0.25,0.25
EUVP_underwater_imagenet,n01496331_1483.jpg,0.25,0.25,0.25,0.25
EUVP_underwater_imagenet,n01496331_14851.jpg,0.25,0.25,0.25,0.25
EUVP_underwater_imagenet,n01496331_14976.jpg,0.25,0.25,0.25,0.25
EUVP_underwater_imagenet,n01496331_1499.jpg,0.25,0.25,0.25,0.25
EUVP_underwater_imagenet,n01496331_1511.jpg,0.25,0.25,0.25,0.25
EUVP_underwater_imagenet,n01496331_15536.jpg,0.25,0.25,0.25,0.25
EUVP_underwater_imagenet,n01496331_15629.jpg,0.25,0.25,0.25,0.25
EUVP_underwater_imagenet,n01496331_1578.jpg,0.25,0.25,0.25,0.25
EUVP_underwater_imagenet,n01496331_15923.jpg,0.25,0.25,0.25,0.25
EUVP_underwater_imagenet,n01496331_16176.jpg,0.25,0.25,0.25,0.25
EUVP_underwater_imagenet,n01496331_16346.jpg,0.25,0.25,0.25,0.25
EUVP_underwater_imagenet,n01496331_17471.jpg,0.25,0.25,0.25,0.25
EUVP_underwater_imagenet,n01496331_175.jpg,0.25,0.25,0.25,0.25
EUVP_underwater_imagenet,n01496331_17724.jpg,0.25,0.25,0.25,0.25
EUVP_underwater_imagenet,n01496331_17869.jpg,0.25,0.25,0.25,0.25
EUVP_underwater_imagenet,n01496331_1831.jpg,0.25,0.25,0.25,0.25
EUVP_underwater_imagenet,n01496331_18342.jpg,0.25,0.25,0.25,0.25
EUVP_underwater_imagenet,n01496331_18538.jpg,0.25,0.25,0.25,0.25
EUVP_underwater_imagenet,n01496331_18723.jpg,0.25,0.25,0.25,0.25
EUVP_underwater_imagenet,n01496331_1903.jpg,0.25,0.25,0.25,0.25
EUVP_underwater_imagenet,n01496331_19085.jpg,0.25,0.25,0.25,0.25
EUVP_underwater_imagenet,n01496331_19110.jpg,0.25,0.25,0.25,0.25
EUVP_underwater_imagenet,n01496331_19168.jpg,0.25,0.25,0.25,0.25
EUVP_underwater_imagenet,n01496331_1923.jpg,0.25,0.25,0.25,0.25
EUVP_underwater_imagenet,n01496331_1946.jpg,0.25,0.25,0.25,0.25
EUVP_underwater_imagenet,n01496331_19550.jpg,0.25,0.25,0.25,0.25
EUVP_underwater_imagenet,n01496331_19777.jpg,0.25,0.25,0.25,0.25
EUVP_underwater_imagenet,n01496331_20193.jpg,0.25,0.25,0.25,0.25
EUVP_underwater_imagenet,n01496331_20252.jpg,0.25,0.25,0.25,0.25
EUVP_underwater_imagenet,n01496331_2038.jpg,0.25,0.25,0.25,0.25
EUVP_underwater_imagenet,n01496331_2044.jpg,0.25,0.25,0.25,0.25
EUVP_underwater_imagenet,n01496331_2052.jpg,0.25,0.25,0.25,0.25
EUVP_underwater_imagenet,n01496331_20589.jpg,0.25,0.25,0.25,0.25
EUVP_underwater_imagenet,n01496331_2078.jpg,0.25,0.25,0.25,0.25
EUVP_underwater_imagenet,n01496331_2079.jpg,0.25,0.25,0.25,0.25
EUVP_underwater_imagenet,n01496331_20837.jpg,0.25,0.25,0.25,0.25
EUVP_underwater_imagenet,n01496331_20916.jpg,0.25,0.25,0.25,0.25
EUVP_underwater_imagenet,n01496331_21410.jpg,0.25,0.25,0.25,0.25
EUVP_underwater_imagenet,n01496331_2213.jpg,0.25,0.25,0.25,0.25
EUVP_underwater_imagenet,n01496331_22264.jpg,0.25,0.25,0.25,0.25
EUVP_underwater_imagenet,n01496331_22345.jpg,0.25,0.25,0.25,0.25
EUVP_underwater_imagenet,n01496331_2235.jpg,0.25,0.25,0.25,0.25
EUVP_underwater_imagenet,n01496331_2276.jpg,0.25,0.25,0.25,0.25
EUVP_underwater_imagenet,n01496331_23039.jpg,0.25,0.25,0.25,0.25
EUVP_underwater_imagenet,n01496331_2325.jpg,0.25,0.25,0.25,0.25
EUVP_underwater_imagenet,n01496331_2367.jpg,0.25,0.25,0.25,0.25
EUVP_underwater_imagenet,n01496331_23690.jpg,0.25,0.25,0.25,0.25
EUVP_underwater_imagenet,n01496331_24118.jpg,0.25,0.25,0.25,0.25
EUVP_underwater_imagenet,n01496331_24176.jpg,0.25,0.25,0.25,0.25
EUVP_underwater_imagenet,n01496331_24232.jpg,0.25,0.25,0.25,0.25
EUVP_underwater_imagenet,n01496331_2434.jpg,0.25,0.25,0.25,0.25
EUVP_underwater_imagenet,n01496331_24377.jpg,0.25,0.25,0.25,0.25
EUVP_underwater_imagenet,n01496331_24467.jpg,0.25,0.25,0.25,0.25
EUVP_underwater_imagenet,n01496331_24481.jpg,0.25,0.25,0.25,0.25
EUVP_underwater_imagenet,n01496331_24540.jpg,0.25,0.25,0.25,0.25
EUVP_underwater_imagenet,n01496331_24599.jpg,0.25,0.25,0.25,0.25
EUVP_underwater_imagenet,n01496331_2474.jpg,0.25,0.25,0.25,0.25
EUVP_underwater_imagenet,n01496331_24975.jpg,0.25,0.25,0.25,0.25
EUVP_underwater_imagenet,n01496331_25032.jpg,0.25,0.25,0.25,0.25
EUVP_underwater_imagenet,n01496331_25111.jpg,0.25,0.25,0.25,0.25
EUVP_underwater_imagenet,n01496331_25183.jpg,0.25,0.25,0.25,0.25
EUVP_underwater_imagenet,n01496331_25185.jpg,0.25,0.25,0.25,0.25
EUVP_underwater_imagenet,n01496331_25215.jpg,0.25,0.25,0.25,0.25
EUVP_underwater_imagenet,n01496331_25247.jpg,0.25,0.25,0.25,0.25
EUVP_underwater_imagenet,n01496331_25279.jpg,0.25,0.25,0.25,0.25
EUVP_underwater_imagenet,n01496331_25287.jpg,0.25,0.25,0.25,0.25
EUVP_underwater_imagenet,n01496331_25310.jpg,0.25,0.25,0.25,0.25
EUVP_underwater_imagenet,n01496331_25408.jpg,0.25,0.25,0.25,0.25
EUVP_underwater_imagenet,n01496331_2543.jpg,0.25,0.25,0.25,0.25
EUVP_underwater_imagenet,n01496331_2549.jpg,0.25,0.25,0.25,0.25
EUVP_underwater_imagenet,n01496331_2563.jpg,0.25,0.25,0.25,0.25
EUVP_underwater_imagenet,n01496331_25784.jpg,0.25,0.25,0.25,0.25
EUVP_underwater_imagenet,n01496331_25789.jpg,0.25,0.25,0.25,0.25
EUVP_underwater_imagenet,n01496331_2583.jpg,0.25,0.25,0.25,0.25
EUVP_underwater_imagenet,n01496331_2596.jpg,0.25,0.25,0.25,0.25
EUVP_underwater_imagenet,n01496331_2597.jpg,0.25,0.25,0.25,0.25
EUVP_underwater_imagenet,n01496331_26084.jpg,0.25,0.25,0.25,0.25
EUVP_underwater_imagenet,n01496331_26148.jpg,0.25,0.25,0.25,0.25
EUVP_underwater_imagenet,n01496331_263.jpg,0.25,0.25,0.25,0.25
EUVP_underwater_imagenet,n01496331_26302.jpg,0.25,0.25,0.25,0.25
EUVP_underwater_imagenet,n01496331_26353.jpg,0.25,0.25,0.25,0.25
EUVP_underwater_imagenet,n01496331_26412.jpg,0.25,0.25,0.25,0.25
EUVP_underwater_imagenet,n01496331_26433.jpg,0.25,0.25,0.25,0.25
EUVP_underwater_imagenet,n01496331_26557.jpg,0.25,0.25,0.25,0.25
EUVP_underwater_imagenet,n01496331_26677.jpg,0.25,0.25,0.25,0.25
EUVP_underwater_imagenet,n01496331_26726.jpg,0.25,0.25,0.25,0.25
EUVP_underwater_imagenet,n01496331_26751.jpg,0.25,0.25,0.25,0.25
EUVP_underwater_imagenet,n01496331_26864.jpg,0.25,0.25,0.25,0.25
EUVP_underwater_imagenet,n01496331_2693.jpg,0.25,0.25,0.25,0.25
EUVP_underwater_imagenet,n01496331_26939.jpg,0.25,0.25,0.25,0.25
EUVP_underwater_imagenet,n01496331_27026.jpg,0.25,0.25,0.25,0.25
EUVP_underwater_imagenet,n01496331_27172.jpg,0.25,0.25,0.25,0.25
EUVP_underwater_imagenet,n01496331_2720.jpg,0.25,0.25,0.25,0.25
EUVP_underwater_imagenet,n01496331_27235.jpg,0.25,0.25,0.25,0.25
EUVP_underwater_imagenet,n01496331_2731.jpg,0.25,0.25,0.25,0.25
EUVP_underwater_imagenet,n01496331_27322.jpg,0.25,0.25,0.25,0.25
EUVP_underwater_imagenet,n01496331_27326.jpg,0.25,0.25,0.25,0.25
EUVP_underwater_imagenet,n01496331_27417.jpg,0.25,0.25,0.25,0.25
EUVP_underwater_imagenet,n01496331_28034.jpg,0.25,0.25,0.25,0.25
EUVP_underwater_imagenet,n01496331_28064.jpg,0.25,0.25,0.25,0.25
EUVP_underwater_imagenet,n01496331_28114.jpg,0.25,0.25,0.25,0.25
EUVP_underwater_imagenet,n01496331_28203.jpg,0.25,0.25,0.25,0.25
EUVP_underwater_imagenet,n01496331_28280.jpg,0.25,0.25,0.25,0.25
EUVP_underwater_imagenet,n01496331_28283.jpg,0.25,0.25,0.25,0.25
EUVP_underwater_imagenet,n01496331_28398.jpg,0.25,0.25,0.25,0.25
EUVP_underwater_imagenet,n01496331_28476.jpg,0.25,0.25,0.25,0.25
EUVP_underwater_imagenet,n01496331_28590.jpg,0.25,0.25,0.25,0.25
EUVP_underwater_imagenet,n01496331_2860.jpg,0.25,0.25,0.25,0.25
EUVP_underwater_imagenet,n01496331_28667.jpg,0.25,0.25,0.25,0.25
EUVP_underwater_imagenet,n01496331_28709.jpg,0.25,0.25,0.25,0.25
EUVP_underwater_imagenet,n01496331_28752.jpg,0.25,0.25,0.25,0.25
EUVP_underwater_imagenet,n01496331_28779.jpg,0.25,0.25,0.25,0.25
EUVP_underwater_imagenet,n01496331_2879.jpg,0.25,0.25,0.25,0.25
EUVP_underwater_imagenet,n01496331_28975.jpg,0.25,0.25,0.25,0.25
EUVP_underwater_imagenet,n01496331_29030.jpg,0.25,0.25,0.25,0.25
EUVP_underwater_imagenet,n01496331_29047.jpg,0.25,0.25,0.25,0.25
EUVP_underwater_imagenet,n01496331_29086.jpg,0.25,0.25,0.25,0.25
EUVP_underwater_imagenet,n01496331_29158.jpg,0.25,0.25,0.25,0.25
EUVP_underwater_imagenet,n01496331_29206.jpg,0.25,0.25,0.25,0.25
EUVP_underwater_imagenet,n01496331_29229.jpg,0.25,0.25,0.25,0.25
EUVP_underwater_imagenet,n01496331_29246.jpg,0.25,0.25,0.25,0.25
EUVP_underwater_imagenet,n01496331_29273.jpg,0.25,0.25,0.25,0.25
EUVP_underwater_imagenet,n01496331_29308.jpg,0.25,0.25,0.25,0.25
EUVP_underwater_imagenet,n01496331_29399.jpg,0.25,0.25,0.25,0.25
EUVP_underwater_imagenet,n01496331_29469.jpg,0.25,0.25,0.25,0.25
EUVP_underwater_imagenet,n01496331_29594.jpg,0.25,0.25,0.25,0.25
EUVP_underwater_imagenet,n01496331_29876.jpg,0.25,0.25,0.25,0.25
EUVP_underwater_imagenet,n01496331_299.jpg,0.25,0.25,0.25,0.25
EUVP_underwater_imagenet,n01496331_29919.jpg,0.25,0.25,0.25,0.25
EUVP_underwater_imagenet,n01496331_29947.jpg,0.25,0.25,0.25,0.25
EUVP_underwater_imagenet,n01496331_30072.jpg,0.25,0.25,0.25,0.25
EUVP_underwater_imagenet,n01496331_30357.jpg,0.25,0.25,0.25,0.25
EUVP_underwater_imagenet,n01496331_3038.jpg,0.25,0.25,0.25,0.25
EUVP_underwater_imagenet,n01496331_30406.jpg,0.25,0.25,0.25,0.25
EUVP_underwater_imagenet,n01496331_30437.jpg,0.25,0.25,0.25,0.25
EUVP_underwater_imagenet,n01496331_30523.jpg,0.25,0.25,0.25,0.25
EUVP_underwater_imagenet,n01496331_30738.jpg,0.25,0.25,0.25,0.25
EUVP_underwater_imagenet,n01496331_3074.jpg,0.25,0.25,0.25,0.25
EUVP_underwater_imagenet,n01496331_30791.jpg,0.25,0.25,0.25,0.25
EUVP_underwater_imagenet,n01496331_30855.jpg,0.25,0.25,0.25,0.25
EUVP_underwater_imagenet,n01496331_30942.jpg,0.25,0.25,0.25,0.25
EUVP_underwater_imagenet,n01496331_3115.jpg,0.25,0.25,0.25,0.25
EUVP_underwater_imagenet,n01496331_31152.jpg,0.25,0.25,0.25,0.25
EUVP_underwater_imagenet,n01496331_31162.jpg,0.25,0.25,0.25,0.25
EUVP_underwater_imagenet,n01496331_31189.jpg,0.25,0.25,0.25,0.25
EUVP_underwater_imagenet,n01496331_31276.jpg,0.25,0.25,0.25,0.25
EUVP_underwater_imagenet,n01496331_31329.jpg,0.25,0.25,0.25,0.25
EUVP_underwater_imagenet,n01496331_31368.jpg,0.25,0.25,0.25,0.25
EUVP_underwater_imagenet,n01496331_31554.jpg,0.25,0.25,0.25,0.25
EUVP_underwater_imagenet,n01496331_31777.jpg,0.25,0.25,0.25,0.25
EUVP_underwater_imagenet,n01496331_31788.jpg,0.25,0.25,0.25,0.25
EUVP_underwater_imagenet,n01496331_31874.jpg,0.25,0.25,0.25,0.25
EUVP_underwater_imagenet,n01496331_31876.jpg,0.25,0.25,0.25,0.25
EUVP_underwater_imagenet,n01496331_31946.jpg,0.25,0.25,0.25,0.25
EUVP_underwater_imagenet,n01496331_31995.jpg,0.25,0.25,0.25,0.25
EUVP_underwater_imagenet,n01496331_32172.jpg,0.25,0.25,0.25,0.25
EUVP_underwater_imagenet,n01496331_32542.jpg,0.25,0.25,0.25,0.25
EUVP_underwater_imagenet,n01496331_32545.jpg,0.25,0.25,0.25,0.25
EUVP_underwater_imagenet,n01496331_3261.jpg,0.25,0.25,0.25,0.25
EUVP_underwater_imagenet,n01496331_32662.jpg,0.25,0.25,0.25,0.25
EUVP_underwater_imagenet,n01496331_32783.jpg,0.25,0.25,0.25,0.25
EUVP_underwater_imagenet,n01496331_32784.jpg,0.25,0.25,0.25,0.25
EUVP_underwater_imagenet,n01496331_32804.jpg,0.25,0.25,0.25,0.25
EUVP_underwater_imagenet,n01496331_32975.jpg,0.25,0.25,0.25,0.25
EUVP_underwater_imagenet,n01496331_3304.jpg,0.25,0.25,0.25,0.25
EUVP_underwater_imagenet,n01496331_33184.jpg,0.25,0.25,0.25,0.25
EUVP_underwater_imagenet,n01496331_3364.jpg,0.25,0.25,0.25,0.25
EUVP_underwater_imagenet,n01496331_33723.jpg,0.25,0.25,0.25,0.25
EUVP_underwater_imagenet,n01496331_33823.jpg,0.25,0.25,0.25,0.25
EUVP_underwater_imagenet,n01496331_33875.jpg,0.25,0.25,0.25,0.25
EUVP_underwater_imagenet,n01496331_33953.jpg,0.25,0.25,0.25,0.25
EUVP_underwater_imagenet,n01496331_34020.jpg,0.25,0.25,0.25,0.25
EUVP_underwater_imagenet,n01496331_34033.jpg,0.25,0.25,0.25,0.25
EUVP_underwater_imagenet,n01496331_34121.jpg,0.25,0.25,0.25,0.25
EUVP_underwater_imagenet,n01496331_34251.jpg,0.25,0.25,0.25,0.25
EUVP_underwater_imagenet,n01496331_34342.jpg,0.25,0.25,0.25,0.25
EUVP_underwater_imagenet,n01496331_34426.jpg,0.25,0.25,0.25,0.25
EUVP_underwater_imagenet,n01496331_34473.jpg,0.25,0.25,0.25,0.25
EUVP_underwater_imagenet,n01496331_34475.jpg,0.25,0.25,0.25,0.25
EUVP_underwater_imagenet,n01496331_34589.jpg,0.25,0.25,0.25,0.25
EUVP_underwater_imagenet,n01496331_34607.jpg,0.25,0.25,0.25,0.25
EUVP_underwater_imagenet,n01496331_34726.jpg,0.25,0.25,0.25,0.25
EUVP_underwater_imagenet,n01496331_34826.jpg,0.25,0.25,0.25,0.25
EUVP_underwater_imagenet,n01496331_35023.jpg,0.25,0.25,0.25,0.25
EUVP_underwater_imagenet,n01496331_3519.jpg,0.25,0.25,0.25,0.25
EUVP_underwater_imagenet,n01496331_35195.jpg,0.25,0.25,0.25,0.25
EUVP_underwater_imagenet,n01496331_3534.jpg,0.25,0.25,0.25,0.25
EUVP_underwater_imagenet,n01496331_3543.jpg,0.25,0.25,0.25,0.25
EUVP_underwater_imagenet,n01496331_3558.jpg,0.25,0.25,0.25,0.25
EUVP_underwater_imagenet,n01496331_35664.jpg,0.25,0.25,0.25,0.25
EUVP_underwater_imagenet,n01496331_3581.jpg,0.25,0.25,0.25,0.25
EUVP_underwater_imagenet,n01496331_3759.jpg,0.25,0.25,0.25,0.25
EUVP_underwater_imagenet,n01496331_3823.jpg,0.25,0.25,0.25,0.25
EUVP_underwater_imagenet,n01496331_3867.jpg,0.25,0.25,0.25,0.25
EUVP_underwater_imagenet,n01496331_3881.jpg,0.25,0.25,0.25,0.25
EUVP_underwater_imagenet,n01496331_3966.jpg,0.25,0.25,0.25,0.25
EUVP_underwater_imagenet,n01496331_4059.jpg,0.25,0.25,0.25,0.25
EUVP_underwater_imagenet,n01496331_4089.jpg,0.25,0.25,0.25,0.25
EUVP_underwater_imagenet,n01496331_4137.jpg,0.25,0.25,0.25,0.25
EUVP_underwater_imagenet,n01496331_4245.jpg,0.25,0.25,0.25,0.25
EUVP_underwater_imagenet,n01496331_4262.jpg,0.25,0.25,0.25,0.25
EUVP_underwater_imagenet,n01496331_4269.jpg,0.25,0.25,0.25,0.25
EUVP_underwater_imagenet,n01496331_4329.jpg,0.25,0.25,0.25,0.25
EUVP_underwater_imagenet,n01496331_4340.jpg,0.25,0.25,0.25,0.25
EUVP_underwater_imagenet,n01496331_4365.jpg,0.25,0.25,0.25,0.25
EUVP_underwater_imagenet,n01496331_4505.jpg,0.25,0.25,0.25,0.25
EUVP_underwater_imagenet,n01496331_4567.jpg,0.25,0.25,0.25,0.25
EUVP_underwater_imagenet,n01496331_4584.jpg,0.25,0.25,0.25,0.25
EUVP_underwater_imagenet,n01496331_4620.jpg,0.25,0.25,0.25,0.25
EUVP_underwater_imagenet,n01496331_4685.jpg,0.25,0.25,0.25,0.25
EUVP_underwater_imagenet,n01496331_4708.jpg,0.25,0.25,0.25,0.25
EUVP_underwater_imagenet,n01496331_4779.jpg,0.25,0.25,0.25,0.25
EUVP_underwater_imagenet,n01496331_4811.jpg,0.25,0.25,0.25,0.25
EUVP_underwater_imagenet,n01496331_4841.jpg,0.25,0.25,0.25,0.25
EUVP_underwater_imagenet,n01496331_4845.jpg,0.25,0.25,0.25,0.25
EUVP_underwater_imagenet,n01496331_49.jpg,0.25,0.25,0.25,0.25
EUVP_underwater_imagenet,n01496331_4908.jpg,0.25,0.25,0.25,0.25
EUVP_underwater_imagenet,n01496331_4987.jpg,0.25,0.25,0.25,0.25
EUVP_underwater_imagenet,n01496331_5036.jpg,0.25,0.25,0.25,0.25
EUVP_underwater_imagenet,n01496331_5280.jpg,0.25,0.25,0.25,0.25
EUVP_underwater_imagenet,n01496331_5292.jpg,0.25,0.25,0.25,0.25
EUVP_underwater_imagenet,n01496331_5376.jpg,0.25,0.25,0.25,0.25
EUVP_underwater_imagenet,n01496331_5402.jpg,0.25,0.25,0.25,0.25
EUVP_underwater_imagenet,n01496331_5433.jpg,0.25,0.25,0.25,0.25
EUVP_underwater_imagenet,n01496331_5461.jpg,0.25,0.25,0.25,0.25
EUVP_underwater_imagenet,n01496331_5535.jpg,0.25,0.25,0.25,0.25
EUVP_underwater_imagenet,n01496331_5552.jpg,0.25,0.25,0.25,0.25
EUVP_underwater_imagenet,n01496331_5564.jpg,0.25,0.25,0.25,0.25
EUVP_underwater_imagenet,n01496331_56.jpg,0.25,0.25,0.25,0.25
EUVP_underwater_imagenet,n01496331_5617.jpg,0.25,0.25,0.25,0.25
EUVP_underwater_imagenet,n01496331_5796.jpg,0.25,0.25,0.25,0.25
EUVP_underwater_imagenet,n01496331_5825.jpg,0.25,0.25,0.25,0.25
EUVP_underwater_imagenet,n01496331_5852.jpg,0.25,0.25,0.25,0.25
EUVP_underwater_imagenet,n01496331_5957.jpg,0.25,0.25,0.25,0.25
EUVP_underwater_imagenet,n01496331_6068.jpg,0.25,0.25,0.25,0.25
EUVP_underwater_imagenet,n01496331_608.jpg,0.25,0.25,0.25,0.25
EUVP_underwater_imagenet,n01496331_612.jpg,0.25,0.25,0.25,0.25
EUVP_underwater_imagenet,n01496331_6167.jpg,0.25,0.25,0.25,0.25
EUVP_underwater_imagenet,n01496331_6237.jpg,0.25,0.25,0.25,0.25
EUVP_underwater_imagenet,n01496331_6262.jpg,0.25,0.25,0.25,0.25
EUVP_underwater_imagenet,n01496331_633.jpg,0.25,0.25,0.25,0.25
EUVP_underwater_imagenet,n01496331_6414.jpg,0.25,0.25,0.25,0.25
EUVP_underwater_imagenet,n01496331_6423.jpg,0.25,0.25,0.25,0.25
EUVP_underwater_imagenet,n01496331_6444.jpg,0.25,0.25,0.25,0.25
EUVP_underwater_imagenet,n01496331_6764.jpg,0.25,0.25,0.25,0.25
EUVP_underwater_imagenet,n01496331_687.jpg,0.25,0.25,0.25,0.25
EUVP_underwater_imagenet,n01496331_694.jpg,0.25,0.25,0.25,0.25
EUVP_underwater_imagenet,n01496331_6966.jpg,0.25,0.25,0.25,0.25
EUVP_underwater_imagenet,n01496331_7050.jpg,0.25,0.25,0.25,0.25
EUVP_underwater_imagenet,n01496331_7068.jpg,0.25,0.25,0.25,0.25
EUVP_underwater_imagenet,n01496331_7150.jpg,0.25,0.25,0.25,0.25
EUVP_underwater_imagenet,n01496331_7163.jpg,0.25,0.25,0.25,0.25
EUVP_underwater_imagenet,n01496331_7196.jpg,0.25,0.25,0.25,0.25
EUVP_underwater_imagenet,n01496331_7238.jpg,0.25,0.25,0.25,0.25
EUVP_underwater_imagenet,n01496331_7519.jpg,0.25,0.25,0.25,0.25
EUVP_underwater_imagenet,n01496331_7551.jpg,0.25,0.25,0.25,0.25
EUVP_underwater_imagenet,n01496331_7572.jpg,0.25,0.25,0.25,0.25
EUVP_underwater_imagenet,n01496331_7650.jpg,0.25,0.25,0.25,0.25
EUVP_underwater_imagenet,n01496331_7653.jpg,0.25,0.25,0.25,0.25
EUVP_underwater_imagenet,n01496331_77.jpg,0.25,0.25,0.25,0.25
EUVP_underwater_imagenet,n01496331_7710.jpg,0.25,0.25,0.25,0.25
EUVP_underwater_imagenet,n01496331_7804.jpg,0.25,0.25,0.25,0.25
EUVP_underwater_imagenet,n01496331_800.jpg,0.25,0.25,0.25,0.25
EUVP_underwater_imagenet,n01496331_8000.jpg,0.25,0.25,0.25,0.25
EUVP_underwater_imagenet,n01496331_8043.jpg,0.25,0.25,0.25,0.25
EUVP_underwater_imagenet,n01496331_8049.jpg,0.25,0.25,0.25,0.25
EUVP_underwater_imagenet,n01496331_8055.jpg,0.25,0.25,0.25,0.25
EUVP_underwater_imagenet,n01496331_8134.jpg,0.25,0.25,0.25,0.25
EUVP_underwater_imagenet,n01496331_8189.jpg,0.25,0.25,0.25,0.25
EUVP_underwater_imagenet,n01496331_8205.jpg,0.25,0.25,0.25,0.25
EUVP_underwater_imagenet,n01496331_8272.jpg,0.25,0.25,0.25,0.25
EUVP_underwater_imagenet,n01496331_8329.jpg,0.25,0.25,0.25,0.25
EUVP_underwater_imagenet,n01496331_8621.jpg,0.25,0.25,0.25,0.25
EUVP_underwater_imagenet,n01496331_8686.jpg,0.25,0.25,0.25,0.25
EUVP_underwater_imagenet,n01496331_8695.jpg,0.25,0.25,0.25,0.25
EUVP_underwater_imagenet,n01496331_873.jpg,0.25,0.25,0.25,0.25
EUVP_underwater_imagenet,n01496331_8754.jpg,0.25,0.25,0.25,0.25
EUVP_underwater_imagenet,n01496331_8914.jpg,0.25,0.25,0.25,0.25
EUVP_underwater_imagenet,n01496331_8948.jpg,0.25,0.25,0.25,0.25
EUVP_underwater_imagenet,n01496331_8954.jpg,0.25,0.25,0.25,0.25
EUVP_underwater_imagenet,n01496331_9078.jpg,0.25,0.25,0.25,0.25
EUVP_underwater_imagenet,n01496331_9110.jpg,0.25,0.25,0.25,0.25
EUVP_underwater_imagenet,n01496331_920.jpg,0.25,0.25,0.25,0.25
EUVP_underwater_imagenet,n01496331_921.jpg,0.25,0.25,0.25,0.25
EUVP_underwater_imagenet,n01496331_9303.jpg,0.25,0.25,0.25,0.25
EUVP_underwater_imagenet,n01496331_9363.jpg,0.25,0.25,0.25,0.25
EUVP_underwater_imagenet,n01496331_9414.jpg,0.25,0.25,0.25,0.25
EUVP_underwater_imagenet,n01496331_9426.jpg,0.25,0.25,0.25,0.25
EUVP_underwater_imagenet,n01496331_9468.jpg,0.25,0.25,0.25,0.25
EUVP_underwater_imagenet,n01496331_9480.jpg,0.25,0.25,0.25,0.25
EUVP_underwater_imagenet,n01496331_9532.jpg,0.25,0.25,0.25,0.25
EUVP_underwater_imagenet,n01496331_956.jpg,0.25,0.25,0.25,0.25
EUVP_underwater_imagenet,n01496331_9588.jpg,0.25,0.25,0.25,0.25
EUVP_underwater_imagenet,n01496331_970.jpg,0.25,0.25,0.25,0.25
EUVP_underwater_imagenet,n01496331_975.jpg,0.25,0.25,0.25,0.25
EUVP_underwater_imagenet,n01496331_9828.jpg,0.25,0.25,0.25,0.25
EUVP_underwater_imagenet,n01496331_9843.jpg,0.25,0.25,0.25,0.25
EUVP_underwater_imagenet,n01496331_9855.jpg,0.25,0.25,0.25,0.25
EUVP_underwater_imagenet,n01496331_9858.jpg,0.25,0.25,0.25,0.25
EUVP_underwater_imagenet,n01496331_9897.jpg,0.25,0.25,0.25,0.25
EUVP_underwater_imagenet,n01496331_9925.jpg,0.25,0.25,0.25,0.25
EUVP_underwater_imagenet,n01664065_10096.jpg,0.25,0.25,0.25,0.25
EUVP_underwater_imagenet,n01664065_10214.jpg,0.25,0.25,0.25,0.25
EUVP_underwater_imagenet,n01664065_10873.jpg,0.25,0.25,0.25,0.25
EUVP_underwater_imagenet,n01664065_1099.jpg,0.25,0.25,0.25,0.25
EUVP_underwater_imagenet,n01664065_11277.jpg,0.25,0.25,0.25,0.25
EUVP_underwater_imagenet,n01664065_11399.jpg,0.25,0.25,0.25,0.25
EUVP_underwater_imagenet,n01664065_1164.jpg,0.25,0.25,0.25,0.25
EUVP_underwater_imagenet,n01664065_11705.jpg,0.25,0.25,0.25,0.25
EUVP_underwater_imagenet,n01664065_11726.jpg,0.25,0.25,0.25,0.25
EUVP_underwater_imagenet,n01664065_1194.jpg,0.25,0.25,0.25,0.25
EUVP_underwater_imagenet,n01664065_12298.jpg,0.25,0.25,0.25,0.25
EUVP_underwater_imagenet,n01664065_12383.jpg,0.25,0.25,0.25,0.25
EUVP_underwater_imagenet,n01664065_12386.jpg,0.25,0.25,0.25,0.25
EUVP_underwater_imagenet,n01664065_12458.jpg,0.25,0.25,0.25,0.25
EUVP_underwater_imagenet,n01664065_12711.jpg,0.25,0.25,0.25,0.25
EUVP_underwater_imagenet,n01664065_12835.jpg,0.25,0.25,0.25,0.25
EUVP_underwater_imagenet,n01664065_13062.jpg,0.25,0.25,0.25,0.25
EUVP_underwater_imagenet,n01664065_13117.jpg,0.25,0.25,0.25,0.25
EUVP_underwater_imagenet,n01664065_13430.jpg,0.25,0.25,0.25,0.25
EUVP_underwater_imagenet,n01664065_1376.jpg,0.25,0.25,0.25,0.25
EUVP_underwater_imagenet,n01664065_13804.jpg,0.25,0.25,0.25,0.25
EUVP_underwater_imagenet,n01664065_13902.jpg,0.25,0.25,0.25,0.25
EUVP_underwater_imagenet,n01664065_14253.jpg,0.25,0.25,0.25,0.25
EUVP_underwater_imagenet,n01664065_14320.jpg,0.25,0.25,0.25,0.25
EUVP_underwater_imagenet,n01664065_14659.jpg,0.25,0.25,0.25,0.25
EUVP_underwater_imagenet,n01664065_14698.jpg,0.25,0.25,0.25,0.25
EUVP_underwater_imagenet,n01664065_1503.jpg,0.25,0.25,0.25,0.25
EUVP_underwater_imagenet,n01664065_15103.jpg,0.25,0.25,0.25,0.25
EUVP_underwater_imagenet,n01664065_15511.jpg,0.25,0.25,0.25,0.25
EUVP_underwater_imagenet,n01664065_15666.jpg,0.25,0.25,0.25,0.25
EUVP_underwater_imagenet,n01664065_15871.jpg,0.25,0.25,0.25,0.25
EUVP_underwater_imagenet,n01664065_16041.jpg,0.25,0.25,0.25,0.25
EUVP_underwater_imagenet,n01664065_16277.jpg,0.25,0.25,0.25,0.25
EUVP_underwater_imagenet,n01664065_16714.jpg,0.25,0.25,0.25,0.25
EUVP_underwater_imagenet,n01664065_17567.jpg,0.25,0.25,0.25,0.25
EUVP_underwater_imagenet,n01664065_17613.jpg,0.25,0.25,0.25,0.25
EUVP_underwater_imagenet,n01664065_17617.jpg,0.25,0.25,0.25,0.25
EUVP_underwater_imagenet,n01664065_1802.jpg,0.25,0.25,0.25,0.25
EUVP_underwater_imagenet,n01664065_18335.jpg,0.25,0.25,0.25,0.25
EUVP_underwater_imagenet,n01664065_1837.jpg,0.25,0.25,0.25,0.25
EUVP_underwater_imagenet,n01664065_18954.jpg,0.25,0.25,0.25,0.25
EUVP_underwater_imagenet,n01664065_19011.jpg,0.25,0.25,0.25,0.25
EUVP_underwater_imagenet,n01664065_19082.jpg,0.25,0.25,0.25,0.25
EUVP_underwater_imagenet,n01664065_19174.jpg,0.25,0.25,0.25,0.25
EUVP_underwater_imagenet,n01664065_19495.jpg,0.25,0.25,0.25,0.25
EUVP_underwater_imagenet,n01664065_1967.jpg,0.25,0.25,0.25,0.25
EUVP_underwater_imagenet,n01664065_1977.jpg,0.25,0.25,0.25,0.25
EUVP_underwater_imagenet,n01664065_19961.jpg,0.25,0.25,0.25,0.25
EUVP_underwater_imagenet,n01664065_2006.jpg,0.25,0.25,0.25,0.25
EUVP_underwater_imagenet,n01664065_2028.jpg,0.25,0.25,0.25,0.25
EUVP_underwater_imagenet,n01664065_2082.jpg,0.25,0.25,0.25,0.25
EUVP_underwater_imagenet,n01664065_2152.jpg,0.25,0.25,0.25,0.25
EUVP_underwater_imagenet,n01664065_2261.jpg,0.25,0.25,0.25,0.25
EUVP_underwater_imagenet,n01664065_23014.jpg,0.25,0.25,0.25,0.25
EUVP_underwater_imagenet,n01664065_2334.jpg,0.25,0.25,0.25,0.25
EUVP_underwater_imagenet,n01664065_23620.jpg,0.25,0.25,0.25,0.25
EUVP_underwater_imagenet,n01664065_23865.jpg,0.25,0.25,0.25,0.25
EUVP_underwater_imagenet,n01664065_2443.jpg,0.25,0.25,0.25,0.25
EUVP_underwater_imagenet,n01664065_24588.jpg,0.25,0.25,0.25,0.25
EUVP_underwater_imagenet,n01664065_25739.jpg,0.25,0.25,0.25,0.25
EUVP_underwater_imagenet,n01664065_25894.jpg,0.25,0.25,0.25,0.25
EUVP_underwater_imagenet,n01664065_25975.jpg,0.25,0.25,0.25,0.25
EUVP_underwater_imagenet,n01664065_26051.jpg,0.25,0.25,0.25,0.25
EUVP_underwater_imagenet,n01664065_26191.jpg,0.25,0.25,0.25,0.25
EUVP_underwater_imagenet,n01664065_2714.jpg,0.25,0.25,0.25,0.25
EUVP_underwater_imagenet,n01664065_27207.jpg,0.25,0.25,0.25,0.25
EUVP_underwater_imagenet,n01664065_27492.jpg,0.25,0.25,0.25,0.25
EUVP_underwater_imagenet,n01664065_27939.jpg,0.25,0.25,0.25,0.25
EUVP_underwater_imagenet,n01664065_28161.jpg,0.25,0.25,0.25,0.25
EUVP_underwater_imagenet,n01664065_28177.jpg,0.25,0.25,0.25,0.25
EUVP_underwater_imagenet,n01664065_28217.jpg,0.25,0.25,0.25,0.25
EUVP_underwater_imagenet,n01664065_28300.jpg,0.25,0.25,0.25,0.25
EUVP_underwater_imagenet,n01664065_28443.jpg,0.25,0.25,0.25,0.25
EUVP_underwater_imagenet,n01664065_29159.jpg,0.25,0.25,0.25,0.25
EUVP_underwater_imagenet,n01664065_29298.jpg,0.25,0.25,0.25,0.25
EUVP_underwater_imagenet,n01664065_29386.jpg,0.25,0.25,0.25,0.25
EUVP_underwater_imagenet,n01664065_29446.jpg,0.25,0.25,0.25,0.25
EUVP_underwater_imagenet,n01664065_29468.jpg,0.25,0.25,0.25,0.25
EUVP_underwater_imagenet,n01664065_29585.jpg,0.25,0.25,0.25,0.25
EUVP_underwater_imagenet,n01664065_30263.jpg,0.25,0.25,0.25,0.25
EUVP_underwater_imagenet,n01664065_30322.jpg,0.25,0.25,0.25,0.25
EUVP_underwater_imagenet,n01664065_30325.jpg,0.25,0.25,0.25,0.25
EUVP_underwater_imagenet,n01664065_30559.jpg,0.25,0.25,0.25,0.25
EUVP_underwater_imagenet,n01664065_30868.jpg,0.25,0.25,0.25,0.25
EUVP_underwater_imagenet,n01664065_30972.jpg,0.25,0.25,0.25,0.25
EUVP_underwater_imagenet,n01664065_31007.jpg,0.25,0.25,0.25,0.25
EUVP_underwater_imagenet,n01664065_31022.jpg,0.25,0.25,0.25,0.25
EUVP_underwater_imagenet,n01664065_31178.jpg,0.25,0.25,0.25,0.25
EUVP_underwater_imagenet,n01664065_312.jpg,0.25,0.25,0.25,0.25
EUVP_underwater_imagenet,n01664065_31239.jpg,0.25,0.25,0.25,0.25
EUVP_underwater_imagenet,n01664065_3133.jpg,0.25,0.25,0.25,0.25
EUVP_underwater_imagenet,n01664065_3139.jpg,0.25,0.25,0.25,0.25
EUVP_underwater_imagenet,n01664065_31450.jpg,0.25,0.25,0.25,0.25
EUVP_underwater_imagenet,n01664065_31499.jpg,0.25,0.25,0.25,0.25
EUVP_underwater_imagenet,n01664065_31623.jpg,0.25,0.25,0.25,0.25
EUVP_underwater_imagenet,n01664065_3163.jpg,0.25,0.25,0.25,0.25
EUVP_underwater_imagenet,n01664065_31916.jpg,0.25,0.25,0.25,0.25
EUVP_underwater_imagenet,n01664065_32069.jpg,0.25,0.25,0.25,0.25
EUVP_underwater_imagenet,n01664065_32101.jpg,0.25,0.25,0.25,0.25
EUVP_underwater_imagenet,n01664065_32222.jpg,0.25,0.25,0.25,0.25
EUVP_underwater_imagenet,n01664065_32602.jpg,0.25,0.25,0.25,0.25
EUVP_underwater_imagenet,n01664065_32800.jpg,0.25,0.25,0.25,0.25
EUVP_underwater_imagenet,n01664065_3298.jpg,0.25,0.25,0.25,0.25
EUVP_underwater_imagenet,n01664065_33250.jpg,0.25,0.25,0.25,0.25
EUVP_underwater_imagenet,n01664065_33680.jpg,0.25,0.25,0.25,0.25
EUVP_underwater_imagenet,n01664065_3540.jpg,0.25,0.25,0.25,0.25
EUVP_underwater_imagenet,n01664065_3550.jpg,0.25,0.25,0.25,0.25
EUVP_underwater_imagenet,n01664065_3813.jpg,0.25,0.25,0.25,0.25
EUVP_underwater_imagenet,n01664065_3884.jpg,0.25,0.25,0.25,0.25
EUVP_underwater_imagenet,n01664065_389.jpg,0.25,0.25,0.25,0.25
EUVP_underwater_imagenet,n01664065_4081.jpg,0.25,0.25,0.25,0.25
EUVP_underwater_imagenet,n01664065_4161.jpg,0.25,0.25,0.25,0.25
EUVP_underwater_imagenet,n01664065_4169.jpg,0.25,0.25,0.25,0.25
EUVP_underwater_imagenet,n01664065_4258.jpg,0.25,0.25,0.25,0.25
EUVP_underwater_imagenet,n01664065_427.jpg,0.25,0.25,0.25,0.25
EUVP_underwater_imagenet,n01664065_5314.jpg,0.25,0.25,0.25,0.25
EUVP_underwater_imagenet,n01664065_5374.jpg,0.25,0.25,0.25,0.25
EUVP_underwater_imagenet,n01664065_5453.jpg,0.25,0.25,0.25,0.25
EUVP_underwater_imagenet,n01664065_5537.jpg,0.25,0.25,0.25,0.25
EUVP_underwater_imagenet,n01664065_5950.jpg,0.25,0.25,0.25,0.25
EUVP_underwater_imagenet,n01664065_6065.jpg,0.25,0.25,0.25,0.25
EUVP_underwater_imagenet,n01664065_6466.jpg,0.25,0.25,0.25,0.25
EUVP_underwater_imagenet,n01664065_666.jpg,0.25,0.25,0.25,0.25
EUVP_underwater_imagenet,n01664065_6719.jpg,0.25,0.25,0.25,0.25
EUVP_underwater_imagenet,n01664065_6721.jpg,0.25,0.25,0.25,0.25
EUVP_underwater_imagenet,n01664065_6728.jpg,0.25,0.25,0.25,0.25
EUVP_underwater_imagenet,n01664065_6873.jpg,0.25,0.25,0.25,0.25
EUVP_underwater_imagenet,n01664065_7062.jpg,0.25,0.25,0.25,0.25
EUVP_underwater_imagenet,n01664065_7103.jpg,0.25,0.25,0.25,0.25
EUVP_underwater_imagenet,n01664065_7173.jpg,0.25,0.25,0.25,0.25
EUVP_underwater_imagenet,n01664065_7790.jpg,0.25,0.25,0.25,0.25
EUVP_underwater_imagenet,n01664065_8143.jpg,0.25,0.25,0.25,0.25
EUVP_underwater_imagenet,n01664065_8402.jpg,0.25,0.25,0.25,0.25
EUVP_underwater_imagenet,n01664065_8710.jpg,0.25,0.25,0.25,0.25
EUVP_underwater_imagenet,n01664065_8823.jpg,0.25,0.25,0.25,0.25
EUVP_underwater_imagenet,n01664065_8997.jpg,0.25,0.25,0.25,0.25
EUVP_underwater_imagenet,n01664065_9302.jpg,0.25,0.25,0.25,0.25
EUVP_underwater_imagenet,n01664065_932.jpg,0.25,0.25,0.25,0.25
EUVP_underwater_imagenet,n01664065_9479.jpg,0.25,0.25,0.25,0.25
EUVP_underwater_imagenet,n01664065_9500.jpg,0.25,0.25,0.25,0.25
EUVP_underwater_imagenet,n01664065_956.jpg,0.25,0.25,0.25,0.25
EUVP_underwater_imagenet,n01664065_963.jpg,0.25,0.25,0.25,0.25
EUVP_underwater_imagenet,n01664065_9868.jpg,0.25,0.25,0.25,0.25
EUVP_underwater_imagenet,n01665541_10509.jpg,0.25,0.25,0.25,0.25
EUVP_underwater_imagenet,n01665541_1380.jpg,0.25,0.25,0.25,0.25
EUVP_underwater_imagenet,n01665541_1433.jpg,0.25,0.25,0.25,0.25
EUVP_underwater_imagenet,n01665541_14689.jpg,0.25,0.25,0.25,0.25
EUVP_underwater_imagenet,n01665541_16022.jpg,0.25,0.25,0.25,0.25
EUVP_underwater_imagenet,n01665541_16082.jpg,0.25,0.25,0.25,0.25
EUVP_underwater_imagenet,n01665541_16406.jpg,0.25,0.25,0.25,0.25
EUVP_underwater_imagenet,n01665541_1669.jpg,0.25,0.25,0.25,0.25
EUVP_underwater_imagenet,n01665541_18105.jpg,0.25,0.25,0.25,0.25
EUVP_underwater_imagenet,n01665541_18204.jpg,0.25,0.25,0.25,0.25
EUVP_underwater_imagenet,n01665541_194.jpg,0.25,0.25,0.25,0.25
EUVP_underwater_imagenet,n01665541_20155.jpg,0.25,0.25,0.25,0.25
EUVP_underwater_imagenet,n01665541_2073.jpg,0.25,0.25,0.25,0.25
EUVP_underwater_imagenet,n01665541_2082.jpg,0.25,0.25,0.25,0.25
EUVP_underwater_imagenet,n01665541_2086.jpg,0.25,0.25,0.25,0.25
EUVP_underwater_imagenet,n01665541_2533.jpg,0.25,0.25,0.25,0.25
EUVP_underwater_imagenet,n01665541_2556.jpg,0.25,0.25,0.25,0.25
EUVP_underwater_imagenet,n01665541_2568.jpg,0.25,0.25,0.25,0.25
EUVP_underwater_imagenet,n01665541_25755.jpg,0.25,0.25,0.25,0.25
EUVP_underwater_imagenet,n01665541_2649.jpg,0.25,0.25,0.25,0.25
EUVP_underwater_imagenet,n01665541_2835.jpg,0.25,0.25,0.25,0.25
EUVP_underwater_imagenet,n01665541_28647.jpg,0.25,0.25,0.25,0.25
EUVP_underwater_imagenet,n01665541_4625.jpg,0.25,0.25,0.25,0.25
EUVP_underwater_imagenet,n01665541_4700.jpg,0.25,0.25,0.25,0.25
EUVP_underwater_imagenet,n01665541_4902.jpg,0.25,0.25,0.25,0.25
EUVP_underwater_imagenet,n01665541_5121.jpg,0.25,0.25,0.25,0.25
EUVP_underwater_imagenet,n01665541_6047.jpg,0.25,0.25,0.25,0.25
EUVP_underwater_imagenet,n01665541_6125.jpg,0.25,0.25,0.25,0.25
EUVP_underwater_imagenet,n01665541_6178.jpg,0.25,0.25,0.25,0.25
EUVP_underwater_imagenet,n01665541_6826.jpg,0.25,0.25,0.25,0.25
EUVP_underwater_imagenet,n01665541_7532.jpg,0.25,0.25,0.25,0.25
EUVP_underwater_imagenet,n01665541_7551.jpg,0.25,0.25,0.25,0.25
EUVP_underwater_imagenet,n01665541_7596.jpg,0.25,0.25,0.25,0.25
EUVP_underwater_imagenet,n01665541_7869.jpg,0.25,0.25,0.25,0.25
EUVP_underwater_imagenet,n01665541_7935.jpg,0.25,0.25,0.25,0.25
EUVP_underwater_imagenet,n01665541_8081.jpg,0.25,0.25,0.25,0.25
EUVP_underwater_imagenet,n01665541_8087.jpg,0.25,0.25,0.25,0.25
EUVP_underwater_imagenet,n01665541_8692.jpg,0.25,0.25,0.25,0.25
EUVP_underwater_imagenet,n01665541_8962.jpg,0.25,0.25,0.25,0.25
EUVP_underwater_imagenet,n01914609_10009.jpg,0.25,0.25,0.25,0.25
EUVP_underwater_imagenet,n01914609_10019.jpg,0.25,0.25,0.25,0.25
EUVP_underwater_imagenet,n01914609_10031.jpg,0.25,0.25,0.25,0.25
EUVP_underwater_imagenet,n01914609_10063.jpg,0.25,0.25,0.25,0.25
EUVP_underwater_imagenet,n01914609_10111.jpg,0.25,0.25,0.25,0.25
EUVP_underwater_imagenet,n01914609_10125.jpg,0.25,0.25,0.25,0.25
EUVP_underwater_imagenet,n01914609_10127.jpg,0.25,0.25,0.25,0.25
EUVP_underwater_imagenet,n01914609_1015.jpg,0.25,0.25,0.25,0.25
EUVP_underwater_imagenet,n01914609_10155.jpg,0.25,0.25,0.25,0.25
EUVP_underwater_imagenet,n01914609_1016.jpg,0.25,0.25,0.25,0.25
EUVP_underwater_imagenet,n01914609_1018.jpg,0.25,0.25,0.25,0.25
EUVP_underwater_imagenet,n01914609_10193.jpg,0.25,0.25,0.25,0.25
EUVP_underwater_imagenet,n01914609_10217.jpg,0.25,0.25,0.25,0.25
EUVP_underwater_imagenet,n01914609_10219.jpg,0.25,0.25,0.25,0.25
EUVP_underwater_imagenet,n01914609_10224.jpg,0.25,0.25,0.25,0.25
EUVP_underwater_imagenet,n01914609_10232.jpg,0.25,0.25,0.25,0.25
EUVP_underwater_imagenet,n01914609_10234.jpg,0.25,0.25,0.25,0.25
EUVP_underwater_imagenet,n01914609_10276.jpg,0.25,0.25,0.25,0.25
EUVP_underwater_imagenet,n01914609_1029.jpg,0.25,0.25,0.25,0.25
EUVP_underwater_imagenet,n01914609_10333.jpg,0.25,0.25,0.25,0.25
EUVP_underwater_imagenet,n01914609_10418.jpg,0.25,0.25,0.25,0.25
EUVP_underwater_imagenet,n01914609_1042.jpg,0.25,0.25,0.25,0.25
EUVP_underwater_imagenet,n01914609_10426.jpg,0.25,0.25,0.25,0.25
EUVP_underwater_imagenet,n01914609_10440.jpg,0.25,0.25,0.25,0.25
EUVP_underwater_imagenet,n01914609_10444.jpg,0.25,0.25,0.25,0.25
EUVP_underwater_imagenet,n01914609_10470.jpg,0.25,0.25,0.25,0.25
EUVP_underwater_imagenet,n01914609_10471.jpg,0.25,0.25,0.25,0.25
EUVP_underwater_imagenet,n01914609_10497.jpg,0.25,0.25,0.25,0.25
EUVP_underwater_imagenet,n01914609_105.jpg,0.25,0.25,0.25,0.25
EUVP_underwater_imagenet,n01914609_10578.jpg,0.25,0.25,0.25,0.25
EUVP_underwater_imagenet,n01914609_10588.jpg,0.25,0.25,0.25,0.25
EUVP_underwater_imagenet,n01914609_10595.jpg,0.25,0.25,0.25,0.25
EUVP_underwater_imagenet,n01914609_10597.jpg,0.25,0.25,0.25,0.25
EUVP_underwater_imagenet,n01914609_106.jpg,0.25,0.25,0.25,0.25
EUVP_underwater_imagenet,n01914609_1060.jpg,0.25,0.25,0.25,0.25
EUVP_underwater_imagenet,n01914609_10612.jpg,0.25,0.25,0.25,0.25
EUVP_underwater_imagenet,n01914609_10613.jpg,0.25,0.25,0.25,0.25
EUVP_underwater_imagenet,n01914609_10618.jpg,0.25,0.25,0.25,0.25
EUVP_underwater_imagenet,n01914609_10620.jpg,0.25,0.25,0.25,0.25
EUVP_underwater_imagenet,n01914609_10623.jpg,0.25,0.25,0.25,0.25
EUVP_underwater_imagenet,n01914609_10651.jpg,0.25,0.25,0.25,0.25
EUVP_underwater_imagenet,n01914609_10664.jpg,0.25,0.25,0.25,0.25
EUVP_underwater_imagenet,n01914609_10678.jpg,0.25,0.25,0.25,0.25
EUVP_underwater_imagenet,n01914609_10690.jpg,0.25,0.25,0.25,0.25
EUVP_underwater_imagenet,n01914609_10703.jpg,0.25,0.25,0.25,0.25
EUVP_underwater_imagenet,n01914609_10715.jpg,0.25,0.25,0.25,0.25
EUVP_underwater_imagenet,n01914609_10737.jpg,0.25,0.25,0.25,0.25
EUVP_underwater_imagenet,n01914609_10748.jpg,0.25,0.25,0.25,0.25
EUVP_underwater_imagenet,n01914609_10759.jpg,0.25,0.25,0.25,0.25
EUVP_underwater_imagenet,n01914609_10780.jpg,0.25,0.25,0.25,0.25
EUVP_underwater_imagenet,n01914609_10782.jpg,0.25,0.25,0.25,0.25
EUVP_underwater_imagenet,n01914609_10802.jpg,0.25,0.25,0.25,0.25
EUVP_underwater_imagenet,n01914609_10820.jpg,0.25,0.25,0.25,0.25
EUVP_underwater_imagenet,n01914609_10844.jpg,0.25,0.25,0.25,0.25
EUVP_underwater_imagenet,n01914609_1086.jpg,0.25,0.25,0.25,0.25
EUVP_underwater_imagenet,n01914609_10905.jpg,0.25,0.25,0.25,0.25
EUVP_underwater_imagenet,n01914609_10906.jpg,0.25,0.25,0.25,0.25
EUVP_underwater_imagenet,n01914609_10913.jpg,0.25,0.25,0.25,0.25
EUVP_underwater_imagenet,n01914609_10948.jpg,0.25,0.25,0.25,0.25
EUVP_underwater_imagenet,n01914609_11004.jpg,0.25,0.25,0.25,0.25
EUVP_underwater_imagenet,n01914609_11010.jpg,0.25,0.25,0.25,0.25
EUVP_underwater_imagenet,n01914609_11024.jpg,0.25,0.25,0.25,0.25
EUVP_underwater_imagenet,n01914609_11025.jpg,0.25,0.25,0.25,0.25
EUVP_underwater_imagenet,n01914609_11029.jpg,0.25,0.25,0.25,0.25
EUVP_underwater_imagenet,n01914609_11031.jpg,0.25,0.25,0.25,0.25
EUVP_underwater_imagenet,n01914609_11043.jpg,0.25,0.25,0.25,0.25
EUVP_underwater_imagenet,n01914609_11062.jpg,0.25,0.25,0.25,0.25
EUVP_underwater_imagenet,n01914609_1111.jpg,0.25,0.25,0.25,0.25
EUVP_underwater_imagenet,n01914609_1112.jpg,0.25,0.25,0.25,0.25
EUVP_underwater_imagenet,n01914609_11120.jpg,0.25,0.25,0.25,0.25
EUVP_underwater_imagenet,n01914609_1113.jpg,0.25,0.25,0.25,0.25
EUVP_underwater_imagenet,n01914609_11141.jpg,0.25,0.25,0.25,0.25
EUVP_underwater_imagenet,n01914609_11152.jpg,0.25,0.25,0.25,0.25
EUVP_underwater_imagenet,n01914609_11188.jpg,0.25,0.25,0.25,0.25
EUVP_underwater_imagenet,n01914609_1122.jpg,0.25,0.25,0.25,0.25
EUVP_underwater_imagenet,n01914609_11247.jpg,0.25,0.25,0.25,0.25
EUVP_underwater_imagenet,n01914609_11338.jpg,0.25,0.25,0.25,0.25
EUVP_underwater_imagenet,n01914609_11355.jpg,0.25,0.25,0.25,0.25
EUVP_underwater_imagenet,n01914609_1137.jpg,0.25,0.25,0.25,0.25
EUVP_underwater_imagenet,n01914609_11378.jpg,0.25,0.25,0.25,0.25
EUVP_underwater_imagenet,n01914609_11418.jpg,0.25,0.25,0.25,0.25
EUVP_underwater_imagenet,n01914609_1158.jpg,0.25,0.25,0.25,0.25
EUVP_underwater_imagenet,n01914609_116.jpg,0.25,0.25,0.25,0.25
EUVP_underwater_imagenet,n01914609_11609.jpg,0.25,0.25,0.25,0.25
EUVP_underwater_imagenet,n01914609_11631.jpg,0.25,0.25,0.25,0.25
EUVP_underwater_imagenet,n01914609_11637.jpg,0.25,0.25,0.25,0.25
EUVP_underwater_imagenet,n01914609_117.jpg,0.25,0.25,0.25,0.25
EUVP_underwater_imagenet,n01914609_11722.jpg,0.25,0.25,0.25,0.25
EUVP_underwater_imagenet,n01914609_1177.jpg,0.25,0.25,0.25,0.25
EUVP_underwater_imagenet,n01914609_11773.jpg,0.25,0.25,0.25,0.25
EUVP_underwater_imagenet,n01914609_1182.jpg,0.25,0.25,0.25,0.25
EUVP_underwater_imagenet,n01914609_11931.jpg,0.25,0.25,0.25,0.25
EUVP_underwater_imagenet,n01914609_11948.jpg,0.25,0.25,0.25,0.25
EUVP_underwater_imagenet,n01914609_11969.jpg,0.25,0.25,0.25,0.25
EUVP_underwater_imagenet,n01914609_11996.jpg,0.25,0.25,0.25,0.25
EUVP_underwater_imagenet,n01914609_120.jpg,0.25,0.25,0.25,0.25
EUVP_underwater_imagenet,n01914609_12056.jpg,0.25,0.25,0.25,0.25
EUVP_underwater_imagenet,n01914609_12065.jpg,0.25,0.25,0.25,0.25
EUVP_underwater_imagenet,n01914609_12251.jpg,0.25,0.25,0.25,0.25
EUVP_underwater_imagenet,n01914609_12280.jpg,0.25,0.25,0.25,0.25
EUVP_underwater_imagenet,n01914609_1229.jpg,0.25,0.25,0.25,0.25
EUVP_underwater_imagenet,n01914609_12299.jpg,0.25,0.25,0.25,0.25
EUVP_underwater_imagenet,n01914609_12384.jpg,0.25,0.25,0.25,0.25
EUVP_underwater_imagenet,n01914609_12385.jpg,0.25,0.25,0.25,0.25
EUVP_underwater_imagenet,n01914609_12415.jpg,0.25,0.25,0.25,0.25
EUVP_underwater_imagenet,n01914609_12420.jpg,0.25,0.25,0.25,0.25
EUVP_underwater_imagenet,n01914609_1253.jpg,0.25,0.25,0.25,0.25
EUVP_underwater_imagenet,n01914609_12675.jpg,0.25,0.25,0.25,0.25
EUVP_underwater_imagenet,n01914609_12704.jpg,0.25,0.25,0.25,0.25
EUVP_underwater_imagenet,n01914609_12730.jpg,0.25,0.25,0.25,0.25
EUVP_underwater_imagenet,n01914609_12737.jpg,0.25,0.25,0.25,0.25
EUVP_underwater_imagenet,n01914609_1275.jpg,0.25,0.25,0.25,0.25
EUVP_underwater_imagenet,n01914609_12793.jpg,0.25,0.25,0.25,0.25
EUVP_underwater_imagenet,n01914609_12796.jpg,0.25,0.25,0.25,0.25
EUVP_underwater_imagenet,n01914609_12803.jpg,0.25,0.25,0.25,0.25
EUVP_underwater_imagenet,n01914609_12902.jpg,0.25,0.25,0.25,0.25
EUVP_underwater_imagenet,n01914609_12906.jpg,0.25,0.25,0.25,0.25
EUVP_underwater_imagenet,n01914609_12914.jpg,0.25,0.25,0.25,0.25
EUVP_underwater_imagenet,n01914609_12959.jpg,0.25,0.25,0.25,0.25
EUVP_underwater_imagenet,n01914609_12968.jpg,0.25,0.25,0.25,0.25
EUVP_underwater_imagenet,n01914609_12981.jpg,0.25,0.25,0.25,0.25
EUVP_underwater_imagenet,n01914609_12982.jpg,0.25,0.25,0.25,0.25
EUVP_underwater_imagenet,n01914609_12999.jpg,0.25,0.25,0.25,0.25
EUVP_underwater_imagenet,n01914609_13059.jpg,0.25,0.25,0.25,0.25
EUVP_underwater_imagenet,n01914609_13117.jpg,0.25,0.25,0.25,0.25
EUVP_underwater_imagenet,n01914609_1316.jpg,0.25,0.25,0.25,0.25
EUVP_underwater_imagenet,n01914609_13249.jpg,0.25,0.25,0.25,0.25
EUVP_underwater_imagenet,n01914609_13354.jpg,0.25,0.25,0.25,0.25
EUVP_underwater_imagenet,n01914609_13372.jpg,0.25,0.25,0.25,0.25
EUVP_underwater_imagenet,n01914609_13434.jpg,0.25,0.25,0.25,0.25
EUVP_underwater_imagenet,n01914609_1344.jpg,0.25,0.25,0.25,0.25
EUVP_underwater_imagenet,n01914609_13447.jpg,0.25,0.25,0.25,0.25
EUVP_underwater_imagenet,n01914609_1351.jpg,0.25,0.25,0.25,0.25
EUVP_underwater_imagenet,n01914609_13521.jpg,0.25,0.25,0.25,0.25
EUVP_underwater_imagenet,n01914609_13536.jpg,0.25,0.25,0.25,0.25
EUVP_underwater_imagenet,n01914609_13542.jpg,0.25,0.25,0.25,0.25
EUVP_underwater_imagenet,n01914609_13551.jpg,0.25,0.25,0.25,0.25
EUVP_underwater_imagenet,n01914609_1356.jpg,0.25,0.25,0.25,0.25
EUVP_underwater_imagenet,n01914609_1358.jpg,0.25,0.25,0.25,0.25
EUVP_underwater_imagenet,n01914609_13603.jpg,0.25,0.25,0.25,0.25
EUVP_underwater_imagenet,n01914609_13618.jpg,0.25,0.25,0.25,0.25
EUVP_underwater_imagenet,n01914609_1362.jpg,0.25,0.25,0.25,0.25
EUVP_underwater_imagenet,n01914609_13657.jpg,0.25,0.25,0.25,0.25
EUVP_underwater_imagenet,n01914609_13663.jpg,0.25,0.25,0.25,0.25
EUVP_underwater_imagenet,n01914609_13677.jpg,0.25,0.25,0.25,0.25
EUVP_underwater_imagenet,n01914609_13687.jpg,0.25,0.25,0.25,0.25
EUVP_underwater_imagenet,n01914609_13694.jpg,0.25,0.25,0.25,0.25
EUVP_underwater_imagenet,n01914609_13722.jpg,0.25,0.25,0.25,0.25
EUVP_underwater_imagenet,n01914609_13738.jpg,0.25,0.25,0.25,0.25
EUVP_underwater_imagenet,n01914609_13756.jpg,0.25,0.25,0.25,0.25
EUVP_underwater_imagenet,n01914609_1377.jpg,0.25,0.25,0.25,0.25
EUVP_underwater_imagenet,n01914609_13778.jpg,0.25,0.25,0.25,0.25
EUVP_underwater_imagenet,n01914609_13794.jpg,0.25,0.25,0.25,0.25
EUVP_underwater_imagenet,n01914609_13812.jpg,0.25,0.25,0.25,0.25
EUVP_underwater_imagenet,n01914609_13815.jpg,0.25,0.25,0.25,0.25
EUVP_underwater_imagenet,n01914609_1390.jpg,0.25,0.25,0.25,0.25
EUVP_underwater_imagenet,n01914609_13942.jpg,0.25,0.25,0.25,0.25
EUVP_underwater_imagenet,n01914609_13977.jpg,0.25,0.25,0.25,0.25
EUVP_underwater_imagenet,n01914609_13993.jpg,0.25,0.25,0.25,0.25
EUVP_underwater_imagenet,n01914609_14004.jpg,0.25,0.25,0.25,0.25
EUVP_underwater_imagenet,n01914609_14008.jpg,0.25,0.25,0.25,0.25
EUVP_underwater_imagenet,n01914609_1403.jpg,0.25,0.25,0.25,0.25
EUVP_underwater_imagenet,n01914609_14042.jpg,0.25,0.25,0.25,0.25
EUVP_underwater_imagenet,n01914609_1405.jpg,0.25,0.25,0.25,0.25
EUVP_underwater_imagenet,n01914609_1408.jpg,0.25,0.25,0.25,0.25
EUVP_underwater_imagenet,n01914609_1414.jpg,0.25,0.25,0.25,0.25
EUVP_underwater_imagenet,n01914609_1431.jpg,0.25,0.25,0.25,0.25
EUVP_underwater_imagenet,n01914609_1437.jpg,0.25,0.25,0.25,0.25
EUVP_underwater_imagenet,n01914609_1447.jpg,0.25,0.25,0.25,0.25
EUVP_underwater_imagenet,n01914609_1455.jpg,0.25,0.25,0.25,0.25
EUVP_underwater_imagenet,n01914609_15.jpg,0.25,0.25,0.25,0.25
EUVP_underwater_imagenet,n01914609_1505.jpg,0.25,0.25,0.25,0.25
EUVP_underwater_imagenet,n01914609_1520.jpg,0.25,0.25,0.25,0.25
EUVP_underwater_imagenet,n01914609_1544.jpg,0.25,0.25,0.25,0.25
EUVP_underwater_imagenet,n01914609_1551.jpg,0.25,0.25,0.25,0.25
EUVP_underwater_imagenet,n01914609_1558.jpg,0.25,0.25,0.25,0.25
EUVP_underwater_imagenet,n01914609_157.jpg,0.25,0.25,0.25,0.25
EUVP_underwater_imagenet,n01914609_15792.jpg,0.25,0.25,0.25,0.25
EUVP_underwater_imagenet,n01914609_1582.jpg,0.25,0.25,0.25,0.25
EUVP_underwater_imagenet,n01914609_15885.jpg,0.25,0.25,0.25,0.25
EUVP_underwater_imagenet,n01914609_15919.jpg,0.25,0.25,0.25,0.25
EUVP_underwater_imagenet,n01914609_1595.jpg,0.25,0.25,0.25,0.25
EUVP_underwater_imagenet,n01914609_15971.jpg,0.25,0.25,0.25,0.25
EUVP_underwater_imagenet,n01914609_15978.jpg,0.25,0.25,0.25,0.25
EUVP_underwater_imagenet,n01914609_1599.jpg,0.25,0.25,0.25,0.25
EUVP_underwater_imagenet,n01914609_15993.jpg,0.25,0.25,0.25,0.25
EUVP_underwater_imagenet,n01914609_1606.jpg,0.25,0.25,0.25,0.25
EUVP_underwater_imagenet,n01914609_16078.jpg,0.25,0.25,0.25,0.25
EUVP_underwater_imagenet,n01914609_1608.jpg,0.25,0.25,0.25,0.25
EUVP_underwater_imagenet,n01914609_161.jpg,0.25,0.25,0.25,0.25
EUVP_underwater_imagenet,n01914609_16118.jpg,0.25,0.25,0.25,0.25
EUVP_underwater_imagenet,n01914609_16119.jpg,0.25,0.25,0.25,0.25
EUVP_underwater_imagenet,n01914609_16150.jpg,0.25,0.25,0.25,0.25
EUVP_underwater_imagenet,n01914609_1620.jpg,0.25,0.25,0.25,0.25
EUVP_underwater_imagenet,n01914609_1622.jpg,0.25,0.25,0.25,0.25
EUVP_underwater_imagenet,n01914609_16257.jpg,0.25,0.25,0.25,0.25
EUVP_underwater_imagenet,n01914609_1627.jpg,0.25,0.25,0.25,0.25
EUVP_underwater_imagenet,n01914609_1628.jpg,0.25,0.25,0.25,0.25
EUVP_underwater_imagenet,n01914609_1629.jpg,0.25,0.25,0.25,0.25
EUVP_underwater_imagenet,n01914609_1632.jpg,0.25,0.25,0.25,0.25
EUVP_underwater_imagenet,n01914609_1635.jpg,0.25,0.25,0.25,0.25
EUVP_underwater_imagenet,n01914609_16370.jpg,0.25,0.25,0.25,0.25
EUVP_underwater_imagenet,n01914609_16396.jpg,0.25,0.25,0.25,0.25
EUVP_underwater_imagenet,n01914609_16405.jpg,0.25,0.25,0.25,0.25
EUVP_underwater_imagenet,n01914609_16406.jpg,0.25,0.25,0.25,0.25
EUVP_underwater_imagenet,n01914609_16414.jpg,0.25,0.25,0.25,0.25
EUVP_underwater_imagenet,n01914609_16454.jpg,0.25,0.25,0.25,0.25
EUVP_underwater_imagenet,n01914609_16472.jpg,0.25,0.25,0.25,0.25
EUVP_underwater_imagenet,n01914609_1649.jpg,0.25,0.25,0.25,0.25
EUVP_underwater_imagenet,n01914609_16498.jpg,0.25,0.25,0.25,0.25
EUVP_underwater_imagenet,n01914609_165.jpg,0.25,0.25,0.25,0.25
EUVP_underwater_imagenet,n01914609_16555.jpg,0.25,0.25,0.25,0.25
EUVP_underwater_imagenet,n01914609_1658.jpg,0.25,0.25,0.25,0.25
EUVP_underwater_imagenet,n01914609_16595.jpg,0.25,0.25,0.25,0.25
EUVP_underwater_imagenet,n01914609_1666.jpg,0.25,0.25,0.25,0.25
EUVP_underwater_imagenet,n01914609_1667.jpg,0.25,0.25,0.25,0.25
EUVP_underwater_imagenet,n01914609_16725.jpg,0.25,0.25,0.25,0.25
EUVP_underwater_imagenet,n01914609_1675.jpg,0.25,0.25,0.25,0.25
EUVP_underwater_imagenet,n01914609_16751.jpg,0.25,0.25,0.25,0.25
EUVP_underwater_imagenet,n01914609_1676.jpg,0.25,0.25,0.25,0.25
EUVP_underwater_imagenet,n01914609_1677.jpg,0.25,0.25,0.25,0.25
EUVP_underwater_imagenet,n01914609_16797.jpg,0.25,0.25,0.25,0.25
EUVP_underwater_imagenet,n01914609_16800.jpg,0.25,0.25,0.25,0.25
EUVP_underwater_imagenet,n01914609_16805.jpg,0.25,0.25,0.25,0.25
EUVP_underwater_imagenet,n01914609_16824.jpg,0.25,0.25,0.25,0.25
EUVP_underwater_imagenet,n01914609_16828.jpg,0.25,0.25,0.25,0.25
EUVP_underwater_imagenet,n01914609_1683.jpg,0.25,0.25,0.25,0.25
EUVP_underwater_imagenet,n01914609_1684.jpg,0.25,0.25,0.25,0.25
EUVP_underwater_imagenet,n01914609_16896.jpg,0.25,0.25,0.25,0.25
EUVP_underwater_imagenet,n01914609_16955.jpg,0.25,0.25,0.25,0.25
EUVP_underwater_imagenet,n01914609_16997.jpg,0.25,0.25,0.25,0.25
EUVP_underwater_imagenet,n01914609_16998.jpg,0.25,0.25,0.25,0.25
EUVP_underwater_imagenet,n01914609_17025.jpg,0.25,0.25,0.25,0.25
EUVP_underwater_imagenet,n01914609_17082.jpg,0.25,0.25,0.25,0.25
EUVP_underwater_imagenet,n01914609_17084.jpg,0.25,0.25,0.25,0.25
EUVP_underwater_imagenet,n01914609_17098.jpg,0.25,0.25,0.25,0.25
EUVP_underwater_imagenet,n01914609_1716.jpg,0.25,0.25,0.25,0.25
EUVP_underwater_imagenet,n01914609_17196.jpg,0.25,0.25,0.25,0.25
EUVP_underwater_imagenet,n01914609_17250.jpg,0.25,0.25,0.25,0.25
EUVP_underwater_imagenet,n01914609_17257.jpg,0.25,0.25,0.25,0.25
EUVP_underwater_imagenet,n01914609_1729.jpg,0.25,0.25,0.25,0.25
EUVP_underwater_imagenet,n01914609_17290.jpg,0.25,0.25,0.25,0.25
EUVP_underwater_imagenet,n01914609_17299.jpg,0.25,0.25,0.25,0.25
EUVP_underwater_imagenet,n01914609_1730.jpg,0.25,0.25,0.25,0.25
EUVP_underwater_imagenet,n01914609_1732.jpg,0.25,0.25,0.25,0.25
EUVP_underwater_imagenet,n01914609_1733.jpg,0.25,0.25,0.25,0.25
EUVP_underwater_imagenet,n01914609_17377.jpg,0.25,0.25,0.25,0.25
EUVP_underwater_imagenet,n01914609_1739.jpg,0.25,0.25,0.25,0.25
EUVP_underwater_imagenet,n01914609_1752.jpg,0.25,0.25,0.25,0.25
EUVP_underwater_imagenet,n01914609_17655.jpg,0.25,0.25,0.25,0.25
EUVP_underwater_imagenet,n01914609_17692.jpg,0.25,0.25,0.25,0.25
EUVP_underwater_imagenet,n01914609_17769.jpg,0.25,0.25,0.25,0.25
EUVP_underwater_imagenet,n01914609_17784.jpg,0.25,0.25,0.25,0.25
EUVP_underwater_imagenet,n01914609_17790.jpg,0.25,0.25,0.25,0.25
EUVP_underwater_imagenet,n01914609_1780.jpg,0.25,0.25,0.25,0.25
EUVP_underwater_imagenet,n01914609_17827.jpg,0.25,0.25,0.25,0.25
EUVP_underwater_imagenet,n01914609_17830.jpg,0.25,0.25,0.25,0.25
EUVP_underwater_imagenet,n01914609_17842.jpg,0.25,0.25,0.25,0.25
EUVP_underwater_imagenet,n01914609_179.jpg,0.25,0.25,0.25,0.25
EUVP_underwater_imagenet,n01914609_17941.jpg,0.25,0.25,0.25,0.25
EUVP_underwater_imagenet,n01914609_17942.jpg,0.25,0.25,0.25,0.25
EUVP_underwater_imagenet,n01914609_17945.jpg,0.25,0.25,0.25,0.25
EUVP_underwater_imagenet,n01914609_17958.jpg,0.25,0.25,0.25,0.25
EUVP_underwater_imagenet,n01914609_17959.jpg,0.25,0.25,0.25,0.25
EUVP_underwater_imagenet,n01914609_1798.jpg,0.25,0.25,0.25,0.25
EUVP_underwater_imagenet,n01914609_180.jpg,0.25,0.25,0.25,0.25
EUVP_underwater_imagenet,n01914609_18107.jpg,0.25,0.25,0.25,0.25
EUVP_underwater_imagenet,n01914609_1815.jpg,0.25,0.25,0.25,0.25
EUVP_underwater_imagenet,n01914609_18163.jpg,0.25,0.25,0.25,0.25
EUVP_underwater_imagenet,n01914609_1821.jpg,0.25,0.25,0.25,0.25
EUVP_underwater_imagenet,n01914609_1828.jpg,0.25,0.25,0.25,0.25
EUVP_underwater_imagenet,n01914609_1830.jpg,0.25,0.25,0.25,0.25
EUVP_underwater_imagenet,n01914609_18304.jpg,0.25,0.25,0.25,0.25
EUVP_underwater_imagenet,n01914609_1831.jpg,0.25,0.25,0.25,0.25
EUVP_underwater_imagenet,n01914609_18321.jpg,0.25,0.25,0.25,0.25
EUVP_underwater_imagenet,n01914609_1835.jpg,0.25,0.25,0.25,0.25
EUVP_underwater_imagenet,n01914609_18553.jpg,0.25,0.25,0.25,0.25
EUVP_underwater_imagenet,n01914609_18556.jpg,0.25,0.25,0.25,0.25
EUVP_underwater_imagenet,n01914609_1862.jpg,0.25,0.25,0.25,0.25
EUVP_underwater_imagenet,n01914609_18640.jpg,0.25,0.25,0.25,0.25
EUVP_underwater_imagenet,n01914609_18716.jpg,0.25,0.25,0.25,0.25
EUVP_underwater_imagenet,n01914609_18747.jpg,0.25,0.25,0.25,0.25
EUVP_underwater_imagenet,n01914609_1878.jpg,0.25,0.25,0.25,0.25
EUVP_underwater_imagenet,n01914609_1879.jpg,0.25,0.25,0.25,0.25
EUVP_underwater_imagenet,n01914609_1882.jpg,0.25,0.25,0.25,0.25
EUVP_underwater_imagenet,n01914609_18846.jpg,0.25,0.25,0.25,0.25
EUVP_underwater_imagenet,n01914609_1886.jpg,0.25,0.25,0.25,0.25
EUVP_underwater_imagenet,n01914609_1889.jpg,0.25,0.25,0.25,0.25
EUVP_underwater_imagenet,n01914609_19009.jpg,0.25,0.25,0.25,0.25
EUVP_underwater_imagenet,n01914609_19021.jpg,0.25,0.25,0.25,0.25
EUVP_underwater_imagenet,n01914609_19124.jpg,0.25,0.25,0.25,0.25
EUVP_underwater_imagenet,n01914609_19147.jpg,0.25,0.25,0.25,0.25
EUVP_underwater_imagenet,n01914609_19188.jpg,0.25,0.25,0.25,0.25
EUVP_underwater_imagenet,n01914609_1920.jpg,0.25,0.25,0.25,0.25
EUVP_underwater_imagenet,n01914609_19210.jpg,0.25,0.25,0.25,0.25
EUVP_underwater_imagenet,n01914609_1923.jpg,0.25,0.25,0.25,0.25
EUVP_underwater_imagenet,n01914609_1925.jpg,0.25,0.25,0.25,0.25
EUVP_underwater_imagenet,n01914609_19258.jpg,0.25,0.25,0.25,0.25
EUVP_underwater_imagenet,n01914609_1931.jpg,0.25,0.25,0.25,0.25
EUVP_underwater_imagenet,n01914609_19332.jpg,0.25,0.25,0.25,0.25
EUVP_underwater_imagenet,n01914609_19417.jpg,0.25,0.25,0.25,0.25
EUVP_underwater_imagenet,n01914609_19429.jpg,0.25,0.25,0.25,0.25
EUVP_underwater_imagenet,n01914609_19468.jpg,0.25,0.25,0.25,0.25
EUVP_underwater_imagenet,n01914609_1948.jpg,0.25,0.25,0.25,0.25
EUVP_underwater_imagenet,n01914609_1952.jpg,0.25,0.25,0.25,0.25
EUVP_underwater_imagenet,n01914609_19598.jpg,0.25,0.25,0.25,0.25
EUVP_underwater_imagenet,n01914609_19685.jpg,0.25,0.25,0.25,0.25
EUVP_underwater_imagenet,n01914609_197.jpg,0.25,0.25,0.25,0.25
EUVP_underwater_imagenet,n01914609_19754.jpg,0.25,0.25,0.25,0.25
EUVP_underwater_imagenet,n01914609_1980.jpg,0.25,0.25,0.25,0.25
EUVP_underwater_imagenet,n01914609_19816.jpg,0.25,0.25,0.25,0.25
EUVP_underwater_imagenet,n01914609_19832.jpg,0.25,0.25,0.25,0.25
EUVP_underwater_imagenet,n01914609_19855.jpg,0.25,0.25,0.25,0.25
EUVP_underwater_imagenet,n01914609_19860.jpg,0.25,0.25,0.25,0.25
EUVP_underwater_imagenet,n01914609_19874.jpg,0.25,0.25,0.25,0.25
EUVP_underwater_imagenet,n01914609_19877.jpg,0.25,0.25,0.25,0.25
EUVP_underwater_imagenet,n01914609_19881.jpg,0.25,0.25,0.25,0.25
EUVP_underwater_imagenet,n01914609_1993.jpg,0.25,0.25,0.25,0.25
EUVP_underwater_imagenet,n01914609_19979.jpg,0.25,0.25,0.25,0.25
EUVP_underwater_imagenet,n01914609_1999.jpg,0.25,0.25,0.25,0.25
EUVP_underwater_imagenet,n01914609_20044.jpg,0.25,0.25,0.25,0.25
EUVP_underwater_imagenet,n01914609_20098.jpg,0.25,0.25,0.25,0.25
EUVP_underwater_imagenet,n01914609_20156.jpg,0.25,0.25,0.25,0.25
EUVP_underwater_imagenet,n01914609_20161.jpg,0.25,0.25,0.25,0.25
EUVP_underwater_imagenet,n01914609_20191.jpg,0.25,0.25,0.25,0.25
EUVP_underwater_imagenet,n01914609_20237.jpg,0.25,0.25,0.25,0.25
EUVP_underwater_imagenet,n01914609_20241.jpg,0.25,0.25,0.25,0.25
EUVP_underwater_imagenet,n01914609_20257.jpg,0.25,0.25,0.25,0.25
EUVP_underwater_imagenet,n01914609_20280.jpg,0.25,0.25,0.25,0.25
EUVP_underwater_imagenet,n01914609_2032.jpg,0.25,0.25,0.25,0.25
EUVP_underwater_imagenet,n01914609_20321.jpg,0.25,0.25,0.25,0.25
EUVP_underwater_imagenet,n01914609_20325.jpg,0.25,0.25,0.25,0.25
EUVP_underwater_imagenet,n01914609_2036.jpg,0.25,0.25,0.25,0.25
EUVP_underwater_imagenet,n01914609_20387.jpg,0.25,0.25,0.25,0.25
EUVP_underwater_imagenet,n01914609_20448.jpg,0.25,0.25,0.25,0.25
EUVP_underwater_imagenet,n01914609_20453.jpg,0.25,0.25,0.25,0.25
EUVP_underwater_imagenet,n01914609_2054.jpg,0.25,0.25,0.25,0.25
EUVP_underwater_imagenet,n01914609_20578.jpg,0.25,0.25,0.25,0.25
EUVP_underwater_imagenet,n01914609_20591.jpg,0.25,0.25,0.25,0.25
EUVP_underwater_imagenet,n01914609_20611.jpg,0.25,0.25,0.25,0.25
EUVP_underwater_imagenet,n01914609_2063.jpg,0.25,0.25,0.25,0.25
EUVP_underwater_imagenet,n01914609_20636.jpg,0.25,0.25,0.25,0.25
EUVP_underwater_imagenet,n01914609_20736.jpg,0.25,0.25,0.25,0.25
EUVP_underwater_imagenet,n01914609_2074.jpg,0.25,0.25,0.25,0.25
EUVP_underwater_imagenet,n01914609_2079.jpg,0.25,0.25,0.25,0.25
EUVP_underwater_imagenet,n01914609_20791.jpg,0.25,0.25,0.25,0.25
EUVP_underwater_imagenet,n01914609_20866.jpg,0.25,0.25,0.25,0.25
EUVP_underwater_imagenet,n01914609_21000.jpg,0.25,0.25,0.25,0.25
EUVP_underwater_imagenet,n01914609_21012.jpg,0.25,0.25,0.25,0.25
EUVP_underwater_imagenet,n01914609_21108.jpg,0.25,0.25,0.25,0.25
EUVP_underwater_imagenet,n01914609_2118.jpg,0.25,0.25,0.25,0.25
EUVP_underwater_imagenet,n01914609_2119.jpg,0.25,0.25,0.25,0.25
EUVP_underwater_imagenet,n01914609_21251.jpg,0.25,0.25,0.25,0.25
EUVP_underwater_imagenet,n01914609_21255.jpg,0.25,0.25,0.25,0.25
EUVP_underwater_imagenet,n01914609_213.jpg,0.25,0.25,0.25,0.25
EUVP_underwater_imagenet,n01914609_21301.jpg,0.25,0.25,0.25,0.25
EUVP_underwater_imagenet,n01914609_21336.jpg,0.25,0.25,0.25,0.25
EUVP_underwater_imagenet,n01914609_21348.jpg,0.25,0.25,0.25,0.25
EUVP_underwater_imagenet,n01914609_21350.jpg,0.25,0.25,0.25,0.25
EUVP_underwater_imagenet,n01914609_2136.jpg,0.25,0.25,0.25,0.25
EUVP_underwater_imagenet,n01914609_21440.jpg,0.25,0.25,0.25,0.25
EUVP_underwater_imagenet,n01914609_2209.jpg,0.25,0.25,0.25,0.25
EUVP_underwater_imagenet,n01914609_228.jpg,0.25,0.25,0.25,0.25
EUVP_underwater_imagenet,n01914609_2285.jpg,0.25,0.25,0.25,0.25
EUVP_underwater_imagenet,n01914609_2293.jpg,0.25,0.25,0.25,0.25
EUVP_underwater_imagenet,n01914609_2298.jpg,0.25,0.25,0.25,0.25
EUVP_underwater_imagenet,n01914609_231.jpg,0.25,0.25,0.25,0.25
EUVP_underwater_imagenet,n01914609_2313.jpg,0.25,0.25,0.25,0.25
EUVP_underwater_imagenet,n01914609_2330.jpg,0.25,0.25,0.25,0.25
EUVP_underwater_imagenet,n01914609_2352.jpg,0.25,0.25,0.25,0.25
EUVP_underwater_imagenet,n01914609_2376.jpg,0.25,0.25,0.25,0.25
EUVP_underwater_imagenet,n01914609_238.jpg,0.25,0.25,0.25,0.25
EUVP_underwater_imagenet,n01914609_2392.jpg,0.25,0.25,0.25,0.25
EUVP_underwater_imagenet,n01914609_2398.jpg,0.25,0.25,0.25,0.25
EUVP_underwater_imagenet,n01914609_2402.jpg,0.25,0.25,0.25,0.25
EUVP_underwater_imagenet,n01914609_2404.jpg,0.25,0.25,0.25,0.25
EUVP_underwater_imagenet,n01914609_2435.jpg,0.25,0.25,0.25,0.25
EUVP_underwater_imagenet,n01914609_2443.jpg,0.25,0.25,0.25,0.25
EUVP_underwater_imagenet,n01914609_2448.jpg,0.25,0.25,0.25,0.25
EUVP_underwater_imagenet,n01914609_2451.jpg,0.25,0.25,0.25,0.25
EUVP_underwater_imagenet,n01914609_246.jpg,0.25,0.25,0.25,0.25
EUVP_underwater_imagenet,n01914609_2462.jpg,0.25,0.25,0.25,0.25
EUVP_underwater_imagenet,n01914609_2470.jpg,0.25,0.25,0.25,0.25
EUVP_underwater_imagenet,n01914609_2475.jpg,0.25,0.25,0.25,0.25
EUVP_underwater_imagenet,n01914609_2498.jpg,0.25,0.25,0.25,0.25
EUVP_underwater_imagenet,n01914609_2505.jpg,0.25,0.25,0.25,0.25
EUVP_underwater_imagenet,n01914609_2524.jpg,0.25,0.25,0.25,0.25
EUVP_underwater_imagenet,n01914609_255.jpg,0.25,0.25,0.25,0.25
EUVP_underwater_imagenet,n01914609_2557.jpg,0.25,0.25,0.25,0.25
EUVP_underwater_imagenet,n01914609_2562.jpg,0.25,0.25,0.25,0.25
EUVP_underwater_imagenet,n01914609_2563.jpg,0.25,0.25,0.25,0.25
EUVP_underwater_imagenet,n01914609_2567.jpg,0.25,0.25,0.25,0.25
EUVP_underwater_imagenet,n01914609_2571.jpg,0.25,0.25,0.25,0.25
EUVP_underwater_imagenet,n01914609_2574.jpg,0.25,0.25,0.25,0.25
EUVP_underwater_imagenet,n01914609_2593.jpg,0.25,0.25,0.25,0.25
EUVP_underwater_imagenet,n01914609_261.jpg,0.25,0.25,0.25,0.25
EUVP_underwater_imagenet,n01914609_2613.jpg,0.25,0.25,0.25,0.25
EUVP_underwater_imagenet,n01914609_2637.jpg,0.25,0.25,0.25,0.25
EUVP_underwater_imagenet,n01914609_2649.jpg,0.25,0.25,0.25,0.25
EUVP_underwater_imagenet,n01914609_2650.jpg,0.25,0.25,0.25,0.25
EUVP_underwater_imagenet,n01914609_2654.jpg,0.25,0.25,0.25,0.25
EUVP_underwater_imagenet,n01914609_2672.jpg,0.25,0.25,0.25,0.25
EUVP_underwater_imagenet,n01914609_2673.jpg,0.25,0.25,0.25,0.25
EUVP_underwater_imagenet,n01914609_2678.jpg,0.25,0.25,0.25,0.25
EUVP_underwater_imagenet,n01914609_2717.jpg,0.25,0.25,0.25,0.25
EUVP_underwater_imagenet,n01914609_2721.jpg,0.25,0.25,0.25,0.25
EUVP_underwater_imagenet,n01914609_2722.jpg,0.25,0.25,0.25,0.25
EUVP_underwater_imagenet,n01914609_2729.jpg,0.25,0.25,0.25,0.25
EUVP_underwater_imagenet,n01914609_2740.jpg,0.25,0.25,0.25,0.25
EUVP_underwater_imagenet,n01914609_2756.jpg,0.25,0.25,0.25,0.25
EUVP_underwater_imagenet,n01914609_2770.jpg,0.25,0.25,0.25,0.25
EUVP_underwater_imagenet,n01914609_2786.jpg,0.25,0.25,0.25,0.25
EUVP_underwater_imagenet,n01914609_2789.jpg,0.25,0.25,0.25,0.25
EUVP_underwater_imagenet,n01914609_279.jpg,0.25,0.25,0.25,0.25
EUVP_underwater_imagenet,n01914609_28.jpg,0.25,0.25,0.25,0.25
EUVP_underwater_imagenet,n01914609_2800.jpg,0.25,0.25,0.25,0.25
EUVP_underwater_imagenet,n01914609_2884.jpg,0.25,0.25,0.25,0.25
EUVP_underwater_imagenet,n01914609_2895.jpg,0.25,0.25,0.25,0.25
EUVP_underwater_imagenet,n01914609_2907.jpg,0.25,0.25,0.25,0.25
EUVP_underwater_imagenet,n01914609_2927.jpg,0.25,0.25,0.25,0.25
EUVP_underwater_imagenet,n01914609_2930.jpg,0.25,0.25,0.25,0.25
EUVP_underwater_imagenet,n01914609_2939.jpg,0.25,0.25,0.25,0.25
EUVP_underwater_imagenet,n01914609_294.jpg,0.25,0.25,0.25,0.25
EUVP_underwater_imagenet,n01914609_2962.jpg,0.25,0.25,0.25,0.25
EUVP_underwater_imagenet,n01914609_297.jpg,0.25,0.25,0.25,0.25
EUVP_underwater_imagenet,n01914609_2978.jpg,0.25,0.25,0.25,0.25
EUVP_underwater_imagenet,n01914609_30.jpg,0.25,0.25,0.25,0.25
EUVP_underwater_imagenet,n01914609_302.jpg,0.25,0.25,0.25,0.25
EUVP_underwater_imagenet,n01914609_3022.jpg,0.25,0.25,0.25,0.25
EUVP_underwater_imagenet,n01914609_3040.jpg,0.25,0.25,0.25,0.25
EUVP_underwater_imagenet,n01914609_3060.jpg,0.25,0.25,0.25,0.25
EUVP_underwater_imagenet,n01914609_307.jpg,0.25,0.25,0.25,0.25
EUVP_underwater_imagenet,n01914609_3101.jpg,0.25,0.25,0.25,0.25
EUVP_underwater_imagenet,n01914609_3108.jpg,0.25,0.25,0.25,0.25
EUVP_underwater_imagenet,n01914609_3143.jpg,0.25,0.25,0.25,0.25
EUVP_underwater_imagenet,n01914609_3154.jpg,0.25,0.25,0.25,0.25
EUVP_underwater_imagenet,n01914609_316.jpg,0.25,0.25,0.25,0.25
EUVP_underwater_imagenet,n01914609_3169.jpg,0.25,0.25,0.25,0.25
EUVP_underwater_imagenet,n01914609_3174.jpg,0.25,0.25,0.25,0.25
EUVP_underwater_imagenet,n01914609_3198.jpg,0.25,0.25,0.25,0.25
EUVP_underwater_imagenet,n01914609_3208.jpg,0.25,0.25,0.25,0.25
EUVP_underwater_imagenet,n01914609_3216.jpg,0.25,0.25,0.25,0.25
EUVP_underwater_imagenet,n01914609_3220.jpg,0.25,0.25,0.25,0.25
EUVP_underwater_imagenet,n01914609_3223.jpg,0.25,0.25,0.25,0.25
EUVP_underwater_imagenet,n01914609_3224.jpg,0.25,0.25,0.25,0.25
EUVP_underwater_imagenet,n01914609_3249.jpg,0.25,0.25,0.25,0.25
EUVP_underwater_imagenet,n01914609_325.jpg,0.25,0.25,0.25,0.25
EUVP_underwater_imagenet,n01914609_3263.jpg,0.25,0.25,0.25,0.25
EUVP_underwater_imagenet,n01914609_3266.jpg,0.25,0.25,0.25,0.25
EUVP_underwater_imagenet,n01914609_3274.jpg,0.25,0.25,0.25,0.25
EUVP_underwater_imagenet,n01914609_3276.jpg,0.25,0.25,0.25,0.25
EUVP_underwater_imagenet,n01914609_3285.jpg,0.25,0.25,0.25,0.25
EUVP_underwater_imagenet,n01914609_3309.jpg,0.25,0.25,0.25,0.25
EUVP_underwater_imagenet,n01914609_3321.jpg,0.25,0.25,0.25,0.25
EUVP_underwater_imagenet,n01914609_333.jpg,0.25,0.25,0.25,0.25
EUVP_underwater_imagenet,n01914609_3331.jpg,0.25,0.25,0.25,0.25
EUVP_underwater_imagenet,n01914609_3334.jpg,0.25,0.25,0.25,0.25
EUVP_underwater_imagenet,n01914609_334.jpg,0.25,0.25,0.25,0.25
EUVP_underwater_imagenet,n01914609_3353.jpg,0.25,0.25,0.25,0.25
EUVP_underwater_imagenet,n01914609_3367.jpg,0.25,0.25,0.25,0.25
EUVP_underwater_imagenet,n01914609_3381.jpg,0.25,0.25,0.25,0.25
EUVP_underwater_imagenet,n01914609_3385.jpg,0.25,0.25,0.25,0.25
EUVP_underwater_imagenet,n01914609_3402.jpg,0.25,0.25,0.25,0.25
EUVP_underwater_imagenet,n01914609_3405.jpg,0.25,0.25,0.25,0.25
EUVP_underwater_imagenet,n01914609_3412.jpg,0.25,0.25,0.25,0.25
EUVP_underwater_imagenet,n01914609_3427.jpg,0.25,0.25,0.25,0.25
EUVP_underwater_imagenet,n01914609_3430.jpg,0.25,0.25,0.25,0.25
EUVP_underwater_imagenet,n01914609_345.jpg,0.25,0.25,0.25,0.25
EUVP_underwater_imagenet,n01914609_3458.jpg,0.25,0.25,0.25,0.25
EUVP_underwater_imagenet,n01914609_3462.jpg,0.25,0.25,0.25,0.25
EUVP_underwater_imagenet,n01914609_3469.jpg,0.25,0.25,0.25,0.25
EUVP_underwater_imagenet,n01914609_3499.jpg,0.25,0.25,0.25,0.25
EUVP_underwater_imagenet,n01914609_3513.jpg,0.25,0.25,0.25,0.25
EUVP_underwater_imagenet,n01914609_352.jpg,0.25,0.25,0.25,0.25
EUVP_underwater_imagenet,n01914609_3524.jpg,0.25,0.25,0.25,0.25
EUVP_underwater_imagenet,n01914609_3536.jpg,0.25,0.25,0.25,0.25
EUVP_underwater_imagenet,n01914609_3545.jpg,0.25,0.25,0.25,0.25
EUVP_underwater_imagenet,n01914609_3547.jpg,0.25,0.25,0.25,0.25
EUVP_underwater_imagenet,n01914609_3560.jpg,0.25,0.25,0.25,0.25
EUVP_underwater_imagenet,n01914609_3602.jpg,0.25,0.25,0.25,0.25
EUVP_underwater_imagenet,n01914609_3603.jpg,0.25,0.25,0.25,0.25
EUVP_underwater_imagenet,n01914609_3604.jpg,0.25,0.25,0.25,0.25
EUVP_underwater_imagenet,n01914609_3606.jpg,0.25,0.25,0.25,0.25
EUVP_underwater_imagenet,n01914609_3612.jpg,0.25,0.25,0.25,0.25
EUVP_underwater_imagenet,n01914609_3615.jpg,0.25,0.25,0.25,0.25
EUVP_underwater_imagenet,n01914609_3620.jpg,0.25,0.25,0.25,0.25
EUVP_underwater_imagenet,n01914609_3627.jpg,0.25,0.25,0.25,0.25
EUVP_underwater_imagenet,n01914609_3634.jpg,0.25,0.25,0.25,0.25
EUVP_underwater_imagenet,n01914609_364.jpg,0.25,0.25,0.25,0.25
EUVP_underwater_imagenet,n01914609_3668.jpg,0.25,0.25,0.25,0.25
EUVP_underwater_imagenet,n01914609_3689.jpg,0.25,0.25,0.25,0.25
EUVP_underwater_imagenet,n01914609_3701.jpg,0.25,0.25,0.25,0.25
EUVP_underwater_imagenet,n01914609_3705.jpg,0.25,0.25,0.25,0.25
EUVP_underwater_imagenet,n01914609_3722.jpg,0.25,0.25,0.25,0.25
EUVP_underwater_imagenet,n01914609_3733.jpg,0.25,0.25,0.25,0.25
EUVP_underwater_imagenet,n01914609_3746.jpg,0.25,0.25,0.25,0.25
EUVP_underwater_imagenet,n01914609_3763.jpg,0.25,0.25,0.25,0.25
EUVP_underwater_imagenet,n01914609_378.jpg,0.25,0.25,0.25,0.25
EUVP_underwater_imagenet,n01914609_3788.jpg,0.25,0.25,0.25,0.25
EUVP_underwater_imagenet,n01914609_379.jpg,0.25,0.25,0.25,0.25
EUVP_underwater_imagenet,n01914609_3792.jpg,0.25,0.25,0.25,0.25
EUVP_underwater_imagenet,n01914609_3806.jpg,0.25,0.25,0.25,0.25
EUVP_underwater_imagenet,n01914609_3818.jpg,0.25,0.25,0.25,0.25
EUVP_underwater_imagenet,n01914609_3819.jpg,0.25,0.25,0.25,0.25
EUVP_underwater_imagenet,n01914609_382.jpg,0.25,0.25,0.25,0.25
EUVP_underwater_imagenet,n01914609_3827.jpg,0.25,0.25,0.25,0.25
EUVP_underwater_imagenet,n01914609_3835.jpg,0.25,0.25,0.25,0.25
EUVP_underwater_imagenet,n01914609_3870.jpg,0.25,0.25,0.25,0.25
EUVP_underwater_imagenet,n01914609_3875.jpg,0.25,0.25,0.25,0.25
EUVP_underwater_imagenet,n01914609_389.jpg,0.25,0.25,0.25,0.25
EUVP_underwater_imagenet,n01914609_3904.jpg,0.25,0.25,0.25,0.25
EUVP_underwater_imagenet,n01914609_392.jpg,0.25,0.25,0.25,0.25
EUVP_underwater_imagenet,n01914609_3945.jpg,0.25,0.25,0.25,0.25
EUVP_underwater_imagenet,n01914609_3948.jpg,0.25,0.25,0.25,0.25
EUVP_underwater_imagenet,n01914609_397.jpg,0.25,0.25,0.25,0.25
EUVP_underwater_imagenet,n01914609_3980.jpg,0.25,0.25,0.25,0.25
EUVP_underwater_imagenet,n01914609_4008.jpg,0.25,0.25,0.25,0.25
EUVP_underwater_imagenet,n01914609_4010.jpg,0.25,0.25,0.25,0.25
EUVP_underwater_imagenet,n01914609_4020.jpg,0.25,0.25,0.25,0.25
EUVP_underwater_imagenet,n01914609_4024.jpg,0.25,0.25,0.25,0.25
EUVP_underwater_imagenet,n01914609_4055.jpg,0.25,0.25,0.25,0.25
EUVP_underwater_imagenet,n01914609_4060.jpg,0.25,0.25,0.25,0.25
EUVP_underwater_imagenet,n01914609_4073.jpg,0.25,0.25,0.25,0.25
EUVP_underwater_imagenet,n01914609_4078.jpg,0.25,0.25,0.25,0.25
EUVP_underwater_imagenet,n01914609_4094.jpg,0.25,0.25,0.25,0.25
EUVP_underwater_imagenet,n01914609_410.jpg,0.25,0.25,0.25,0.25
EUVP_underwater_imagenet,n01914609_4103.jpg,0.25,0.25,0.25,0.25
EUVP_underwater_imagenet,n01914609_4107.jpg,0.25,0.25,0.25,0.25
EUVP_underwater_imagenet,n01914609_4111.jpg,0.25,0.25,0.25,0.25
EUVP_underwater_imagenet,n01914609_4128.jpg,0.25,0.25,0.25,0.25
EUVP_underwater_imagenet,n01914609_4154.jpg,0.25,0.25,0.25,0.25
EUVP_underwater_imagenet,n01914609_4159.jpg,0.25,0.25,0.25,0.25
EUVP_underwater_imagenet,n01914609_4161.jpg,0.25,0.25,0.25,0.25
EUVP_underwater_imagenet,n01914609_4165.jpg,0.25,0.25,0.25,0.25
EUVP_underwater_imagenet,n01914609_4175.jpg,0.25,0.25,0.25,0.25
EUVP_underwater_imagenet,n01914609_4183.jpg,0.25,0.25,0.25,0.25
EUVP_underwater_imagenet,n01914609_4197.jpg,0.25,0.25,0.25,0.25
EUVP_underwater_imagenet,n01914609_421.jpg,0.25,0.25,0.25,0.25
EUVP_underwater_imagenet,n01914609_4220.jpg,0.25,0.25,0.25,0.25
EUVP_underwater_imagenet,n01914609_4234.jpg,0.25,0.25,0.25,0.25
EUVP_underwater_imagenet,n01914609_4239.jpg,0.25,0.25,0.25,0.25
EUVP_underwater_imagenet,n01914609_4248.jpg,0.25,0.25,0.25,0.25
EUVP_underwater_imagenet,n01914609_4274.jpg,0.25,0.25,0.25,0.25
EUVP_underwater_imagenet,n01914609_4306.jpg,0.25,0.25,0.25,0.25
EUVP_underwater_imagenet,n01914609_4320.jpg,0.25,0.25,0.25,0.25
EUVP_underwater_imagenet,n01914609_4334.jpg,0.25,0.25,0.25,0.25
EUVP_underwater_imagenet,n01914609_434.jpg,0.25,0.25,0.25,0.25
EUVP_underwater_imagenet,n01914609_4343.jpg,0.25,0.25,0.25,0.25
EUVP_underwater_imagenet,n01914609_4344.jpg,0.25,0.25,0.25,0.25
EUVP_underwater_imagenet,n01914609_4345.jpg,0.25,0.25,0.25,0.25
EUVP_underwater_imagenet,n01914609_4349.jpg,0.25,0.25,0.25,0.25
EUVP_underwater_imagenet,n01914609_4377.jpg,0.25,0.25,0.25,0.25
EUVP_underwater_imagenet,n01914609_4389.jpg,0.25,0.25,0.25,0.25
EUVP_underwater_imagenet,n01914609_4395.jpg,0.25,0.25,0.25,0.25
EUVP_underwater_imagenet,n01914609_440.jpg,0.25,0.25,0.25,0.25
EUVP_underwater_imagenet,n01914609_4434.jpg,0.25,0.25,0.25,0.25
EUVP_underwater_imagenet,n01914609_4439.jpg,0.25,0.25,0.25,0.25
EUVP_underwater_imagenet,n01914609_4451.jpg,0.25,0.25,0.25,0.25
EUVP_underwater_imagenet,n01914609_4458.jpg,0.25,0.25,0.25,0.25
EUVP_underwater_imagenet,n01914609_4478.jpg,0.25,0.25,0.25,0.25
EUVP_underwater_imagenet,n01914609_4479.jpg,0.25,0.25,0.25,0.25
EUVP_underwater_imagenet,n01914609_448.jpg,0.25,0.25,0.25,0.25
EUVP_underwater_imagenet,n01914609_449.jpg,0.25,0.25,0.25,0.25
EUVP_underwater_imagenet,n01914609_450.jpg,0.25,0.25,0.25,0.25
EUVP_underwater_imagenet,n01914609_4509.jpg,0.25,0.25,0.25,0.25
EUVP_underwater_imagenet,n01914609_4513.jpg,0.25,0.25,0.25,0.25
EUVP_underwater_imagenet,n01914609_4529.jpg,0.25,0.25,0.25,0.25
EUVP_underwater_imagenet,n01914609_4550.jpg,0.25,0.25,0.25,0.25
EUVP_underwater_imagenet,n01914609_4563.jpg,0.25,0.25,0.25,0.25
EUVP_underwater_imagenet,n01914609_4572.jpg,0.25,0.25,0.25,0.25
EUVP_underwater_imagenet,n01914609_4604.jpg,0.25,0.25,0.25,0.25
EUVP_underwater_imagenet,n01914609_4621.jpg,0.25,0.25,0.25,0.25
EUVP_underwater_imagenet,n01914609_4622.jpg,0.25,0.25,0.25,0.25
EUVP_underwater_imagenet,n01914609_4635.jpg,0.25,0.25,0.25,0.25
EUVP_underwater_imagenet,n01914609_4652.jpg,0.25,0.25,0.25,0.25
EUVP_underwater_imagenet,n01914609_4669.jpg,0.25,0.25,0.25,0.25
EUVP_underwater_imagenet,n01914609_4701.jpg,0.25,0.25,0.25,0.25
EUVP_underwater_imagenet,n01914609_4712.jpg,0.25,0.25,0.25,0.25
EUVP_underwater_imagenet,n01914609_4734.jpg,0.25,0.25,0.25,0.25
EUVP_underwater_imagenet,n01914609_474.jpg,0.25,0.25,0.25,0.25
EUVP_underwater_imagenet,n01914609_4747.jpg,0.25,0.25,0.25,0.25
EUVP_underwater_imagenet,n01914609_4754.jpg,0.25,0.25,0.25,0.25
EUVP_underwater_imagenet,n01914609_4771.jpg,0.25,0.25,0.25,0.25
EUVP_underwater_imagenet,n01914609_4778.jpg,0.25,0.25,0.25,0.25
EUVP_underwater_imagenet,n01914609_479.jpg,0.25,0.25,0.25,0.25
EUVP_underwater_imagenet,n01914609_4797.jpg,0.25,0.25,0.25,0.25
EUVP_underwater_imagenet,n01914609_481.jpg,0.25,0.25,0.25,0.25
EUVP_underwater_imagenet,n01914609_4813.jpg,0.25,0.25,0.25,0.25
EUVP_underwater_imagenet,n01914609_4814.jpg,0.25,0.25,0.25,0.25
EUVP_underwater_imagenet,n01914609_4822.jpg,0.25,0.25,0.25,0.25
EUVP_underwater_imagenet,n01914609_4853.jpg,0.25,0.25,0.25,0.25
EUVP_underwater_imagenet,n01914609_4866.jpg,0.25,0.25,0.25,0.25
EUVP_underwater_imagenet,n01914609_487.jpg,0.25,0.25,0.25,0.25
EUVP_underwater_imagenet,n01914609_4883.jpg,0.25,0.25,0.25,0.25
EUVP_underwater_imagenet,n01914609_489.jpg,0.25,0.25,0.25,0.25
EUVP_underwater_imagenet,n01914609_4912.jpg,0.25,0.25,0.25,0.25
EUVP_underwater_imagenet,n01914609_4914.jpg,0.25,0.25,0.25,0.25
EUVP_underwater_imagenet,n01914609_4916.jpg,0.25,0.25,0.25,0.25
EUVP_underwater_imagenet,n01914609_4949.jpg,0.25,0.25,0.25,0.25
EUVP_underwater_imagenet,n01914609_495.jpg,0.25,0.25,0.25,0.25
EUVP_underwater_imagenet,n01914609_4954.jpg,0.25,0.25,0.25,0.25
EUVP_underwater_imagenet,n01914609_4958.jpg,0.25,0.25,0.25,0.25
EUVP_underwater_imagenet,n01914609_4962.jpg,0.25,0.25,0.25,0.25
EUVP_underwater_imagenet,n01914609_4970.jpg,0.25,0.25,0.25,0.25
EUVP_underwater_imagenet,n01914609_4987.jpg,0.25,0.25,0.25,0.25
EUVP_underwater_imagenet,n01914609_4992.jpg,0.25,0.25,0.25,0.25
EUVP_underwater_imagenet,n01914609_4996.jpg,0.25,0.25,0.25,0.25
EUVP_underwater_imagenet,n01914609_5000.jpg,0.25,0.25,0.25,0.25
EUVP_underwater_imagenet,n01914609_5008.jpg,0.25,0.25,0.25,0.25
EUVP_underwater_imagenet,n01914609_502.jpg,0.25,0.25,0.25,0.25
EUVP_underwater_imagenet,n01914609_5021.jpg,0.25,0.25,0.25,0.25
EUVP_underwater_imagenet,n01914609_503.jpg,0.25,0.25,0.25,0.25
EUVP_underwater_imagenet,n01914609_5033.jpg,0.25,0.25,0.25,0.25
EUVP_underwater_imagenet,n01914609_5034.jpg,0.25,0.25,0.25,0.25
EUVP_underwater_imagenet,n01914609_5041.jpg,0.25,0.25,0.25,0.25
EUVP_underwater_imagenet,n01914609_5058.jpg,0.25,0.25,0.25,0.25
EUVP_underwater_imagenet,n01914609_5064.jpg,0.25,0.25,0.25,0.25
EUVP_underwater_imagenet,n01914609_5069.jpg,0.25,0.25,0.25,0.25
EUVP_underwater_imagenet,n01914609_5087.jpg,0.25,0.25,0.25,0.25
EUVP_underwater_imagenet,n01914609_51.jpg,0.25,0.25,0.25,0.25
EUVP_underwater_imagenet,n01914609_5102.jpg,0.25,0.25,0.25,0.25
EUVP_underwater_imagenet,n01914609_5113.jpg,0.25,0.25,0.25,0.25
EUVP_underwater_imagenet,n01914609_5117.jpg,0.25,0.25,0.25,0.25
EUVP_underwater_imagenet,n01914609_5133.jpg,0.25,0.25,0.25,0.25
EUVP_underwater_imagenet,n01914609_5142.jpg,0.25,0.25,0.25,0.25
EUVP_underwater_imagenet,n01914609_5146.jpg,0.25,0.25,0.25,0.25
EUVP_underwater_imagenet,n01914609_5161.jpg,0.25,0.25,0.25,0.25
EUVP_underwater_imagenet,n01914609_5165.jpg,0.25,0.25,0.25,0.25
EUVP_underwater_imagenet,n01914609_5167.jpg,0.25,0.25,0.25,0.25
EUVP_underwater_imagenet,n01914609_518.jpg,0.25,0.25,0.25,0.25
EUVP_underwater_imagenet,n01914609_5185.jpg,0.25,0.25,0.25,0.25
EUVP_underwater_imagenet,n01914609_520.jpg,0.25,0.25,0.25,0.25
EUVP_underwater_imagenet,n01914609_5205.jpg,0.25,0.25,0.25,0.25
EUVP_underwater_imagenet,n01914609_5243.jpg,0.25,0.25,0.25,0.25
EUVP_underwater_imagenet,n01914609_5244.jpg,0.25,0.25,0.25,0.25
EUVP_underwater_imagenet,n01914609_5249.jpg,0.25,0.25,0.25,0.25
EUVP_underwater_imagenet,n01914609_5268.jpg,0.25,0.25,0.25,0.25
EUVP_underwater_imagenet,n01914609_528.jpg,0.25,0.25,0.25,0.25
EUVP_underwater_imagenet,n01914609_5326.jpg,0.25,0.25,0.25,0.25
EUVP_underwater_imagenet,n01914609_5380.jpg,0.25,0.25,0.25,0.25
EUVP_underwater_imagenet,n01914609_54.jpg,0.25,0.25,0.25,0.25
EUVP_underwater_imagenet,n01914609_5413.jpg,0.25,0.25,0.25,0.25
EUVP_underwater_imagenet,n01914609_5421.jpg,0.25,0.25,0.25,0.25
EUVP_underwater_imagenet,n01914609_5428.jpg,0.25,0.25,0.25,0.25
EUVP_underwater_imagenet,n01914609_543.jpg,0.25,0.25,0.25,0.25
EUVP_underwater_imagenet,n01914609_5447.jpg,0.25,0.25,0.25,0.25
EUVP_underwater_imagenet,n01914609_5453.jpg,0.25,0.25,0.25,0.25
EUVP_underwater_imagenet,n01914609_5459.jpg,0.25,0.25,0.25,0.25
EUVP_underwater_imagenet,n01914609_5473.jpg,0.25,0.25,0.25,0.25
EUVP_underwater_imagenet,n01914609_5483.jpg,0.25,0.25,0.25,0.25
EUVP_underwater_imagenet,n01914609_550.jpg,0.25,0.25,0.25,0.25
EUVP_underwater_imagenet,n01914609_5508.jpg,0.25,0.25,0.25,0.25
EUVP_underwater_imagenet,n01914609_5536.jpg,0.25,0.25,0.25,0.25
EUVP_underwater_imagenet,n01914609_5547.jpg,0.25,0.25,0.25,0.25
EUVP_underwater_imagenet,n01914609_5565.jpg,0.25,0.25,0.25,0.25
EUVP_underwater_imagenet,n01914609_5571.jpg,0.25,0.25,0.25,0.25
EUVP_underwater_imagenet,n01914609_5581.jpg,0.25,0.25,0.25,0.25
EUVP_underwater_imagenet,n01914609_5591.jpg,0.25,0.25,0.25,0.25
EUVP_underwater_imagenet,n01914609_5611.jpg,0.25,0.25,0.25,0.25
EUVP_underwater_imagenet,n01914609_5621.jpg,0.25,0.25,0.25,0.25
EUVP_underwater_imagenet,n01914609_563.jpg,0.25,0.25,0.25,0.25
EUVP_underwater_imagenet,n01914609_5640.jpg,0.25,0.25,0.25,0.25
EUVP_underwater_imagenet,n01914609_5641.jpg,0.25,0.25,0.25,0.25
EUVP_underwater_imagenet,n01914609_5668.jpg,0.25,0.25,0.25,0.25
EUVP_underwater_imagenet,n01914609_5670.jpg,0.25,0.25,0.25,0.25
EUVP_underwater_imagenet,n01914609_5691.jpg,0.25,0.25,0.25,0.25
EUVP_underwater_imagenet,n01914609_572.jpg,0.25,0.25,0.25,0.25
EUVP_underwater_imagenet,n01914609_5721.jpg,0.25,0.25,0.25,0.25
EUVP_underwater_imagenet,n01914609_5737.jpg,0.25,0.25,0.25,0.25
EUVP_underwater_imagenet,n01914609_5738.jpg,0.25,0.25,0.25,0.25
EUVP_underwater_imagenet,n01914609_5783.jpg,0.25,0.25,0.25,0.25
EUVP_underwater_imagenet,n01914609_5796.jpg,0.25,0.25,0.25,0.25
EUVP_underwater_imagenet,n01914609_5818.jpg,0.25,0.25,0.25,0.25
EUVP_underwater_imagenet,n01914609_5839.jpg,0.25,0.25,0.25,0.25
EUVP_underwater_imagenet,n01914609_5858.jpg,0.25,0.25,0.25,0.25
EUVP_underwater_imagenet,n01914609_5885.jpg,0.25,0.25,0.25,0.25
EUVP_underwater_imagenet,n01914609_5886.jpg,0.25,0.25,0.25,0.25
EUVP_underwater_imagenet,n01914609_5893.jpg,0.25,0.25,0.25,0.25
EUVP_underwater_imagenet,n01914609_5907.jpg,0.25,0.25,0.25,0.25
EUVP_underwater_imagenet,n01914609_5912.jpg,0.25,0.25,0.25,0.25
EUVP_underwater_imagenet,n01914609_5918.jpg,0.25,0.25,0.25,0.25
EUVP_underwater_imagenet,n01914609_5933.jpg,0.25,0.25,0.25,0.25
EUVP_underwater_imagenet,n01914609_5950.jpg,0.25,0.25,0.25,0.25
EUVP_underwater_imagenet,n01914609_596.jpg,0.25,0.25,0.25,0.25
EUVP_underwater_imagenet,n01914609_5961.jpg,0.25,0.25,0.25,0.25
EUVP_underwater_imagenet,n01914609_597.jpg,0.25,0.25,0.25,0.25
EUVP_underwater_imagenet,n01914609_5973.jpg,0.25,0.25,0.25,0.25
EUVP_underwater_imagenet,n01914609_5986.jpg,0.25,0.25,0.25,0.25
EUVP_underwater_imagenet,n01914609_5989.jpg,0.25,0.25,0.25,0.25
EUVP_underwater_imagenet,n01914609_601.jpg,0.25,0.25,0.25,0.25
EUVP_underwater_imagenet,n01914609_6016.jpg,0.25,0.25,0.25,0.25
EUVP_underwater_imagenet,n01914609_6028.jpg,0.25,0.25,0.25,0.25
EUVP_underwater_imagenet,n01914609_6029.jpg,0.25,0.25,0.25,0.25
EUVP_underwater_imagenet,n01914609_6030.jpg,0.25,0.25,0.25,0.25
EUVP_underwater_imagenet,n01914609_6048.jpg,0.25,0.25,0.25,0.25
EUVP_underwater_imagenet,n01914609_605.jpg,0.25,0.25,0.25,0.25
EUVP_underwater_imagenet,n01914609_6050.jpg,0.25,0.25,0.25,0.25
EUVP_underwater_imagenet,n01914609_6051.jpg,0.25,0.25,0.25,0.25
EUVP_underwater_imagenet,n01914609_6052.jpg,0.25,0.25,0.25,0.25
EUVP_underwater_imagenet,n01914609_6058.jpg,0.25,0.25,0.25,0.25
EUVP_underwater_imagenet,n01914609_6067.jpg,0.25,0.25,0.25,0.25
EUVP_underwater_imagenet,n01914609_6074.jpg,0.25,0.25,0.25,0.25
EUVP_underwater_imagenet,n01914609_6091.jpg,0.25,0.25,0.25,0.25
EUVP_underwater_imagenet,n01914609_6092.jpg,0.25,0.25,0.25,0.25
EUVP_underwater_imagenet,n01914609_6103.jpg,0.25,0.25,0.25,0.25
EUVP_underwater_imagenet,n01914609_6110.jpg,0.25,0.25,0.25,0.25
EUVP_underwater_imagenet,n01914609_6114.jpg,0.25,0.25,0.25,0.25
EUVP_underwater_imagenet,n01914609_6131.jpg,0.25,0.25,0.25,0.25
EUVP_underwater_imagenet,n01914609_6161.jpg,0.25,0.25,0.25,0.25
EUVP_underwater_imagenet,n01914609_6163.jpg,0.25,0.25,0.25,0.25
EUVP_underwater_imagenet,n01914609_6169.jpg,0.25,0.25,0.25,0.25
EUVP_underwater_imagenet,n01914609_6177.jpg,0.25,0.25,0.25,0.25
EUVP_underwater_imagenet,n01914609_6178.jpg,0.25,0.25,0.25,0.25
EUVP_underwater_imagenet,n01914609_6182.jpg,0.25,0.25,0.25,0.25
EUVP_underwater_imagenet,n01914609_6188.jpg,0.25,0.25,0.25,0.25
EUVP_underwater_imagenet,n01914609_6234.jpg,0.25,0.25,0.25,0.25
EUVP_underwater_imagenet,n01914609_6236.jpg,0.25,0.25,0.25,0.25
EUVP_underwater_imagenet,n01914609_6248.jpg,0.25,0.25,0.25,0.25
EUVP_underwater_imagenet,n01914609_6259.jpg,0.25,0.25,0.25,0.25
EUVP_underwater_imagenet,n01914609_626.jpg,0.25,0.25,0.25,0.25
EUVP_underwater_imagenet,n01914609_6261.jpg,0.25,0.25,0.25,0.25
EUVP_underwater_imagenet,n01914609_6308.jpg,0.25,0.25,0.25,0.25
EUVP_underwater_imagenet,n01914609_6314.jpg,0.25,0.25,0.25,0.25
EUVP_underwater_imagenet,n01914609_6327.jpg,0.25,0.25,0.25,0.25
EUVP_underwater_imagenet,n01914609_6330.jpg,0.25,0.25,0.25,0.25
EUVP_underwater_imagenet,n01914609_6337.jpg,0.25,0.25,0.25,0.25
EUVP_underwater_imagenet,n01914609_6345.jpg,0.25,0.25,0.25,0.25
EUVP_underwater_imagenet,n01914609_6355.jpg,0.25,0.25,0.25,0.25
EUVP_underwater_imagenet,n01914609_6367.jpg,0.25,0.25,0.25,0.25
EUVP_underwater_imagenet,n01914609_6370.jpg,0.25,0.25,0.25,0.25
EUVP_underwater_imagenet,n01914609_6373.jpg,0.25,0.25,0.25,0.25
EUVP_underwater_imagenet,n01914609_6381.jpg,0.25,0.25,0.25,0.25
EUVP_underwater_imagenet,n01914609_6391.jpg,0.25,0.25,0.25,0.25
EUVP_underwater_imagenet,n01914609_6418.jpg,0.25,0.25,0.25,0.25
EUVP_underwater_imagenet,n01914609_6438.jpg,0.25,0.25,0.25,0.25
EUVP_underwater_imagenet,n01914609_6442.jpg,0.25,0.25,0.25,0.25
EUVP_underwater_imagenet,n01914609_6448.jpg,0.25,0.25,0.25,0.25
EUVP_underwater_imagenet,n01914609_6478.jpg,0.25,0.25,0.25,0.25
EUVP_underwater_imagenet,n01914609_6507.jpg,0.25,0.25,0.25,0.25
EUVP_underwater_imagenet,n01914609_6509.jpg,0.25,0.25,0.25,0.25
EUVP_underwater_imagenet,n01914609_6513.jpg,0.25,0.25,0.25,0.25
EUVP_underwater_imagenet,n01914609_6514.jpg,0.25,0.25,0.25,0.25
EUVP_underwater_imagenet,n01914609_6518.jpg,0.25,0.25,0.25,0.25
EUVP_underwater_imagenet,n01914609_653.jpg,0.25,0.25,0.25,0.25
EUVP_underwater_imagenet,n01914609_6585.jpg,0.25,0.25,0.25,0.25
EUVP_underwater_imagenet,n01914609_6587.jpg,0.25,0.25,0.25,0.25
EUVP_underwater_imagenet,n01914609_6588.jpg,0.25,0.25,0.25,0.25
EUVP_underwater_imagenet,n01914609_6597.jpg,0.25,0.25,0.25,0.25
EUVP_underwater_imagenet,n01914609_660.jpg,0.25,0.25,0.25,0.25
EUVP_underwater_imagenet,n01914609_6628.jpg,0.25,0.25,0.25,0.25
EUVP_underwater_imagenet,n01914609_664.jpg,0.25,0.25,0.25,0.25
EUVP_underwater_imagenet,n01914609_6656.jpg,0.25,0.25,0.25,0.25
EUVP_underwater_imagenet,n01914609_6659.jpg,0.25,0.25,0.25,0.25
EUVP_underwater_imagenet,n01914609_6667.jpg,0.25,0.25,0.25,0.25
EUVP_underwater_imagenet,n01914609_6679.jpg,0.25,0.25,0.25,0.25
EUVP_underwater_imagenet,n01914609_669.jpg,0.25,0.25,0.25,0.25
EUVP_underwater_imagenet,n01914609_670.jpg,0.25,0.25,0.25,0.25
EUVP_underwater_imagenet,n01914609_6701.jpg,0.25,0.25,0.25,0.25
EUVP_underwater_imagenet,n01914609_6703.jpg,0.25,0.25,0.25,0.25
EUVP_underwater_imagenet,n01914609_6707.jpg,0.25,0.25,0.25,0.25
EUVP_underwater_imagenet,n01914609_6713.jpg,0.25,0.25,0.25,0.25
EUVP_underwater_imagenet,n01914609_6727.jpg,0.25,0.25,0.25,0.25
EUVP_underwater_imagenet,n01914609_6733.jpg,0.25,0.25,0.25,0.25
EUVP_underwater_imagenet,n01914609_6734.jpg,0.25,0.25,0.25,0.25
EUVP_underwater_imagenet,n01914609_6761.jpg,0.25,0.25,0.25,0.25
EUVP_underwater_imagenet,n01914609_6783.jpg,0.25,0.25,0.25,0.25
EUVP_underwater_imagenet,n01914609_6787.jpg,0.25,0.25,0.25,0.25
EUVP_underwater_imagenet,n01914609_6800.jpg,0.25,0.25,0.25,0.25
EUVP_underwater_imagenet,n01914609_6804.jpg,0.25,0.25,0.25,0.25
EUVP_underwater_imagenet,n01914609_6807.jpg,0.25,0.25,0.25,0.25
EUVP_underwater_imagenet,n01914609_6808.jpg,0.25,0.25,0.25,0.25
EUVP_underwater_imagenet,n01914609_6810.jpg,0.25,0.25,0.25,0.25
EUVP_underwater_imagenet,n01914609_6813.jpg,0.25,0.25,0.25,0.25
EUVP_underwater_imagenet,n01914609_6814.jpg,0.25,0.25,0.25,0.25
EUVP_underwater_imagenet,n01914609_6828.jpg,0.25,0.25,0.25,0.25
EUVP_underwater_imagenet,n01914609_6829.jpg,0.25,0.25,0.25,0.25
EUVP_underwater_imagenet,n01914609_6847.jpg,0.25,0.25,0.25,0.25
EUVP_underwater_imagenet,n01914609_685.jpg,0.25,0.25,0.25,0.25
EUVP_underwater_imagenet,n01914609_6857.jpg,0.25,0.25,0.25,0.25
EUVP_underwater_imagenet,n01914609_6870.jpg,0.25,0.25,0.25,0.25
EUVP_underwater_imagenet,n01914609_6871.jpg,0.25,0.25,0.25,0.25
EUVP_underwater_imagenet,n01914609_6876.jpg,0.25,0.25,0.25,0.25
EUVP_underwater_imagenet,n01914609_6889.jpg,0.25,0.25,0.25,0.25
EUVP_underwater_imagenet,n01914609_6908.jpg,0.25,0.25,0.25,0.25
EUVP_underwater_imagenet,n01914609_6941.jpg,0.25,0.25,0.25,0.25
EUVP_underwater_imagenet,n01914609_6953.jpg,0.25,0.25,0.25,0.25
EUVP_underwater_imagenet,n01914609_6957.jpg,0.25,0.25,0.25,0.25
EUVP_underwater_imagenet,n01914609_6970.jpg,0.25,0.25,0.25,0.25
EUVP_underwater_imagenet,n01914609_6971.jpg,0.25,0.25,0.25,0.25
EUVP_underwater_imagenet,n01914609_6975.jpg,0.25,0.25,0.25,0.25
EUVP_underwater_imagenet,n01914609_7018.jpg,0.25,0.25,0.25,0.25
EUVP_underwater_imagenet,n01914609_7028.jpg,0.25,0.25,0.25,0.25
EUVP_underwater_imagenet,n01914609_7038.jpg,0.25,0.25,0.25,0.25
EUVP_underwater_imagenet,n01914609_7044.jpg,0.25,0.25,0.25,0.25
EUVP_underwater_imagenet,n01914609_7047.jpg,0.25,0.25,0.25,0.25
EUVP_underwater_imagenet,n01914609_7070.jpg,0.25,0.25,0.25,0.25
EUVP_underwater_imagenet,n01914609_7077.jpg,0.25,0.25,0.25,0.25
EUVP_underwater_imagenet,n01914609_7117.jpg,0.25,0.25,0.25,0.25
EUVP_underwater_imagenet,n01914609_7121.jpg,0.25,0.25,0.25,0.25
EUVP_underwater_imagenet,n01914609_7122.jpg,0.25,0.25,0.25,0.25
EUVP_underwater_imagenet,n01914609_7129.jpg,0.25,0.25,0.25,0.25
EUVP_underwater_imagenet,n01914609_7157.jpg,0.25,0.25,0.25,0.25
EUVP_underwater_imagenet,n01914609_7159.jpg,0.25,0.25,0.25,0.25
EUVP_underwater_imagenet,n01914609_7176.jpg,0.25,0.25,0.25,0.25
EUVP_underwater_imagenet,n01914609_7186.jpg,0.25,0.25,0.25,0.25
EUVP_underwater_imagenet,n01914609_7200.jpg,0.25,0.25,0.25,0.25
EUVP_underwater_imagenet,n01914609_7202.jpg,0.25,0.25,0.25,0.25
EUVP_underwater_imagenet,n01914609_7205.jpg,0.25,0.25,0.25,0.25
EUVP_underwater_imagenet,n01914609_7212.jpg,0.25,0.25,0.25,0.25
EUVP_underwater_imagenet,n01914609_7221.jpg,0.25,0.25,0.25,0.25
EUVP_underwater_imagenet,n01914609_7227.jpg,0.25,0.25,0.25,0.25
EUVP_underwater_imagenet,n01914609_7230.jpg,0.25,0.25,0.25,0.25
EUVP_underwater_imagenet,n01914609_724.jpg,0.25,0.25,0.25,0.25
EUVP_underwater_imagenet,n01914609_7240.jpg,0.25,0.25,0.25,0.25
EUVP_underwater_imagenet,n01914609_727.jpg,0.25,0.25,0.25,0.25
EUVP_underwater_imagenet,n01914609_7282.jpg,0.25,0.25,0.25,0.25
EUVP_underwater_imagenet,n01914609_7288.jpg,0.25,0.25,0.25,0.25
EUVP_underwater_imagenet,n01914609_7291.jpg,0.25,0.25,0.25,0.25
EUVP_underwater_imagenet,n01914609_7300.jpg,0.25,0.25,0.25,0.25
EUVP_underwater_imagenet,n01914609_7308.jpg,0.25,0.25,0.25,0.25
EUVP_underwater_imagenet,n01914609_7321.jpg,0.25,0.25,0.25,0.25
EUVP_underwater_imagenet,n01914609_7331.jpg,0.25,0.25,0.25,0.25
EUVP_underwater_imagenet,n01914609_7359.jpg,0.25,0.25,0.25,0.25
EUVP_underwater_imagenet,n01914609_7360.jpg,0.25,0.25,0.25,0.25
EUVP_underwater_imagenet,n01914609_7379.jpg,0.25,0.25,0.25,0.25
EUVP_underwater_imagenet,n01914609_7380.jpg,0.25,0.25,0.25,0.25
EUVP_underwater_imagenet,n01914609_740.jpg,0.25,0.25,0.25,0.25
EUVP_underwater_imagenet,n01914609_7403.jpg,0.25,0.25,0.25,0.25
EUVP_underwater_imagenet,n01914609_7420.jpg,0.25,0.25,0.25,0.25
EUVP_underwater_imagenet,n01914609_7423.jpg,0.25,0.25,0.25,0.25
EUVP_underwater_imagenet,n01914609_7424.jpg,0.25,0.25,0.25,0.25
EUVP_underwater_imagenet,n01914609_7427.jpg,0.25,0.25,0.25,0.25
EUVP_underwater_imagenet,n01914609_7429.jpg,0.25,0.25,0.25,0.25
EUVP_underwater_imagenet,n01914609_7431.jpg,0.25,0.25,0.25,0.25
EUVP_underwater_imagenet,n01914609_7454.jpg,0.25,0.25,0.25,0.25
EUVP_underwater_imagenet,n01914609_749.jpg,0.25,0.25,0.25,0.25
EUVP_underwater_imagenet,n01914609_7508.jpg,0.25,0.25,0.25,0.25
EUVP_underwater_imagenet,n01914609_7534.jpg,0.25,0.25,0.25,0.25
EUVP_underwater_imagenet,n01914609_7536.jpg,0.25,0.25,0.25,0.25
EUVP_underwater_imagenet,n01914609_7555.jpg,0.25,0.25,0.25,0.25
EUVP_underwater_imagenet,n01914609_7564.jpg,0.25,0.25,0.25,0.25
EUVP_underwater_imagenet,n01914609_7583.jpg,0.25,0.25,0.25,0.25
EUVP_underwater_imagenet,n01914609_7587.jpg,0.25,0.25,0.25,0.25
EUVP_underwater_imagenet,n01914609_76.jpg,0.25,0.25,0.25,0.25
EUVP_underwater_imagenet,n01914609_7625.jpg,0.25,0.25,0.25,0.25
EUVP_underwater_imagenet,n01914609_7627.jpg,0.25,0.25,0.25,0.25
EUVP_underwater_imagenet,n01914609_763.jpg,0.25,0.25,0.25,0.25
EUVP_underwater_imagenet,n01914609_7632.jpg,0.25,0.25,0.25,0.25
EUVP_underwater_imagenet,n01914609_7634.jpg,0.25,0.25,0.25,0.25
EUVP_underwater_imagenet,n01914609_7695.jpg,0.25,0.25,0.25,0.25
EUVP_underwater_imagenet,n01914609_7717.jpg,0.25,0.25,0.25,0.25
EUVP_underwater_imagenet,n01914609_7719.jpg,0.25,0.25,0.25,0.25
EUVP_underwater_imagenet,n01914609_7722.jpg,0.25,0.25,0.25,0.25
EUVP_underwater_imagenet,n01914609_7764.jpg,0.25,0.25,0.25,0.25
EUVP_underwater_imagenet,n01914609_7768.jpg,0.25,0.25,0.25,0.25
EUVP_underwater_imagenet,n01914609_7769.jpg,0.25,0.25,0.25,0.25
EUVP_underwater_imagenet,n01914609_777.jpg,0.25,0.25,0.25,0.25
EUVP_underwater_imagenet,n01914609_7814.jpg,0.25,0.25,0.25,0.25
EUVP_underwater_imagenet,n01914609_7821.jpg,0.25,0.25,0.25,0.25
EUVP_underwater_imagenet,n01914609_7824.jpg,0.25,0.25,0.25,0.25
EUVP_underwater_imagenet,n01914609_7835.jpg,0.25,0.25,0.25,0.25
EUVP_underwater_imagenet,n01914609_7897.jpg,0.25,0.25,0.25,0.25
EUVP_underwater_imagenet,n01914609_7915.jpg,0.25,0.25,0.25,0.25
EUVP_underwater_imagenet,n01914609_7919.jpg,0.25,0.25,0.25,0.25
EUVP_underwater_imagenet,n01914609_7933.jpg,0.25,0.25,0.25,0.25
EUVP_underwater_imagenet,n01914609_7937.jpg,0.25,0.25,0.25,0.25
EUVP_underwater_imagenet,n01914609_7948.jpg,0.25,0.25,0.25,0.25
EUVP_underwater_imagenet,n01914609_7959.jpg,0.25,0.25,0.25,0.25
EUVP_underwater_imagenet,n01914609_7967.jpg,0.25,0.25,0.25,0.25
EUVP_underwater_imagenet,n01914609_798.jpg,0.25,0.25,0.25,0.25
EUVP_underwater_imagenet,n01914609_799.jpg,0.25,0.25,0.25,0.25
EUVP_underwater_imagenet,n01914609_8004.jpg,0.25,0.25,0.25,0.25
EUVP_underwater_imagenet,n01914609_8022.jpg,0.25,0.25,0.25,0.25
EUVP_underwater_imagenet,n01914609_8040.jpg,0.25,0.25,0.25,0.25
EUVP_underwater_imagenet,n01914609_8094.jpg,0.25,0.25,0.25,0.25
EUVP_underwater_imagenet,n01914609_8098.jpg,0.25,0.25,0.25,0.25
EUVP_underwater_imagenet,n01914609_8122.jpg,0.25,0.25,0.25,0.25
EUVP_underwater_imagenet,n01914609_8139.jpg,0.25,0.25,0.25,0.25
EUVP_underwater_imagenet,n01914609_8144.jpg,0.25,0.25,0.25,0.25
EUVP_underwater_imagenet,n01914609_8158.jpg,0.25,0.25,0.25,0.25
EUVP_underwater_imagenet,n01914609_8171.jpg,0.25,0.25,0.25,0.25
EUVP_underwater_imagenet,n01914609_8178.jpg,0.25,0.25,0.25,0.25
EUVP_underwater_imagenet,n01914609_8181.jpg,0.25,0.25,0.25,0.25
EUVP_underwater_imagenet,n01914609_82.jpg,0.25,0.25,0.25,0.25
EUVP_underwater_imagenet,n01914609_8208.jpg,0.25,0.25,0.25,0.25
EUVP_underwater_imagenet,n01914609_8228.jpg,0.25,0.25,0.25,0.25
EUVP_underwater_imagenet,n01914609_8232.jpg,0.25,0.25,0.25,0.25
EUVP_underwater_imagenet,n01914609_8234.jpg,0.25,0.25,0.25,0.25
EUVP_underwater_imagenet,n01914609_8254.jpg,0.25,0.25,0.25,0.25
EUVP_underwater_imagenet,n01914609_8304.jpg,0.25,0.25,0.25,0.25
EUVP_underwater_imagenet,n01914609_8316.jpg,0.25,0.25,0.25,0.25
EUVP_underwater_imagenet,n01914609_834.jpg,0.25,0.25,0.25,0.25
EUVP_underwater_imagenet,n01914609_8351.jpg,0.25,0.25,0.25,0.25
EUVP_underwater_imagenet,n01914609_8352.jpg,0.25,0.25,0.25,0.25
EUVP_underwater_imagenet,n01914609_8355.jpg,0.25,0.25,0.25,0.25
EUVP_underwater_imagenet,n01914609_8359.jpg,0.25,0.25,0.25,0.25
EUVP_underwater_imagenet,n01914609_8371.jpg,0.25,0.25,0.25,0.25
EUVP_underwater_imagenet,n01914609_8372.jpg,0.25,0.25,0.25,0.25
EUVP_underwater_imagenet,n01914609_84.jpg,0.25,0.25,0.25,0.25
EUVP_underwater_imagenet,n01914609_8422.jpg,0.25,0.25,0.25,0.25
EUVP_underwater_imagenet,n01914609_8427.jpg,0.25,0.25,0.25,0.25
EUVP_underwater_imagenet,n01914609_8429.jpg,0.25,0.25,0.25,0.25
EUVP_underwater_imagenet,n01914609_8438.jpg,0.25,0.25,0.25,0.25
EUVP_underwater_imagenet,n01914609_844.jpg,0.25,0.25,0.25,0.25
EUVP_underwater_imagenet,n01914609_8454.jpg,0.25,0.25,0.25,0.25
EUVP_underwater_imagenet,n01914609_8478.jpg,0.25,0.25,0.25,0.25
EUVP_underwater_imagenet,n01914609_8483.jpg,0.25,0.25,0.25,0.25
EUVP_underwater_imagenet,n01914609_8497.jpg,0.25,0.25,0.25,0.25
EUVP_underwater_imagenet,n01914609_85.jpg,0.25,0.25,0.25,0.25
EUVP_underwater_imagenet,n01914609_8513.jpg,0.25,0.25,0.25,0.25
EUVP_underwater_imagenet,n01914609_8532.jpg,0.25,0.25,0.25,0.25
EUVP_underwater_imagenet,n01914609_8543.jpg,0.25,0.25,0.25,0.25
EUVP_underwater_imagenet,n01914609_8557.jpg,0.25,0.25,0.25,0.25
EUVP_underwater_imagenet,n01914609_8573.jpg,0.25,0.25,0.25,0.25
EUVP_underwater_imagenet,n01914609_8578.jpg,0.25,0.25,0.25,0.25
EUVP_underwater_imagenet,n01914609_8605.jpg,0.25,0.25,0.25,0.25
EUVP_underwater_imagenet,n01914609_8608.jpg,0.25,0.25,0.25,0.25
EUVP_underwater_imagenet,n01914609_8613.jpg,0.25,0.25,0.25,0.25
EUVP_underwater_imagenet,n01914609_8622.jpg,0.25,0.25,0.25,0.25
EUVP_underwater_imagenet,n01914609_8623.jpg,0.25,0.25,0.25,0.25
EUVP_underwater_imagenet,n01914609_8653.jpg,0.25,0.25,0.25,0.25
EUVP_underwater_imagenet,n01914609_8655.jpg,0.25,0.25,0.25,0.25
EUVP_underwater_imagenet,n01914609_8662.jpg,0.25,0.25,0.25,0.25
EUVP_underwater_imagenet,n01914609_8672.jpg,0.25,0.25,0.25,0.25
EUVP_underwater_imagenet,n01914609_8678.jpg,0.25,0.25,0.25,0.25
EUVP_underwater_imagenet,n01914609_868.jpg,0.25,0.25,0.25,0.25
EUVP_underwater_imagenet,n01914609_8696.jpg,0.25,0.25,0.25,0.25
EUVP_underwater_imagenet,n01914609_8715.jpg,0.25,0.25,0.25,0.25
EUVP_underwater_imagenet,n01914609_8716.jpg,0.25,0.25,0.25,0.25
EUVP_underwater_imagenet,n01914609_8750.jpg,0.25,0.25,0.25,0.25
EUVP_underwater_imagenet,n01914609_8763.jpg,0.25,0.25,0.25,0.25
EUVP_underwater_imagenet,n01914609_8790.jpg,0.25,0.25,0.25,0.25
EUVP_underwater_imagenet,n01914609_8799.jpg,0.25,0.25,0.25,0.25
EUVP_underwater_imagenet,n01914609_8800.jpg,0.25,0.25,0.25,0.25
EUVP_underwater_imagenet,n01914609_8887.jpg,0.25,0.25,0.25,0.25
EUVP_underwater_imagenet,n01914609_889.jpg,0.25,0.25,0.25,0.25
EUVP_underwater_imagenet,n01914609_8894.jpg,0.25,0.25,0.25,0.25
EUVP_underwater_imagenet,n01914609_8912.jpg,0.25,0.25,0.25,0.25
EUVP_underwater_imagenet,n01914609_8914.jpg,0.25,0.25,0.25,0.25
EUVP_underwater_imagenet,n01914609_8940.jpg,0.25,0.25,0.25,0.25
EUVP_underwater_imagenet,n01914609_8965.jpg,0.25,0.25,0.25,0.25
EUVP_underwater_imagenet,n01914609_8971.jpg,0.25,0.25,0.25,0.25
EUVP_underwater_imagenet,n01914609_8979.jpg,0.25,0.25,0.25,0.25
EUVP_underwater_imagenet,n01914609_8982.jpg,0.25,0.25,0.25,0.25
EUVP_underwater_imagenet,n01914609_8983.jpg,0.25,0.25,0.25,0.25
EUVP_underwater_imagenet,n01914609_8998.jpg,0.25,0.25,0.25,0.25
EUVP_underwater_imagenet,n01914609_8999.jpg,0.25,0.25,0.25,0.25
EUVP_underwater_imagenet,n01914609_9007.jpg,0.25,0.25,0.25,0.25
EUVP_underwater_imagenet,n01914609_9021.jpg,0.25,0.25,0.25,0.25
EUVP_underwater_imagenet,n01914609_9025.jpg,0.25,0.25,0.25,0.25
EUVP_underwater_imagenet,n01914609_904.jpg,0.25,0.25,0.25,0.25
EUVP_underwater_imagenet,n01914609_9062.jpg,0.25,0.25,0.25,0.25
EUVP_underwater_imagenet,n01914609_9103.jpg,0.25,0.25,0.25,0.25
EUVP_underwater_imagenet,n01914609_9105.jpg,0.25,0.25,0.25,0.25
EUVP_underwater_imagenet,n01914609_9140.jpg,0.25,0.25,0.25,0.25
EUVP_underwater_imagenet,n01914609_915.jpg,0.25,0.25,0.25,0.25
EUVP_underwater_imagenet,n01914609_9158.jpg,0.25,0.25,0.25,0.25
EUVP_underwater_imagenet,n01914609_9182.jpg,0.25,0.25,0.25,0.25
EUVP_underwater_imagenet,n01914609_9208.jpg,0.25,0.25,0.25,0.25
EUVP_underwater_imagenet,n01914609_9209.jpg,0.25,0.25,0.25,0.25
EUVP_underwater_imagenet,n01914609_9235.jpg,0.25,0.25,0.25,0.25
EUVP_underwater_imagenet,n01914609_9281.jpg,0.25,0.25,0.25,0.25
EUVP_underwater_imagenet,n01914609_9285.jpg,0.25,0.25,0.25,0.25
EUVP_underwater_imagenet,n01914609_9287.jpg,0.25,0.25,0.25,0.25
EUVP_underwater_imagenet,n01914609_9295.jpg,0.25,0.25,0.25,0.25
EUVP_underwater_imagenet,n01914609_9310.jpg,0.25,0.25,0.25,0.25
EUVP_underwater_imagenet,n01914609_9338.jpg,0.25,0.25,0.25,0.25
EUVP_underwater_imagenet,n01914609_9343.jpg,0.25,0.25,0.25,0.25
EUVP_underwater_imagenet,n01914609_9363.jpg,0.25,0.25,0.25,0.25
EUVP_underwater_imagenet,n01914609_9385.jpg,0.25,0.25,0.25,0.25
EUVP_underwater_imagenet,n01914609_9406.jpg,0.25,0.25,0.25,0.25
EUVP_underwater_imagenet,n01914609_9411.jpg,0.25,0.25,0.25,0.25
EUVP_underwater_imagenet,n01914609_9446.jpg,0.25,0.25,0.25,0.25
EUVP_underwater_imagenet,n01914609_9450.jpg,0.25,0.25,0.25,0.25
EUVP_underwater_imagenet,n01914609_9452.jpg,0.25,0.25,0.25,0.25
EUVP_underwater_imagenet,n01914609_952.jpg,0.25,0.25,0.25,0.25
EUVP_underwater_imagenet,n01914609_953.jpg,0.25,0.25,0.25,0.25
EUVP_underwater_imagenet,n01914609_9538.jpg,0.25,0.25,0.25,0.25
EUVP_underwater_imagenet,n01914609_9559.jpg,0.25,0.25,0.25,0.25
EUVP_underwater_imagenet,n01914609_956.jpg,0.25,0.25,0.25,0.25
EUVP_underwater_imagenet,n01914609_9560.jpg,0.25,0.25,0.25,0.25
EUVP_underwater_imagenet,n01914609_9568.jpg,0.25,0.25,0.25,0.25
EUVP_underwater_imagenet,n01914609_9569.jpg,0.25,0.25,0.25,0.25
EUVP_underwater_imagenet,n01914609_9570.jpg,0.25,0.25,0.25,0.25
EUVP_underwater_imagenet,n01914609_9576.jpg,0.25,0.25,0.25,0.25
EUVP_underwater_imagenet,n01914609_9632.jpg,0.25,0.25,0.25,0.25
EUVP_underwater_imagenet,n01914609_9639.jpg,0.25,0.25,0.25,0.25
EUVP_underwater_imagenet,n01914609_9650.jpg,0.25,0.25,0.25,0.25
EUVP_underwater_imagenet,n01914609_9669.jpg,0.25,0.25,0.25,0.25
EUVP_underwater_imagenet,n01914609_9678.jpg,0.25,0.25,0.25,0.25
EUVP_underwater_imagenet,n01914609_9694.jpg,0.25,0.25,0.25,0.25
EUVP_underwater_imagenet,n01914609_9739.jpg,0.25,0.25,0.25,0.25
EUVP_underwater_imagenet,n01914609_974.jpg,0.25,0.25,0.25,0.25
EUVP_underwater_imagenet,n01914609_9747.jpg,0.25,0.25,0.25,0.25
EUVP_underwater_imagenet,n01914609_9753.jpg,0.25,0.25,0.25,0.25
EUVP_underwater_imagenet,n01914609_9770.jpg,0.25,0.25,0.25,0.25
EUVP_underwater_imagenet,n01914609_9797.jpg,0.25,0.25,0.25,0.25
EUVP_underwater_imagenet,n01914609_9809.jpg,0.25,0.25,0.25,0.25
EUVP_underwater_imagenet,n01914609_9828.jpg,0.25,0.25,0.25,0.25
EUVP_underwater_imagenet,n01914609_9832.jpg,0.25,0.25,0.25,0.25
EUVP_underwater_imagenet,n01914609_9833.jpg,0.25,0.25,0.25,0.25
EUVP_underwater_imagenet,n01914609_9875.jpg,0.25,0.25,0.25,0.25
EUVP_underwater_imagenet,n01914609_9877.jpg,0.25,0.25,0.25,0.25
EUVP_underwater_imagenet,n01914609_9894.jpg,0.25,0.25,0.25,0.25
EUVP_underwater_imagenet,n01914609_9929.jpg,0.25,0.25,0.25,0.25
EUVP_underwater_imagenet,n01914609_9944.jpg,0.25,0.25,0.25,0.25
EUVP_underwater_imagenet,n01914609_9957.jpg,0.25,0.25,0.25,0.25
EUVP_underwater_imagenet,n01917289_1003.jpg,0.25,0.25,0.25,0.25
EUVP_underwater_imagenet,n01917289_1006.jpg,0.25,0.25,0.25,0.25
EUVP_underwater_imagenet,n01917289_1008.jpg,0.25,0.25,0.25,0.25
EUVP_underwater_imagenet,n01917289_1011.jpg,0.25,0.25,0.25,0.25
EUVP_underwater_imagenet,n01917289_1028.jpg,0.25,0.25,0.25,0.25
EUVP_underwater_imagenet,n01917289_1029.jpg,0.25,0.25,0.25,0.25
EUVP_underwater_imagenet,n01917289_1038.jpg,0.25,0.25,0.25,0.25
EUVP_underwater_imagenet,n01917289_1042.jpg,0.25,0.25,0.25,0.25
EUVP_underwater_imagenet,n01917289_105.jpg,0.25,0.25,0.25,0.25
EUVP_underwater_imagenet,n01917289_1053.jpg,0.25,0.25,0.25,0.25
EUVP_underwater_imagenet,n01917289_1057.jpg,0.25,0.25,0.25,0.25
EUVP_underwater_imagenet,n01917289_1061.jpg,0.25,0.25,0.25,0.25
EUVP_underwater_imagenet,n01917289_1066.jpg,0.25,0.25,0.25,0.25
EUVP_underwater_imagenet,n01917289_1069.jpg,0.25,0.25,0.25,0.25
EUVP_underwater_imagenet,n01917289_1070.jpg,0.25,0.25,0.25,0.25
EUVP_underwater_imagenet,n01917289_1076.jpg,0.25,0.25,0.25,0.25
EUVP_underwater_imagenet,n01917289_1077.jpg,0.25,0.25,0.25,0.25
EUVP_underwater_imagenet,n01917289_1079.jpg,0.25,0.25,0.25,0.25
EUVP_underwater_imagenet,n01917289_109.jpg,0.25,0.25,0.25,0.25
EUVP_underwater_imagenet,n01917289_1096.jpg,0.25,0.25,0.25,0.25
EUVP_underwater_imagenet,n01917289_110.jpg,0.25,0.25,0.25,0.25
EUVP_underwater_imagenet,n01917289_1100.jpg,0.25,0.25,0.25,0.25
EUVP_underwater_imagenet,n01917289_1108.jpg,0.25,0.25,0.25,0.25
EUVP_underwater_imagenet,n01917289_1116.jpg,0.25,0.25,0.25,0.25
EUVP_underwater_imagenet,n01917289_1120.jpg,0.25,0.25,0.25,0.25
EUVP_underwater_imagenet,n01917289_1124.jpg,0.25,0.25,0.25,0.25
EUVP_underwater_imagenet,n01917289_1125.jpg,0.25,0.25,0.25,0.25
EUVP_underwater_imagenet,n01917289_1131.jpg,0.25,0.25,0.25,0.25
EUVP_underwater_imagenet,n01917289_1138.jpg,0.25,0.25,0.25,0.25
EUVP_underwater_imagenet,n01917289_1142.jpg,0.25,0.25,0.25,0.25
EUVP_underwater_imagenet,n01917289_1144.jpg,0.25,0.25,0.25,0.25
EUVP_underwater_imagenet,n01917289_1153.jpg,0.25,0.25,0.25,0.25
EUVP_underwater_imagenet,n01917289_1154.jpg,0.25,0.25,0.25,0.25
EUVP_underwater_imagenet,n01917289_1155.jpg,0.25,0.25,0.25,0.25
EUVP_underwater_imagenet,n01917289_1156.jpg,0.25,0.25,0.25,0.25
EUVP_underwater_imagenet,n01917289_1163.jpg,0.25,0.25,0.25,0.25
EUVP_underwater_imagenet,n01917289_1172.jpg,0.25,0.25,0.25,0.25
EUVP_underwater_imagenet,n01917289_1178.jpg,0.25,0.25,0.25,0.25
EUVP_underwater_imagenet,n01917289_1180.jpg,0.25,0.25,0.25,0.25
EUVP_underwater_imagenet,n01917289_1184.jpg,0.25,0.25,0.25,0.25
EUVP_underwater_imagenet,n01917289_1186.jpg,0.25,0.25,0.25,0.25
EUVP_underwater_imagenet,n01917289_1191.jpg,0.25,0.25,0.25,0.25
EUVP_underwater_imagenet,n01917289_120.jpg,0.25,0.25,0.25,0.25
EUVP_underwater_imagenet,n01917289_1202.jpg,0.25,0.25,0.25,0.25
EUVP_underwater_imagenet,n01917289_1205.jpg,0.25,0.25,0.25,0.25
EUVP_underwater_imagenet,n01917289_1206.jpg,0.25,0.25,0.25,0.25
EUVP_underwater_imagenet,n01917289_1207.jpg,0.25,0.25,0.25,0.25
EUVP_underwater_imagenet,n01917289_1224.jpg,0.25,0.25,0.25,0.25
EUVP_underwater_imagenet,n01917289_1225.jpg,0.25,0.25,0.25,0.25
EUVP_underwater_imagenet,n01917289_1232.jpg,0.25,0.25,0.25,0.25
EUVP_underwater_imagenet,n01917289_124.jpg,0.25,0.25,0.25,0.25
EUVP_underwater_imagenet,n01917289_1250.jpg,0.25,0.25,0.25,0.25
EUVP_underwater_imagenet,n01917289_1252.jpg,0.25,0.25,0.25,0.25
EUVP_underwater_imagenet,n01917289_1255.jpg,0.25,0.25,0.25,0.25
EUVP_underwater_imagenet,n01917289_1260.jpg,0.25,0.25,0.25,0.25
EUVP_underwater_imagenet,n01917289_1273.jpg,0.25,0.25,0.25,0.25
EUVP_underwater_imagenet,n01917289_1286.jpg,0.25,0.25,0.25,0.25
EUVP_underwater_imagenet,n01917289_1291.jpg,0.25,0.25,0.25,0.25
EUVP_underwater_imagenet,n01917289_1292.jpg,0.25,0.25,0.25,0.25
EUVP_underwater_imagenet,n01917289_1293.jpg,0.25,0.25,0.25,0.25
EUVP_underwater_imagenet,n01917289_1319.jpg,0.25,0.25,0.25,0.25
EUVP_underwater_imagenet,n01917289_1325.jpg,0.25,0.25,0.25,0.25
EUVP_underwater_imagenet,n01917289_1326.jpg,0.25,0.25,0.25,0.25
EUVP_underwater_imagenet,n01917289_1329.jpg,0.25,0.25,0.25,0.25
EUVP_underwater_imagenet,n01917289_1337.jpg,0.25,0.25,0.25,0.25
EUVP_underwater_imagenet,n01917289_1346.jpg,0.25,0.25,0.25,0.25
EUVP_underwater_imagenet,n01917289_1372.jpg,0.25,0.25,0.25,0.25
EUVP_underwater_imagenet,n01917289_1380.jpg,0.25,0.25,0.25,0.25
EUVP_underwater_imagenet,n01917289_1383.jpg,0.25,0.25,0.25,0.25
EUVP_underwater_imagenet,n01917289_1395.jpg,0.25,0.25,0.25,0.25
EUVP_underwater_imagenet,n01917289_1405.jpg,0.25,0.25,0.25,0.25
EUVP_underwater_imagenet,n01917289_1406.jpg,0.25,0.25,0.25,0.25
EUVP_underwater_imagenet,n01917289_1410.jpg,0.25,0.25,0.25,0.25
EUVP_underwater_imagenet,n01917289_1411.jpg,0.25,0.25,0.25,0.25
EUVP_underwater_imagenet,n01917289_1419.jpg,0.25,0.25,0.25,0.25
EUVP_underwater_imagenet,n01917289_1432.jpg,0.25,0.25,0.25,0.25
EUVP_underwater_imagenet,n01917289_1439.jpg,0.25,0.25,0.25,0.25
EUVP_underwater_imagenet,n01917289_1444.jpg,0.25,0.25,0.25,0.25
EUVP_underwater_imagenet,n01917289_1460.jpg,0.25,0.25,0.25,0.25
EUVP_underwater_imagenet,n01917289_1479.jpg,0.25,0.25,0.25,0.25
EUVP_underwater_imagenet,n01917289_1483.jpg,0.25,0.25,0.25,0.25
EUVP_underwater_imagenet,n01917289_1485.jpg,0.25,0.25,0.25,0.25
EUVP_underwater_imagenet,n01917289_1519.jpg,0.25,0.25,0.25,0.25
EUVP_underwater_imagenet,n01917289_1522.jpg,0.25,0.25,0.25,0.25
EUVP_underwater_imagenet,n01917289_1532.jpg,0.25,0.25,0.25,0.25
EUVP_underwater_imagenet,n01917289_1533.jpg,0.25,0.25,0.25,0.25
EUVP_underwater_imagenet,n01917289_1556.jpg,0.25,0.25,0.25,0.25
EUVP_underwater_imagenet,n01917289_1562.jpg,0.25,0.25,0.25,0.25
EUVP_underwater_imagenet,n01917289_1581.jpg,0.25,0.25,0.25,0.25
EUVP_underwater_imagenet,n01917289_1587.jpg,0.25,0.25,0.25,0.25
EUVP_underwater_imagenet,n01917289_1589.jpg,0.25,0.25,0.25,0.25
EUVP_underwater_imagenet,n01917289_1593.jpg,0.25,0.25,0.25,0.25
EUVP_underwater_imagenet,n01917289_1596.jpg,0.25,0.25,0.25,0.25
EUVP_underwater_imagenet,n01917289_1600.jpg,0.25,0.25,0.25,0.25
EUVP_underwater_imagenet,n01917289_161.jpg,0.25,0.25,0.25,0.25
EUVP_underwater_imagenet,n01917289_1614.jpg,0.25,0.25,0.25,0.25
EUVP_underwater_imagenet,n01917289_1622.jpg,0.25,0.25,0.25,0.25
EUVP_underwater_imagenet,n01917289_1636.jpg,0.25,0.25,0.25,0.25
EUVP_underwater_imagenet,n01917289_1661.jpg,0.25,0.25,0.25,0.25
EUVP_underwater_imagenet,n01917289_1665.jpg,0.25,0.25,0.25,0.25
EUVP_underwater_imagenet,n01917289_1675.jpg,0.25,0.25,0.25,0.25
EUVP_underwater_imagenet,n01917289_1682.jpg,0.25,0.25,0.25,0.25
EUVP_underwater_imagenet,n01917289_169.jpg,0.25,0.25,0.25,0.25
EUVP_underwater_imagenet,n01917289_1699.jpg,0.25,0.25,0.25,0.25
EUVP_underwater_imagenet,n01917289_170.jpg,0.25,0.25,0.25,0.25
EUVP_underwater_imagenet,n01917289_1701.jpg,0.25,0.25,0.25,0.25
EUVP_underwater_imagenet,n01917289_1710.jpg,0.25,0.25,0.25,0.25
EUVP_underwater_imagenet,n01917289_1712.jpg,0.25,0.25,0.25,0.25
EUVP_underwater_imagenet,n01917289_1723.jpg,0.25,0.25,0.25,0.25
EUVP_underwater_imagenet,n01917289_1729.jpg,0.25,0.25,0.25,0.25
EUVP_underwater_imagenet,n01917289_1756.jpg,0.25,0.25,0.25,0.25
EUVP_underwater_imagenet,n01917289_176.jpg,0.25,0.25,0.25,0.25
EUVP_underwater_imagenet,n01917289_1765.jpg,0.25,0.25,0.25,0.25
EUVP_underwater_imagenet,n01917289_1769.jpg,0.25,0.25,0.25,0.25
EUVP_underwater_imagenet,n01917289_1770.jpg,0.25,0.25,0.25,0.25
EUVP_underwater_imagenet,n01917289_1772.jpg,0.25,0.25,0.25,0.25
EUVP_underwater_imagenet,n01917289_1784.jpg,0.25,0.25,0.25,0.25
EUVP_underwater_imagenet,n01917289_1796.jpg,0.25,0.25,0.25,0.25
EUVP_underwater_imagenet,n01917289_1797.jpg,0.25,0.25,0.25,0.25
EUVP_underwater_imagenet,n01917289_1799.jpg,0.25,0.25,0.25,0.25
EUVP_underwater_imagenet,n01917289_18.jpg,0.25,0.25,0.25,0.25
EUVP_underwater_imagenet,n01917289_1800.jpg,0.25,0.25,0.25,0.25
EUVP_underwater_imagenet,n01917289_1806.jpg,0.25,0.25,0.25,0.25
EUVP_underwater_imagenet,n01917289_1811.jpg,0.25,0.25,0.25,0.25
EUVP_underwater_imagenet,n01917289_1816.jpg,0.25,0.25,0.25,0.25
EUVP_underwater_imagenet,n01917289_1824.jpg,0.25,0.25,0.25,0.25
EUVP_underwater_imagenet,n01917289_1830.jpg,0.25,0.25,0.25,0.25
EUVP_underwater_imagenet,n01917289_1832.jpg,0.25,0.25,0.25,0.25
EUVP_underwater_imagenet,n01917289_1833.jpg,0.25,0.25,0.25,0.25
EUVP_underwater_imagenet,n01917289_1836.jpg,0.25,0.25,0.25,0.25
EUVP_underwater_imagenet,n01917289_1841.jpg,0.25,0.25,0.25,0.25
EUVP_underwater_imagenet,n01917289_1857.jpg,0.25,0.25,0.25,0.25
EUVP_underwater_imagenet,n01917289_1861.jpg,0.25,0.25,0.25,0.25
EUVP_underwater_imagenet,n01917289_1892.jpg,0.25,0.25,0.25,0.25
EUVP_underwater_imagenet,n01917289_1896.jpg,0.25,0.25,0.25,0.25
EUVP_underwater_imagenet,n01917289_1898.jpg,0.25,0.25,0.25,0.25
EUVP_underwater_imagenet,n01917289_1901.jpg,0.25,0.25,0.25,0.25
EUVP_underwater_imagenet,n01917289_1910.jpg,0.25,0.25,0.25,0.25
EUVP_underwater_imagenet,n01917289_1915.jpg,0.25,0.25,0.25,0.25
EUVP_underwater_imagenet,n01917289_192.jpg,0.25,0.25,0.25,0.25
EUVP_underwater_imagenet,n01917289_1920.jpg,0.25,0.25,0.25,0.25
EUVP_underwater_imagenet,n01917289_1928.jpg,0.25,0.25,0.25,0.25
EUVP_underwater_imagenet,n01917289_1935.jpg,0.25,0.25,0.25,0.25
EUVP_underwater_imagenet,n01917289_1939.jpg,0.25,0.25,0.25,0.25
EUVP_underwater_imagenet,n01917289_1945.jpg,0.25,0.25,0.25,0.25
EUVP_underwater_imagenet,n01917289_1948.jpg,0.25,0.25,0.25,0.25
EUVP_underwater_imagenet,n01917289_1953.jpg,0.25,0.25,0.25,0.25
EUVP_underwater_imagenet,n01917289_1967.jpg,0.25,0.25,0.25,0.25
EUVP_underwater_imagenet,n01917289_199.jpg,0.25,0.25,0.25,0.25
EUVP_underwater_imagenet,n01917289_1990.jpg,0.25,0.25,0.25,0.25
EUVP_underwater_imagenet,n01917289_1993.jpg,0.25,0.25,0.25,0.25
EUVP_underwater_imagenet,n01917289_200.jpg,0.25,0.25,0.25,0.25
EUVP_underwater_imagenet,n01917289_2027.jpg,0.25,0.25,0.25,0.25
EUVP_underwater_imagenet,n01917289_203.jpg,0.25,0.25,0.25,0.25
EUVP_underwater_imagenet,n01917289_2033.jpg,0.25,0.25,0.25,0.25
EUVP_underwater_imagenet,n01917289_2046.jpg,0.25,0.25,0.25,0.25
EUVP_underwater_imagenet,n01917289_2073.jpg,0.25,0.25,0.25,0.25
EUVP_underwater_imagenet,n01917289_2079.jpg,0.25,0.25,0.25,0.25
EUVP_underwater_imagenet,n01917289_2084.jpg,0.25,0.25,0.25,0.25
EUVP_underwater_imagenet,n01917289_2088.jpg,0.25,0.25,0.25,0.25
EUVP_underwater_imagenet,n01917289_2099.jpg,0.25,0.25,0.25,0.25
EUVP_underwater_imagenet,n01917289_21.jpg,0.25,0.25,0.25,0.25
EUVP_underwater_imagenet,n01917289_210.jpg,0.25,0.25,0.25,0.25
EUVP_underwater_imagenet,n01917289_2103.jpg,0.25,0.25,0.25,0.25
EUVP_underwater_imagenet,n01917289_2105.jpg,0.25,0.25,0.25,0.25
EUVP_underwater_imagenet,n01917289_2106.jpg,0.25,0.25,0.25,0.25
EUVP_underwater_imagenet,n01917289_211.jpg,0.25,0.25,0.25,0.25
EUVP_underwater_imagenet,n01917289_2111.jpg,0.25,0.25,0.25,0.25
EUVP_underwater_imagenet,n01917289_2113.jpg,0.25,0.25,0.25,0.25
EUVP_underwater_imagenet,n01917289_212.jpg,0.25,0.25,0.25,0.25
EUVP_underwater_imagenet,n01917289_2121.jpg,0.25,0.25,0.25,0.25
EUVP_underwater_imagenet,n01917289_2126.jpg,0.25,0.25,0.25,0.25
EUVP_underwater_imagenet,n01917289_2129.jpg,0.25,0.25,0.25,0.25
EUVP_underwater_imagenet,n01917289_2134.jpg,0.25,0.25,0.25,0.25
EUVP_underwater_imagenet,n01917289_2143.jpg,0.25,0.25,0.25,0.25
EUVP_underwater_imagenet,n01917289_2145.jpg,0.25,0.25,0.25,0.25
EUVP_underwater_imagenet,n01917289_2152.jpg,0.25,0.25,0.25,0.25
EUVP_underwater_imagenet,n01917289_2159.jpg,0.25,0.25,0.25,0.25
EUVP_underwater_imagenet,n01917289_218.jpg,0.25,0.25,0.25,0.25
EUVP_underwater_imagenet,n01917289_2180.jpg,0.25,0.25,0.25,0.25
EUVP_underwater_imagenet,n01917289_2183.jpg,0.25,0.25,0.25,0.25
EUVP_underwater_imagenet,n01917289_2191.jpg,0.25,0.25,0.25,0.25
EUVP_underwater_imagenet,n01917289_2195.jpg,0.25,0.25,0.25,0.25
EUVP_underwater_imagenet,n01917289_220.jpg,0.25,0.25,0.25,0.25
EUVP_underwater_imagenet,n01917289_2203.jpg,0.25,0.25,0.25,0.25
EUVP_underwater_imagenet,n01917289_2204.jpg,0.25,0.25,0.25,0.25
EUVP_underwater_imagenet,n01917289_2205.jpg,0.25,0.25,0.25,0.25
EUVP_underwater_imagenet,n01917289_2209.jpg,0.25,0.25,0.25,0.25
EUVP_underwater_imagenet,n01917289_2210.jpg,0.25,0.25,0.25,0.25
EUVP_underwater_imagenet,n01917289_2224.jpg,0.25,0.25,0.25,0.25
EUVP_underwater_imagenet,n01917289_2225.jpg,0.25,0.25,0.25,0.25
EUVP_underwater_imagenet,n01917289_2226.jpg,0.25,0.25,0.25,0.25
EUVP_underwater_imagenet,n01917289_2236.jpg,0.25,0.25,0.25,0.25
EUVP_underwater_imagenet,n01917289_2237.jpg,0.25,0.25,0.25,0.25
EUVP_underwater_imagenet,n01917289_2243.jpg,0.25,0.25,0.25,0.25
EUVP_underwater_imagenet,n01917289_225.jpg,0.25,0.25,0.25,0.25
EUVP_underwater_imagenet,n01917289_2261.jpg,0.25,0.25,0.25,0.25
EUVP_underwater_imagenet,n01917289_2269.jpg,0.25,0.25,0.25,0.25
EUVP_underwater_imagenet,n01917289_2287.jpg,0.25,0.25,0.25,0.25
EUVP_underwater_imagenet,n01917289_2292.jpg,0.25,0.25,0.25,0.25
EUVP_underwater_imagenet,n01917289_23.jpg,0.25,0.25,0.25,0.25
EUVP_underwater_imagenet,n01917289_2306.jpg,0.25,0.25,0.25,0.25
EUVP_underwater_imagenet,n01917289_2332.jpg,0.25,0.25,0.25,0.25
EUVP_underwater_imagenet,n01917289_2335.jpg,0.25,0.25,0.25,0.25
EUVP_underwater_imagenet,n01917289_2337.jpg,0.25,0.25,0.25,0.25
EUVP_underwater_imagenet,n01917289_2341.jpg,0.25,0.25,0.25,0.25
EUVP_underwater_imagenet,n01917289_2344.jpg,0.25,0.25,0.25,0.25
EUVP_underwater_imagenet,n01917289_235.jpg,0.25,0.25,0.25,0.25
EUVP_underwater_imagenet,n01917289_2359.jpg,0.25,0.25,0.25,0.25
EUVP_underwater_imagenet,n01917289_2371.jpg,0.25,0.25,0.25,0.25
EUVP_underwater_imagenet,n01917289_2372.jpg,0.25,0.25,0.25,0.25
EUVP_underwater_imagenet,n01917289_2375.jpg,0.25,0.25,0.25,0.25
EUVP_underwater_imagenet,n01917289_2379.jpg,0.25,0.25,0.25,0.25
EUVP_underwater_imagenet,n01917289_2386.jpg,0.25,0.25,0.25,0.25
EUVP_underwater_imagenet,n01917289_2392.jpg,0.25,0.25,0.25,0.25
EUVP_underwater_imagenet,n01917289_2400.jpg,0.25,0.25,0.25,0.25
EUVP_underwater_imagenet,n01917289_2403.jpg,0.25,0.25,0.25,0.25
EUVP_underwater_imagenet,n01917289_2409.jpg,0.25,0.25,0.25,0.25
EUVP_underwater_imagenet,n01917289_241.jpg,0.25,0.25,0.25,0.25
EUVP_underwater_imagenet,n01917289_2418.jpg,0.25,0.25,0.25,0.25
EUVP_underwater_imagenet,n01917289_2426.jpg,0.25,0.25,0.25,0.25
EUVP_underwater_imagenet,n01917289_2430.jpg,0.25,0.25,0.25,0.25
EUVP_underwater_imagenet,n01917289_2453.jpg,0.25,0.25,0.25,0.25
EUVP_underwater_imagenet,n01917289_2464.jpg,0.25,0.25,0.25,0.25
EUVP_underwater_imagenet,n01917289_2482.jpg,0.25,0.25,0.25,0.25
EUVP_underwater_imagenet,n01917289_2484.jpg,0.25,0.25,0.25,0.25
EUVP_underwater_imagenet,n01917289_2489.jpg,0.25,0.25,0.25,0.25
EUVP_underwater_imagenet,n01917289_2498.jpg,0.25,0.25,0.25,0.25
EUVP_underwater_imagenet,n01917289_2509.jpg,0.25,0.25,0.25,0.25
EUVP_underwater_imagenet,n01917289_251.jpg,0.25,0.25,0.25,0.25
EUVP_underwater_imagenet,n01917289_2511.jpg,0.25,0.25,0.25,0.25
EUVP_underwater_imagenet,n01917289_2515.jpg,0.25,0.25,0.25,0.25
EUVP_underwater_imagenet,n01917289_2517.jpg,0.25,0.25,0.25,0.25
EUVP_underwater_imagenet,n01917289_2521.jpg,0.25,0.25,0.25,0.25
EUVP_underwater_imagenet,n01917289_2527.jpg,0.25,0.25,0.25,0.25
EUVP_underwater_imagenet,n01917289_2529.jpg,0.25,0.25,0.25,0.25
EUVP_underwater_imagenet,n01917289_2536.jpg,0.25,0.25,0.25,0.25
EUVP_underwater_imagenet,n01917289_2543.jpg,0.25,0.25,0.25,0.25
EUVP_underwater_imagenet,n01917289_2546.jpg,0.25,0.25,0.25,0.25
EUVP_underwater_imagenet,n01917289_255.jpg,0.25,0.25,0.25,0.25
EUVP_underwater_imagenet,n01917289_2559.jpg,0.25,0.25,0.25,0.25
EUVP_underwater_imagenet,n01917289_2561.jpg,0.25,0.25,0.25,0.25
EUVP_underwater_imagenet,n01917289_2572.jpg,0.25,0.25,0.25,0.25
EUVP_underwater_imagenet,n01917289_2578.jpg,0.25,0.25,0.25,0.25
EUVP_underwater_imagenet,n01917289_2580.jpg,0.25,0.25,0.25,0.25
EUVP_underwater_imagenet,n01917289_2610.jpg,0.25,0.25,0.25,0.25
EUVP_underwater_imagenet,n01917289_262.jpg,0.25,0.25,0.25,0.25
EUVP_underwater_imagenet,n01917289_2621.jpg,0.25,0.25,0.25,0.25
EUVP_underwater_imagenet,n01917289_2627.jpg,0.25,0.25,0.25,0.25
EUVP_underwater_imagenet,n01917289_2628.jpg,0.25,0.25,0.25,0.25
EUVP_underwater_imagenet,n01917289_2645.jpg,0.25,0.25,0.25,0.25
EUVP_underwater_imagenet,n01917289_2663.jpg,0.25,0.25,0.25,0.25
EUVP_underwater_imagenet,n01917289_2671.jpg,0.25,0.25,0.25,0.25
EUVP_underwater_imagenet,n01917289_2677.jpg,0.25,0.25,0.25,0.25
EUVP_underwater_imagenet,n01917289_2692.jpg,0.25,0.25,0.25,0.25
EUVP_underwater_imagenet,n01917289_2693.jpg,0.25,0.25,0.25,0.25
EUVP_underwater_imagenet,n01917289_2697.jpg,0.25,0.25,0.25,0.25
EUVP_underwater_imagenet,n01917289_273.jpg,0.25,0.25,0.25,0.25
EUVP_underwater_imagenet,n01917289_2743.jpg,0.25,0.25,0.25,0.25
EUVP_underwater_imagenet,n01917289_2750.jpg,0.25,0.25,0.25,0.25
EUVP_underwater_imagenet,n01917289_2755.jpg,0.25,0.25,0.25,0.25
EUVP_underwater_imagenet,n01917289_2794.jpg,0.25,0.25,0.25,0.25
EUVP_underwater_imagenet,n01917289_2795.jpg,0.25,0.25,0.25,0.25
EUVP_underwater_imagenet,n01917289_28.jpg,0.25,0.25,0.25,0.25
EUVP_underwater_imagenet,n01917289_281.jpg,0.25,0.25,0.25,0.25
EUVP_underwater_imagenet,n01917289_2814.jpg,0.25,0.25,0.25,0.25
EUVP_underwater_imagenet,n01917289_2824.jpg,0.25,0.25,0.25,0.25
EUVP_underwater_imagenet,n01917289_2827.jpg,0.25,0.25,0.25,0.25
EUVP_underwater_imagenet,n01917289_2835.jpg,0.25,0.25,0.25,0.25
EUVP_underwater_imagenet,n01917289_2837.jpg,0.25,0.25,0.25,0.25
EUVP_underwater_imagenet,n01917289_284.jpg,0.25,0.25,0.25,0.25
EUVP_underwater_imagenet,n01917289_2841.jpg,0.25,0.25,0.25,0.25
EUVP_underwater_imagenet,n01917289_2845.jpg,0.25,0.25,0.25,0.25
EUVP_underwater_imagenet,n01917289_2849.jpg,0.25,0.25,0.25,0.25
EUVP_underwater_imagenet,n01917289_285.jpg,0.25,0.25,0.25,0.25
EUVP_underwater_imagenet,n01917289_2857.jpg,0.25,0.25,0.25,0.25
EUVP_underwater_imagenet,n01917289_2862.jpg,0.25,0.25,0.25,0.25
EUVP_underwater_imagenet,n01917289_2866.jpg,0.25,0.25,0.25,0.25
EUVP_underwater_imagenet,n01917289_2867.jpg,0.25,0.25,0.25,0.25
EUVP_underwater_imagenet,n01917289_2876.jpg,0.25,0.25,0.25,0.25
EUVP_underwater_imagenet,n01917289_2881.jpg,0.25,0.25,0.25,0.25
EUVP_underwater_imagenet,n01917289_2893.jpg,0.25,0.25,0.25,0.25
EUVP_underwater_imagenet,n01917289_2894.jpg,0.25,0.25,0.25,0.25
EUVP_underwater_imagenet,n01917289_2896.jpg,0.25,0.25,0.25,0.25
EUVP_underwater_imagenet,n01917289_2898.jpg,0.25,0.25,0.25,0.25
EUVP_underwater_imagenet,n01917289_2903.jpg,0.25,0.25,0.25,0.25
EUVP_underwater_imagenet,n01917289_291.jpg,0.25,0.25,0.25,0.25
EUVP_underwater_imagenet,n01917289_2919.jpg,0.25,0.25,0.25,0.25
EUVP_underwater_imagenet,n01917289_2925.jpg,0.25,0.25,0.25,0.25
EUVP_underwater_imagenet,n01917289_2936.jpg,0.25,0.25,0.25,0.25
EUVP_underwater_imagenet,n01917289_2950.jpg,0.25,0.25,0.25,0.25
EUVP_underwater_imagenet,n01917289_2953.jpg,0.25,0.25,0.25,0.25
EUVP_underwater_imagenet,n01917289_2963.jpg,0.25,0.25,0.25,0.25
EUVP_underwater_imagenet,n01917289_2968.jpg,0.25,0.25,0.25,0.25
EUVP_underwater_imagenet,n01917289_297.jpg,0.25,0.25,0.25,0.25
EUVP_underwater_imagenet,n01917289_2974.jpg,0.25,0.25,0.25,0.25
EUVP_underwater_imagenet,n01917289_2976.jpg,0.25,0.25,0.25,0.25
EUVP_underwater_imagenet,n01917289_3014.jpg,0.25,0.25,0.25,0.25
EUVP_underwater_imagenet,n01917289_3019.jpg,0.25,0.25,0.25,0.25
EUVP_underwater_imagenet,n01917289_302.jpg,0.25,0.25,0.25,0.25
EUVP_underwater_imagenet,n01917289_3037.jpg,0.25,0.25,0.25,0.25
EUVP_underwater_imagenet,n01917289_3047.jpg,0.25,0.25,0.25,0.25
EUVP_underwater_imagenet,n01917289_305.jpg,0.25,0.25,0.25,0.25
EUVP_underwater_imagenet,n01917289_3052.jpg,0.25,0.25,0.25,0.25
EUVP_underwater_imagenet,n01917289_3053.jpg,0.25,0.25,0.25,0.25
EUVP_underwater_imagenet,n01917289_3055.jpg,0.25,0.25,0.25,0.25
EUVP_underwater_imagenet,n01917289_3061.jpg,0.25,0.25,0.25,0.25
EUVP_underwater_imagenet,n01917289_3063.jpg,0.25,0.25,0.25,0.25
EUVP_underwater_imagenet,n01917289_3074.jpg,0.25,0.25,0.25,0.25
EUVP_underwater_imagenet,n01917289_3080.jpg,0.25,0.25,0.25,0.25
EUVP_underwater_imagenet,n01917289_3085.jpg,0.25,0.25,0.25,0.25
EUVP_underwater_imagenet,n01917289_3089.jpg,0.25,0.25,0.25,0.25
EUVP_underwater_imagenet,n01917289_309.jpg,0.25,0.25,0.25,0.25
EUVP_underwater_imagenet,n01917289_310.jpg,0.25,0.25,0.25,0.25
EUVP_underwater_imagenet,n01917289_3102.jpg,0.25,0.25,0.25,0.25
EUVP_underwater_imagenet,n01917289_315.jpg,0.25,0.25,0.25,0.25
EUVP_underwater_imagenet,n01917289_3163.jpg,0.25,0.25,0.25,0.25
EUVP_underwater_imagenet,n01917289_3169.jpg,0.25,0.25,0.25,0.25
EUVP_underwater_imagenet,n01917289_3172.jpg,0.25,0.25,0.25,0.25
EUVP_underwater_imagenet,n01917289_3174.jpg,0.25,0.25,0.25,0.25
EUVP_underwater_imagenet,n01917289_319.jpg,0.25,0.25,0.25,0.25
EUVP_underwater_imagenet,n01917289_3205.jpg,0.25,0.25,0.25,0.25
EUVP_underwater_imagenet,n01917289_3240.jpg,0.25,0.25,0.25,0.25
EUVP_underwater_imagenet,n01917289_3251.jpg,0.25,0.25,0.25,0.25
EUVP_underwater_imagenet,n01917289_3254.jpg,0.25,0.25,0.25,0.25
EUVP_underwater_imagenet,n01917289_3260.jpg,0.25,0.25,0.25,0.25
EUVP_underwater_imagenet,n01917289_3272.jpg,0.25,0.25,0.25,0.25
EUVP_underwater_imagenet,n01917289_3274.jpg,0.25,0.25,0.25,0.25
EUVP_underwater_imagenet,n01917289_3276.jpg,0.25,0.25,0.25,0.25
EUVP_underwater_imagenet,n01917289_3285.jpg,0.25,0.25,0.25,0.25
EUVP_underwater_imagenet,n01917289_3297.jpg,0.25,0.25,0.25,0.25
EUVP_underwater_imagenet,n01917289_3303.jpg,0.25,0.25,0.25,0.25
EUVP_underwater_imagenet,n01917289_3308.jpg,0.25,0.25,0.25,0.25
EUVP_underwater_imagenet,n01917289_3317.jpg,0.25,0.25,0.25,0.25
EUVP_underwater_imagenet,n01917289_3320.jpg,0.25,0.25,0.25,0.25
EUVP_underwater_imagenet,n01917289_3322.jpg,0.25,0.25,0.25,0.25
EUVP_underwater_imagenet,n01917289_3324.jpg,0.25,0.25,0.25,0.25
EUVP_underwater_imagenet,n01917289_3329.jpg,0.25,0.25,0.25,0.25
EUVP_underwater_imagenet,n01917289_3330.jpg,0.25,0.25,0.25,0.25
EUVP_underwater_imagenet,n01917289_3337.jpg,0.25,0.25,0.25,0.25
EUVP_underwater_imagenet,n01917289_3339.jpg,0.25,0.25,0.25,0.25
EUVP_underwater_imagenet,n01917289_3347.jpg,0.25,0.25,0.25,0.25
EUVP_underwater_imagenet,n01917289_3366.jpg,0.25,0.25,0.25,0.25
EUVP_underwater_imagenet,n01917289_3377.jpg,0.25,0.25,0.25,0.25
EUVP_underwater_imagenet,n01917289_3398.jpg,0.25,0.25,0.25,0.25
EUVP_underwater_imagenet,n01917289_3399.jpg,0.25,0.25,0.25,0.25
EUVP_underwater_imagenet,n01917289_340.jpg,0.25,0.25,0.25,0.25
EUVP_underwater_imagenet,n01917289_3405.jpg,0.25,0.25,0.25,0.25
EUVP_underwater_imagenet,n01917289_3417.jpg,0.25,0.25,0.25,0.25
EUVP_underwater_imagenet,n01917289_3425.jpg,0.25,0.25,0.25,0.25
EUVP_underwater_imagenet,n01917289_3427.jpg,0.25,0.25,0.25,0.25
EUVP_underwater_imagenet,n01917289_343.jpg,0.25,0.25,0.25,0.25
EUVP_underwater_imagenet,n01917289_3432.jpg,0.25,0.25,0.25,0.25
EUVP_underwater_imagenet,n01917289_3433.jpg,0.25,0.25,0.25,0.25
EUVP_underwater_imagenet,n01917289_3436.jpg,0.25,0.25,0.25,0.25
EUVP_underwater_imagenet,n01917289_345.jpg,0.25,0.25,0.25,0.25
EUVP_underwater_imagenet,n01917289_3469.jpg,0.25,0.25,0.25,0.25
EUVP_underwater_imagenet,n01917289_3482.jpg,0.25,0.25,0.25,0.25
EUVP_underwater_imagenet,n01917289_349.jpg,0.25,0.25,0.25,0.25
EUVP_underwater_imagenet,n01917289_3492.jpg,0.25,0.25,0.25,0.25
EUVP_underwater_imagenet,n01917289_3494.jpg,0.25,0.25,0.25,0.25
EUVP_underwater_imagenet,n01917289_3496.jpg,0.25,0.25,0.25,0.25
EUVP_underwater_imagenet,n01917289_3499.jpg,0.25,0.25,0.25,0.25
EUVP_underwater_imagenet,n01917289_3509.jpg,0.25,0.25,0.25,0.25
EUVP_underwater_imagenet,n01917289_3510.jpg,0.25,0.25,0.25,0.25
EUVP_underwater_imagenet,n01917289_3519.jpg,0.25,0.25,0.25,0.25
EUVP_underwater_imagenet,n01917289_352.jpg,0.25,0.25,0.25,0.25
EUVP_underwater_imagenet,n01917289_3523.jpg,0.25,0.25,0.25,0.25
EUVP_underwater_imagenet,n01917289_3526.jpg,0.25,0.25,0.25,0.25
EUVP_underwater_imagenet,n01917289_3539.jpg,0.25,0.25,0.25,0.25
EUVP_underwater_imagenet,n01917289_3543.jpg,0.25,0.25,0.25,0.25
EUVP_underwater_imagenet,n01917289_3559.jpg,0.25,0.25,0.25,0.25
EUVP_underwater_imagenet,n01917289_3584.jpg,0.25,0.25,0.25,0.25
EUVP_underwater_imagenet,n01917289_3586.jpg,0.25,0.25,0.25,0.25
EUVP_underwater_imagenet,n01917289_3594.jpg,0.25,0.25,0.25,0.25
EUVP_underwater_imagenet,n01917289_3599.jpg,0.25,0.25,0.25,0.25
EUVP_underwater_imagenet,n01917289_3604.jpg,0.25,0.25,0.25,0.25
EUVP_underwater_imagenet,n01917289_3605.jpg,0.25,0.25,0.25,0.25
EUVP_underwater_imagenet,n01917289_3608.jpg,0.25,0.25,0.25,0.25
EUVP_underwater_imagenet,n01917289_361.jpg,0.25,0.25,0.25,0.25
EUVP_underwater_imagenet,n01917289_3612.jpg,0.25,0.25,0.25,0.25
EUVP_underwater_imagenet,n01917289_362.jpg,0.25,0.25,0.25,0.25
EUVP_underwater_imagenet,n01917289_364.jpg,0.25,0.25,0.25,0.25
EUVP_underwater_imagenet,n01917289_3651.jpg,0.25,0.25,0.25,0.25
EUVP_underwater_imagenet,n01917289_3655.jpg,0.25,0.25,0.25,0.25
EUVP_underwater_imagenet,n01917289_3656.jpg,0.25,0.25,0.25,0.25
EUVP_underwater_imagenet,n01917289_3667.jpg,0.25,0.25,0.25,0.25
EUVP_underwater_imagenet,n01917289_3669.jpg,0.25,0.25,0.25,0.25
EUVP_underwater_imagenet,n01917289_3674.jpg,0.25,0.25,0.25,0.25
EUVP_underwater_imagenet,n01917289_369.jpg,0.25,0.25,0.25,0.25
EUVP_underwater_imagenet,n01917289_37.jpg,0.25,0.25,0.25,0.25
EUVP_underwater_imagenet,n01917289_371.jpg,0.25,0.25,0.25,0.25
EUVP_underwater_imagenet,n01917289_3716.jpg,0.25,0.25,0.25,0.25
EUVP_underwater_imagenet,n01917289_3739.jpg,0.25,0.25,0.25,0.25
EUVP_underwater_imagenet,n01917289_374.jpg,0.25,0.25,0.25,0.25
EUVP_underwater_imagenet,n01917289_3744.jpg,0.25,0.25,0.25,0.25
EUVP_underwater_imagenet,n01917289_3745.jpg,0.25,0.25,0.25,0.25
EUVP_underwater_imagenet,n01917289_3746.jpg,0.25,0.25,0.25,0.25
EUVP_underwater_imagenet,n01917289_3756.jpg,0.25,0.25,0.25,0.25
EUVP_underwater_imagenet,n01917289_3757.jpg,0.25,0.25,0.25,0.25
EUVP_underwater_imagenet,n01917289_3771.jpg,0.25,0.25,0.25,0.25
EUVP_underwater_imagenet,n01917289_3772.jpg,0.25,0.25,0.25,0.25
EUVP_underwater_imagenet,n01917289_3777.jpg,0.25,0.25,0.25,0.25
EUVP_underwater_imagenet,n01917289_3779.jpg,0.25,0.25,0.25,0.25
EUVP_underwater_imagenet,n01917289_3781.jpg,0.25,0.25,0.25,0.25
EUVP_underwater_imagenet,n01917289_3800.jpg,0.25,0.25,0.25,0.25
EUVP_underwater_imagenet,n01917289_3839.jpg,0.25,0.25,0.25,0.25
EUVP_underwater_imagenet,n01917289_384.jpg,0.25,0.25,0.25,0.25
EUVP_underwater_imagenet,n01917289_3864.jpg,0.25,0.25,0.25,0.25
EUVP_underwater_imagenet,n01917289_3865.jpg,0.25,0.25,0.25,0.25
EUVP_underwater_imagenet,n01917289_387.jpg,0.25,0.25,0.25,0.25
EUVP_underwater_imagenet,n01917289_3886.jpg,0.25,0.25,0.25,0.25
EUVP_underwater_imagenet,n01917289_3903.jpg,0.25,0.25,0.25,0.25
EUVP_underwater_imagenet,n01917289_3907.jpg,0.25,0.25,0.25,0.25
EUVP_underwater_imagenet,n01917289_3913.jpg,0.25,0.25,0.25,0.25
EUVP_underwater_imagenet,n01917289_3916.jpg,0.25,0.25,0.25,0.25
EUVP_underwater_imagenet,n01917289_3917.jpg,0.25,0.25,0.25,0.25
EUVP_underwater_imagenet,n01917289_3918.jpg,0.25,0.25,0.25,0.25
EUVP_underwater_imagenet,n01917289_3922.jpg,0.25,0.25,0.25,0.25
EUVP_underwater_imagenet,n01917289_3925.jpg,0.25,0.25,0.25,0.25
EUVP_underwater_imagenet,n01917289_3926.jpg,0.25,0.25,0.25,0.25
EUVP_underwater_imagenet,n01917289_3927.jpg,0.25,0.25,0.25,0.25
EUVP_underwater_imagenet,n01917289_3928.jpg,0.25,0.25,0.25,0.25
EUVP_underwater_imagenet,n01917289_3929.jpg,0.25,0.25,0.25,0.25
EUVP_underwater_imagenet,n01917289_393.jpg,0.25,0.25,0.25,0.25
EUVP_underwater_imagenet,n01917289_3945.jpg,0.25,0.25,0.25,0.25
EUVP_underwater_imagenet,n01917289_3947.jpg,0.25,0.25,0.25,0.25
EUVP_underwater_imagenet,n01917289_3948.jpg,0.25,0.25,0.25,0.25
EUVP_underwater_imagenet,n01917289_3956.jpg,0.25,0.25,0.25,0.25
EUVP_underwater_imagenet,n01917289_3958.jpg,0.25,0.25,0.25,0.25
EUVP_underwater_imagenet,n01917289_3961.jpg,0.25,0.25,0.25,0.25
EUVP_underwater_imagenet,n01917289_3963.jpg,0.25,0.25,0.25,0.25
EUVP_underwater_imagenet,n01917289_3965.jpg,0.25,0.25,0.25,0.25
EUVP_underwater_imagenet,n01917289_3971.jpg,0.25,0.25,0.25,0.25
EUVP_underwater_imagenet,n01917289_3974.jpg,0.25,0.25,0.25,0.25
EUVP_underwater_imagenet,n01917289_3978.jpg,0.25,0.25,0.25,0.25
EUVP_underwater_imagenet,n01917289_3979.jpg,0.25,0.25,0.25,0.25
EUVP_underwater_imagenet,n01917289_3980.jpg,0.25,0.25,0.25,0.25
EUVP_underwater_imagenet,n01917289_3994.jpg,0.25,0.25,0.25,0.25
EUVP_underwater_imagenet,n01917289_3995.jpg,0.25,0.25,0.25,0.25
EUVP_underwater_imagenet,n01917289_4000.jpg,0.25,0.25,0.25,0.25
EUVP_underwater_imagenet,n01917289_4001.jpg,0.25,0.25,0.25,0.25
EUVP_underwater_imagenet,n01917289_4002.jpg,0.25,0.25,0.25,0.25
EUVP_underwater_imagenet,n01917289_4006.jpg,0.25,0.25,0.25,0.25
EUVP_underwater_imagenet,n01917289_4007.jpg,0.25,0.25,0.25,0.25
EUVP_underwater_imagenet,n01917289_4008.jpg,0.25,0.25,0.25,0.25
EUVP_underwater_imagenet,n01917289_4011.jpg,0.25,0.25,0.25,0.25
EUVP_underwater_imagenet,n01917289_402.jpg,0.25,0.25,0.25,0.25
EUVP_underwater_imagenet,n01917289_4021.jpg,0.25,0.25,0.25,0.25
EUVP_underwater_imagenet,n01917289_4028.jpg,0.25,0.25,0.25,0.25
EUVP_underwater_imagenet,n01917289_4040.jpg,0.25,0.25,0.25,0.25
EUVP_underwater_imagenet,n01917289_4041.jpg,0.25,0.25,0.25,0.25
EUVP_underwater_imagenet,n01917289_4044.jpg,0.25,0.25,0.25,0.25
EUVP_underwater_imagenet,n01917289_4045.jpg,0.25,0.25,0.25,0.25
EUVP_underwater_imagenet,n01917289_4052.jpg,0.25,0.25,0.25,0.25
EUVP_underwater_imagenet,n01917289_4054.jpg,0.25,0.25,0.25,0.25
EUVP_underwater_imagenet,n01917289_4056.jpg,0.25,0.25,0.25,0.25
EUVP_underwater_imagenet,n01917289_4059.jpg,0.25,0.25,0.25,0.25
EUVP_underwater_imagenet,n01917289_4061.jpg,0.25,0.25,0.25,0.25
EUVP_underwater_imagenet,n01917289_4063.jpg,0.25,0.25,0.25,0.25
EUVP_underwater_imagenet,n01917289_4065.jpg,0.25,0.25,0.25,0.25
EUVP_underwater_imagenet,n01917289_4068.jpg,0.25,0.25,0.25,0.25
EUVP_underwater_imagenet,n01917289_4069.jpg,0.25,0.25,0.25,0.25
EUVP_underwater_imagenet,n01917289_407.jpg,0.25,0.25,0.25,0.25
EUVP_underwater_imagenet,n01917289_4074.jpg,0.25,0.25,0.25,0.25
EUVP_underwater_imagenet,n01917289_4090.jpg,0.25,0.25,0.25,0.25
EUVP_underwater_imagenet,n01917289_4098.jpg,0.25,0.25,0.25,0.25
EUVP_underwater_imagenet,n01917289_4111.jpg,0.25,0.25,0.25,0.25
EUVP_underwater_imagenet,n01917289_4112.jpg,0.25,0.25,0.25,0.25
EUVP_underwater_imagenet,n01917289_4115.jpg,0.25,0.25,0.25,0.25
EUVP_underwater_imagenet,n01917289_4116.jpg,0.25,0.25,0.25,0.25
EUVP_underwater_imagenet,n01917289_4122.jpg,0.25,0.25,0.25,0.25
EUVP_underwater_imagenet,n01917289_4125.jpg,0.25,0.25,0.25,0.25
EUVP_underwater_imagenet,n01917289_4137.jpg,0.25,0.25,0.25,0.25
EUVP_underwater_imagenet,n01917289_4139.jpg,0.25,0.25,0.25,0.25
EUVP_underwater_imagenet,n01917289_414.jpg,0.25,0.25,0.25,0.25
EUVP_underwater_imagenet,n01917289_4160.jpg,0.25,0.25,0.25,0.25
EUVP_underwater_imagenet,n01917289_4163.jpg,0.25,0.25,0.25,0.25
EUVP_underwater_imagenet,n01917289_4167.jpg,0.25,0.25,0.25,0.25
EUVP_underwater_imagenet,n01917289_417.jpg,0.25,0.25,0.25,0.25
EUVP_underwater_imagenet,n01917289_42.jpg,0.25,0.25,0.25,0.25
EUVP_underwater_imagenet,n01917289_4200.jpg,0.25,0.25,0.25,0.25
EUVP_underwater_imagenet,n01917289_4209.jpg,0.25,0.25,0.25,0.25
EUVP_underwater_imagenet,n01917289_421.jpg,0.25,0.25,0.25,0.25
EUVP_underwater_imagenet,n01917289_4219.jpg,0.25,0.25,0.25,0.25
EUVP_underwater_imagenet,n01917289_4223.jpg,0.25,0.25,0.25,0.25
EUVP_underwater_imagenet,n01917289_4231.jpg,0.25,0.25,0.25,0.25
EUVP_underwater_imagenet,n01917289_4239.jpg,0.25,0.25,0.25,0.25
EUVP_underwater_imagenet,n01917289_424.jpg,0.25,0.25,0.25,0.25
EUVP_underwater_imagenet,n01917289_4259.jpg,0.25,0.25,0.25,0.25
EUVP_underwater_imagenet,n01917289_43.jpg,0.25,0.25,0.25,0.25
EUVP_underwater_imagenet,n01917289_4316.jpg,0.25,0.25,0.25,0.25
EUVP_underwater_imagenet,n01917289_4317.jpg,0.25,0.25,0.25,0.25
EUVP_underwater_imagenet,n01917289_433.jpg,0.25,0.25,0.25,0.25
EUVP_underwater_imagenet,n01917289_4354.jpg,0.25,0.25,0.25,0.25
EUVP_underwater_imagenet,n01917289_4386.jpg,0.25,0.25,0.25,0.25
EUVP_underwater_imagenet,n01917289_4389.jpg,0.25,0.25,0.25,0.25
EUVP_underwater_imagenet,n01917289_440.jpg,0.25,0.25,0.25,0.25
EUVP_underwater_imagenet,n01917289_4430.jpg,0.25,0.25,0.25,0.25
EUVP_underwater_imagenet,n01917289_4462.jpg,0.25,0.25,0.25,0.25
EUVP_underwater_imagenet,n01917289_4468.jpg,0.25,0.25,0.25,0.25
EUVP_underwater_imagenet,n01917289_4470.jpg,0.25,0.25,0.25,0.25
EUVP_underwater_imagenet,n01917289_4471.jpg,0.25,0.25,0.25,0.25
EUVP_underwater_imagenet,n01917289_448.jpg,0.25,0.25,0.25,0.25
EUVP_underwater_imagenet,n01917289_4484.jpg,0.25,0.25,0.25,0.25
EUVP_underwater_imagenet,n01917289_4496.jpg,0.25,0.25,0.25,0.25
EUVP_underwater_imagenet,n01917289_4514.jpg,0.25,0.25,0.25,0.25
EUVP_underwater_imagenet,n01917289_4529.jpg,0.25,0.25,0.25,0.25
EUVP_underwater_imagenet,n01917289_453.jpg,0.25,0.25,0.25,0.25
EUVP_underwater_imagenet,n01917289_4545.jpg,0.25,0.25,0.25,0.25
EUVP_underwater_imagenet,n01917289_459.jpg,0.25,0.25,0.25,0.25
EUVP_underwater_imagenet,n01917289_4592.jpg,0.25,0.25,0.25,0.25
EUVP_underwater_imagenet,n01917289_4617.jpg,0.25,0.25,0.25,0.25
EUVP_underwater_imagenet,n01917289_4628.jpg,0.25,0.25,0.25,0.25
EUVP_underwater_imagenet,n01917289_4643.jpg,0.25,0.25,0.25,0.25
EUVP_underwater_imagenet,n01917289_4644.jpg,0.25,0.25,0.25,0.25
EUVP_underwater_imagenet,n01917289_465.jpg,0.25,0.25,0.25,0.25
EUVP_underwater_imagenet,n01917289_4655.jpg,0.25,0.25,0.25,0.25
EUVP_underwater_imagenet,n01917289_4669.jpg,0.25,0.25,0.25,0.25
EUVP_underwater_imagenet,n01917289_4689.jpg,0.25,0.25,0.25,0.25
EUVP_underwater_imagenet,n01917289_4705.jpg,0.25,0.25,0.25,0.25
EUVP_underwater_imagenet,n01917289_4709.jpg,0.25,0.25,0.25,0.25
EUVP_underwater_imagenet,n01917289_4711.jpg,0.25,0.25,0.25,0.25
EUVP_underwater_imagenet,n01917289_4716.jpg,0.25,0.25,0.25,0.25
EUVP_underwater_imagenet,n01917289_4730.jpg,0.25,0.25,0.25,0.25
EUVP_underwater_imagenet,n01917289_4740.jpg,0.25,0.25,0.25,0.25
EUVP_underwater_imagenet,n01917289_4758.jpg,0.25,0.25,0.25,0.25
EUVP_underwater_imagenet,n01917289_4767.jpg,0.25,0.25,0.25,0.25
EUVP_underwater_imagenet,n01917289_4781.jpg,0.25,0.25,0.25,0.25
EUVP_underwater_imagenet,n01917289_4786.jpg,0.25,0.25,0.25,0.25
EUVP_underwater_imagenet,n01917289_4787.jpg,0.25,0.25,0.25,0.25
EUVP_underwater_imagenet,n01917289_4789.jpg,0.25,0.25,0.25,0.25
EUVP_underwater_imagenet,n01917289_479.jpg,0.25,0.25,0.25,0.25
EUVP_underwater_imagenet,n01917289_4794.jpg,0.25,0.25,0.25,0.25
EUVP_underwater_imagenet,n01917289_4795.jpg,0.25,0.25,0.25,0.25
EUVP_underwater_imagenet,n01917289_4796.jpg,0.25,0.25,0.25,0.25
EUVP_underwater_imagenet,n01917289_4797.jpg,0.25,0.25,0.25,0.25
EUVP_underwater_imagenet,n01917289_4798.jpg,0.25,0.25,0.25,0.25
EUVP_underwater_imagenet,n01917289_4801.jpg,0.25,0.25,0.25,0.25
EUVP_underwater_imagenet,n01917289_4806.jpg,0.25,0.25,0.25,0.25
EUVP_underwater_imagenet,n01917289_4807.jpg,0.25,0.25,0.25,0.25
EUVP_underwater_imagenet,n01917289_4810.jpg,0.25,0.25,0.25,0.25
EUVP_underwater_imagenet,n01917289_4818.jpg,0.25,0.25,0.25,0.25
EUVP_underwater_imagenet,n01917289_4820.jpg,0.25,0.25,0.25,0.25
EUVP_underwater_imagenet,n01917289_4821.jpg,0.25,0.25,0.25,0.25
EUVP_underwater_imagenet,n01917289_4822.jpg,0.25,0.25,0.25,0.25
EUVP_underwater_imagenet,n01917289_4823.jpg,0.25,0.25,0.25,0.25
EUVP_underwater_imagenet,n01917289_4824.jpg,0.25,0.25,0.25,0.25
EUVP_underwater_imagenet,n01917289_4826.jpg,0.25,0.25,0.25,0.25
EUVP_underwater_imagenet,n01917289_4829.jpg,0.25,0.25,0.25,0.25
EUVP_underwater_imagenet,n01917289_4830.jpg,0.25,0.25,0.25,0.25
EUVP_underwater_imagenet,n01917289_4832.jpg,0.25,0.25,0.25,0.25
EUVP_underwater_imagenet,n01917289_4836.jpg,0.25,0.25,0.25,0.25
EUVP_underwater_imagenet,n01917289_4842.jpg,0.25,0.25,0.25,0.25
EUVP_underwater_imagenet,n01917289_4846.jpg,0.25,0.25,0.25,0.25
EUVP_underwater_imagenet,n01917289_4848.jpg,0.25,0.25,0.25,0.25
EUVP_underwater_imagenet,n01917289_4851.jpg,0.25,0.25,0.25,0.25
EUVP_underwater_imagenet,n01917289_4852.jpg,0.25,0.25,0.25,0.25
EUVP_underwater_imagenet,n01917289_4857.jpg,0.25,0.25,0.25,0.25
EUVP_underwater_imagenet,n01917289_4858.jpg,0.25,0.25,0.25,0.25
EUVP_underwater_imagenet,n01917289_4859.jpg,0.25,0.25,0.25,0.25
EUVP_underwater_imagenet,n01917289_486.jpg,0.25,0.25,0.25,0.25
EUVP_underwater_imagenet,n01917289_4864.jpg,0.25,0.25,0.25,0.25
EUVP_underwater_imagenet,n01917289_4866.jpg,0.25,0.25,0.25,0.25
EUVP_underwater_imagenet,n01917289_4867.jpg,0.25,0.25,0.25,0.25
EUVP_underwater_imagenet,n01917289_4868.jpg,0.25,0.25,0.25,0.25
EUVP_underwater_imagenet,n01917289_4874.jpg,0.25,0.25,0.25,0.25
EUVP_underwater_imagenet,n01917289_4877.jpg,0.25,0.25,0.25,0.25
EUVP_underwater_imagenet,n01917289_4887.jpg,0.25,0.25,0.25,0.25
EUVP_underwater_imagenet,n01917289_4888.jpg,0.25,0.25,0.25,0.25
EUVP_underwater_imagenet,n01917289_4891.jpg,0.25,0.25,0.25,0.25
EUVP_underwater_imagenet,n01917289_4892.jpg,0.25,0.25,0.25,0.25
EUVP_underwater_imagenet,n01917289_4895.jpg,0.25,0.25,0.25,0.25
EUVP_underwater_imagenet,n01917289_4898.jpg,0.25,0.25,0.25,0.25
EUVP_underwater_imagenet,n01917289_490.jpg,0.25,0.25,0.25,0.25
EUVP_underwater_imagenet,n01917289_4905.jpg,0.25,0.25,0.25,0.25
EUVP_underwater_imagenet,n01917289_4908.jpg,0.25,0.25,0.25,0.25
EUVP_underwater_imagenet,n01917289_4909.jpg,0.25,0.25,0.25,0.25
EUVP_underwater_imagenet,n01917289_4915.jpg,0.25,0.25,0.25,0.25
EUVP_underwater_imagenet,n01917289_4918.jpg,0.25,0.25,0.25,0.25
EUVP_underwater_imagenet,n01917289_4923.jpg,0.25,0.25,0.25,0.25
EUVP_underwater_imagenet,n01917289_4924.jpg,0.25,0.25,0.25,0.25
EUVP_underwater_imagenet,n01917289_4932.jpg,0.25,0.25,0.25,0.25
EUVP_underwater_imagenet,n01917289_4937.jpg,0.25,0.25,0.25,0.25
EUVP_underwater_imagenet,n01917289_4940.jpg,0.25,0.25,0.25,0.25
EUVP_underwater_imagenet,n01917289_4941.jpg,0.25,0.25,0.25,0.25
EUVP_underwater_imagenet,n01917289_4949.jpg,0.25,0.25,0.25,0.25
EUVP_underwater_imagenet,n01917289_4950.jpg,0.25,0.25,0.25,0.25
EUVP_underwater_imagenet,n01917289_4958.jpg,0.25,0.25,0.25,0.25
EUVP_underwater_imagenet,n01917289_4964.jpg,0.25,0.25,0.25,0.25
EUVP_underwater_imagenet,n01917289_4969.jpg,0.25,0.25,0.25,0.25
EUVP_underwater_imagenet,n01917289_4970.jpg,0.25,0.25,0.25,0.25
EUVP_underwater_imagenet,n01917289_4974.jpg,0.25,0.25,0.25,0.25
EUVP_underwater_imagenet,n01917289_4977.jpg,0.25,0.25,0.25,0.25
EUVP_underwater_imagenet,n01917289_4979.jpg,0.25,0.25,0.25,0.25
EUVP_underwater_imagenet,n01917289_4983.jpg,0.25,0.25,0.25,0.25
EUVP_underwater_imagenet,n01917289_4984.jpg,0.25,0.25,0.25,0.25
EUVP_underwater_imagenet,n01917289_4986.jpg,0.25,0.25,0.25,0.25
EUVP_underwater_imagenet,n01917289_4988.jpg,0.25,0.25,0.25,0.25
EUVP_underwater_imagenet,n01917289_4993.jpg,0.25,0.25,0.25,0.25
EUVP_underwater_imagenet,n01917289_4995.jpg,0.25,0.25,0.25,0.25
EUVP_underwater_imagenet,n01917289_4996.jpg,0.25,0.25,0.25,0.25
EUVP_underwater_imagenet,n01917289_4999.jpg,0.25,0.25,0.25,0.25
EUVP_underwater_imagenet,n01917289_5000.jpg,0.25,0.25,0.25,0.25
EUVP_underwater_imagenet,n01917289_5002.jpg,0.25,0.25,0.25,0.25
EUVP_underwater_imagenet,n01917289_5008.jpg,0.25,0.25,0.25,0.25
EUVP_underwater_imagenet,n01917289_5009.jpg,0.25,0.25,0.25,0.25
EUVP_underwater_imagenet,n01917289_5016.jpg,0.25,0.25,0.25,0.25
EUVP_underwater_imagenet,n01917289_5017.jpg,0.25,0.25,0.25,0.25
EUVP_underwater_imagenet,n01917289_5018.jpg,0.25,0.25,0.25,0.25
EUVP_underwater_imagenet,n01917289_502.jpg,0.25,0.25,0.25,0.25
EUVP_underwater_imagenet,n01917289_5022.jpg,0.25,0.25,0.25,0.25
EUVP_underwater_imagenet,n01917289_503.jpg,0.25,0.25,0.25,0.25
EUVP_underwater_imagenet,n01917289_5034.jpg,0.25,0.25,0.25,0.25
EUVP_underwater_imagenet,n01917289_5039.jpg,0.25,0.25,0.25,0.25
EUVP_underwater_imagenet,n01917289_504.jpg,0.25,0.25,0.25,0.25
EUVP_underwater_imagenet,n01917289_5041.jpg,0.25,0.25,0.25,0.25
EUVP_underwater_imagenet,n01917289_5043.jpg,0.25,0.25,0.25,0.25
EUVP_underwater_imagenet,n01917289_5047.jpg,0.25,0.25,0.25,0.25
EUVP_underwater_imagenet,n01917289_507.jpg,0.25,0.25,0.25,0.25
EUVP_underwater_imagenet,n01917289_5075.jpg,0.25,0.25,0.25,0.25
EUVP_underwater_imagenet,n01917289_5085.jpg,0.25,0.25,0.25,0.25
EUVP_underwater_imagenet,n01917289_5094.jpg,0.25,0.25,0.25,0.25
EUVP_underwater_imagenet,n01917289_5111.jpg,0.25,0.25,0.25,0.25
EUVP_underwater_imagenet,n01917289_5116.jpg,0.25,0.25,0.25,0.25
EUVP_underwater_imagenet,n01917289_512.jpg,0.25,0.25,0.25,0.25
EUVP_underwater_imagenet,n01917289_5129.jpg,0.25,0.25,0.25,0.25
EUVP_underwater_imagenet,n01917289_513.jpg,0.25,0.25,0.25,0.25
EUVP_underwater_imagenet,n01917289_5134.jpg,0.25,0.25,0.25,0.25
EUVP_underwater_imagenet,n01917289_5137.jpg,0.25,0.25,0.25,0.25
EUVP_underwater_imagenet,n01917289_5147.jpg,0.25,0.25,0.25,0.25
EUVP_underwater_imagenet,n01917289_5161.jpg,0.25,0.25,0.25,0.25
EUVP_underwater_imagenet,n01917289_5177.jpg,0.25,0.25,0.25,0.25
EUVP_underwater_imagenet,n01917289_5192.jpg,0.25,0.25,0.25,0.25
EUVP_underwater_imagenet,n01917289_5212.jpg,0.25,0.25,0.25,0.25
EUVP_underwater_imagenet,n01917289_5214.jpg,0.25,0.25,0.25,0.25
EUVP_underwater_imagenet,n01917289_5242.jpg,0.25,0.25,0.25,0.25
EUVP_underwater_imagenet,n01917289_5243.jpg,0.25,0.25,0.25,0.25
EUVP_underwater_imagenet,n01917289_525.jpg,0.25,0.25,0.25,0.25
EUVP_underwater_imagenet,n01917289_5258.jpg,0.25,0.25,0.25,0.25
EUVP_underwater_imagenet,n01917289_5277.jpg,0.25,0.25,0.25,0.25
EUVP_underwater_imagenet,n01917289_5290.jpg,0.25,0.25,0.25,0.25
EUVP_underwater_imagenet,n01917289_5319.jpg,0.25,0.25,0.25,0.25
EUVP_underwater_imagenet,n01917289_5322.jpg,0.25,0.25,0.25,0.25
EUVP_underwater_imagenet,n01917289_5376.jpg,0.25,0.25,0.25,0.25
EUVP_underwater_imagenet,n01917289_5392.jpg,0.25,0.25,0.25,0.25
EUVP_underwater_imagenet,n01917289_5394.jpg,0.25,0.25,0.25,0.25
EUVP_underwater_imagenet,n01917289_540.jpg,0.25,0.25,0.25,0.25
EUVP_underwater_imagenet,n01917289_5404.jpg,0.25,0.25,0.25,0.25
EUVP_underwater_imagenet,n01917289_541.jpg,0.25,0.25,0.25,0.25
EUVP_underwater_imagenet,n01917289_5444.jpg,0.25,0.25,0.25,0.25
EUVP_underwater_imagenet,n01917289_5470.jpg,0.25,0.25,0.25,0.25
EUVP_underwater_imagenet,n01917289_5481.jpg,0.25,0.25,0.25,0.25
EUVP_underwater_imagenet,n01917289_5485.jpg,0.25,0.25,0.25,0.25
EUVP_underwater_imagenet,n01917289_5490.jpg,0.25,0.25,0.25,0.25
EUVP_underwater_imagenet,n01917289_5516.jpg,0.25,0.25,0.25,0.25
EUVP_underwater_imagenet,n01917289_5541.jpg,0.25,0.25,0.25,0.25
EUVP_underwater_imagenet,n01917289_5542.jpg,0.25,0.25,0.25,0.25
EUVP_underwater_imagenet,n01917289_5555.jpg,0.25,0.25,0.25,0.25
EUVP_underwater_imagenet,n01917289_5563.jpg,0.25,0.25,0.25,0.25
EUVP_underwater_imagenet,n01917289_5566.jpg,0.25,0.25,0.25,0.25
EUVP_underwater_imagenet,n01917289_560.jpg,0.25,0.25,0.25,0.25
EUVP_underwater_imagenet,n01917289_5608.jpg,0.25,0.25,0.25,0.25
EUVP_underwater_imagenet,n01917289_5614.jpg,0.25,0.25,0.25,0.25
EUVP_underwater_imagenet,n01917289_5624.jpg,0.25,0.25,0.25,0.25
EUVP_underwater_imagenet,n01917289_5627.jpg,0.25,0.25,0.25,0.25
EUVP_underwater_imagenet,n01917289_5666.jpg,0.25,0.25,0.25,0.25
EUVP_underwater_imagenet,n01917289_568.jpg,0.25,0.25,0.25,0.25
EUVP_underwater_imagenet,n01917289_5694.jpg,0.25,0.25,0.25,0.25
EUVP_underwater_imagenet,n01917289_5699.jpg,0.25,0.25,0.25,0.25
EUVP_underwater_imagenet,n01917289_586.jpg,0.25,0.25,0.25,0.25
EUVP_underwater_imagenet,n01917289_588.jpg,0.25,0.25,0.25,0.25
EUVP_underwater_imagenet,n01917289_59.jpg,0.25,0.25,0.25,0.25
EUVP_underwater_imagenet,n01917289_592.jpg,0.25,0.25,0.25,0.25
EUVP_underwater_imagenet,n01917289_593.jpg,0.25,0.25,0.25,0.25
EUVP_underwater_imagenet,n01917289_594.jpg,0.25,0.25,0.25,0.25
EUVP_underwater_imagenet,n01917289_595.jpg,0.25,0.25,0.25,0.25
EUVP_underwater_imagenet,n01917289_601.jpg,0.25,0.25,0.25,0.25
EUVP_underwater_imagenet,n01917289_607.jpg,0.25,0.25,0.25,0.25
EUVP_underwater_imagenet,n01917289_618.jpg,0.25,0.25,0.25,0.25
EUVP_underwater_imagenet,n01917289_622.jpg,0.25,0.25,0.25,0.25
EUVP_underwater_imagenet,n01917289_630.jpg,0.25,0.25,0.25,0.25
EUVP_underwater_imagenet,n01917289_633.jpg,0.25,0.25,0.25,0.25
EUVP_underwater_imagenet,n01917289_640.jpg,0.25,0.25,0.25,0.25
EUVP_underwater_imagenet,n01917289_643.jpg,0.25,0.25,0.25,0.25
EUVP_underwater_imagenet,n01917289_644.jpg,0.25,0.25,0.25,0.25
EUVP_underwater_imagenet,n01917289_649.jpg,0.25,0.25,0.25,0.25
EUVP_underwater_imagenet,n01917289_650.jpg,0.25,0.25,0.25,0.25
EUVP_underwater_imagenet,n01917289_652.jpg,0.25,0.25,0.25,0.25
EUVP_underwater_imagenet,n01917289_654.jpg,0.25,0.25,0.25,0.25
EUVP_underwater_imagenet,n01917289_66.jpg,0.25,0.25,0.25,0.25
EUVP_underwater_imagenet,n01917289_660.jpg,0.25,0.25,0.25,0.25
EUVP_underwater_imagenet,n01917289_661.jpg,0.25,0.25,0.25,0.25
EUVP_underwater_imagenet,n01917289_664.jpg,0.25,0.25,0.25,0.25
EUVP_underwater_imagenet,n01917289_665.jpg,0.25,0.25,0.25,0.25
EUVP_underwater_imagenet,n01917289_666.jpg,0.25,0.25,0.25,0.25
EUVP_underwater_imagenet,n01917289_668.jpg,0.25,0.25,0.25,0.25
EUVP_underwater_imagenet,n01917289_673.jpg,0.25,0.25,0.25,0.25
EUVP_underwater_imagenet,n01917289_680.jpg,0.25,0.25,0.25,0.25
EUVP_underwater_imagenet,n01917289_688.jpg,0.25,0.25,0.25,0.25
EUVP_underwater_imagenet,n01917289_714.jpg,0.25,0.25,0.25,0.25
EUVP_underwater_imagenet,n01917289_730.jpg,0.25,0.25,0.25,0.25
EUVP_underwater_imagenet,n01917289_731.jpg,0.25,0.25,0.25,0.25
EUVP_underwater_imagenet,n01917289_740.jpg,0.25,0.25,0.25,0.25
EUVP_underwater_imagenet,n01917289_760.jpg,0.25,0.25,0.25,0.25
EUVP_underwater_imagenet,n01917289_787.jpg,0.25,0.25,0.25,0.25
EUVP_underwater_imagenet,n01917289_795.jpg,0.25,0.25,0.25,0.25
EUVP_underwater_imagenet,n01917289_798.jpg,0.25,0.25,0.25,0.25
EUVP_underwater_imagenet,n01917289_804.jpg,0.25,0.25,0.25,0.25
EUVP_underwater_imagenet,n01917289_81.jpg,0.25,0.25,0.25,0.25
EUVP_underwater_imagenet,n01917289_815.jpg,0.25,0.25,0.25,0.25
EUVP_underwater_imagenet,n01917289_821.jpg,0.25,0.25,0.25,0.25
EUVP_underwater_imagenet,n01917289_824.jpg,0.25,0.25,0.25,0.25
EUVP_underwater_imagenet,n01917289_833.jpg,0.25,0.25,0.25,0.25
EUVP_underwater_imagenet,n01917289_834.jpg,0.25,0.25,0.25,0.25
EUVP_underwater_imagenet,n01917289_836.jpg,0.25,0.25,0.25,0.25
EUVP_underwater_imagenet,n01917289_845.jpg,0.25,0.25,0.25,0.25
EUVP_underwater_imagenet,n01917289_855.jpg,0.25,0.25,0.25,0.25
EUVP_underwater_imagenet,n01917289_88.jpg,0.25,0.25,0.25,0.25
EUVP_underwater_imagenet,n01917289_884.jpg,0.25,0.25,0.25,0.25
EUVP_underwater_imagenet,n01917289_889.jpg,0.25,0.25,0.25,0.25
EUVP_underwater_imagenet,n01917289_894.jpg,0.25,0.25,0.25,0.25
EUVP_underwater_imagenet,n01917289_898.jpg,0.25,0.25,0.25,0.25
EUVP_underwater_imagenet,n01917289_90.jpg,0.25,0.25,0.25,0.25
EUVP_underwater_imagenet,n01917289_920.jpg,0.25,0.25,0.25,0.25
EUVP_underwater_imagenet,n01917289_926.jpg,0.25,0.25,0.25,0.25
EUVP_underwater_imagenet,n01917289_942.jpg,0.25,0.25,0.25,0.25
EUVP_underwater_imagenet,n01917289_961.jpg,0.25,0.25,0.25,0.25
EUVP_underwater_imagenet,n01917289_966.jpg,0.25,0.25,0.25,0.25
EUVP_underwater_imagenet,n01917289_967.jpg,0.25,0.25,0.25,0.25
EUVP_underwater_imagenet,n01917289_968.jpg,0.25,0.25,0.25,0.25
EUVP_underwater_imagenet,n01917289_97.jpg,0.25,0.25,0.25,0.25
EUVP_underwater_imagenet,n01917289_977.jpg,0.25,0.25,0.25,0.25
EUVP_underwater_imagenet,n01917289_982.jpg,0.25,0.25,0.25,0.25
EUVP_underwater_imagenet,n01917289_990.jpg,0.25,0.25,0.25,0.25
EUVP_underwater_imagenet,n01917289_994.jpg,0.25,0.25,0.25,0.25
EUVP_underwater_imagenet,n01917289_996.jpg,0.25,0.25,0.25,0.25
EUVP_underwater_imagenet,n01917289_998.jpg,0.25,0.25,0.25,0.25
EUVP_underwater_imagenet,n02606052_10187.jpg,0.25,0.25,0.25,0.25
EUVP_underwater_imagenet,n02606052_10196.jpg,0.25,0.25,0.25,0.25
EUVP_underwater_imagenet,n02606052_1021.jpg,0.25,0.25,0.25,0.25
EUVP_underwater_imagenet,n02606052_10250.jpg,0.25,0.25,0.25,0.25
EUVP_underwater_imagenet,n02606052_10270.jpg,0.25,0.25,0.25,0.25
EUVP_underwater_imagenet,n02606052_1030.jpg,0.25,0.25,0.25,0.25
EUVP_underwater_imagenet,n02606052_1037.jpg,0.25,0.25,0.25,0.25
EUVP_underwater_imagenet,n02606052_10411.jpg,0.25,0.25,0.25,0.25
EUVP_underwater_imagenet,n02606052_1045.jpg,0.25,0.25,0.25,0.25
EUVP_underwater_imagenet,n02606052_10523.jpg,0.25,0.25,0.25,0.25
EUVP_underwater_imagenet,n02606052_1099.jpg,0.25,0.25,0.25,0.25
EUVP_underwater_imagenet,n02606052_11098.jpg,0.25,0.25,0.25,0.25
EUVP_underwater_imagenet,n02606052_1126.jpg,0.25,0.25,0.25,0.25
EUVP_underwater_imagenet,n02606052_11360.jpg,0.25,0.25,0.25,0.25
EUVP_underwater_imagenet,n02606052_1141.jpg,0.25,0.25,0.25,0.25
EUVP_underwater_imagenet,n02606052_11496.jpg,0.25,0.25,0.25,0.25
EUVP_underwater_imagenet,n02606052_1153.jpg,0.25,0.25,0.25,0.25
EUVP_underwater_imagenet,n02606052_11655.jpg,0.25,0.25,0.25,0.25
EUVP_underwater_imagenet,n02606052_11656.jpg,0.25,0.25,0.25,0.25
EUVP_underwater_imagenet,n02606052_1181.jpg,0.25,0.25,0.25,0.25
EUVP_underwater_imagenet,n02606052_11831.jpg,0.25,0.25,0.25,0.25
EUVP_underwater_imagenet,n02606052_1191.jpg,0.25,0.25,0.25,0.25
EUVP_underwater_imagenet,n02606052_1209.jpg,0.25,0.25,0.25,0.25
EUVP_underwater_imagenet,n02606052_12283.jpg,0.25,0.25,0.25,0.25
EUVP_underwater_imagenet,n02606052_12298.jpg,0.25,0.25,0.25,0.25
EUVP_underwater_imagenet,n02606052_12361.jpg,0.25,0.25,0.25,0.25
EUVP_underwater_imagenet,n02606052_12364.jpg,0.25,0.25,0.25,0.25
EUVP_underwater_imagenet,n02606052_12409.jpg,0.25,0.25,0.25,0.25
EUVP_underwater_imagenet,n02606052_12430.jpg,0.25,0.25,0.25,0.25
EUVP_underwater_imagenet,n02606052_12451.jpg,0.25,0.25,0.25,0.25
EUVP_underwater_imagenet,n02606052_12491.jpg,0.25,0.25,0.25,0.25
EUVP_underwater_imagenet,n02606052_12522.jpg,0.25,0.25,0.25,0.25
EUVP_underwater_imagenet,n02606052_12549.jpg,0.25,0.25,0.25,0.25
EUVP_underwater_imagenet,n02606052_12618.jpg,0.25,0.25,0.25,0.25
EUVP_underwater_imagenet,n02606052_1265.jpg,0.25,0.25,0.25,0.25
EUVP_underwater_imagenet,n02606052_12650.jpg,0.25,0.25,0.25,0.25
EUVP_underwater_imagenet,n02606052_12654.jpg,0.25,0.25,0.25,0.25
EUVP_underwater_imagenet,n02606052_1266.jpg,0.25,0.25,0.25,0.25
EUVP_underwater_imagenet,n02606052_12684.jpg,0.25,0.25,0.25,0.25
EUVP_underwater_imagenet,n02606052_12697.jpg,0.25,0.25,0.25,0.25
EUVP_underwater_imagenet,n02606052_12745.jpg,0.25,0.25,0.25,0.25
EUVP_underwater_imagenet,n02606052_12782.jpg,0.25,0.25,0.25,0.25
EUVP_underwater_imagenet,n02606052_12800.jpg,0.25,0.25,0.25,0.25
EUVP_underwater_imagenet,n02606052_12851.jpg,0.25,0.25,0.25,0.25
EUVP_underwater_imagenet,n02606052_12861.jpg,0.25,0.25,0.25,0.25
EUVP_underwater_imagenet,n02606052_12877.jpg,0.25,0.25,0.25,0.25
EUVP_underwater_imagenet,n02606052_12901.jpg,0.25,0.25,0.25,0.25
EUVP_underwater_imagenet,n02606052_12911.jpg,0.25,0.25,0.25,0.25
EUVP_underwater_imagenet,n02606052_12936.jpg,0.25,0.25,0.25,0.25
EUVP_underwater_imagenet,n02606052_12954.jpg,0.25,0.25,0.25,0.25
EUVP_underwater_imagenet,n02606052_12960.jpg,0.25,0.25,0.25,0.25
EUVP_underwater_imagenet,n02606052_13017.jpg,0.25,0.25,0.25,0.25
EUVP_underwater_imagenet,n02606052_13057.jpg,0.25,0.25,0.25,0.25
EUVP_underwater_imagenet,n02606052_13061.jpg,0.25,0.25,0.25,0.25
EUVP_underwater_imagenet,n02606052_13085.jpg,0.25,0.25,0.25,0.25
EUVP_underwater_imagenet,n02606052_13144.jpg,0.25,0.25,0.25,0.25
EUVP_underwater_imagenet,n02606052_13152.jpg,0.25,0.25,0.25,0.25
EUVP_underwater_imagenet,n02606052_13158.jpg,0.25,0.25,0.25,0.25
EUVP_underwater_imagenet,n02606052_13243.jpg,0.25,0.25,0.25,0.25
EUVP_underwater_imagenet,n02606052_13294.jpg,0.25,0.25,0.25,0.25
EUVP_underwater_imagenet,n02606052_13353.jpg,0.25,0.25,0.25,0.25
EUVP_underwater_imagenet,n02606052_13396.jpg,0.25,0.25,0.25,0.25
EUVP_underwater_imagenet,n02606052_13402.jpg,0.25,0.25,0.25,0.25
EUVP_underwater_imagenet,n02606052_13423.jpg,0.25,0.25,0.25,0.25
EUVP_underwater_imagenet,n02606052_13435.jpg,0.25,0.25,0.25,0.25
EUVP_underwater_imagenet,n02606052_13477.jpg,0.25,0.25,0.25,0.25
EUVP_underwater_imagenet,n02606052_13478.jpg,0.25,0.25,0.25,0.25
EUVP_underwater_imagenet,n02606052_13769.jpg,0.25,0.25,0.25,0.25
EUVP_underwater_imagenet,n02606052_1379.jpg,0.25,0.25,0.25,0.25
EUVP_underwater_imagenet,n02606052_13790.jpg,0.25,0.25,0.25,0.25
EUVP_underwater_imagenet,n02606052_13795.jpg,0.25,0.25,0.25,0.25
EUVP_underwater_imagenet,n02606052_13851.jpg,0.25,0.25,0.25,0.25
EUVP_underwater_imagenet,n02606052_13908.jpg,0.25,0.25,0.25,0.25
EUVP_underwater_imagenet,n02606052_1394.jpg,0.25,0.25,0.25,0.25
EUVP_underwater_imagenet,n02606052_13943.jpg,0.25,0.25,0.25,0.25
EUVP_underwater_imagenet,n02606052_14008.jpg,0.25,0.25,0.25,0.25
EUVP_underwater_imagenet,n02606052_14091.jpg,0.25,0.25,0.25,0.25
EUVP_underwater_imagenet,n02606052_14133.jpg,0.25,0.25,0.25,0.25
EUVP_underwater_imagenet,n02606052_14169.jpg,0.25,0.25,0.25,0.25
EUVP_underwater_imagenet,n02606052_14194.jpg,0.25,0.25,0.25,0.25
EUVP_underwater_imagenet,n02606052_14244.jpg,0.25,0.25,0.25,0.25
EUVP_underwater_imagenet,n02606052_14250.jpg,0.25,0.25,0.25,0.25
EUVP_underwater_imagenet,n02606052_14356.jpg,0.25,0.25,0.25,0.25
EUVP_underwater_imagenet,n02606052_14405.jpg,0.25,0.25,0.25,0.25
EUVP_underwater_imagenet,n02606052_1447.jpg,0.25,0.25,0.25,0.25
EUVP_underwater_imagenet,n02606052_1449.jpg,0.25,0.25,0.25,0.25
EUVP_underwater_imagenet,n02606052_14570.jpg,0.25,0.25,0.25,0.25
EUVP_underwater_imagenet,n02606052_1458.jpg,0.25,0.25,0.25,0.25
EUVP_underwater_imagenet,n02606052_14622.jpg,0.25,0.25,0.25,0.25
EUVP_underwater_imagenet,n02606052_14623.jpg,0.25,0.25,0.25,0.25
EUVP_underwater_imagenet,n02606052_14660.jpg,0.25,0.25,0.25,0.25
EUVP_underwater_imagenet,n02606052_14836.jpg,0.25,0.25,0.25,0.25
EUVP_underwater_imagenet,n02606052_1487.jpg,0.25,0.25,0.25,0.25
EUVP_underwater_imagenet,n02606052_15004.jpg,0.25,0.25,0.25,0.25
EUVP_underwater_imagenet,n02606052_15051.jpg,0.25,0.25,0.25,0.25
EUVP_underwater_imagenet,n02606052_15072.jpg,0.25,0.25,0.25,0.25
EUVP_underwater_imagenet,n02606052_15114.jpg,0.25,0.25,0.25,0.25
EUVP_underwater_imagenet,n02606052_15166.jpg,0.25,0.25,0.25,0.25
EUVP_underwater_imagenet,n02606052_15169.jpg,0.25,0.25,0.25,0.25
EUVP_underwater_imagenet,n02606052_1521.jpg,0.25,0.25,0.25,0.25
EUVP_underwater_imagenet,n02606052_15241.jpg,0.25,0.25,0.25,0.25
EUVP_underwater_imagenet,n02606052_15247.jpg,0.25,0.25,0.25,0.25
EUVP_underwater_imagenet,n02606052_15258.jpg,0.25,0.25,0.25,0.25
EUVP_underwater_imagenet,n02606052_15263.jpg,0.25,0.25,0.25,0.25
EUVP_underwater_imagenet,n02606052_15271.jpg,0.25,0.25,0.25,0.25
EUVP_underwater_imagenet,n02606052_15314.jpg,0.25,0.25,0.25,0.25
EUVP_underwater_imagenet,n02606052_15336.jpg,0.25,0.25,0.25,0.25
EUVP_underwater_imagenet,n02606052_15354.jpg,0.25,0.25,0.25,0.25
EUVP_underwater_imagenet,n02606052_1537.jpg,0.25,0.25,0.25,0.25
EUVP_underwater_imagenet,n02606052_15380.jpg,0.25,0.25,0.25,0.25
EUVP_underwater_imagenet,n02606052_15383.jpg,0.25,0.25,0.25,0.25
EUVP_underwater_imagenet,n02606052_1540.jpg,0.25,0.25,0.25,0.25
EUVP_underwater_imagenet,n02606052_15496.jpg,0.25,0.25,0.25,0.25
EUVP_underwater_imagenet,n02606052_15552.jpg,0.25,0.25,0.25,0.25
EUVP_underwater_imagenet,n02606052_15565.jpg,0.25,0.25,0.25,0.25
EUVP_underwater_imagenet,n02606052_15583.jpg,0.25,0.25,0.25,0.25
EUVP_underwater_imagenet,n02606052_15589.jpg,0.25,0.25,0.25,0.25
EUVP_underwater_imagenet,n02606052_15658.jpg,0.25,0.25,0.25,0.25
EUVP_underwater_imagenet,n02606052_1567.jpg,0.25,0.25,0.25,0.25
EUVP_underwater_imagenet,n02606052_15710.jpg,0.25,0.25,0.25,0.25
EUVP_underwater_imagenet,n02606052_15876.jpg,0.25,0.25,0.25,0.25
EUVP_underwater_imagenet,n02606052_15941.jpg,0.25,0.25,0.25,0.25
EUVP_underwater_imagenet,n02606052_16059.jpg,0.25,0.25,0.25,0.25
EUVP_underwater_imagenet,n02606052_1606.jpg,0.25,0.25,0.25,0.25
EUVP_underwater_imagenet,n02606052_16081.jpg,0.25,0.25,0.25,0.25
EUVP_underwater_imagenet,n02606052_16084.jpg,0.25,0.25,0.25,0.25
EUVP_underwater_imagenet,n02606052_16101.jpg,0.25,0.25,0.25,0.25
EUVP_underwater_imagenet,n02606052_16147.jpg,0.25,0.25,0.25,0.25
EUVP_underwater_imagenet,n02606052_16177.jpg,0.25,0.25,0.25,0.25
EUVP_underwater_imagenet,n02606052_16191.jpg,0.25,0.25,0.25,0.25
EUVP_underwater_imagenet,n02606052_1620.jpg,0.25,0.25,0.25,0.25
EUVP_underwater_imagenet,n02606052_16207.jpg,0.25,0.25,0.25,0.25
EUVP_underwater_imagenet,n02606052_16217.jpg,0.25,0.25,0.25,0.25
EUVP_underwater_imagenet,n02606052_16222.jpg,0.25,0.25,0.25,0.25
EUVP_underwater_imagenet,n02606052_16360.jpg,0.25,0.25,0.25,0.25
EUVP_underwater_imagenet,n02606052_16368.jpg,0.25,0.25,0.25,0.25
EUVP_underwater_imagenet,n02606052_16387.jpg,0.25,0.25,0.25,0.25
EUVP_underwater_imagenet,n02606052_16464.jpg,0.25,0.25,0.25,0.25
EUVP_underwater_imagenet,n02606052_16511.jpg,0.25,0.25,0.25,0.25
EUVP_underwater_imagenet,n02606052_16524.jpg,0.25,0.25,0.25,0.25
EUVP_underwater_imagenet,n02606052_16542.jpg,0.25,0.25,0.25,0.25
EUVP_underwater_imagenet,n02606052_16575.jpg,0.25,0.25,0.25,0.25
EUVP_underwater_imagenet,n02606052_16616.jpg,0.25,0.25,0.25,0.25
EUVP_underwater_imagenet,n02606052_16639.jpg,0.25,0.25,0.25,0.25
EUVP_underwater_imagenet,n02606052_16815.jpg,0.25,0.25,0.25,0.25
EUVP_underwater_imagenet,n02606052_1703.jpg,0.25,0.25,0.25,0.25
EUVP_underwater_imagenet,n02606052_17080.jpg,0.25,0.25,0.25,0.25
EUVP_underwater_imagenet,n02606052_17146.jpg,0.25,0.25,0.25,0.25
EUVP_underwater_imagenet,n02606052_17153.jpg,0.25,0.25,0.25,0.25
EUVP_underwater_imagenet,n02606052_17178.jpg,0.25,0.25,0.25,0.25
EUVP_underwater_imagenet,n02606052_17183.jpg,0.25,0.25,0.25,0.25
EUVP_underwater_imagenet,n02606052_17214.jpg,0.25,0.25,0.25,0.25
EUVP_underwater_imagenet,n02606052_17217.jpg,0.25,0.25,0.25,0.25
EUVP_underwater_imagenet,n02606052_17244.jpg,0.25,0.25,0.25,0.25
EUVP_underwater_imagenet,n02606052_1727.jpg,0.25,0.25,0.25,0.25
EUVP_underwater_imagenet,n02606052_17309.jpg,0.25,0.25,0.25,0.25
EUVP_underwater_imagenet,n02606052_1732.jpg,0.25,0.25,0.25,0.25
EUVP_underwater_imagenet,n02606052_17361.jpg,0.25,0.25,0.25,0.25
EUVP_underwater_imagenet,n02606052_17391.jpg,0.25,0.25,0.25,0.25
EUVP_underwater_imagenet,n02606052_17412.jpg,0.25,0.25,0.25,0.25
EUVP_underwater_imagenet,n02606052_1745.jpg,0.25,0.25,0.25,0.25
EUVP_underwater_imagenet,n02606052_17487.jpg,0.25,0.25,0.25,0.25
EUVP_underwater_imagenet,n02606052_17536.jpg,0.25,0.25,0.25,0.25
EUVP_underwater_imagenet,n02606052_17608.jpg,0.25,0.25,0.25,0.25
EUVP_underwater_imagenet,n02606052_17683.jpg,0.25,0.25,0.25,0.25
EUVP_underwater_imagenet,n02606052_1776.jpg,0.25,0.25,0.25,0.25
EUVP_underwater_imagenet,n02606052_17785.jpg,0.25,0.25,0.25,0.25
EUVP_underwater_imagenet,n02606052_17876.jpg,0.25,0.25,0.25,0.25
EUVP_underwater_imagenet,n02606052_17925.jpg,0.25,0.25,0.25,0.25
EUVP_underwater_imagenet,n02606052_1799.jpg,0.25,0.25,0.25,0.25
EUVP_underwater_imagenet,n02606052_18039.jpg,0.25,0.25,0.25,0.25
EUVP_underwater_imagenet,n02606052_18094.jpg,0.25,0.25,0.25,0.25
EUVP_underwater_imagenet,n02606052_18113.jpg,0.25,0.25,0.25,0.25
EUVP_underwater_imagenet,n02606052_18196.jpg,0.25,0.25,0.25,0.25
EUVP_underwater_imagenet,n02606052_18246.jpg,0.25,0.25,0.25,0.25
EUVP_underwater_imagenet,n02606052_18267.jpg,0.25,0.25,0.25,0.25
EUVP_underwater_imagenet,n02606052_18354.jpg,0.25,0.25,0.25,0.25
EUVP_underwater_imagenet,n02606052_18362.jpg,0.25,0.25,0.25,0.25
EUVP_underwater_imagenet,n02606052_18446.jpg,0.25,0.25,0.25,0.25
EUVP_underwater_imagenet,n02606052_18458.jpg,0.25,0.25,0.25,0.25
EUVP_underwater_imagenet,n02606052_18608.jpg,0.25,0.25,0.25,0.25
EUVP_underwater_imagenet,n02606052_18652.jpg,0.25,0.25,0.25,0.25
EUVP_underwater_imagenet,n02606052_18680.jpg,0.25,0.25,0.25,0.25
EUVP_underwater_imagenet,n02606052_18742.jpg,0.25,0.25,0.25,0.25
EUVP_underwater_imagenet,n02606052_1877.jpg,0.25,0.25,0.25,0.25
EUVP_underwater_imagenet,n02606052_188.jpg,0.25,0.25,0.25,0.25
EUVP_underwater_imagenet,n02606052_18858.jpg,0.25,0.25,0.25,0.25
EUVP_underwater_imagenet,n02606052_18868.jpg,0.25,0.25,0.25,0.25
EUVP_underwater_imagenet,n02606052_18885.jpg,0.25,0.25,0.25,0.25
EUVP_underwater_imagenet,n02606052_18887.jpg,0.25,0.25,0.25,0.25
EUVP_underwater_imagenet,n02606052_18924.jpg,0.25,0.25,0.25,0.25
EUVP_underwater_imagenet,n02606052_18931.jpg,0.25,0.25,0.25,0.25
EUVP_underwater_imagenet,n02606052_18945.jpg,0.25,0.25,0.25,0.25
EUVP_underwater_imagenet,n02606052_1905.jpg,0.25,0.25,0.25,0.25
EUVP_underwater_imagenet,n02606052_19129.jpg,0.25,0.25,0.25,0.25
EUVP_underwater_imagenet,n02606052_19197.jpg,0.25,0.25,0.25,0.25
EUVP_underwater_imagenet,n02606052_19203.jpg,0.25,0.25,0.25,0.25
EUVP_underwater_imagenet,n02606052_193.jpg,0.25,0.25,0.25,0.25
EUVP_underwater_imagenet,n02606052_19349.jpg,0.25,0.25,0.25,0.25
EUVP_underwater_imagenet,n02606052_19492.jpg,0.25,0.25,0.25,0.25
EUVP_underwater_imagenet,n02606052_1953.jpg,0.25,0.25,0.25,0.25
EUVP_underwater_imagenet,n02606052_19600.jpg,0.25,0.25,0.25,0.25
EUVP_underwater_imagenet,n02606052_1963.jpg,0.25,0.25,0.25,0.25
EUVP_underwater_imagenet,n02606052_19669.jpg,0.25,0.25,0.25,0.25
EUVP_underwater_imagenet,n02606052_19675.jpg,0.25,0.25,0.25,0.25
EUVP_underwater_imagenet,n02606052_1973.jpg,0.25,0.25,0.25,0.25
EUVP_underwater_imagenet,n02606052_1984.jpg,0.25,0.25,0.25,0.25
EUVP_underwater_imagenet,n02606052_1986.jpg,0.25,0.25,0.25,0.25
EUVP_underwater_imagenet,n02606052_19884.jpg,0.25,0.25,0.25,0.25
EUVP_underwater_imagenet,n02606052_19970.jpg,0.25,0.25,0.25,0.25
EUVP_underwater_imagenet,n02606052_19996.jpg,0.25,0.25,0.25,0.25
EUVP_underwater_imagenet,n02606052_20008.jpg,0.25,0.25,0.25,0.25
EUVP_underwater_imagenet,n02606052_20032.jpg,0.25,0.25,0.25,0.25
EUVP_underwater_imagenet,n02606052_20124.jpg,0.25,0.25,0.25,0.25
EUVP_underwater_imagenet,n02606052_20139.jpg,0.25,0.25,0.25,0.25
EUVP_underwater_imagenet,n02606052_20185.jpg,0.25,0.25,0.25,0.25
EUVP_underwater_imagenet,n02606052_2026.jpg,0.25,0.25,0.25,0.25
EUVP_underwater_imagenet,n02606052_20317.jpg,0.25,0.25,0.25,0.25
EUVP_underwater_imagenet,n02606052_20359.jpg,0.25,0.25,0.25,0.25
EUVP_underwater_imagenet,n02606052_20378.jpg,0.25,0.25,0.25,0.25
EUVP_underwater_imagenet,n02606052_20404.jpg,0.25,0.25,0.25,0.25
EUVP_underwater_imagenet,n02606052_20424.jpg,0.25,0.25,0.25,0.25
EUVP_underwater_imagenet,n02606052_20442.jpg,0.25,0.25,0.25,0.25
EUVP_underwater_imagenet,n02606052_20452.jpg,0.25,0.25,0.25,0.25
EUVP_underwater_imagenet,n02606052_20459.jpg,0.25,0.25,0.25,0.25
EUVP_underwater_imagenet,n02606052_20573.jpg,0.25,0.25,0.25,0.25
EUVP_underwater_imagenet,n02606052_20628.jpg,0.25,0.25,0.25,0.25
EUVP_underwater_imagenet,n02606052_20763.jpg,0.25,0.25,0.25,0.25
EUVP_underwater_imagenet,n02606052_20797.jpg,0.25,0.25,0.25,0.25
EUVP_underwater_imagenet,n02606052_20895.jpg,0.25,0.25,0.25,0.25
EUVP_underwater_imagenet,n02606052_20931.jpg,0.25,0.25,0.25,0.25
EUVP_underwater_imagenet,n02606052_21087.jpg,0.25,0.25,0.25,0.25
EUVP_underwater_imagenet,n02606052_21090.jpg,0.25,0.25,0.25,0.25
EUVP_underwater_imagenet,n02606052_21101.jpg,0.25,0.25,0.25,0.25
EUVP_underwater_imagenet,n02606052_21141.jpg,0.25,0.25,0.25,0.25
EUVP_underwater_imagenet,n02606052_21165.jpg,0.25,0.25,0.25,0.25
EUVP_underwater_imagenet,n02606052_21192.jpg,0.25,0.25,0.25,0.25
EUVP_underwater_imagenet,n02606052_2121.jpg,0.25,0.25,0.25,0.25
EUVP_underwater_imagenet,n02606052_2122.jpg,0.25,0.25,0.25,0.25
EUVP_underwater_imagenet,n02606052_21278.jpg,0.25,0.25,0.25,0.25
EUVP_underwater_imagenet,n02606052_21281.jpg,0.25,0.25,0.25,0.25
EUVP_underwater_imagenet,n02606052_21310.jpg,0.25,0.25,0.25,0.25
EUVP_underwater_imagenet,n02606052_2133.jpg,0.25,0.25,0.25,0.25
EUVP_underwater_imagenet,n02606052_21411.jpg,0.25,0.25,0.25,0.25
EUVP_underwater_imagenet,n02606052_21431.jpg,0.25,0.25,0.25,0.25
EUVP_underwater_imagenet,n02606052_21449.jpg,0.25,0.25,0.25,0.25
EUVP_underwater_imagenet,n02606052_21463.jpg,0.25,0.25,0.25,0.25
EUVP_underwater_imagenet,n02606052_21519.jpg,0.25,0.25,0.25,0.25
EUVP_underwater_imagenet,n02606052_2152.jpg,0.25,0.25,0.25,0.25
EUVP_underwater_imagenet,n02606052_21544.jpg,0.25,0.25,0.25,0.25
EUVP_underwater_imagenet,n02606052_21558.jpg,0.25,0.25,0.25,0.25
EUVP_underwater_imagenet,n02606052_21573.jpg,0.25,0.25,0.25,0.25
EUVP_underwater_imagenet,n02606052_21595.jpg,0.25,0.25,0.25,0.25
EUVP_underwater_imagenet,n02606052_21668.jpg,0.25,0.25,0.25,0.25
EUVP_underwater_imagenet,n02606052_21698.jpg,0.25,0.25,0.25,0.25
EUVP_underwater_imagenet,n02606052_21703.jpg,0.25,0.25,0.25,0.25
EUVP_underwater_imagenet,n02606052_21767.jpg,0.25,0.25,0.25,0.25
EUVP_underwater_imagenet,n02606052_21798.jpg,0.25,0.25,0.25,0.25
EUVP_underwater_imagenet,n02606052_21815.jpg,0.25,0.25,0.25,0.25
EUVP_underwater_imagenet,n02606052_21830.jpg,0.25,0.25,0.25,0.25
EUVP_underwater_imagenet,n02606052_21846.jpg,0.25,0.25,0.25,0.25
EUVP_underwater_imagenet,n02606052_2190.jpg,0.25,0.25,0.25,0.25
EUVP_underwater_imagenet,n02606052_21949.jpg,0.25,0.25,0.25,0.25
EUVP_underwater_imagenet,n02606052_21990.jpg,0.25,0.25,0.25,0.25
EUVP_underwater_imagenet,n02606052_22045.jpg,0.25,0.25,0.25,0.25
EUVP_underwater_imagenet,n02606052_22091.jpg,0.25,0.25,0.25,0.25
EUVP_underwater_imagenet,n02606052_22119.jpg,0.25,0.25,0.25,0.25
EUVP_underwater_imagenet,n02606052_2213.jpg,0.25,0.25,0.25,0.25
EUVP_underwater_imagenet,n02606052_22187.jpg,0.25,0.25,0.25,0.25
EUVP_underwater_imagenet,n02606052_22212.jpg,0.25,0.25,0.25,0.25
EUVP_underwater_imagenet,n02606052_22280.jpg,0.25,0.25,0.25,0.25
EUVP_underwater_imagenet,n02606052_224.jpg,0.25,0.25,0.25,0.25
EUVP_underwater_imagenet,n02606052_22423.jpg,0.25,0.25,0.25,0.25
EUVP_underwater_imagenet,n02606052_22449.jpg,0.25,0.25,0.25,0.25
EUVP_underwater_imagenet,n02606052_22519.jpg,0.25,0.25,0.25,0.25
EUVP_underwater_imagenet,n02606052_22544.jpg,0.25,0.25,0.25,0.25
EUVP_underwater_imagenet,n02606052_22628.jpg,0.25,0.25,0.25,0.25
EUVP_underwater_imagenet,n02606052_2265.jpg,0.25,0.25,0.25,0.25
EUVP_underwater_imagenet,n02606052_22650.jpg,0.25,0.25,0.25,0.25
EUVP_underwater_imagenet,n02606052_22675.jpg,0.25,0.25,0.25,0.25
EUVP_underwater_imagenet,n02606052_22691.jpg,0.25,0.25,0.25,0.25
EUVP_underwater_imagenet,n02606052_22729.jpg,0.25,0.25,0.25,0.25
EUVP_underwater_imagenet,n02606052_22760.jpg,0.25,0.25,0.25,0.25
EUVP_underwater_imagenet,n02606052_22777.jpg,0.25,0.25,0.25,0.25
EUVP_underwater_imagenet,n02606052_22844.jpg,0.25,0.25,0.25,0.25
EUVP_underwater_imagenet,n02606052_22897.jpg,0.25,0.25,0.25,0.25
EUVP_underwater_imagenet,n02606052_22962.jpg,0.25,0.25,0.25,0.25
EUVP_underwater_imagenet,n02606052_22966.jpg,0.25,0.25,0.25,0.25
EUVP_underwater_imagenet,n02606052_23073.jpg,0.25,0.25,0.25,0.25
EUVP_underwater_imagenet,n02606052_23076.jpg,0.25,0.25,0.25,0.25
EUVP_underwater_imagenet,n02606052_23120.jpg,0.25,0.25,0.25,0.25
EUVP_underwater_imagenet,n02606052_2315.jpg,0.25,0.25,0.25,0.25
EUVP_underwater_imagenet,n02606052_23213.jpg,0.25,0.25,0.25,0.25
EUVP_underwater_imagenet,n02606052_2497.jpg,0.25,0.25,0.25,0.25
EUVP_underwater_imagenet,n02606052_2508.jpg,0.25,0.25,0.25,0.25
EUVP_underwater_imagenet,n02606052_2511.jpg,0.25,0.25,0.25,0.25
EUVP_underwater_imagenet,n02606052_2521.jpg,0.25,0.25,0.25,0.25
EUVP_underwater_imagenet,n02606052_2533.jpg,0.25,0.25,0.25,0.25
EUVP_underwater_imagenet,n02606052_2537.jpg,0.25,0.25,0.25,0.25
EUVP_underwater_imagenet,n02606052_2562.jpg,0.25,0.25,0.25,0.25
EUVP_underwater_imagenet,n02606052_264.jpg,0.25,0.25,0.25,0.25
EUVP_underwater_imagenet,n02606052_2676.jpg,0.25,0.25,0.25,0.25
EUVP_underwater_imagenet,n02606052_2701.jpg,0.25,0.25,0.25,0.25
EUVP_underwater_imagenet,n02606052_2705.jpg,0.25,0.25,0.25,0.25
EUVP_underwater_imagenet,n02606052_2809.jpg,0.25,0.25,0.25,0.25
EUVP_underwater_imagenet,n02606052_288.jpg,0.25,0.25,0.25,0.25
EUVP_underwater_imagenet,n02606052_2973.jpg,0.25,0.25,0.25,0.25
EUVP_underwater_imagenet,n02606052_2998.jpg,0.25,0.25,0.25,0.25
EUVP_underwater_imagenet,n02606052_3015.jpg,0.25,0.25,0.25,0.25
EUVP_underwater_imagenet,n02606052_3050.jpg,0.25,0.25,0.25,0.25
EUVP_underwater_imagenet,n02606052_3087.jpg,0.25,0.25,0.25,0.25
EUVP_underwater_imagenet,n02606052_3088.jpg,0.25,0.25,0.25,0.25
EUVP_underwater_imagenet,n02606052_310.jpg,0.25,0.25,0.25,0.25
EUVP_underwater_imagenet,n02606052_3109.jpg,0.25,0.25,0.25,0.25
EUVP_underwater_imagenet,n02606052_3127.jpg,0.25,0.25,0.25,0.25
EUVP_underwater_imagenet,n02606052_3145.jpg,0.25,0.25,0.25,0.25
EUVP_underwater_imagenet,n02606052_316.jpg,0.25,0.25,0.25,0.25
EUVP_underwater_imagenet,n02606052_324.jpg,0.25,0.25,0.25,0.25
EUVP_underwater_imagenet,n02606052_3241.jpg,0.25,0.25,0.25,0.25
EUVP_underwater_imagenet,n02606052_3255.jpg,0.25,0.25,0.25,0.25
EUVP_underwater_imagenet,n02606052_3258.jpg,0.25,0.25,0.25,0.25
EUVP_underwater_imagenet,n02606052_3292.jpg,0.25,0.25,0.25,0.25
EUVP_underwater_imagenet,n02606052_3295.jpg,0.25,0.25,0.25,0.25
EUVP_underwater_imagenet,n02606052_3305.jpg,0.25,0.25,0.25,0.25
EUVP_underwater_imagenet,n02606052_3315.jpg,0.25,0.25,0.25,0.25
EUVP_underwater_imagenet,n02606052_3362.jpg,0.25,0.25,0.25,0.25
EUVP_underwater_imagenet,n02606052_337.jpg,0.25,0.25,0.25,0.25
EUVP_underwater_imagenet,n02606052_3376.jpg,0.25,0.25,0.25,0.25
EUVP_underwater_imagenet,n02606052_3381.jpg,0.25,0.25,0.25,0.25
EUVP_underwater_imagenet,n02606052_3414.jpg,0.25,0.25,0.25,0.25
EUVP_underwater_imagenet,n02606052_3416.jpg,0.25,0.25,0.25,0.25
EUVP_underwater_imagenet,n02606052_346.jpg,0.25,0.25,0.25,0.25
EUVP_underwater_imagenet,n02606052_3509.jpg,0.25,0.25,0.25,0.25
EUVP_underwater_imagenet,n02606052_3517.jpg,0.25,0.25,0.25,0.25
EUVP_underwater_imagenet,n02606052_3573.jpg,0.25,0.25,0.25,0.25
EUVP_underwater_imagenet,n02606052_3580.jpg,0.25,0.25,0.25,0.25
EUVP_underwater_imagenet,n02606052_3586.jpg,0.25,0.25,0.25,0.25
EUVP_underwater_imagenet,n02606052_3589.jpg,0.25,0.25,0.25,0.25
EUVP_underwater_imagenet,n02606052_3624.jpg,0.25,0.25,0.25,0.25
EUVP_underwater_imagenet,n02606052_3626.jpg,0.25,0.25,0.25,0.25
EUVP_underwater_imagenet,n02606052_3701.jpg,0.25,0.25,0.25,0.25
EUVP_underwater_imagenet,n02606052_3709.jpg,0.25,0.25,0.25,0.25
EUVP_underwater_imagenet,n02606052_3732.jpg,0.25,0.25,0.25,0.25
EUVP_underwater_imagenet,n02606052_3733.jpg,0.25,0.25,0.25,0.25
EUVP_underwater_imagenet,n02606052_3738.jpg,0.25,0.25,0.25,0.25
EUVP_underwater_imagenet,n02606052_3767.jpg,0.25,0.25,0.25,0.25
EUVP_underwater_imagenet,n02606052_3804.jpg,0.25,0.25,0.25,0.25
EUVP_underwater_imagenet,n02606052_3808.jpg,0.25,0.25,0.25,0.25
EUVP_underwater_imagenet,n02606052_3853.jpg,0.25,0.25,0.25,0.25
EUVP_underwater_imagenet,n02606052_3854.jpg,0.25,0.25,0.25,0.25
EUVP_underwater_imagenet,n02606052_3867.jpg,0.25,0.25,0.25,0.25
EUVP_underwater_imagenet,n02606052_3886.jpg,0.25,0.25,0.25,0.25
EUVP_underwater_imagenet,n02606052_3964.jpg,0.25,0.25,0.25,0.25
EUVP_underwater_imagenet,n02606052_3969.jpg,0.25,0.25,0.25,0.25
EUVP_underwater_imagenet,n02606052_3976.jpg,0.25,0.25,0.25,0.25
EUVP_underwater_imagenet,n02606052_4014.jpg,0.25,0.25,0.25,0.25
EUVP_underwater_imagenet,n02606052_4070.jpg,0.25,0.25,0.25,0.25
EUVP_underwater_imagenet,n02606052_4099.jpg,0.25,0.25,0.25,0.25
EUVP_underwater_imagenet,n02606052_4174.jpg,0.25,0.25,0.25,0.25
EUVP_underwater_imagenet,n02606052_423.jpg,0.25,0.25,0.25,0.25
EUVP_underwater_imagenet,n02606052_4252.jpg,0.25,0.25,0.25,0.25
EUVP_underwater_imagenet,n02606052_4300.jpg,0.25,0.25,0.25,0.25
EUVP_underwater_imagenet,n02606052_4306.jpg,0.25,0.25,0.25,0.25
EUVP_underwater_imagenet,n02606052_4549.jpg,0.25,0.25,0.25,0.25
EUVP_underwater_imagenet,n02606052_4661.jpg,0.25,0.25,0.25,0.25
EUVP_underwater_imagenet,n02606052_4682.jpg,0.25,0.25,0.25,0.25
EUVP_underwater_imagenet,n02606052_4765.jpg,0.25,0.25,0.25,0.25
EUVP_underwater_imagenet,n02606052_4778.jpg,0.25,0.25,0.25,0.25
EUVP_underwater_imagenet,n02606052_4805.jpg,0.25,0.25,0.25,0.25
EUVP_underwater_imagenet,n02606052_4809.jpg,0.25,0.25,0.25,0.25
EUVP_underwater_imagenet,n02606052_482.jpg,0.25,0.25,0.25,0.25
EUVP_underwater_imagenet,n02606052_4861.jpg,0.25,0.25,0.25,0.25
EUVP_underwater_imagenet,n02606052_4888.jpg,0.25,0.25,0.25,0.25
EUVP_underwater_imagenet,n02606052_4911.jpg,0.25,0.25,0.25,0.25
EUVP_underwater_imagenet,n02606052_4919.jpg,0.25,0.25,0.25,0.25
EUVP_underwater_imagenet,n02606052_4954.jpg,0.25,0.25,0.25,0.25
EUVP_underwater_imagenet,n02606052_4963.jpg,0.25,0.25,0.25,0.25
EUVP_underwater_imagenet,n02606052_4966.jpg,0.25,0.25,0.25,0.25
EUVP_underwater_imagenet,n02606052_4967.jpg,0.25,0.25,0.25,0.25
EUVP_underwater_imagenet,n02606052_5014.jpg,0.25,0.25,0.25,0.25
EUVP_underwater_imagenet,n02606052_5016.jpg,0.25,0.25,0.25,0.25
EUVP_underwater_imagenet,n02606052_5041.jpg,0.25,0.25,0.25,0.25
EUVP_underwater_imagenet,n02606052_5046.jpg,0.25,0.25,0.25,0.25
EUVP_underwater_imagenet,n02606052_5079.jpg,0.25,0.25,0.25,0.25
EUVP_underwater_imagenet,n02606052_5090.jpg,0.25,0.25,0.25,0.25
EUVP_underwater_imagenet,n02606052_5093.jpg,0.25,0.25,0.25,0.25
EUVP_underwater_imagenet,n02606052_5128.jpg,0.25,0.25,0.25,0.25
EUVP_underwater_imagenet,n02606052_5141.jpg,0.25,0.25,0.25,0.25
EUVP_underwater_imagenet,n02606052_5182.jpg,0.25,0.25,0.25,0.25
EUVP_underwater_imagenet,n02606052_5188.jpg,0.25,0.25,0.25,0.25
EUVP_underwater_imagenet,n02606052_5213.jpg,0.25,0.25,0.25,0.25
EUVP_underwater_imagenet,n02606052_5236.jpg,0.25,0.25,0.25,0.25
EUVP_underwater_imagenet,n02606052_5256.jpg,0.25,0.25,0.25,0.25
EUVP_underwater_imagenet,n02606052_5289.jpg,0.25,0.25,0.25,0.25
EUVP_underwater_imagenet,n02606052_5319.jpg,0.25,0.25,0.25,0.25
EUVP_underwater_imagenet,n02606052_5345.jpg,0.25,0.25,0.25,0.25
EUVP_underwater_imagenet,n02606052_5430.jpg,0.25,0.25,0.25,0.25
EUVP_underwater_imagenet,n02606052_5448.jpg,0.25,0.25,0.25,0.25
EUVP_underwater_imagenet,n02606052_5468.jpg,0.25,0.25,0.25,0.25
EUVP_underwater_imagenet,n02606052_5493.jpg,0.25,0.25,0.25,0.25
EUVP_underwater_imagenet,n02606052_5501.jpg,0.25,0.25,0.25,0.25
EUVP_underwater_imagenet,n02606052_5503.jpg,0.25,0.25,0.25,0.25
EUVP_underwater_imagenet,n02606052_553.jpg,0.25,0.25,0.25,0.25
EUVP_underwater_imagenet,n02606052_556.jpg,0.25,0.25,0.25,0.25
EUVP_underwater_imagenet,n02606052_5596.jpg,0.25,0.25,0.25,0.25
EUVP_underwater_imagenet,n02606052_5686.jpg,0.25,0.25,0.25,0.25
EUVP_underwater_imagenet,n02606052_57.jpg,0.25,0.25,0.25,0.25
EUVP_underwater_imagenet,n02606052_5748.jpg,0.25,0.25,0.25,0.25
EUVP_underwater_imagenet,n02606052_5756.jpg,0.25,0.25,0.25,0.25
EUVP_underwater_imagenet,n02606052_5790.jpg,0.25,0.25,0.25,0.25
EUVP_underwater_imagenet,n02606052_5842.jpg,0.25,0.25,0.25,0.25
EUVP_underwater_imagenet,n02606052_5860.jpg,0.25,0.25,0.25,0.25
EUVP_underwater_imagenet,n02606052_5861.jpg,0.25,0.25,0.25,0.25
EUVP_underwater_imagenet,n02606052_5897.jpg,0.25,0.25,0.25,0.25
EUVP_underwater_imagenet,n02606052_5909.jpg,0.25,0.25,0.25,0.25
EUVP_underwater_imagenet,n02606052_594.jpg,0.25,0.25,0.25,0.25
EUVP_underwater_imagenet,n02606052_6012.jpg,0.25,0.25,0.25,0.25
EUVP_underwater_imagenet,n02606052_6042.jpg,0.25,0.25,0.25,0.25
EUVP_underwater_imagenet,n02606052_6062.jpg,0.25,0.25,0.25,0.25
EUVP_underwater_imagenet,n02606052_6113.jpg,0.25,0.25,0.25,0.25
EUVP_underwater_imagenet,n02606052_6154.jpg,0.25,0.25,0.25,0.25
EUVP_underwater_imagenet,n02606052_6230.jpg,0.25,0.25,0.25,0.25
EUVP_underwater_imagenet,n02606052_6272.jpg,0.25,0.25,0.25,0.25
EUVP_underwater_imagenet,n02606052_6338.jpg,0.25,0.25,0.25,0.25
EUVP_underwater_imagenet,n02606052_639.jpg,0.25,0.25,0.25,0.25
EUVP_underwater_imagenet,n02606052_6404.jpg,0.25,0.25,0.25,0.25
EUVP_underwater_imagenet,n02606052_6421.jpg,0.25,0.25,0.25,0.25
EUVP_underwater_imagenet,n02606052_6427.jpg,0.25,0.25,0.25,0.25
EUVP_underwater_imagenet,n02606052_643.jpg,0.25,0.25,0.25,0.25
EUVP_underwater_imagenet,n02606052_648.jpg,0.25,0.25,0.25,0.25
EUVP_underwater_imagenet,n02606052_6511.jpg,0.25,0.25,0.25,0.25
EUVP_underwater_imagenet,n02606052_6525.jpg,0.25,0.25,0.25,0.25
EUVP_underwater_imagenet,n02606052_6543.jpg,0.25,0.25,0.25,0.25
EUVP_underwater_imagenet,n02606052_6672.jpg,0.25,0.25,0.25,0.25
EUVP_underwater_imagenet,n02606052_6724.jpg,0.25,0.25,0.25,0.25
EUVP_underwater_imagenet,n02606052_6791.jpg,0.25,0.25,0.25,0.25
EUVP_underwater_imagenet,n02606052_687.jpg,0.25,0.25,0.25,0.25
EUVP_underwater_imagenet,n02606052_6911.jpg,0.25,0.25,0.25,0.25
EUVP_underwater_imagenet,n02606052_6967.jpg,0.25,0.25,0.25,0.25
EUVP_underwater_imagenet,n02606052_7023.jpg,0.25,0.25,0.25,0.25
EUVP_underwater_imagenet,n02606052_7061.jpg,0.25,0.25,0.25,0.25
EUVP_underwater_imagenet,n02606052_7127.jpg,0.25,0.25,0.25,0.25
EUVP_underwater_imagenet,n02606052_7242.jpg,0.25,0.25,0.25,0.25
EUVP_underwater_imagenet,n02606052_7251.jpg,0.25,0.25,0.25,0.25
EUVP_underwater_imagenet,n02606052_7286.jpg,0.25,0.25,0.25,0.25
EUVP_underwater_imagenet,n02606052_7315.jpg,0.25,0.25,0.25,0.25
EUVP_underwater_imagenet,n02606052_7389.jpg,0.25,0.25,0.25,0.25
EUVP_underwater_imagenet,n02606052_7524.jpg,0.25,0.25,0.25,0.25
EUVP_underwater_imagenet,n02606052_7532.jpg,0.25,0.25,0.25,0.25
EUVP_underwater_imagenet,n02606052_7571.jpg,0.25,0.25,0.25,0.25
EUVP_underwater_imagenet,n02606052_7580.jpg,0.25,0.25,0.25,0.25
EUVP_underwater_imagenet,n02606052_7593.jpg,0.25,0.25,0.25,0.25
EUVP_underwater_imagenet,n02606052_7648.jpg,0.25,0.25,0.25,0.25
EUVP_underwater_imagenet,n02606052_7699.jpg,0.25,0.25,0.25,0.25
EUVP_underwater_imagenet,n02606052_7702.jpg,0.25,0.25,0.25,0.25
EUVP_underwater_imagenet,n02606052_7704.jpg,0.25,0.25,0.25,0.25
EUVP_underwater_imagenet,n02606052_7710.jpg,0.25,0.25,0.25,0.25
EUVP_underwater_imagenet,n02606052_7730.jpg,0.25,0.25,0.25,0.25
EUVP_underwater_imagenet,n02606052_7793.jpg,0.25,0.25,0.25,0.25
EUVP_underwater_imagenet,n02606052_7800.jpg,0.25,0.25,0.25,0.25
EUVP_underwater_imagenet,n02606052_785.jpg,0.25,0.25,0.25,0.25
EUVP_underwater_imagenet,n02606052_7862.jpg,0.25,0.25,0.25,0.25
EUVP_underwater_imagenet,n02606052_7886.jpg,0.25,0.25,0.25,0.25
EUVP_underwater_imagenet,n02606052_7900.jpg,0.25,0.25,0.25,0.25
EUVP_underwater_imagenet,n02606052_7902.jpg,0.25,0.25,0.25,0.25
EUVP_underwater_imagenet,n02606052_7974.jpg,0.25,0.25,0.25,0.25
EUVP_underwater_imagenet,n02606052_8039.jpg,0.25,0.25,0.25,0.25
EUVP_underwater_imagenet,n02606052_8046.jpg,0.25,0.25,0.25,0.25
EUVP_underwater_imagenet,n02606052_8060.jpg,0.25,0.25,0.25,0.25
EUVP_underwater_imagenet,n02606052_8230.jpg,0.25,0.25,0.25,0.25
EUVP_underwater_imagenet,n02606052_8243.jpg,0.25,0.25,0.25,0.25
EUVP_underwater_imagenet,n02606052_8280.jpg,0.25,0.25,0.25,0.25
EUVP_underwater_imagenet,n02606052_83.jpg,0.25,0.25,0.25,0.25
EUVP_underwater_imagenet,n02606052_8330.jpg,0.25,0.25,0.25,0.25
EUVP_underwater_imagenet,n02606052_8340.jpg,0.25,0.25,0.25,0.25
EUVP_underwater_imagenet,n02606052_8342.jpg,0.25,0.25,0.25,0.25
EUVP_underwater_imagenet,n02606052_8363.jpg,0.25,0.25,0.25,0.25
EUVP_underwater_imagenet,n02606052_8364.jpg,0.25,0.25,0.25,0.25
EUVP_underwater_imagenet,n02606052_8373.jpg,0.25,0.25,0.25,0.25
EUVP_underwater_imagenet,n02606052_8451.jpg,0.25,0.25,0.25,0.25
EUVP_underwater_imagenet,n02606052_8535.jpg,0.25,0.25,0.25,0.25
EUVP_underwater_imagenet,n02606052_857.jpg,0.25,0.25,0.25,0.25
EUVP_underwater_imagenet,n02606052_8578.jpg,0.25,0.25,0.25,0.25
EUVP_underwater_imagenet,n02606052_8592.jpg,0.25,0.25,0.25,0.25
EUVP_underwater_imagenet,n02606052_8611.jpg,0.25,0.25,0.25,0.25
EUVP_underwater_imagenet,n02606052_8646.jpg,0.25,0.25,0.25,0.25
EUVP_underwater_imagenet,n02606052_8703.jpg,0.25,0.25,0.25,0.25
EUVP_underwater_imagenet,n02606052_8739.jpg,0.25,0.25,0.25,0.25
EUVP_underwater_imagenet,n02606052_8754.jpg,0.25,0.25,0.25,0.25
EUVP_underwater_imagenet,n02606052_8781.jpg,0.25,0.25,0.25,0.25
EUVP_underwater_imagenet,n02606052_8831.jpg,0.25,0.25,0.25,0.25
EUVP_underwater_imagenet,n02606052_887.jpg,0.25,0.25,0.25,0.25
EUVP_underwater_imagenet,n02606052_8907.jpg,0.25,0.25,0.25,0.25
EUVP_underwater_imagenet,n02606052_8922.jpg,0.25,0.25,0.25,0.25
EUVP_underwater_imagenet,n02606052_895.jpg,0.25,0.25,0.25,0.25
EUVP_underwater_imagenet,n02606052_8985.jpg,0.25,0.25,0.25,0.25
EUVP_underwater_imagenet,n02606052_8987.jpg,0.25,0.25,0.25,0.25
EUVP_underwater_imagenet,n02606052_9019.jpg,0.25,0.25,0.25,0.25
EUVP_underwater_imagenet,n02606052_9022.jpg,0.25,0.25,0.25,0.25
EUVP_underwater_imagenet,n02606052_9042.jpg,0.25,0.25,0.25,0.25
EUVP_underwater_imagenet,n02606052_9051.jpg,0.25,0.25,0.25,0.25
EUVP_underwater_imagenet,n02606052_9074.jpg,0.25,0.25,0.25,0.25
EUVP_underwater_imagenet,n02606052_9081.jpg,0.25,0.25,0.25,0.25
EUVP_underwater_imagenet,n02606052_9094.jpg,0.25,0.25,0.25,0.25
EUVP_underwater_imagenet,n02606052_9119.jpg,0.25,0.25,0.25,0.25
EUVP_underwater_imagenet,n02606052_9172.jpg,0.25,0.25,0.25,0.25
EUVP_underwater_imagenet,n02606052_9174.jpg,0.25,0.25,0.25,0.25
EUVP_underwater_imagenet,n02606052_9182.jpg,0.25,0.25,0.25,0.25
EUVP_underwater_imagenet,n02606052_9211.jpg,0.25,0.25,0.25,0.25
EUVP_underwater_imagenet,n02606052_9338.jpg,0.25,0.25,0.25,0.25
EUVP_underwater_imagenet,n02606052_9376.jpg,0.25,0.25,0.25,0.25
EUVP_underwater_imagenet,n02606052_940.jpg,0.25,0.25,0.25,0.25
EUVP_underwater_imagenet,n02606052_9624.jpg,0.25,0.25,0.25,0.25
EUVP_underwater_imagenet,n02606052_9689.jpg,0.25,0.25,0.25,0.25
EUVP_underwater_imagenet,n02606052_9845.jpg,0.25,0.25,0.25,0.25
EUVP_underwater_imagenet,n02606052_9993.jpg,0.25,0.25,0.25,0.25
EUVP_underwater_imagenet,n02607072_10036.jpg,0.25,0.25,0.25,0.25
EUVP_underwater_imagenet,n02607072_101.jpg,0.25,0.25,0.25,0.25
EUVP_underwater_imagenet,n02607072_10101.jpg,0.25,0.25,0.25,0.25
EUVP_underwater_imagenet,n02607072_10131.jpg,0.25,0.25,0.25,0.25
EUVP_underwater_imagenet,n02607072_1015.jpg,0.25,0.25,0.25,0.25
EUVP_underwater_imagenet,n02607072_1016.jpg,0.25,0.25,0.25,0.25
EUVP_underwater_imagenet,n02607072_102.jpg,0.25,0.25,0.25,0.25
EUVP_underwater_imagenet,n02607072_10385.jpg,0.25,0.25,0.25,0.25
EUVP_underwater_imagenet,n02607072_10389.jpg,0.25,0.25,0.25,0.25
EUVP_underwater_imagenet,n02607072_10405.jpg,0.25,0.25,0.25,0.25
EUVP_underwater_imagenet,n02607072_1041.jpg,0.25,0.25,0.25,0.25
EUVP_underwater_imagenet,n02607072_1054.jpg,0.25,0.25,0.25,0.25
EUVP_underwater_imagenet,n02607072_10540.jpg,0.25,0.25,0.25,0.25
EUVP_underwater_imagenet,n02607072_10551.jpg,0.25,0.25,0.25,0.25
EUVP_underwater_imagenet,n02607072_10552.jpg,0.25,0.25,0.25,0.25
EUVP_underwater_imagenet,n02607072_10577.jpg,0.25,0.25,0.25,0.25
EUVP_underwater_imagenet,n02607072_10685.jpg,0.25,0.25,0.25,0.25
EUVP_underwater_imagenet,n02607072_10696.jpg,0.25,0.25,0.25,0.25
EUVP_underwater_imagenet,n02607072_1071.jpg,0.25,0.25,0.25,0.25
EUVP_underwater_imagenet,n02607072_10845.jpg,0.25,0.25,0.25,0.25
EUVP_underwater_imagenet,n02607072_1089.jpg,0.25,0.25,0.25,0.25
EUVP_underwater_imagenet,n02607072_10894.jpg,0.25,0.25,0.25,0.25
EUVP_underwater_imagenet,n02607072_1090.jpg,0.25,0.25,0.25,0.25
EUVP_underwater_imagenet,n02607072_10903.jpg,0.25,0.25,0.25,0.25
EUVP_underwater_imagenet,n02607072_1093.jpg,0.25,0.25,0.25,0.25
EUVP_underwater_imagenet,n02607072_111.jpg,0.25,0.25,0.25,0.25
EUVP_underwater_imagenet,n02607072_1113.jpg,0.25,0.25,0.25,0.25
EUVP_underwater_imagenet,n02607072_1131.jpg,0.25,0.25,0.25,0.25
EUVP_underwater_imagenet,n02607072_1133.jpg,0.25,0.25,0.25,0.25
EUVP_underwater_imagenet,n02607072_1138.jpg,0.25,0.25,0.25,0.25
EUVP_underwater_imagenet,n02607072_11391.jpg,0.25,0.25,0.25,0.25
EUVP_underwater_imagenet,n02607072_1141.jpg,0.25,0.25,0.25,0.25
EUVP_underwater_imagenet,n02607072_115.jpg,0.25,0.25,0.25,0.25
EUVP_underwater_imagenet,n02607072_1156.jpg,0.25,0.25,0.25,0.25
EUVP_underwater_imagenet,n02607072_11567.jpg,0.25,0.25,0.25,0.25
EUVP_underwater_imagenet,n02607072_11572.jpg,0.25,0.25,0.25,0.25
EUVP_underwater_imagenet,n02607072_1159.jpg,0.25,0.25,0.25,0.25
EUVP_underwater_imagenet,n02607072_1167.jpg,0.25,0.25,0.25,0.25
EUVP_underwater_imagenet,n02607072_117.jpg,0.25,0.25,0.25,0.25
EUVP_underwater_imagenet,n02607072_11721.jpg,0.25,0.25,0.25,0.25
EUVP_underwater_imagenet,n02607072_11743.jpg,0.25,0.25,0.25,0.25
EUVP_underwater_imagenet,n02607072_1195.jpg,0.25,0.25,0.25,0.25
EUVP_underwater_imagenet,n02607072_11950.jpg,0.25,0.25,0.25,0.25
EUVP_underwater_imagenet,n02607072_1196.jpg,0.25,0.25,0.25,0.25
EUVP_underwater_imagenet,n02607072_11967.jpg,0.25,0.25,0.25,0.25
EUVP_underwater_imagenet,n02607072_11997.jpg,0.25,0.25,0.25,0.25
EUVP_underwater_imagenet,n02607072_1205.jpg,0.25,0.25,0.25,0.25
EUVP_underwater_imagenet,n02607072_12115.jpg,0.25,0.25,0.25,0.25
EUVP_underwater_imagenet,n02607072_1213.jpg,0.25,0.25,0.25,0.25
EUVP_underwater_imagenet,n02607072_1216.jpg,0.25,0.25,0.25,0.25
EUVP_underwater_imagenet,n02607072_12184.jpg,0.25,0.25,0.25,0.25
EUVP_underwater_imagenet,n02607072_1222.jpg,0.25,0.25,0.25,0.25
EUVP_underwater_imagenet,n02607072_12226.jpg,0.25,0.25,0.25,0.25
EUVP_underwater_imagenet,n02607072_1231.jpg,0.25,0.25,0.25,0.25
EUVP_underwater_imagenet,n02607072_12341.jpg,0.25,0.25,0.25,0.25
EUVP_underwater_imagenet,n02607072_12346.jpg,0.25,0.25,0.25,0.25
EUVP_underwater_imagenet,n02607072_1236.jpg,0.25,0.25,0.25,0.25
EUVP_underwater_imagenet,n02607072_1239.jpg,0.25,0.25,0.25,0.25
EUVP_underwater_imagenet,n02607072_1248.jpg,0.25,0.25,0.25,0.25
EUVP_underwater_imagenet,n02607072_12524.jpg,0.25,0.25,0.25,0.25
EUVP_underwater_imagenet,n02607072_12528.jpg,0.25,0.25,0.25,0.25
EUVP_underwater_imagenet,n02607072_12569.jpg,0.25,0.25,0.25,0.25
EUVP_underwater_imagenet,n02607072_1257.jpg,0.25,0.25,0.25,0.25
EUVP_underwater_imagenet,n02607072_12621.jpg,0.25,0.25,0.25,0.25
EUVP_underwater_imagenet,n02607072_12685.jpg,0.25,0.25,0.25,0.25
EUVP_underwater_imagenet,n02607072_12763.jpg,0.25,0.25,0.25,0.25
EUVP_underwater_imagenet,n02607072_1287.jpg,0.25,0.25,0.25,0.25
EUVP_underwater_imagenet,n02607072_129.jpg,0.25,0.25,0.25,0.25
EUVP_underwater_imagenet,n02607072_12922.jpg,0.25,0.25,0.25,0.25
EUVP_underwater_imagenet,n02607072_12932.jpg,0.25,0.25,0.25,0.25
EUVP_underwater_imagenet,n02607072_1297.jpg,0.25,0.25,0.25,0.25
EUVP_underwater_imagenet,n02607072_13101.jpg,0.25,0.25,0.25,0.25
EUVP_underwater_imagenet,n02607072_1314.jpg,0.25,0.25,0.25,0.25
EUVP_underwater_imagenet,n02607072_13154.jpg,0.25,0.25,0.25,0.25
EUVP_underwater_imagenet,n02607072_13188.jpg,0.25,0.25,0.25,0.25
EUVP_underwater_imagenet,n02607072_1320.jpg,0.25,0.25,0.25,0.25
EUVP_underwater_imagenet,n02607072_1324.jpg,0.25,0.25,0.25,0.25
EUVP_underwater_imagenet,n02607072_1339.jpg,0.25,0.25,0.25,0.25
EUVP_underwater_imagenet,n02607072_13430.jpg,0.25,0.25,0.25,0.25
EUVP_underwater_imagenet,n02607072_13446.jpg,0.25,0.25,0.25,0.25
EUVP_underwater_imagenet,n02607072_13511.jpg,0.25,0.25,0.25,0.25
EUVP_underwater_imagenet,n02607072_13520.jpg,0.25,0.25,0.25,0.25
EUVP_underwater_imagenet,n02607072_1367.jpg,0.25,0.25,0.25,0.25
EUVP_underwater_imagenet,n02607072_1373.jpg,0.25,0.25,0.25,0.25
EUVP_underwater_imagenet,n02607072_13741.jpg,0.25,0.25,0.25,0.25
EUVP_underwater_imagenet,n02607072_13789.jpg,0.25,0.25,0.25,0.25
EUVP_underwater_imagenet,n02607072_1380.jpg,0.25,0.25,0.25,0.25
EUVP_underwater_imagenet,n02607072_13895.jpg,0.25,0.25,0.25,0.25
EUVP_underwater_imagenet,n02607072_139.jpg,0.25,0.25,0.25,0.25
EUVP_underwater_imagenet,n02607072_13930.jpg,0.25,0.25,0.25,0.25
EUVP_underwater_imagenet,n02607072_14036.jpg,0.25,0.25,0.25,0.25
EUVP_underwater_imagenet,n02607072_1412.jpg,0.25,0.25,0.25,0.25
EUVP_underwater_imagenet,n02607072_14157.jpg,0.25,0.25,0.25,0.25
EUVP_underwater_imagenet,n02607072_1419.jpg,0.25,0.25,0.25,0.25
EUVP_underwater_imagenet,n02607072_1420.jpg,0.25,0.25,0.25,0.25
EUVP_underwater_imagenet,n02607072_1434.jpg,0.25,0.25,0.25,0.25
EUVP_underwater_imagenet,n02607072_14371.jpg,0.25,0.25,0.25,0.25
EUVP_underwater_imagenet,n02607072_1439.jpg,0.25,0.25,0.25,0.25
EUVP_underwater_imagenet,n02607072_14395.jpg,0.25,0.25,0.25,0.25
EUVP_underwater_imagenet,n02607072_1441.jpg,0.25,0.25,0.25,0.25
EUVP_underwater_imagenet,n02607072_1442.jpg,0.25,0.25,0.25,0.25
EUVP_underwater_imagenet,n02607072_1444.jpg,0.25,0.25,0.25,0.25
EUVP_underwater_imagenet,n02607072_1446.jpg,0.25,0.25,0.25,0.25
EUVP_underwater_imagenet,n02607072_1451.jpg,0.25,0.25,0.25,0.25
EUVP_underwater_imagenet,n02607072_14589.jpg,0.25,0.25,0.25,0.25
EUVP_underwater_imagenet,n02607072_1459.jpg,0.25,0.25,0.25,0.25
EUVP_underwater_imagenet,n02607072_1461.jpg,0.25,0.25,0.25,0.25
EUVP_underwater_imagenet,n02607072_1481.jpg,0.25,0.25,0.25,0.25
EUVP_underwater_imagenet,n02607072_1482.jpg,0.25,0.25,0.25,0.25
EUVP_underwater_imagenet,n02607072_14821.jpg,0.25,0.25,0.25,0.25
EUVP_underwater_imagenet,n02607072_1485.jpg,0.25,0.25,0.25,0.25
EUVP_underwater_imagenet,n02607072_1488.jpg,0.25,0.25,0.25,0.25
EUVP_underwater_imagenet,n02607072_1491.jpg,0.25,0.25,0.25,0.25
EUVP_underwater_imagenet,n02607072_1502.jpg,0.25,0.25,0.25,0.25
EUVP_underwater_imagenet,n02607072_1512.jpg,0.25,0.25,0.25,0.25
EUVP_underwater_imagenet,n02607072_15140.jpg,0.25,0.25,0.25,0.25
EUVP_underwater_imagenet,n02607072_15228.jpg,0.25,0.25,0.25,0.25
EUVP_underwater_imagenet,n02607072_1526.jpg,0.25,0.25,0.25,0.25
EUVP_underwater_imagenet,n02607072_15261.jpg,0.25,0.25,0.25,0.25
EUVP_underwater_imagenet,n02607072_1529.jpg,0.25,0.25,0.25,0.25
EUVP_underwater_imagenet,n02607072_1530.jpg,0.25,0.25,0.25,0.25
EUVP_underwater_imagenet,n02607072_1536.jpg,0.25,0.25,0.25,0.25
EUVP_underwater_imagenet,n02607072_1537.jpg,0.25,0.25,0.25,0.25
EUVP_underwater_imagenet,n02607072_15372.jpg,0.25,0.25,0.25,0.25
EUVP_underwater_imagenet,n02607072_15378.jpg,0.25,0.25,0.25,0.25
EUVP_underwater_imagenet,n02607072_1538.jpg,0.25,0.25,0.25,0.25
EUVP_underwater_imagenet,n02607072_1540.jpg,0.25,0.25,0.25,0.25
EUVP_underwater_imagenet,n02607072_1548.jpg,0.25,0.25,0.25,0.25
EUVP_underwater_imagenet,n02607072_1556.jpg,0.25,0.25,0.25,0.25
EUVP_underwater_imagenet,n02607072_1566.jpg,0.25,0.25,0.25,0.25
EUVP_underwater_imagenet,n02607072_1578.jpg,0.25,0.25,0.25,0.25
EUVP_underwater_imagenet,n02607072_158.jpg,0.25,0.25,0.25,0.25
EUVP_underwater_imagenet,n02607072_1585.jpg,0.25,0.25,0.25,0.25
EUVP_underwater_imagenet,n02607072_1614.jpg,0.25,0.25,0.25,0.25
EUVP_underwater_imagenet,n02607072_1617.jpg,0.25,0.25,0.25,0.25
EUVP_underwater_imagenet,n02607072_1620.jpg,0.25,0.25,0.25,0.25
EUVP_underwater_imagenet,n02607072_1626.jpg,0.25,0.25,0.25,0.25
EUVP_underwater_imagenet,n02607072_1638.jpg,0.25,0.25,0.25,0.25
EUVP_underwater_imagenet,n02607072_1640.jpg,0.25,0.25,0.25,0.25
EUVP_underwater_imagenet,n02607072_1642.jpg,0.25,0.25,0.25,0.25
EUVP_underwater_imagenet,n02607072_1653.jpg,0.25,0.25,0.25,0.25
EUVP_underwater_imagenet,n02607072_1660.jpg,0.25,0.25,0.25,0.25
EUVP_underwater_imagenet,n02607072_1671.jpg,0.25,0.25,0.25,0.25
EUVP_underwater_imagenet,n02607072_1675.jpg,0.25,0.25,0.25,0.25
EUVP_underwater_imagenet,n02607072_1676.jpg,0.25,0.25,0.25,0.25
EUVP_underwater_imagenet,n02607072_1678.jpg,0.25,0.25,0.25,0.25
EUVP_underwater_imagenet,n02607072_1684.jpg,0.25,0.25,0.25,0.25
EUVP_underwater_imagenet,n02607072_1690.jpg,0.25,0.25,0.25,0.25
EUVP_underwater_imagenet,n02607072_1691.jpg,0.25,0.25,0.25,0.25
EUVP_underwater_imagenet,n02607072_1701.jpg,0.25,0.25,0.25,0.25
EUVP_underwater_imagenet,n02607072_1708.jpg,0.25,0.25,0.25,0.25
EUVP_underwater_imagenet,n02607072_1709.jpg,0.25,0.25,0.25,0.25
EUVP_underwater_imagenet,n02607072_1712.jpg,0.25,0.25,0.25,0.25
EUVP_underwater_imagenet,n02607072_1728.jpg,0.25,0.25,0.25,0.25
EUVP_underwater_imagenet,n02607072_1730.jpg,0.25,0.25,0.25,0.25
EUVP_underwater_imagenet,n02607072_1743.jpg,0.25,0.25,0.25,0.25
EUVP_underwater_imagenet,n02607072_1755.jpg,0.25,0.25,0.25,0.25
EUVP_underwater_imagenet,n02607072_1757.jpg,0.25,0.25,0.25,0.25
EUVP_underwater_imagenet,n02607072_1765.jpg,0.25,0.25,0.25,0.25
EUVP_underwater_imagenet,n02607072_1783.jpg,0.25,0.25,0.25,0.25
EUVP_underwater_imagenet,n02607072_1785.jpg,0.25,0.25,0.25,0.25
EUVP_underwater_imagenet,n02607072_1789.jpg,0.25,0.25,0.25,0.25
EUVP_underwater_imagenet,n02607072_1802.jpg,0.25,0.25,0.25,0.25
EUVP_underwater_imagenet,n02607072_1815.jpg,0.25,0.25,0.25,0.25
EUVP_underwater_imagenet,n02607072_1828.jpg,0.25,0.25,0.25,0.25
EUVP_underwater_imagenet,n02607072_1833.jpg,0.25,0.25,0.25,0.25
EUVP_underwater_imagenet,n02607072_1846.jpg,0.25,0.25,0.25,0.25
EUVP_underwater_imagenet,n02607072_1866.jpg,0.25,0.25,0.25,0.25
EUVP_underwater_imagenet,n02607072_1871.jpg,0.25,0.25,0.25,0.25
EUVP_underwater_imagenet,n02607072_1882.jpg,0.25,0.25,0.25,0.25
EUVP_underwater_imagenet,n02607072_1884.jpg,0.25,0.25,0.25,0.25
EUVP_underwater_imagenet,n02607072_1933.jpg,0.25,0.25,0.25,0.25
EUVP_underwater_imagenet,n02607072_1954.jpg,0.25,0.25,0.25,0.25
EUVP_underwater_imagenet,n02607072_1968.jpg,0.25,0.25,0.25,0.25
EUVP_underwater_imagenet,n02607072_1970.jpg,0.25,0.25,0.25,0.25
EUVP_underwater_imagenet,n02607072_1980.jpg,0.25,0.25,0.25,0.25
EUVP_underwater_imagenet,n02607072_2005.jpg,0.25,0.25,0.25,0.25
EUVP_underwater_imagenet,n02607072_202.jpg,0.25,0.25,0.25,0.25
EUVP_underwater_imagenet,n02607072_2020.jpg,0.25,0.25,0.25,0.25
EUVP_underwater_imagenet,n02607072_2026.jpg,0.25,0.25,0.25,0.25
EUVP_underwater_imagenet,n02607072_2032.jpg,0.25,0.25,0.25,0.25
EUVP_underwater_imagenet,n02607072_2033.jpg,0.25,0.25,0.25,0.25
EUVP_underwater_imagenet,n02607072_2043.jpg,0.25,0.25,0.25,0.25
EUVP_underwater_imagenet,n02607072_2055.jpg,0.25,0.25,0.25,0.25
EUVP_underwater_imagenet,n02607072_2060.jpg,0.25,0.25,0.25,0.25
EUVP_underwater_imagenet,n02607072_2061.jpg,0.25,0.25,0.25,0.25
EUVP_underwater_imagenet,n02607072_2065.jpg,0.25,0.25,0.25,0.25
EUVP_underwater_imagenet,n02607072_2068.jpg,0.25,0.25,0.25,0.25
EUVP_underwater_imagenet,n02607072_2072.jpg,0.25,0.25,0.25,0.25
EUVP_underwater_imagenet,n02607072_208.jpg,0.25,0.25,0.25,0.25
EUVP_underwater_imagenet,n02607072_2084.jpg,0.25,0.25,0.25,0.25
EUVP_underwater_imagenet,n02607072_2085.jpg,0.25,0.25,0.25,0.25
EUVP_underwater_imagenet,n02607072_2087.jpg,0.25,0.25,0.25,0.25
EUVP_underwater_imagenet,n02607072_2102.jpg,0.25,0.25,0.25,0.25
EUVP_underwater_imagenet,n02607072_2107.jpg,0.25,0.25,0.25,0.25
EUVP_underwater_imagenet,n02607072_2126.jpg,0.25,0.25,0.25,0.25
EUVP_underwater_imagenet,n02607072_213.jpg,0.25,0.25,0.25,0.25
EUVP_underwater_imagenet,n02607072_2144.jpg,0.25,0.25,0.25,0.25
EUVP_underwater_imagenet,n02607072_2145.jpg,0.25,0.25,0.25,0.25
EUVP_underwater_imagenet,n02607072_2149.jpg,0.25,0.25,0.25,0.25
EUVP_underwater_imagenet,n02607072_2164.jpg,0.25,0.25,0.25,0.25
EUVP_underwater_imagenet,n02607072_2167.jpg,0.25,0.25,0.25,0.25
EUVP_underwater_imagenet,n02607072_2170.jpg,0.25,0.25,0.25,0.25
EUVP_underwater_imagenet,n02607072_2172.jpg,0.25,0.25,0.25,0.25
EUVP_underwater_imagenet,n02607072_2173.jpg,0.25,0.25,0.25,0.25
EUVP_underwater_imagenet,n02607072_2174.jpg,0.25,0.25,0.25,0.25
EUVP_underwater_imagenet,n02607072_2175.jpg,0.25,0.25,0.25,0.25
EUVP_underwater_imagenet,n02607072_2180.jpg,0.25,0.25,0.25,0.25
EUVP_underwater_imagenet,n02607072_2187.jpg,0.25,0.25,0.25,0.25
EUVP_underwater_imagenet,n02607072_22.jpg,0.25,0.25,0.25,0.25
EUVP_underwater_imagenet,n02607072_2203.jpg,0.25,0.25,0.25,0.25
EUVP_underwater_imagenet,n02607072_2210.jpg,0.25,0.25,0.25,0.25
EUVP_underwater_imagenet,n02607072_2218.jpg,0.25,0.25,0.25,0.25
EUVP_underwater_imagenet,n02607072_2226.jpg,0.25,0.25,0.25,0.25
EUVP_underwater_imagenet,n02607072_2232.jpg,0.25,0.25,0.25,0.25
EUVP_underwater_imagenet,n02607072_2238.jpg,0.25,0.25,0.25,0.25
EUVP_underwater_imagenet,n02607072_2243.jpg,0.25,0.25,0.25,0.25
EUVP_underwater_imagenet,n02607072_2245.jpg,0.25,0.25,0.25,0.25
EUVP_underwater_imagenet,n02607072_2251.jpg,0.25,0.25,0.25,0.25
EUVP_underwater_imagenet,n02607072_2252.jpg,0.25,0.25,0.25,0.25
EUVP_underwater_imagenet,n02607072_2262.jpg,0.25,0.25,0.25,0.25
EUVP_underwater_imagenet,n02607072_2273.jpg,0.25,0.25,0.25,0.25
EUVP_underwater_imagenet,n02607072_2282.jpg,0.25,0.25,0.25,0.25
EUVP_underwater_imagenet,n02607072_230.jpg,0.25,0.25,0.25,0.25
EUVP_underwater_imagenet,n02607072_2301.jpg,0.25,0.25,0.25,0.25
EUVP_underwater_imagenet,n02607072_2303.jpg,0.25,0.25,0.25,0.25
EUVP_underwater_imagenet,n02607072_2318.jpg,0.25,0.25,0.25,0.25
EUVP_underwater_imagenet,n02607072_2324.jpg,0.25,0.25,0.25,0.25
EUVP_underwater_imagenet,n02607072_2327.jpg,0.25,0.25,0.25,0.25
EUVP_underwater_imagenet,n02607072_233.jpg,0.25,0.25,0.25,0.25
EUVP_underwater_imagenet,n02607072_2330.jpg,0.25,0.25,0.25,0.25
EUVP_underwater_imagenet,n02607072_2334.jpg,0.25,0.25,0.25,0.25
EUVP_underwater_imagenet,n02607072_2336.jpg,0.25,0.25,0.25,0.25
EUVP_underwater_imagenet,n02607072_2339.jpg,0.25,0.25,0.25,0.25
EUVP_underwater_imagenet,n02607072_2345.jpg,0.25,0.25,0.25,0.25
EUVP_underwater_imagenet,n02607072_2353.jpg,0.25,0.25,0.25,0.25
EUVP_underwater_imagenet,n02607072_2355.jpg,0.25,0.25,0.25,0.25
EUVP_underwater_imagenet,n02607072_236.jpg,0.25,0.25,0.25,0.25
EUVP_underwater_imagenet,n02607072_2366.jpg,0.25,0.25,0.25,0.25
EUVP_underwater_imagenet,n02607072_2368.jpg,0.25,0.25,0.25,0.25
EUVP_underwater_imagenet,n02607072_2374.jpg,0.25,0.25,0.25,0.25
EUVP_underwater_imagenet,n02607072_2382.jpg,0.25,0.25,0.25,0.25
EUVP_underwater_imagenet,n02607072_2412.jpg,0.25,0.25,0.25,0.25
EUVP_underwater_imagenet,n02607072_2414.jpg,0.25,0.25,0.25,0.25
EUVP_underwater_imagenet,n02607072_2416.jpg,0.25,0.25,0.25,0.25
EUVP_underwater_imagenet,n02607072_2425.jpg,0.25,0.25,0.25,0.25
EUVP_underwater_imagenet,n02607072_2426.jpg,0.25,0.25,0.25,0.25
EUVP_underwater_imagenet,n02607072_2438.jpg,0.25,0.25,0.25,0.25
EUVP_underwater_imagenet,n02607072_2441.jpg,0.25,0.25,0.25,0.25
EUVP_underwater_imagenet,n02607072_2443.jpg,0.25,0.25,0.25,0.25
EUVP_underwater_imagenet,n02607072_2457.jpg,0.25,0.25,0.25,0.25
EUVP_underwater_imagenet,n02607072_2458.jpg,0.25,0.25,0.25,0.25
EUVP_underwater_imagenet,n02607072_2459.jpg,0.25,0.25,0.25,0.25
EUVP_underwater_imagenet,n02607072_2460.jpg,0.25,0.25,0.25,0.25
EUVP_underwater_imagenet,n02607072_2463.jpg,0.25,0.25,0.25,0.25
EUVP_underwater_imagenet,n02607072_247.jpg,0.25,0.25,0.25,0.25
EUVP_underwater_imagenet,n02607072_2499.jpg,0.25,0.25,0.25,0.25
EUVP_underwater_imagenet,n02607072_2501.jpg,0.25,0.25,0.25,0.25
EUVP_underwater_imagenet,n02607072_2515.jpg,0.25,0.25,0.25,0.25
EUVP_underwater_imagenet,n02607072_2519.jpg,0.25,0.25,0.25,0.25
EUVP_underwater_imagenet,n02607072_2527.jpg,0.25,0.25,0.25,0.25
EUVP_underwater_imagenet,n02607072_255.jpg,0.25,0.25,0.25,0.25
EUVP_underwater_imagenet,n02607072_2550.jpg,0.25,0.25,0.25,0.25
EUVP_underwater_imagenet,n02607072_2560.jpg,0.25,0.25,0.25,0.25
EUVP_underwater_imagenet,n02607072_2575.jpg,0.25,0.25,0.25,0.25
EUVP_underwater_imagenet,n02607072_258.jpg,0.25,0.25,0.25,0.25
EUVP_underwater_imagenet,n02607072_2586.jpg,0.25,0.25,0.25,0.25
EUVP_underwater_imagenet,n02607072_259.jpg,0.25,0.25,0.25,0.25
EUVP_underwater_imagenet,n02607072_2594.jpg,0.25,0.25,0.25,0.25
EUVP_underwater_imagenet,n02607072_2597.jpg,0.25,0.25,0.25,0.25
EUVP_underwater_imagenet,n02607072_2605.jpg,0.25,0.25,0.25,0.25
EUVP_underwater_imagenet,n02607072_261.jpg,0.25,0.25,0.25,0.25
EUVP_underwater_imagenet,n02607072_2611.jpg,0.25,0.25,0.25,0.25
EUVP_underwater_imagenet,n02607072_2624.jpg,0.25,0.25,0.25,0.25
EUVP_underwater_imagenet,n02607072_2643.jpg,0.25,0.25,0.25,0.25
EUVP_underwater_imagenet,n02607072_2649.jpg,0.25,0.25,0.25,0.25
EUVP_underwater_imagenet,n02607072_2654.jpg,0.25,0.25,0.25,0.25
EUVP_underwater_imagenet,n02607072_2678.jpg,0.25,0.25,0.25,0.25
EUVP_underwater_imagenet,n02607072_2679.jpg,0.25,0.25,0.25,0.25
EUVP_underwater_imagenet,n02607072_2689.jpg,0.25,0.25,0.25,0.25
EUVP_underwater_imagenet,n02607072_2700.jpg,0.25,0.25,0.25,0.25
EUVP_underwater_imagenet,n02607072_272.jpg,0.25,0.25,0.25,0.25
EUVP_underwater_imagenet,n02607072_2730.jpg,0.25,0.25,0.25,0.25
EUVP_underwater_imagenet,n02607072_2746.jpg,0.25,0.25,0.25,0.25
EUVP_underwater_imagenet,n02607072_2759.jpg,0.25,0.25,0.25,0.25
EUVP_underwater_imagenet,n02607072_2761.jpg,0.25,0.25,0.25,0.25
EUVP_underwater_imagenet,n02607072_2770.jpg,0.25,0.25,0.25,0.25
EUVP_underwater_imagenet,n02607072_2787.jpg,0.25,0.25,0.25,0.25
EUVP_underwater_imagenet,n02607072_2788.jpg,0.25,0.25,0.25,0.25
EUVP_underwater_imagenet,n02607072_2802.jpg,0.25,0.25,0.25,0.25
EUVP_underwater_imagenet,n02607072_2815.jpg,0.25,0.25,0.25,0.25
EUVP_underwater_imagenet,n02607072_2817.jpg,0.25,0.25,0.25,0.25
EUVP_underwater_imagenet,n02607072_2820.jpg,0.25,0.25,0.25,0.25
EUVP_underwater_imagenet,n02607072_2840.jpg,0.25,0.25,0.25,0.25
EUVP_underwater_imagenet,n02607072_285.jpg,0.25,0.25,0.25,0.25
EUVP_underwater_imagenet,n02607072_2850.jpg,0.25,0.25,0.25,0.25
EUVP_underwater_imagenet,n02607072_2852.jpg,0.25,0.25,0.25,0.25
EUVP_underwater_imagenet,n02607072_2863.jpg,0.25,0.25,0.25,0.25
EUVP_underwater_imagenet,n02607072_2864.jpg,0.25,0.25,0.25,0.25
EUVP_underwater_imagenet,n02607072_2867.jpg,0.25,0.25,0.25,0.25
EUVP_underwater_imagenet,n02607072_287.jpg,0.25,0.25,0.25,0.25
EUVP_underwater_imagenet,n02607072_2871.jpg,0.25,0.25,0.25,0.25
EUVP_underwater_imagenet,n02607072_2882.jpg,0.25,0.25,0.25,0.25
EUVP_underwater_imagenet,n02607072_2893.jpg,0.25,0.25,0.25,0.25
EUVP_underwater_imagenet,n02607072_2894.jpg,0.25,0.25,0.25,0.25
EUVP_underwater_imagenet,n02607072_2906.jpg,0.25,0.25,0.25,0.25
EUVP_underwater_imagenet,n02607072_291.jpg,0.25,0.25,0.25,0.25
EUVP_underwater_imagenet,n02607072_2919.jpg,0.25,0.25,0.25,0.25
EUVP_underwater_imagenet,n02607072_2928.jpg,0.25,0.25,0.25,0.25
EUVP_underwater_imagenet,n02607072_294.jpg,0.25,0.25,0.25,0.25
EUVP_underwater_imagenet,n02607072_2943.jpg,0.25,0.25,0.25,0.25
EUVP_underwater_imagenet,n02607072_2944.jpg,0.25,0.25,0.25,0.25
EUVP_underwater_imagenet,n02607072_2959.jpg,0.25,0.25,0.25,0.25
EUVP_underwater_imagenet,n02607072_296.jpg,0.25,0.25,0.25,0.25
EUVP_underwater_imagenet,n02607072_2960.jpg,0.25,0.25,0.25,0.25
EUVP_underwater_imagenet,n02607072_2975.jpg,0.25,0.25,0.25,0.25
EUVP_underwater_imagenet,n02607072_2997.jpg,0.25,0.25,0.25,0.25
EUVP_underwater_imagenet,n02607072_2999.jpg,0.25,0.25,0.25,0.25
EUVP_underwater_imagenet,n02607072_3.jpg,0.25,0.25,0.25,0.25
EUVP_underwater_imagenet,n02607072_3001.jpg,0.25,0.25,0.25,0.25
EUVP_underwater_imagenet,n02607072_3018.jpg,0.25,0.25,0.25,0.25
EUVP_underwater_imagenet,n02607072_3022.jpg,0.25,0.25,0.25,0.25
EUVP_underwater_imagenet,n02607072_3029.jpg,0.25,0.25,0.25,0.25
EUVP_underwater_imagenet,n02607072_3038.jpg,0.25,0.25,0.25,0.25
EUVP_underwater_imagenet,n02607072_3039.jpg,0.25,0.25,0.25,0.25
EUVP_underwater_imagenet,n02607072_304.jpg,0.25,0.25,0.25,0.25
EUVP_underwater_imagenet,n02607072_3040.jpg,0.25,0.25,0.25,0.25
EUVP_underwater_imagenet,n02607072_3057.jpg,0.25,0.25,0.25,0.25
EUVP_underwater_imagenet,n02607072_3061.jpg,0.25,0.25,0.25,0.25
EUVP_underwater_imagenet,n02607072_307.jpg,0.25,0.25,0.25,0.25
EUVP_underwater_imagenet,n02607072_3076.jpg,0.25,0.25,0.25,0.25
EUVP_underwater_imagenet,n02607072_3079.jpg,0.25,0.25,0.25,0.25
EUVP_underwater_imagenet,n02607072_308.jpg,0.25,0.25,0.25,0.25
EUVP_underwater_imagenet,n02607072_3083.jpg,0.25,0.25,0.25,0.25
EUVP_underwater_imagenet,n02607072_3094.jpg,0.25,0.25,0.25,0.25
EUVP_underwater_imagenet,n02607072_3096.jpg,0.25,0.25,0.25,0.25
EUVP_underwater_imagenet,n02607072_310.jpg,0.25,0.25,0.25,0.25
EUVP_underwater_imagenet,n02607072_3101.jpg,0.25,0.25,0.25,0.25
EUVP_underwater_imagenet,n02607072_3106.jpg,0.25,0.25,0.25,0.25
EUVP_underwater_imagenet,n02607072_3119.jpg,0.25,0.25,0.25,0.25
EUVP_underwater_imagenet,n02607072_3125.jpg,0.25,0.25,0.25,0.25
EUVP_underwater_imagenet,n02607072_3128.jpg,0.25,0.25,0.25,0.25
EUVP_underwater_imagenet,n02607072_3137.jpg,0.25,0.25,0.25,0.25
EUVP_underwater_imagenet,n02607072_3146.jpg,0.25,0.25,0.25,0.25
EUVP_underwater_imagenet,n02607072_315.jpg,0.25,0.25,0.25,0.25
EUVP_underwater_imagenet,n02607072_3162.jpg,0.25,0.25,0.25,0.25
EUVP_underwater_imagenet,n02607072_317.jpg,0.25,0.25,0.25,0.25
EUVP_underwater_imagenet,n02607072_3177.jpg,0.25,0.25,0.25,0.25
EUVP_underwater_imagenet,n02607072_319.jpg,0.25,0.25,0.25,0.25
EUVP_underwater_imagenet,n02607072_3193.jpg,0.25,0.25,0.25,0.25
EUVP_underwater_imagenet,n02607072_3194.jpg,0.25,0.25,0.25,0.25
EUVP_underwater_imagenet,n02607072_32.jpg,0.25,0.25,0.25,0.25
EUVP_underwater_imagenet,n02607072_3202.jpg,0.25,0.25,0.25,0.25
EUVP_underwater_imagenet,n02607072_3204.jpg,0.25,0.25,0.25,0.25
EUVP_underwater_imagenet,n02607072_3208.jpg,0.25,0.25,0.25,0.25
EUVP_underwater_imagenet,n02607072_321.jpg,0.25,0.25,0.25,0.25
EUVP_underwater_imagenet,n02607072_3213.jpg,0.25,0.25,0.25,0.25
EUVP_underwater_imagenet,n02607072_3215.jpg,0.25,0.25,0.25,0.25
EUVP_underwater_imagenet,n02607072_3217.jpg,0.25,0.25,0.25,0.25
EUVP_underwater_imagenet,n02607072_3220.jpg,0.25,0.25,0.25,0.25
EUVP_underwater_imagenet,n02607072_3237.jpg,0.25,0.25,0.25,0.25
EUVP_underwater_imagenet,n02607072_3240.jpg,0.25,0.25,0.25,0.25
EUVP_underwater_imagenet,n02607072_3245.jpg,0.25,0.25,0.25,0.25
EUVP_underwater_imagenet,n02607072_3247.jpg,0.25,0.25,0.25,0.25
EUVP_underwater_imagenet,n02607072_3249.jpg,0.25,0.25,0.25,0.25
EUVP_underwater_imagenet,n02607072_3268.jpg,0.25,0.25,0.25,0.25
EUVP_underwater_imagenet,n02607072_3271.jpg,0.25,0.25,0.25,0.25
EUVP_underwater_imagenet,n02607072_3275.jpg,0.25,0.25,0.25,0.25
EUVP_underwater_imagenet,n02607072_3281.jpg,0.25,0.25,0.25,0.25
EUVP_underwater_imagenet,n02607072_3282.jpg,0.25,0.25,0.25,0.25
EUVP_underwater_imagenet,n02607072_3285.jpg,0.25,0.25,0.25,0.25
EUVP_underwater_imagenet,n02607072_3289.jpg,0.25,0.25,0.25,0.25
EUVP_underwater_imagenet,n02607072_3293.jpg,0.25,0.25,0.25,0.25
EUVP_underwater_imagenet,n02607072_3295.jpg,0.25,0.25,0.25,0.25
EUVP_underwater_imagenet,n02607072_3296.jpg,0.25,0.25,0.25,0.25
EUVP_underwater_imagenet,n02607072_3299.jpg,0.25,0.25,0.25,0.25
EUVP_underwater_imagenet,n02607072_3302.jpg,0.25,0.25,0.25,0.25
EUVP_underwater_imagenet,n02607072_3310.jpg,0.25,0.25,0.25,0.25
EUVP_underwater_imagenet,n02607072_3315.jpg,0.25,0.25,0.25,0.25
EUVP_underwater_imagenet,n02607072_3340.jpg,0.25,0.25,0.25,0.25
EUVP_underwater_imagenet,n02607072_3342.jpg,0.25,0.25,0.25,0.25
EUVP_underwater_imagenet,n02607072_3347.jpg,0.25,0.25,0.25,0.25
EUVP_underwater_imagenet,n02607072_3353.jpg,0.25,0.25,0.25,0.25
EUVP_underwater_imagenet,n02607072_3354.jpg,0.25,0.25,0.25,0.25
EUVP_underwater_imagenet,n02607072_3355.jpg,0.25,0.25,0.25,0.25
EUVP_underwater_imagenet,n02607072_3357.jpg,0.25,0.25,0.25,0.25
EUVP_underwater_imagenet,n02607072_336.jpg,0.25,0.25,0.25,0.25
EUVP_underwater_imagenet,n02607072_3364.jpg,0.25,0.25,0.25,0.25
EUVP_underwater_imagenet,n02607072_3365.jpg,0.25,0.25,0.25,0.25
EUVP_underwater_imagenet,n02607072_3366.jpg,0.25,0.25,0.25,0.25
EUVP_underwater_imagenet,n02607072_3369.jpg,0.25,0.25,0.25,0.25
EUVP_underwater_imagenet,n02607072_3373.jpg,0.25,0.25,0.25,0.25
EUVP_underwater_imagenet,n02607072_3375.jpg,0.25,0.25,0.25,0.25
EUVP_underwater_imagenet,n02607072_3376.jpg,0.25,0.25,0.25,0.25
EUVP_underwater_imagenet,n02607072_3379.jpg,0.25,0.25,0.25,0.25
EUVP_underwater_imagenet,n02607072_3390.jpg,0.25,0.25,0.25,0.25
EUVP_underwater_imagenet,n02607072_3401.jpg,0.25,0.25,0.25,0.25
EUVP_underwater_imagenet,n02607072_3406.jpg,0.25,0.25,0.25,0.25
EUVP_underwater_imagenet,n02607072_3413.jpg,0.25,0.25,0.25,0.25
EUVP_underwater_imagenet,n02607072_3418.jpg,0.25,0.25,0.25,0.25
EUVP_underwater_imagenet,n02607072_3419.jpg,0.25,0.25,0.25,0.25
EUVP_underwater_imagenet,n02607072_342.jpg,0.25,0.25,0.25,0.25
EUVP_underwater_imagenet,n02607072_3422.jpg,0.25,0.25,0.25,0.25
EUVP_underwater_imagenet,n02607072_3423.jpg,0.25,0.25,0.25,0.25
EUVP_underwater_imagenet,n02607072_3433.jpg,0.25,0.25,0.25,0.25
EUVP_underwater_imagenet,n02607072_3439.jpg,0.25,0.25,0.25,0.25
EUVP_underwater_imagenet,n02607072_3440.jpg,0.25,0.25,0.25,0.25
EUVP_underwater_imagenet,n02607072_3441.jpg,0.25,0.25,0.25,0.25
EUVP_underwater_imagenet,n02607072_3449.jpg,0.25,0.25,0.25,0.25
EUVP_underwater_imagenet,n02607072_3450.jpg,0.25,0.25,0.25,0.25
EUVP_underwater_imagenet,n02607072_3452.jpg,0.25,0.25,0.25,0.25
EUVP_underwater_imagenet,n02607072_3459.jpg,0.25,0.25,0.25,0.25
EUVP_underwater_imagenet,n02607072_346.jpg,0.25,0.25,0.25,0.25
EUVP_underwater_imagenet,n02607072_3462.jpg,0.25,0.25,0.25,0.25
EUVP_underwater_imagenet,n02607072_3466.jpg,0.25,0.25,0.25,0.25
EUVP_underwater_imagenet,n02607072_3467.jpg,0.25,0.25,0.25,0.25
EUVP_underwater_imagenet,n02607072_3470.jpg,0.25,0.25,0.25,0.25
EUVP_underwater_imagenet,n02607072_3476.jpg,0.25,0.25,0.25,0.25
EUVP_underwater_imagenet,n02607072_3477.jpg,0.25,0.25,0.25,0.25
EUVP_underwater_imagenet,n02607072_3479.jpg,0.25,0.25,0.25,0.25
EUVP_underwater_imagenet,n02607072_3486.jpg,0.25,0.25,0.25,0.25
EUVP_underwater_imagenet,n02607072_3489.jpg,0.25,0.25,0.25,0.25
EUVP_underwater_imagenet,n02607072_3490.jpg,0.25,0.25,0.25,0.25
EUVP_underwater_imagenet,n02607072_3499.jpg,0.25,0.25,0.25,0.25
EUVP_underwater_imagenet,n02607072_350.jpg,0.25,0.25,0.25,0.25
EUVP_underwater_imagenet,n02607072_3501.jpg,0.25,0.25,0.25,0.25
EUVP_underwater_imagenet,n02607072_3503.jpg,0.25,0.25,0.25,0.25
EUVP_underwater_imagenet,n02607072_3514.jpg,0.25,0.25,0.25,0.25
EUVP_underwater_imagenet,n02607072_3516.jpg,0.25,0.25,0.25,0.25
EUVP_underwater_imagenet,n02607072_352.jpg,0.25,0.25,0.25,0.25
EUVP_underwater_imagenet,n02607072_3525.jpg,0.25,0.25,0.25,0.25
EUVP_underwater_imagenet,n02607072_3534.jpg,0.25,0.25,0.25,0.25
EUVP_underwater_imagenet,n02607072_3540.jpg,0.25,0.25,0.25,0.25
EUVP_underwater_imagenet,n02607072_3546.jpg,0.25,0.25,0.25,0.25
EUVP_underwater_imagenet,n02607072_3547.jpg,0.25,0.25,0.25,0.25
EUVP_underwater_imagenet,n02607072_3550.jpg,0.25,0.25,0.25,0.25
EUVP_underwater_imagenet,n02607072_3553.jpg,0.25,0.25,0.25,0.25
EUVP_underwater_imagenet,n02607072_3556.jpg,0.25,0.25,0.25,0.25
EUVP_underwater_imagenet,n02607072_3557.jpg,0.25,0.25,0.25,0.25
EUVP_underwater_imagenet,n02607072_3570.jpg,0.25,0.25,0.25,0.25
EUVP_underwater_imagenet,n02607072_3577.jpg,0.25,0.25,0.25,0.25
EUVP_underwater_imagenet,n02607072_3578.jpg,0.25,0.25,0.25,0.25
EUVP_underwater_imagenet,n02607072_358.jpg,0.25,0.25,0.25,0.25
EUVP_underwater_imagenet,n02607072_3583.jpg,0.25,0.25,0.25,0.25
EUVP_underwater_imagenet,n02607072_3589.jpg,0.25,0.25,0.25,0.25
EUVP_underwater_imagenet,n02607072_3598.jpg,0.25,0.25,0.25,0.25
EUVP_underwater_imagenet,n02607072_3599.jpg,0.25,0.25,0.25,0.25
EUVP_underwater_imagenet,n02607072_36.jpg,0.25,0.25,0.25,0.25
EUVP_underwater_imagenet,n02607072_360.jpg,0.25,0.25,0.25,0.25
EUVP_underwater_imagenet,n02607072_3604.jpg,0.25,0.25,0.25,0.25
EUVP_underwater_imagenet,n02607072_3605.jpg,0.25,0.25,0.25,0.25
EUVP_underwater_imagenet,n02607072_3609.jpg,0.25,0.25,0.25,0.25
EUVP_underwater_imagenet,n02607072_3613.jpg,0.25,0.25,0.25,0.25
EUVP_underwater_imagenet,n02607072_3625.jpg,0.25,0.25,0.25,0.25
EUVP_underwater_imagenet,n02607072_3626.jpg,0.25,0.25,0.25,0.25
EUVP_underwater_imagenet,n02607072_3630.jpg,0.25,0.25,0.25,0.25
EUVP_underwater_imagenet,n02607072_3641.jpg,0.25,0.25,0.25,0.25
EUVP_underwater_imagenet,n02607072_3642.jpg,0.25,0.25,0.25,0.25
EUVP_underwater_imagenet,n02607072_3646.jpg,0.25,0.25,0.25,0.25
EUVP_underwater_imagenet,n02607072_3647.jpg,0.25,0.25,0.25,0.25
EUVP_underwater_imagenet,n02607072_3654.jpg,0.25,0.25,0.25,0.25
EUVP_underwater_imagenet,n02607072_3659.jpg,0.25,0.25,0.25,0.25
EUVP_underwater_imagenet,n02607072_3666.jpg,0.25,0.25,0.25,0.25
EUVP_underwater_imagenet,n02607072_369.jpg,0.25,0.25,0.25,0.25
EUVP_underwater_imagenet,n02607072_3692.jpg,0.25,0.25,0.25,0.25
EUVP_underwater_imagenet,n02607072_3700.jpg,0.25,0.25,0.25,0.25
EUVP_underwater_imagenet,n02607072_3732.jpg,0.25,0.25,0.25,0.25
EUVP_underwater_imagenet,n02607072_3743.jpg,0.25,0.25,0.25,0.25
EUVP_underwater_imagenet,n02607072_3768.jpg,0.25,0.25,0.25,0.25
EUVP_underwater_imagenet,n02607072_3777.jpg,0.25,0.25,0.25,0.25
EUVP_underwater_imagenet,n02607072_3787.jpg,0.25,0.25,0.25,0.25
EUVP_underwater_imagenet,n02607072_3822.jpg,0.25,0.25,0.25,0.25
EUVP_underwater_imagenet,n02607072_383.jpg,0.25,0.25,0.25,0.25
EUVP_underwater_imagenet,n02607072_3835.jpg,0.25,0.25,0.25,0.25
EUVP_underwater_imagenet,n02607072_3839.jpg,0.25,0.25,0.25,0.25
EUVP_underwater_imagenet,n02607072_3840.jpg,0.25,0.25,0.25,0.25
EUVP_underwater_imagenet,n02607072_3844.jpg,0.25,0.25,0.25,0.25
EUVP_underwater_imagenet,n02607072_385.jpg,0.25,0.25,0.25,0.25
EUVP_underwater_imagenet,n02607072_3867.jpg,0.25,0.25,0.25,0.25
EUVP_underwater_imagenet,n02607072_3893.jpg,0.25,0.25,0.25,0.25
EUVP_underwater_imagenet,n02607072_3895.jpg,0.25,0.25,0.25,0.25
EUVP_underwater_imagenet,n02607072_3911.jpg,0.25,0.25,0.25,0.25
EUVP_underwater_imagenet,n02607072_3912.jpg,0.25,0.25,0.25,0.25
EUVP_underwater_imagenet,n02607072_3913.jpg,0.25,0.25,0.25,0.25
EUVP_underwater_imagenet,n02607072_392.jpg,0.25,0.25,0.25,0.25
EUVP_underwater_imagenet,n02607072_3923.jpg,0.25,0.25,0.25,0.25
EUVP_underwater_imagenet,n02607072_3925.jpg,0.25,0.25,0.25,0.25
EUVP_underwater_imagenet,n02607072_3937.jpg,0.25,0.25,0.25,0.25
EUVP_underwater_imagenet,n02607072_3953.jpg,0.25,0.25,0.25,0.25
EUVP_underwater_imagenet,n02607072_397.jpg,0.25,0.25,0.25,0.25
EUVP_underwater_imagenet,n02607072_3975.jpg,0.25,0.25,0.25,0.25
EUVP_underwater_imagenet,n02607072_3979.jpg,0.25,0.25,0.25,0.25
EUVP_underwater_imagenet,n02607072_398.jpg,0.25,0.25,0.25,0.25
EUVP_underwater_imagenet,n02607072_3994.jpg,0.25,0.25,0.25,0.25
EUVP_underwater_imagenet,n02607072_3996.jpg,0.25,0.25,0.25,0.25
EUVP_underwater_imagenet,n02607072_4.jpg,0.25,0.25,0.25,0.25
EUVP_underwater_imagenet,n02607072_4001.jpg,0.25,0.25,0.25,0.25
EUVP_underwater_imagenet,n02607072_4021.jpg,0.25,0.25,0.25,0.25
EUVP_underwater_imagenet,n02607072_4032.jpg,0.25,0.25,0.25,0.25
EUVP_underwater_imagenet,n02607072_4033.jpg,0.25,0.25,0.25,0.25
EUVP_underwater_imagenet,n02607072_4047.jpg,0.25,0.25,0.25,0.25
EUVP_underwater_imagenet,n02607072_4052.jpg,0.25,0.25,0.25,0.25
EUVP_underwater_imagenet,n02607072_4061.jpg,0.25,0.25,0.25,0.25
EUVP_underwater_imagenet,n02607072_4119.jpg,0.25,0.25,0.25,0.25
EUVP_underwater_imagenet,n02607072_4134.jpg,0.25,0.25,0.25,0.25
EUVP_underwater_imagenet,n02607072_4141.jpg,0.25,0.25,0.25,0.25
EUVP_underwater_imagenet,n02607072_4176.jpg,0.25,0.25,0.25,0.25
EUVP_underwater_imagenet,n02607072_4183.jpg,0.25,0.25,0.25,0.25
EUVP_underwater_imagenet,n02607072_4193.jpg,0.25,0.25,0.25,0.25
EUVP_underwater_imagenet,n02607072_4216.jpg,0.25,0.25,0.25,0.25
EUVP_underwater_imagenet,n02607072_4219.jpg,0.25,0.25,0.25,0.25
EUVP_underwater_imagenet,n02607072_4220.jpg,0.25,0.25,0.25,0.25
EUVP_underwater_imagenet,n02607072_4241.jpg,0.25,0.25,0.25,0.25
EUVP_underwater_imagenet,n02607072_4278.jpg,0.25,0.25,0.25,0.25
EUVP_underwater_imagenet,n02607072_4290.jpg,0.25,0.25,0.25,0.25
EUVP_underwater_imagenet,n02607072_4295.jpg,0.25,0.25,0.25,0.25
EUVP_underwater_imagenet,n02607072_4309.jpg,0.25,0.25,0.25,0.25
EUVP_underwater_imagenet,n02607072_4318.jpg,0.25,0.25,0.25,0.25
EUVP_underwater_imagenet,n02607072_4321.jpg,0.25,0.25,0.25,0.25
EUVP_underwater_imagenet,n02607072_4325.jpg,0.25,0.25,0.25,0.25
EUVP_underwater_imagenet,n02607072_4327.jpg,0.25,0.25,0.25,0.25
EUVP_underwater_imagenet,n02607072_4333.jpg,0.25,0.25,0.25,0.25
EUVP_underwater_imagenet,n02607072_4370.jpg,0.25,0.25,0.25,0.25
EUVP_underwater_imagenet,n02607072_440.jpg,0.25,0.25,0.25,0.25
EUVP_underwater_imagenet,n02607072_4425.jpg,0.25,0.25,0.25,0.25
EUVP_underwater_imagenet,n02607072_4431.jpg,0.25,0.25,0.25,0.25
EUVP_underwater_imagenet,n02607072_4441.jpg,0.25,0.25,0.25,0.25
EUVP_underwater_imagenet,n02607072_4456.jpg,0.25,0.25,0.25,0.25
EUVP_underwater_imagenet,n02607072_4475.jpg,0.25,0.25,0.25,0.25
EUVP_underwater_imagenet,n02607072_4493.jpg,0.25,0.25,0.25,0.25
EUVP_underwater_imagenet,n02607072_4496.jpg,0.25,0.25,0.25,0.25
EUVP_underwater_imagenet,n02607072_450.jpg,0.25,0.25,0.25,0.25
EUVP_underwater_imagenet,n02607072_4501.jpg,0.25,0.25,0.25,0.25
EUVP_underwater_imagenet,n02607072_4508.jpg,0.25,0.25,0.25,0.25
EUVP_underwater_imagenet,n02607072_4512.jpg,0.25,0.25,0.25,0.25
EUVP_underwater_imagenet,n02607072_4523.jpg,0.25,0.25,0.25,0.25
EUVP_underwater_imagenet,n02607072_4534.jpg,0.25,0.25,0.25,0.25
EUVP_underwater_imagenet,n02607072_4537.jpg,0.25,0.25,0.25,0.25
EUVP_underwater_imagenet,n02607072_454.jpg,0.25,0.25,0.25,0.25
EUVP_underwater_imagenet,n02607072_4553.jpg,0.25,0.25,0.25,0.25
EUVP_underwater_imagenet,n02607072_4567.jpg,0.25,0.25,0.25,0.25
EUVP_underwater_imagenet,n02607072_4570.jpg,0.25,0.25,0.25,0.25
EUVP_underwater_imagenet,n02607072_4573.jpg,0.25,0.25,0.25,0.25
EUVP_underwater_imagenet,n02607072_4577.jpg,0.25,0.25,0.25,0.25
EUVP_underwater_imagenet,n02607072_4593.jpg,0.25,0.25,0.25,0.25
EUVP_underwater_imagenet,n02607072_4596.jpg,0.25,0.25,0.25,0.25
EUVP_underwater_imagenet,n02607072_4600.jpg,0.25,0.25,0.25,0.25
EUVP_underwater_imagenet,n02607072_4608.jpg,0.25,0.25,0.25,0.25
EUVP_underwater_imagenet,n02607072_4610.jpg,0.25,0.25,0.25,0.25
EUVP_underwater_imagenet,n02607072_4615.jpg,0.25,0.25,0.25,0.25
EUVP_underwater_imagenet,n02607072_4616.jpg,0.25,0.25,0.25,0.25
EUVP_underwater_imagenet,n02607072_4617.jpg,0.25,0.25,0.25,0.25
EUVP_underwater_imagenet,n02607072_4628.jpg,0.25,0.25,0.25,0.25
EUVP_underwater_imagenet,n02607072_463.jpg,0.25,0.25,0.25,0.25
EUVP_underwater_imagenet,n02607072_4636.jpg,0.25,0.25,0.25,0.25
EUVP_underwater_imagenet,n02607072_4637.jpg,0.25,0.25,0.25,0.25
EUVP_underwater_imagenet,n02607072_4651.jpg,0.25,0.25,0.25,0.25
EUVP_underwater_imagenet,n02607072_4652.jpg,0.25,0.25,0.25,0.25
EUVP_underwater_imagenet,n02607072_4655.jpg,0.25,0.25,0.25,0.25
EUVP_underwater_imagenet,n02607072_4665.jpg,0.25,0.25,0.25,0.25
EUVP_underwater_imagenet,n02607072_4676.jpg,0.25,0.25,0.25,0.25
EUVP_underwater_imagenet,n02607072_4677.jpg,0.25,0.25,0.25,0.25
EUVP_underwater_imagenet,n02607072_4682.jpg,0.25,0.25,0.25,0.25
EUVP_underwater_imagenet,n02607072_469.jpg,0.25,0.25,0.25,0.25
EUVP_underwater_imagenet,n02607072_4696.jpg,0.25,0.25,0.25,0.25
EUVP_underwater_imagenet,n02607072_47.jpg,0.25,0.25,0.25,0.25
EUVP_underwater_imagenet,n02607072_470.jpg,0.25,0.25,0.25,0.25
EUVP_underwater_imagenet,n02607072_4701.jpg,0.25,0.25,0.25,0.25
EUVP_underwater_imagenet,n02607072_4708.jpg,0.25,0.25,0.25,0.25
EUVP_underwater_imagenet,n02607072_4715.jpg,0.25,0.25,0.25,0.25
EUVP_underwater_imagenet,n02607072_4734.jpg,0.25,0.25,0.25,0.25
EUVP_underwater_imagenet,n02607072_4740.jpg,0.25,0.25,0.25,0.25
EUVP_underwater_imagenet,n02607072_4750.jpg,0.25,0.25,0.25,0.25
EUVP_underwater_imagenet,n02607072_4763.jpg,0.25,0.25,0.25,0.25
EUVP_underwater_imagenet,n02607072_4784.jpg,0.25,0.25,0.25,0.25
EUVP_underwater_imagenet,n02607072_4785.jpg,0.25,0.25,0.25,0.25
EUVP_underwater_imagenet,n02607072_4790.jpg,0.25,0.25,0.25,0.25
EUVP_underwater_imagenet,n02607072_4794.jpg,0.25,0.25,0.25,0.25
EUVP_underwater_imagenet,n02607072_4802.jpg,0.25,0.25,0.25,0.25
EUVP_underwater_imagenet,n02607072_481.jpg,0.25,0.25,0.25,0.25
EUVP_underwater_imagenet,n02607072_4819.jpg,0.25,0.25,0.25,0.25
EUVP_underwater_imagenet,n02607072_4838.jpg,0.25,0.25,0.25,0.25
EUVP_underwater_imagenet,n02607072_4841.jpg,0.25,0.25,0.25,0.25
EUVP_underwater_imagenet,n02607072_4844.jpg,0.25,0.25,0.25,0.25
EUVP_underwater_imagenet,n02607072_4846.jpg,0.25,0.25,0.25,0.25
EUVP_underwater_imagenet,n02607072_4850.jpg,0.25,0.25,0.25,0.25
EUVP_underwater_imagenet,n02607072_4857.jpg,0.25,0.25,0.25,0.25
EUVP_underwater_imagenet,n02607072_4862.jpg,0.25,0.25,0.25,0.25
EUVP_underwater_imagenet,n02607072_4868.jpg,0.25,0.25,0.25,0.25
EUVP_underwater_imagenet,n02607072_4871.jpg,0.25,0.25,0.25,0.25
EUVP_underwater_imagenet,n02607072_4873.jpg,0.25,0.25,0.25,0.25
EUVP_underwater_imagenet,n02607072_4880.jpg,0.25,0.25,0.25,0.25
EUVP_underwater_imagenet,n02607072_4886.jpg,0.25,0.25,0.25,0.25
EUVP_underwater_imagenet,n02607072_4898.jpg,0.25,0.25,0.25,0.25
EUVP_underwater_imagenet,n02607072_4903.jpg,0.25,0.25,0.25,0.25
EUVP_underwater_imagenet,n02607072_4910.jpg,0.25,0.25,0.25,0.25
EUVP_underwater_imagenet,n02607072_4929.jpg,0.25,0.25,0.25,0.25
EUVP_underwater_imagenet,n02607072_4930.jpg,0.25,0.25,0.25,0.25
EUVP_underwater_imagenet,n02607072_4938.jpg,0.25,0.25,0.25,0.25
EUVP_underwater_imagenet,n02607072_495.jpg,0.25,0.25,0.25,0.25
EUVP_underwater_imagenet,n02607072_4973.jpg,0.25,0.25,0.25,0.25
EUVP_underwater_imagenet,n02607072_4975.jpg,0.25,0.25,0.25,0.25
EUVP_underwater_imagenet,n02607072_498.jpg,0.25,0.25,0.25,0.25
EUVP_underwater_imagenet,n02607072_4986.jpg,0.25,0.25,0.25,0.25
EUVP_underwater_imagenet,n02607072_4988.jpg,0.25,0.25,0.25,0.25
EUVP_underwater_imagenet,n02607072_4997.jpg,0.25,0.25,0.25,0.25
EUVP_underwater_imagenet,n02607072_5025.jpg,0.25,0.25,0.25,0.25
EUVP_underwater_imagenet,n02607072_5032.jpg,0.25,0.25,0.25,0.25
EUVP_underwater_imagenet,n02607072_5037.jpg,0.25,0.25,0.25,0.25
EUVP_underwater_imagenet,n02607072_5045.jpg,0.25,0.25,0.25,0.25
EUVP_underwater_imagenet,n02607072_5046.jpg,0.25,0.25,0.25,0.25
EUVP_underwater_imagenet,n02607072_5049.jpg,0.25,0.25,0.25,0.25
EUVP_underwater_imagenet,n02607072_505.jpg,0.25,0.25,0.25,0.25
EUVP_underwater_imagenet,n02607072_5056.jpg,0.25,0.25,0.25,0.25
EUVP_underwater_imagenet,n02607072_5057.jpg,0.25,0.25,0.25,0.25
EUVP_underwater_imagenet,n02607072_5069.jpg,0.25,0.25,0.25,0.25
EUVP_underwater_imagenet,n02607072_5083.jpg,0.25,0.25,0.25,0.25
EUVP_underwater_imagenet,n02607072_5086.jpg,0.25,0.25,0.25,0.25
EUVP_underwater_imagenet,n02607072_5088.jpg,0.25,0.25,0.25,0.25
EUVP_underwater_imagenet,n02607072_5091.jpg,0.25,0.25,0.25,0.25
EUVP_underwater_imagenet,n02607072_5101.jpg,0.25,0.25,0.25,0.25
EUVP_underwater_imagenet,n02607072_511.jpg,0.25,0.25,0.25,0.25
EUVP_underwater_imagenet,n02607072_5126.jpg,0.25,0.25,0.25,0.25
EUVP_underwater_imagenet,n02607072_5132.jpg,0.25,0.25,0.25,0.25
EUVP_underwater_imagenet,n02607072_5133.jpg,0.25,0.25,0.25,0.25
EUVP_underwater_imagenet,n02607072_5137.jpg,0.25,0.25,0.25,0.25
EUVP_underwater_imagenet,n02607072_5141.jpg,0.25,0.25,0.25,0.25
EUVP_underwater_imagenet,n02607072_5176.jpg,0.25,0.25,0.25,0.25
EUVP_underwater_imagenet,n02607072_5190.jpg,0.25,0.25,0.25,0.25
EUVP_underwater_imagenet,n02607072_5191.jpg,0.25,0.25,0.25,0.25
EUVP_underwater_imagenet,n02607072_5196.jpg,0.25,0.25,0.25,0.25
EUVP_underwater_imagenet,n02607072_52.jpg,0.25,0.25,0.25,0.25
EUVP_underwater_imagenet,n02607072_5219.jpg,0.25,0.25,0.25,0.25
EUVP_underwater_imagenet,n02607072_5238.jpg,0.25,0.25,0.25,0.25
EUVP_underwater_imagenet,n02607072_524.jpg,0.25,0.25,0.25,0.25
EUVP_underwater_imagenet,n02607072_525.jpg,0.25,0.25,0.25,0.25
EUVP_underwater_imagenet,n02607072_5255.jpg,0.25,0.25,0.25,0.25
EUVP_underwater_imagenet,n02607072_5275.jpg,0.25,0.25,0.25,0.25
EUVP_underwater_imagenet,n02607072_528.jpg,0.25,0.25,0.25,0.25
EUVP_underwater_imagenet,n02607072_5289.jpg,0.25,0.25,0.25,0.25
EUVP_underwater_imagenet,n02607072_5334.jpg,0.25,0.25,0.25,0.25
EUVP_underwater_imagenet,n02607072_5341.jpg,0.25,0.25,0.25,0.25
EUVP_underwater_imagenet,n02607072_5342.jpg,0.25,0.25,0.25,0.25
EUVP_underwater_imagenet,n02607072_5362.jpg,0.25,0.25,0.25,0.25
EUVP_underwater_imagenet,n02607072_5376.jpg,0.25,0.25,0.25,0.25
EUVP_underwater_imagenet,n02607072_5383.jpg,0.25,0.25,0.25,0.25
EUVP_underwater_imagenet,n02607072_5388.jpg,0.25,0.25,0.25,0.25
EUVP_underwater_imagenet,n02607072_5393.jpg,0.25,0.25,0.25,0.25
EUVP_underwater_imagenet,n02607072_54.jpg,0.25,0.25,0.25,0.25
EUVP_underwater_imagenet,n02607072_5400.jpg,0.25,0.25,0.25,0.25
EUVP_underwater_imagenet,n02607072_5413.jpg,0.25,0.25,0.25,0.25
EUVP_underwater_imagenet,n02607072_5418.jpg,0.25,0.25,0.25,0.25
EUVP_underwater_imagenet,n02607072_5425.jpg,0.25,0.25,0.25,0.25
EUVP_underwater_imagenet,n02607072_5431.jpg,0.25,0.25,0.25,0.25
EUVP_underwater_imagenet,n02607072_5439.jpg,0.25,0.25,0.25,0.25
EUVP_underwater_imagenet,n02607072_5451.jpg,0.25,0.25,0.25,0.25
EUVP_underwater_imagenet,n02607072_5455.jpg,0.25,0.25,0.25,0.25
EUVP_underwater_imagenet,n02607072_549.jpg,0.25,0.25,0.25,0.25
EUVP_underwater_imagenet,n02607072_551.jpg,0.25,0.25,0.25,0.25
EUVP_underwater_imagenet,n02607072_5510.jpg,0.25,0.25,0.25,0.25
EUVP_underwater_imagenet,n02607072_5512.jpg,0.25,0.25,0.25,0.25
EUVP_underwater_imagenet,n02607072_5517.jpg,0.25,0.25,0.25,0.25
EUVP_underwater_imagenet,n02607072_5520.jpg,0.25,0.25,0.25,0.25
EUVP_underwater_imagenet,n02607072_5549.jpg,0.25,0.25,0.25,0.25
EUVP_underwater_imagenet,n02607072_5552.jpg,0.25,0.25,0.25,0.25
EUVP_underwater_imagenet,n02607072_5558.jpg,0.25,0.25,0.25,0.25
EUVP_underwater_imagenet,n02607072_5581.jpg,0.25,0.25,0.25,0.25
EUVP_underwater_imagenet,n02607072_5609.jpg,0.25,0.25,0.25,0.25
EUVP_underwater_imagenet,n02607072_5620.jpg,0.25,0.25,0.25,0.25
EUVP_underwater_imagenet,n02607072_5621.jpg,0.25,0.25,0.25,0.25
EUVP_underwater_imagenet,n02607072_5645.jpg,0.25,0.25,0.25,0.25
EUVP_underwater_imagenet,n02607072_5653.jpg,0.25,0.25,0.25,0.25
EUVP_underwater_imagenet,n02607072_5657.jpg,0.25,0.25,0.25,0.25
EUVP_underwater_imagenet,n02607072_5663.jpg,0.25,0.25,0.25,0.25
EUVP_underwater_imagenet,n02607072_5670.jpg,0.25,0.25,0.25,0.25
EUVP_underwater_imagenet,n02607072_5691.jpg,0.25,0.25,0.25,0.25
EUVP_underwater_imagenet,n02607072_5693.jpg,0.25,0.25,0.25,0.25
EUVP_underwater_imagenet,n02607072_5719.jpg,0.25,0.25,0.25,0.25
EUVP_underwater_imagenet,n02607072_5730.jpg,0.25,0.25,0.25,0.25
EUVP_underwater_imagenet,n02607072_574.jpg,0.25,0.25,0.25,0.25
EUVP_underwater_imagenet,n02607072_5753.jpg,0.25,0.25,0.25,0.25
EUVP_underwater_imagenet,n02607072_5768.jpg,0.25,0.25,0.25,0.25
EUVP_underwater_imagenet,n02607072_5769.jpg,0.25,0.25,0.25,0.25
EUVP_underwater_imagenet,n02607072_5771.jpg,0.25,0.25,0.25,0.25
EUVP_underwater_imagenet,n02607072_5789.jpg,0.25,0.25,0.25,0.25
EUVP_underwater_imagenet,n02607072_58.jpg,0.25,0.25,0.25,0.25
EUVP_underwater_imagenet,n02607072_5814.jpg,0.25,0.25,0.25,0.25
EUVP_underwater_imagenet,n02607072_5839.jpg,0.25,0.25,0.25,0.25
EUVP_underwater_imagenet,n02607072_5858.jpg,0.25,0.25,0.25,0.25
EUVP_underwater_imagenet,n02607072_5862.jpg,0.25,0.25,0.25,0.25
EUVP_underwater_imagenet,n02607072_587.jpg,0.25,0.25,0.25,0.25
EUVP_underwater_imagenet,n02607072_5873.jpg,0.25,0.25,0.25,0.25
EUVP_underwater_imagenet,n02607072_5883.jpg,0.25,0.25,0.25,0.25
EUVP_underwater_imagenet,n02607072_5889.jpg,0.25,0.25,0.25,0.25
EUVP_underwater_imagenet,n02607072_589.jpg,0.25,0.25,0.25,0.25
EUVP_underwater_imagenet,n02607072_5903.jpg,0.25,0.25,0.25,0.25
EUVP_underwater_imagenet,n02607072_5908.jpg,0.25,0.25,0.25,0.25
EUVP_underwater_imagenet,n02607072_5935.jpg,0.25,0.25,0.25,0.25
EUVP_underwater_imagenet,n02607072_5945.jpg,0.25,0.25,0.25,0.25
EUVP_underwater_imagenet,n02607072_5953.jpg,0.25,0.25,0.25,0.25
EUVP_underwater_imagenet,n02607072_5979.jpg,0.25,0.25,0.25,0.25
EUVP_underwater_imagenet,n02607072_5981.jpg,0.25,0.25,0.25,0.25
EUVP_underwater_imagenet,n02607072_5987.jpg,0.25,0.25,0.25,0.25
EUVP_underwater_imagenet,n02607072_5992.jpg,0.25,0.25,0.25,0.25
EUVP_underwater_imagenet,n02607072_6.jpg,0.25,0.25,0.25,0.25
EUVP_underwater_imagenet,n02607072_6000.jpg,0.25,0.25,0.25,0.25
EUVP_underwater_imagenet,n02607072_6012.jpg,0.25,0.25,0.25,0.25
EUVP_underwater_imagenet,n02607072_6013.jpg,0.25,0.25,0.25,0.25
EUVP_underwater_imagenet,n02607072_6016.jpg,0.25,0.25,0.25,0.25
EUVP_underwater_imagenet,n02607072_6017.jpg,0.25,0.25,0.25,0.25
EUVP_underwater_imagenet,n02607072_6041.jpg,0.25,0.25,0.25,0.25
EUVP_underwater_imagenet,n02607072_6049.jpg,0.25,0.25,0.25,0.25
EUVP_underwater_imagenet,n02607072_605.jpg,0.25,0.25,0.25,0.25
EUVP_underwater_imagenet,n02607072_6060.jpg,0.25,0.25,0.25,0.25
EUVP_underwater_imagenet,n02607072_6067.jpg,0.25,0.25,0.25,0.25
EUVP_underwater_imagenet,n02607072_6070.jpg,0.25,0.25,0.25,0.25
EUVP_underwater_imagenet,n02607072_6075.jpg,0.25,0.25,0.25,0.25
EUVP_underwater_imagenet,n02607072_6081.jpg,0.25,0.25,0.25,0.25
EUVP_underwater_imagenet,n02607072_6083.jpg,0.25,0.25,0.25,0.25
EUVP_underwater_imagenet,n02607072_6085.jpg,0.25,0.25,0.25,0.25
EUVP_underwater_imagenet,n02607072_6105.jpg,0.25,0.25,0.25,0.25
EUVP_underwater_imagenet,n02607072_611.jpg,0.25,0.25,0.25,0.25
EUVP_underwater_imagenet,n02607072_612.jpg,0.25,0.25,0.25,0.25
EUVP_underwater_imagenet,n02607072_6127.jpg,0.25,0.25,0.25,0.25
EUVP_underwater_imagenet,n02607072_6130.jpg,0.25,0.25,0.25,0.25
EUVP_underwater_imagenet,n02607072_6133.jpg,0.25,0.25,0.25,0.25
EUVP_underwater_imagenet,n02607072_6141.jpg,0.25,0.25,0.25,0.25
EUVP_underwater_imagenet,n02607072_6142.jpg,0.25,0.25,0.25,0.25
EUVP_underwater_imagenet,n02607072_6146.jpg,0.25,0.25,0.25,0.25
EUVP_underwater_imagenet,n02607072_6149.jpg,0.25,0.25,0.25,0.25
EUVP_underwater_imagenet,n02607072_6158.jpg,0.25,0.25,0.25,0.25
EUVP_underwater_imagenet,n02607072_6193.jpg,0.25,0.25,0.25,0.25
EUVP_underwater_imagenet,n02607072_6204.jpg,0.25,0.25,0.25,0.25
EUVP_underwater_imagenet,n02607072_6205.jpg,0.25,0.25,0.25,0.25
EUVP_underwater_imagenet,n02607072_6206.jpg,0.25,0.25,0.25,0.25
EUVP_underwater_imagenet,n02607072_621.jpg,0.25,0.25,0.25,0.25
EUVP_underwater_imagenet,n02607072_622.jpg,0.25,0.25,0.25,0.25
EUVP_underwater_imagenet,n02607072_6223.jpg,0.25,0.25,0.25,0.25
EUVP_underwater_imagenet,n02607072_6233.jpg,0.25,0.25,0.25,0.25
EUVP_underwater_imagenet,n02607072_6243.jpg,0.25,0.25,0.25,0.25
EUVP_underwater_imagenet,n02607072_6248.jpg,0.25,0.25,0.25,0.25
EUVP_underwater_imagenet,n02607072_6275.jpg,0.25,0.25,0.25,0.25
EUVP_underwater_imagenet,n02607072_628.jpg,0.25,0.25,0.25,0.25
EUVP_underwater_imagenet,n02607072_6295.jpg,0.25,0.25,0.25,0.25
EUVP_underwater_imagenet,n02607072_634.jpg,0.25,0.25,0.25,0.25
EUVP_underwater_imagenet,n02607072_6384.jpg,0.25,0.25,0.25,0.25
EUVP_underwater_imagenet,n02607072_6407.jpg,0.25,0.25,0.25,0.25
EUVP_underwater_imagenet,n02607072_6433.jpg,0.25,0.25,0.25,0.25
EUVP_underwater_imagenet,n02607072_6442.jpg,0.25,0.25,0.25,0.25
EUVP_underwater_imagenet,n02607072_6447.jpg,0.25,0.25,0.25,0.25
EUVP_underwater_imagenet,n02607072_645.jpg,0.25,0.25,0.25,0.25
EUVP_underwater_imagenet,n02607072_6456.jpg,0.25,0.25,0.25,0.25
EUVP_underwater_imagenet,n02607072_647.jpg,0.25,0.25,0.25,0.25
EUVP_underwater_imagenet,n02607072_648.jpg,0.25,0.25,0.25,0.25
EUVP_underwater_imagenet,n02607072_650.jpg,0.25,0.25,0.25,0.25
EUVP_underwater_imagenet,n02607072_651.jpg,0.25,0.25,0.25,0.25
EUVP_underwater_imagenet,n02607072_658.jpg,0.25,0.25,0.25,0.25
EUVP_underwater_imagenet,n02607072_6591.jpg,0.25,0.25,0.25,0.25
EUVP_underwater_imagenet,n02607072_661.jpg,0.25,0.25,0.25,0.25
EUVP_underwater_imagenet,n02607072_6626.jpg,0.25,0.25,0.25,0.25
EUVP_underwater_imagenet,n02607072_663.jpg,0.25,0.25,0.25,0.25
EUVP_underwater_imagenet,n02607072_667.jpg,0.25,0.25,0.25,0.25
EUVP_underwater_imagenet,n02607072_6738.jpg,0.25,0.25,0.25,0.25
EUVP_underwater_imagenet,n02607072_676.jpg,0.25,0.25,0.25,0.25
EUVP_underwater_imagenet,n02607072_677.jpg,0.25,0.25,0.25,0.25
EUVP_underwater_imagenet,n02607072_6783.jpg,0.25,0.25,0.25,0.25
EUVP_underwater_imagenet,n02607072_68.jpg,0.25,0.25,0.25,0.25
EUVP_underwater_imagenet,n02607072_683.jpg,0.25,0.25,0.25,0.25
EUVP_underwater_imagenet,n02607072_686.jpg,0.25,0.25,0.25,0.25
EUVP_underwater_imagenet,n02607072_6882.jpg,0.25,0.25,0.25,0.25
EUVP_underwater_imagenet,n02607072_692.jpg,0.25,0.25,0.25,0.25
EUVP_underwater_imagenet,n02607072_694.jpg,0.25,0.25,0.25,0.25
EUVP_underwater_imagenet,n02607072_698.jpg,0.25,0.25,0.25,0.25
EUVP_underwater_imagenet,n02607072_6994.jpg,0.25,0.25,0.25,0.25
EUVP_underwater_imagenet,n02607072_7010.jpg,0.25,0.25,0.25,0.25
EUVP_underwater_imagenet,n02607072_702.jpg,0.25,0.25,0.25,0.25
EUVP_underwater_imagenet,n02607072_7045.jpg,0.25,0.25,0.25,0.25
EUVP_underwater_imagenet,n02607072_7047.jpg,0.25,0.25,0.25,0.25
EUVP_underwater_imagenet,n02607072_71.jpg,0.25,0.25,0.25,0.25
EUVP_underwater_imagenet,n02607072_7138.jpg,0.25,0.25,0.25,0.25
EUVP_underwater_imagenet,n02607072_7172.jpg,0.25,0.25,0.25,0.25
EUVP_underwater_imagenet,n02607072_7238.jpg,0.25,0.25,0.25,0.25
EUVP_underwater_imagenet,n02607072_724.jpg,0.25,0.25,0.25,0.25
EUVP_underwater_imagenet,n02607072_729.jpg,0.25,0.25,0.25,0.25
EUVP_underwater_imagenet,n02607072_731.jpg,0.25,0.25,0.25,0.25
EUVP_underwater_imagenet,n02607072_734.jpg,0.25,0.25,0.25,0.25
EUVP_underwater_imagenet,n02607072_740.jpg,0.25,0.25,0.25,0.25
EUVP_underwater_imagenet,n02607072_743.jpg,0.25,0.25,0.25,0.25
EUVP_underwater_imagenet,n02607072_7439.jpg,0.25,0.25,0.25,0.25
EUVP_underwater_imagenet,n02607072_744.jpg,0.25,0.25,0.25,0.25
EUVP_underwater_imagenet,n02607072_7443.jpg,0.25,0.25,0.25,0.25
EUVP_underwater_imagenet,n02607072_7447.jpg,0.25,0.25,0.25,0.25
EUVP_underwater_imagenet,n02607072_756.jpg,0.25,0.25,0.25,0.25
EUVP_underwater_imagenet,n02607072_759.jpg,0.25,0.25,0.25,0.25
EUVP_underwater_imagenet,n02607072_761.jpg,0.25,0.25,0.25,0.25
EUVP_underwater_imagenet,n02607072_7612.jpg,0.25,0.25,0.25,0.25
EUVP_underwater_imagenet,n02607072_7661.jpg,0.25,0.25,0.25,0.25
EUVP_underwater_imagenet,n02607072_7727.jpg,0.25,0.25,0.25,0.25
EUVP_underwater_imagenet,n02607072_7742.jpg,0.25,0.25,0.25,0.25
EUVP_underwater_imagenet,n02607072_777.jpg,0.25,0.25,0.25,0.25
EUVP_underwater_imagenet,n02607072_778.jpg,0.25,0.25,0.25,0.25
EUVP_underwater_imagenet,n02607072_784.jpg,0.25,0.25,0.25,0.25
EUVP_underwater_imagenet,n02607072_7935.jpg,0.25,0.25,0.25,0.25
EUVP_underwater_imagenet,n02607072_7939.jpg,0.25,0.25,0.25,0.25
EUVP_underwater_imagenet,n02607072_7951.jpg,0.25,0.25,0.25,0.25
EUVP_underwater_imagenet,n02607072_807.jpg,0.25,0.25,0.25,0.25
EUVP_underwater_imagenet,n02607072_813.jpg,0.25,0.25,0.25,0.25
EUVP_underwater_imagenet,n02607072_814.jpg,0.25,0.25,0.25,0.25
EUVP_underwater_imagenet,n02607072_8162.jpg,0.25,0.25,0.25,0.25
EUVP_underwater_imagenet,n02607072_817.jpg,0.25,0.25,0.25,0.25
EUVP_underwater_imagenet,n02607072_821.jpg,0.25,0.25,0.25,0.25
EUVP_underwater_imagenet,n02607072_8221.jpg,0.25,0.25,0.25,0.25
EUVP_underwater_imagenet,n02607072_824.jpg,0.25,0.25,0.25,0.25
EUVP_underwater_imagenet,n02607072_826.jpg,0.25,0.25,0.25,0.25
EUVP_underwater_imagenet,n02607072_829.jpg,0.25,0.25,0.25,0.25
EUVP_underwater_imagenet,n02607072_8295.jpg,0.25,0.25,0.25,0.25
EUVP_underwater_imagenet,n02607072_8302.jpg,0.25,0.25,0.25,0.25
EUVP_underwater_imagenet,n02607072_8305.jpg,0.25,0.25,0.25,0.25
EUVP_underwater_imagenet,n02607072_8350.jpg,0.25,0.25,0.25,0.25
EUVP_underwater_imagenet,n02607072_836.jpg,0.25,0.25,0.25,0.25
EUVP_underwater_imagenet,n02607072_839.jpg,0.25,0.25,0.25,0.25
EUVP_underwater_imagenet,n02607072_841.jpg,0.25,0.25,0.25,0.25
EUVP_underwater_imagenet,n02607072_842.jpg,0.25,0.25,0.25,0.25
EUVP_underwater_imagenet,n02607072_847.jpg,0.25,0.25,0.25,0.25
EUVP_underwater_imagenet,n02607072_8500.jpg,0.25,0.25,0.25,0.25
EUVP_underwater_imagenet,n02607072_853.jpg,0.25,0.25,0.25,0.25
EUVP_underwater_imagenet,n02607072_8530.jpg,0.25,0.25,0.25,0.25
EUVP_underwater_imagenet,n02607072_854.jpg,0.25,0.25,0.25,0.25
EUVP_underwater_imagenet,n02607072_857.jpg,0.25,0.25,0.25,0.25
EUVP_underwater_imagenet,n02607072_858.jpg,0.25,0.25,0.25,0.25
EUVP_underwater_imagenet,n02607072_8608.jpg,0.25,0.25,0.25,0.25
EUVP_underwater_imagenet,n02607072_862.jpg,0.25,0.25,0.25,0.25
EUVP_underwater_imagenet,n02607072_863.jpg,0.25,0.25,0.25,0.25
EUVP_underwater_imagenet,n02607072_866.jpg,0.25,0.25,0.25,0.25
EUVP_underwater_imagenet,n02607072_872.jpg,0.25,0.25,0.25,0.25
EUVP_underwater_imagenet,n02607072_8806.jpg,0.25,0.25,0.25,0.25
EUVP_underwater_imagenet,n02607072_887.jpg,0.25,0.25,0.25,0.25
EUVP_underwater_imagenet,n02607072_8870.jpg,0.25,0.25,0.25,0.25
EUVP_underwater_imagenet,n02607072_889.jpg,0.25,0.25,0.25,0.25
EUVP_underwater_imagenet,n02607072_898.jpg,0.25,0.25,0.25,0.25
EUVP_underwater_imagenet,n02607072_901.jpg,0.25,0.25,0.25,0.25
EUVP_underwater_imagenet,n02607072_907.jpg,0.25,0.25,0.25,0.25
EUVP_underwater_imagenet,n02607072_908.jpg,0.25,0.25,0.25,0.25
EUVP_underwater_imagenet,n02607072_909.jpg,0.25,0.25,0.25,0.25
EUVP_underwater_imagenet,n02607072_9099.jpg,0.25,0.25,0.25,0.25
EUVP_underwater_imagenet,n02607072_912.jpg,0.25,0.25,0.25,0.25
EUVP_underwater_imagenet,n02607072_924.jpg,0.25,0.25,0.25,0.25
EUVP_underwater_imagenet,n02607072_927.jpg,0.25,0.25,0.25,0.25
EUVP_underwater_imagenet,n02607072_9275.jpg,0.25,0.25,0.25,0.25
EUVP_underwater_imagenet,n02607072_931.jpg,0.25,0.25,0.25,0.25
EUVP_underwater_imagenet,n02607072_9357.jpg,0.25,0.25,0.25,0.25
EUVP_underwater_imagenet,n02607072_9366.jpg,0.25,0.25,0.25,0.25
EUVP_underwater_imagenet,n02607072_9403.jpg,0.25,0.25,0.25,0.25
EUVP_underwater_imagenet,n02607072_9418.jpg,0.25,0.25,0.25,0.25
EUVP_underwater_imagenet,n02607072_9479.jpg,0.25,0.25,0.25,0.25
EUVP_underwater_imagenet,n02607072_9497.jpg,0.25,0.25,0.25,0.25
EUVP_underwater_imagenet,n02607072_953.jpg,0.25,0.25,0.25,0.25
EUVP_underwater_imagenet,n02607072_9578.jpg,0.25,0.25,0.25,0.25
EUVP_underwater_imagenet,n02607072_958.jpg,0.25,0.25,0.25,0.25
EUVP_underwater_imagenet,n02607072_96.jpg,0.25,0.25,0.25,0.25
EUVP_underwater_imagenet,n02607072_9612.jpg,0.25,0.25,0.25,0.25
EUVP_underwater_imagenet,n02607072_9688.jpg,0.25,0.25,0.25,0.25
EUVP_underwater_imagenet,n02607072_969.jpg,0.25,0.25,0.25,0.25
EUVP_underwater_imagenet,n02607072_9738.jpg,0.25,0.25,0.25,0.25
EUVP_underwater_imagenet,n02607072_974.jpg,0.25,0.25,0.25,0.25
EUVP_underwater_imagenet,n02607072_98.jpg,0.25,0.25,0.25,0.25
EUVP_underwater_imagenet,n02607072_983.jpg,0.25,0.25,0.25,0.25
EUVP_underwater_imagenet,n02607072_9885.jpg,0.25,0.25,0.25,0.25
EUVP_underwater_imagenet,n02607072_99.jpg,0.25,0.25,0.25,0.25
EUVP_underwater_imagenet,n02607072_9903.jpg,0.25,0.25,0.25,0.25
EUVP_underwater_imagenet,n02607072_9923.jpg,0.25,0.25,0.25,0.25
EUVP_underwater_scenes,im_f1000_.jpg,0.25,0.25,0.25,0.25
EUVP_underwater_scenes,im_f1001_.jpg,0.25,0.25,0.25,0.25
EUVP_underwater_scenes,im_f1002_.jpg,0.25,0.25,0.25,0.25
EUVP_underwater_scenes,im_f1003_.jpg,0.25,0.25,0.25,0.25
EUVP_underwater_scenes,im_f1004_.jpg,0.25,0.25,0.25,0.25
EUVP_underwater_scenes,im_f1005_.jpg,0.25,0.25,0.25,0.25
EUVP_underwater_scenes,im_f1007_.jpg,0.25,0.25,0.25,0.25
EUVP_underwater_scenes,im_f1009_.jpg,0.25,0.25,0.25,0.25
EUVP_underwater_scenes,im_f100_.jpg,0.25,0.25,0.25,0.25
EUVP_underwater_scenes,im_f1011_.jpg,0.25,0.25,0.25,0.25
EUVP_underwater_scenes,im_f1012_.jpg,0.25,0.25,0.25,0.25
EUVP_underwater_scenes,im_f1013_.jpg,0.25,0.25,0.25,0.25
EUVP_underwater_scenes,im_f1015_.jpg,0.25,0.25,0.25,0.25
EUVP_underwater_scenes,im_f1018_.jpg,0.25,0.25,0.25,0.25
EUVP_underwater_scenes,im_f101_.jpg,0.25,0.25,0.25,0.25
EUVP_underwater_scenes,im_f1022_.jpg,0.25,0.25,0.25,0.25
EUVP_underwater_scenes,im_f1026_.jpg,0.25,0.25,0.25,0.25
EUVP_underwater_scenes,im_f1027_.jpg,0.25,0.25,0.25,0.25
EUVP_underwater_scenes,im_f1029_.jpg,0.25,0.25,0.25,0.25
EUVP_underwater_scenes,im_f1033_.jpg,0.25,0.25,0.25,0.25
EUVP_underwater_scenes,im_f1034_.jpg,0.25,0.25,0.25,0.25
EUVP_underwater_scenes,im_f1035_.jpg,0.25,0.25,0.25,0.25
EUVP_underwater_scenes,im_f1036_.jpg,0.25,0.25,0.25,0.25
EUVP_underwater_scenes,im_f1037_.jpg,0.25,0.25,0.25,0.25
EUVP_underwater_scenes,im_f1038_.jpg,0.25,0.25,0.25,0.25
EUVP_underwater_scenes,im_f103_.jpg,0.25,0.25,0.25,0.25
EUVP_underwater_scenes,im_f1041_.jpg,0.25,0.25,0.25,0.25
EUVP_underwater_scenes,im_f1042_.jpg,0.25,0.25,0.25,0.25
EUVP_underwater_scenes,im_f1043_.jpg,0.25,0.25,0.25,0.25
EUVP_underwater_scenes,im_f1048_.jpg,0.25,0.25,0.25,0.25
EUVP_underwater_scenes,im_f1049_.jpg,0.25,0.25,0.25,0.25
EUVP_underwater_scenes,im_f104_.jpg,0.25,0.25,0.25,0.25
EUVP_underwater_scenes,im_f1050_.jpg,0.25,0.25,0.25,0.25
EUVP_underwater_scenes,im_f1051_.jpg,0.25,0.25,0.25,0.25
EUVP_underwater_scenes,im_f1054_.jpg,0.25,0.25,0.25,0.25
EUVP_underwater_scenes,im_f1056_.jpg,0.25,0.25,0.25,0.25
EUVP_underwater_scenes,im_f1057_.jpg,0.25,0.25,0.25,0.25
EUVP_underwater_scenes,im_f1058_.jpg,0.25,0.25,0.25,0.25
EUVP_underwater_scenes,im_f1059_.jpg,0.25,0.25,0.25,0.25
EUVP_underwater_scenes,im_f1060_.jpg,0.25,0.25,0.25,0.25
EUVP_underwater_scenes,im_f1061_.jpg,0.25,0.25,0.25,0.25
EUVP_underwater_scenes,im_f1062_.jpg,0.25,0.25,0.25,0.25
EUVP_underwater_scenes,im_f1064_.jpg,0.25,0.25,0.25,0.25
EUVP_underwater_scenes,im_f1065_.jpg,0.25,0.25,0.25,0.25
EUVP_underwater_scenes,im_f1069_.jpg,0.25,0.25,0.25,0.25
EUVP_underwater_scenes,im_f1071_.jpg,0.25,0.25,0.25,0.25
EUVP_underwater_scenes,im_f1072_.jpg,0.25,0.25,0.25,0.25
EUVP_underwater_scenes,im_f1079_.jpg,0.25,0.25,0.25,0.25
EUVP_underwater_scenes,im_f107_.jpg,0.25,0.25,0.25,0.25
EUVP_underwater_scenes,im_f1083_.jpg,0.25,0.25,0.25,0.25
EUVP_underwater_scenes,im_f1085_.jpg,0.25,0.25,0.25,0.25
EUVP_underwater_scenes,im_f1087_.jpg,0.25,0.25,0.25,0.25
EUVP_underwater_scenes,im_f108_.jpg,0.25,0.25,0.25,0.25
EUVP_underwater_scenes,im_f1093_.jpg,0.25,0.25,0.25,0.25
EUVP_underwater_scenes,im_f1098_.jpg,0.25,0.25,0.25,0.25
EUVP_underwater_scenes,im_f1099_.jpg,0.25,0.25,0.25,0.25
EUVP_underwater_scenes,im_f109_.jpg,0.25,0.25,0.25,0.25
EUVP_underwater_scenes,im_f10_.jpg,0.25,0.25,0.25,0.25
EUVP_underwater_scenes,im_f1101_.jpg,0.25,0.25,0.25,0.25
EUVP_underwater_scenes,im_f1102_.jpg,0.25,0.25,0.25,0.25
EUVP_underwater_scenes,im_f1104_.jpg,0.25,0.25,0.25,0.25
EUVP_underwater_scenes,im_f1105_.jpg,0.25,0.25,0.25,0.25
EUVP_underwater_scenes,im_f1106_.jpg,0.25,0.25,0.25,0.25
EUVP_underwater_scenes,im_f110_.jpg,0.25,0.25,0.25,0.25
EUVP_underwater_scenes,im_f1113_.jpg,0.25,0.25,0.25,0.25
EUVP_underwater_scenes,im_f1118_.jpg,0.25,0.25,0.25,0.25
EUVP_underwater_scenes,im_f111_.jpg,0.25,0.25,0.25,0.25
EUVP_underwater_scenes,im_f1120_.jpg,0.25,0.25,0.25,0.25
EUVP_underwater_scenes,im_f1122_.jpg,0.25,0.25,0.25,0.25
EUVP_underwater_scenes,im_f1123_.jpg,0.25,0.25,0.25,0.25
EUVP_underwater_scenes,im_f112_.jpg,0.25,0.25,0.25,0.25
EUVP_underwater_scenes,im_f1131_.jpg,0.25,0.25,0.25,0.25
EUVP_underwater_scenes,im_f1132_.jpg,0.25,0.25,0.25,0.25
EUVP_underwater_scenes,im_f1135_.jpg,0.25,0.25,0.25,0.25
EUVP_underwater_scenes,im_f1140_.jpg,0.25,0.25,0.25,0.25
EUVP_underwater_scenes,im_f1143_.jpg,0.25,0.25,0.25,0.25
EUVP_underwater_scenes,im_f1145_.jpg,0.25,0.25,0.25,0.25
EUVP_underwater_scenes,im_f1147_.jpg,0.25,0.25,0.25,0.25
EUVP_underwater_scenes,im_f1148_.jpg,0.25,0.25,0.25,0.25
EUVP_underwater_scenes,im_f1149_.jpg,0.25,0.25,0.25,0.25
EUVP_underwater_scenes,im_f1152_.jpg,0.25,0.25,0.25,0.25
EUVP_underwater_scenes,im_f1153_.jpg,0.25,0.25,0.25,0.25
EUVP_underwater_scenes,im_f1154_.jpg,0.25,0.25,0.25,0.25
EUVP_underwater_scenes,im_f1156_.jpg,0.25,0.25,0.25,0.25
EUVP_underwater_scenes,im_f1159_.jpg,0.25,0.25,0.25,0.25
EUVP_underwater_scenes,im_f1160_.jpg,0.25,0.25,0.25,0.25
EUVP_underwater_scenes,im_f1165_.jpg,0.25,0.25,0.25,0.25
EUVP_underwater_scenes,im_f1168_.jpg,0.25,0.25,0.25,0.25
EUVP_underwater_scenes,im_f1170_.jpg,0.25,0.25,0.25,0.25
EUVP_underwater_scenes,im_f1175_.jpg,0.25,0.25,0.25,0.25
EUVP_underwater_scenes,im_f1176_.jpg,0.25,0.25,0.25,0.25
EUVP_underwater_scenes,im_f1177_.jpg,0.25,0.25,0.25,0.25
EUVP_underwater_scenes,im_f1184_.jpg,0.25,0.25,0.25,0.25
EUVP_underwater_scenes,im_f1185_.jpg,0.25,0.25,0.25,0.25
EUVP_underwater_scenes,im_f1188_.jpg,0.25,0.25,0.25,0.25
EUVP_underwater_scenes,im_f118_.jpg,0.25,0.25,0.25,0.25
EUVP_underwater_scenes,im_f1190_.jpg,0.25,0.25,0.25,0.25
EUVP_underwater_scenes,im_f1193_.jpg,0.25,0.25,0.25,0.25
EUVP_underwater_scenes,im_f1196_.jpg,0.25,0.25,0.25,0.25
EUVP_underwater_scenes,im_f1198_.jpg,0.25,0.25,0.25,0.25
EUVP_underwater_scenes,im_f119_.jpg,0.25,0.25,0.25,0.25
EUVP_underwater_scenes,im_f11_.jpg,0.25,0.25,0.25,0.25
EUVP_underwater_scenes,im_f1203_.jpg,0.25,0.25,0.25,0.25
EUVP_underwater_scenes,im_f1204_.jpg,0.25,0.25,0.25,0.25
EUVP_underwater_scenes,im_f1207_.jpg,0.25,0.25,0.25,0.25
EUVP_underwater_scenes,im_f1208_.jpg,0.25,0.25,0.25,0.25
EUVP_underwater_scenes,im_f1209_.jpg,0.25,0.25,0.25,0.25
EUVP_underwater_scenes,im_f1210_.jpg,0.25,0.25,0.25,0.25
EUVP_underwater_scenes,im_f1211_.jpg,0.25,0.25,0.25,0.25
EUVP_underwater_scenes,im_f1212_.jpg,0.25,0.25,0.25,0.25
EUVP_underwater_scenes,im_f1215_.jpg,0.25,0.25,0.25,0.25
EUVP_underwater_scenes,im_f1219_.jpg,0.25,0.25,0.25,0.25
EUVP_underwater_scenes,im_f121_.jpg,0.25,0.25,0.25,0.25
EUVP_underwater_scenes,im_f1222_.jpg,0.25,0.25,0.25,0.25
EUVP_underwater_scenes,im_f1226_.jpg,0.25,0.25,0.25,0.25
EUVP_underwater_scenes,im_f1227_.jpg,0.25,0.25,0.25,0.25
EUVP_underwater_scenes,im_f1228_.jpg,0.25,0.25,0.25,0.25
EUVP_underwater_scenes,im_f122_.jpg,0.25,0.25,0.25,0.25
EUVP_underwater_scenes,im_f1232_.jpg,0.25,0.25,0.25,0.25
EUVP_underwater_scenes,im_f1233_.jpg,0.25,0.25,0.25,0.25
EUVP_underwater_scenes,im_f1236_.jpg,0.25,0.25,0.25,0.25
EUVP_underwater_scenes,im_f123_.jpg,0.25,0.25,0.25,0.25
EUVP_underwater_scenes,im_f1240_.jpg,0.25,0.25,0.25,0.25
EUVP_underwater_scenes,im_f1241_.jpg,0.25,0.25,0.25,0.25
EUVP_underwater_scenes,im_f1242_.jpg,0.25,0.25,0.25,0.25
EUVP_underwater_scenes,im_f1247_.jpg,0.25,0.25,0.25,0.25
EUVP_underwater_scenes,im_f1248_.jpg,0.25,0.25,0.25,0.25
EUVP_underwater_scenes,im_f124_.jpg,0.25,0.25,0.25,0.25
EUVP_underwater_scenes,im_f1253_.jpg,0.25,0.25,0.25,0.25
EUVP_underwater_scenes,im_f1254_.jpg,0.25,0.25,0.25,0.25
EUVP_underwater_scenes,im_f1256_.jpg,0.25,0.25,0.25,0.25
EUVP_underwater_scenes,im_f1259_.jpg,0.25,0.25,0.25,0.25
EUVP_underwater_scenes,im_f125_.jpg,0.25,0.25,0.25,0.25
EUVP_underwater_scenes,im_f1260_.jpg,0.25,0.25,0.25,0.25
EUVP_underwater_scenes,im_f1261_.jpg,0.25,0.25,0.25,0.25
EUVP_underwater_scenes,im_f1263_.jpg,0.25,0.25,0.25,0.25
EUVP_underwater_scenes,im_f1265_.jpg,0.25,0.25,0.25,0.25
EUVP_underwater_scenes,im_f1267_.jpg,0.25,0.25,0.25,0.25
EUVP_underwater_scenes,im_f1269_.jpg,0.25,0.25,0.25,0.25
EUVP_underwater_scenes,im_f1270_.jpg,0.25,0.25,0.25,0.25
EUVP_underwater_scenes,im_f1271_.jpg,0.25,0.25,0.25,0.25
EUVP_underwater_scenes,im_f1272_.jpg,0.25,0.25,0.25,0.25
EUVP_underwater_scenes,im_f1273_.jpg,0.25,0.25,0.25,0.25
EUVP_underwater_scenes,im_f1276_.jpg,0.25,0.25,0.25,0.25
EUVP_underwater_scenes,im_f1277_.jpg,0.25,0.25,0.25,0.25
EUVP_underwater_scenes,im_f1278_.jpg,0.25,0.25,0.25,0.25
EUVP_underwater_scenes,im_f127_.jpg,0.25,0.25,0.25,0.25
EUVP_underwater_scenes,im_f1281_.jpg,0.25,0.25,0.25,0.25
EUVP_underwater_scenes,im_f1283_.jpg,0.25,0.25,0.25,0.25
EUVP_underwater_scenes,im_f1287_.jpg,0.25,0.25,0.25,0.25
EUVP_underwater_scenes,im_f1288_.jpg,0.25,0.25,0.25,0.25
EUVP_underwater_scenes,im_f128_.jpg,0.25,0.25,0.25,0.25
EUVP_underwater_scenes,im_f1291_.jpg,0.25,0.25,0.25,0.25
EUVP_underwater_scenes,im_f1295_.jpg,0.25,0.25,0.25,0.25
EUVP_underwater_scenes,im_f1298_.jpg,0.25,0.25,0.25,0.25
EUVP_underwater_scenes,im_f129_.jpg,0.25,0.25,0.25,0.25
EUVP_underwater_scenes,im_f12_.jpg,0.25,0.25,0.25,0.25
EUVP_underwater_scenes,im_f1304_.jpg,0.25,0.25,0.25,0.25
EUVP_underwater_scenes,im_f1305_.jpg,0.25,0.25,0.25,0.25
EUVP_underwater_scenes,im_f1306_.jpg,0.25,0.25,0.25,0.25
EUVP_underwater_scenes,im_f1307_.jpg,0.25,0.25,0.25,0.25
EUVP_underwater_scenes,im_f1308_.jpg,0.25,0.25,0.25,0.25
EUVP_underwater_scenes,im_f1309_.jpg,0.25,0.25,0.25,0.25
EUVP_underwater_scenes,im_f130_.jpg,0.25,0.25,0.25,0.25
EUVP_underwater_scenes,im_f1310_.jpg,0.25,0.25,0.25,0.25
EUVP_underwater_scenes,im_f1314_.jpg,0.25,0.25,0.25,0.25
EUVP_underwater_scenes,im_f1315_.jpg,0.25,0.25,0.25,0.25
EUVP_underwater_scenes,im_f1317_.jpg,0.25,0.25,0.25,0.25
EUVP_underwater_scenes,im_f1318_.jpg,0.25,0.25,0.25,0.25
EUVP_underwater_scenes,im_f1319_.jpg,0.25,0.25,0.25,0.25
EUVP_underwater_scenes,im_f1323_.jpg,0.25,0.25,0.25,0.25
EUVP_underwater_scenes,im_f1328_.jpg,0.25,0.25,0.25,0.25
EUVP_underwater_scenes,im_f132_.jpg,0.25,0.25,0.25,0.25
EUVP_underwater_scenes,im_f1330_.jpg,0.25,0.25,0.25,0.25
EUVP_underwater_scenes,im_f1337_.jpg,0.25,0.25,0.25,0.25
EUVP_underwater_scenes,im_f133_.jpg,0.25,0.25,0.25,0.25
EUVP_underwater_scenes,im_f1341_.jpg,0.25,0.25,0.25,0.25
EUVP_underwater_scenes,im_f1342_.jpg,0.25,0.25,0.25,0.25
EUVP_underwater_scenes,im_f1347_.jpg,0.25,0.25,0.25,0.25
EUVP_underwater_scenes,im_f134_.jpg,0.25,0.25,0.25,0.25
EUVP_underwater_scenes,im_f1354_.jpg,0.25,0.25,0.25,0.25
EUVP_underwater_scenes,im_f1358_.jpg,0.25,0.25,0.25,0.25
EUVP_underwater_scenes,im_f1359_.jpg,0.25,0.25,0.25,0.25
EUVP_underwater_scenes,im_f1360_.jpg,0.25,0.25,0.25,0.25
EUVP_underwater_scenes,im_f1361_.jpg,0.25,0.25,0.25,0.25
EUVP_underwater_scenes,im_f1362_.jpg,0.25,0.25,0.25,0.25
EUVP_underwater_scenes,im_f1364_.jpg,0.25,0.25,0.25,0.25
EUVP_underwater_scenes,im_f1366_.jpg,0.25,0.25,0.25,0.25
EUVP_underwater_scenes,im_f1367_.jpg,0.25,0.25,0.25,0.25
EUVP_underwater_scenes,im_f1373_.jpg,0.25,0.25,0.25,0.25
EUVP_underwater_scenes,im_f1380_.jpg,0.25,0.25,0.25,0.25
EUVP_underwater_scenes,im_f1383_.jpg,0.25,0.25,0.25,0.25
EUVP_underwater_scenes,im_f1385_.jpg,0.25,0.25,0.25,0.25
EUVP_underwater_scenes,im_f1387_.jpg,0.25,0.25,0.25,0.25
EUVP_underwater_scenes,im_f1388_.jpg,0.25,0.25,0.25,0.25
EUVP_underwater_scenes,im_f138_.jpg,0.25,0.25,0.25,0.25
EUVP_underwater_scenes,im_f1391_.jpg,0.25,0.25,0.25,0.25
EUVP_underwater_scenes,im_f1394_.jpg,0.25,0.25,0.25,0.25
EUVP_underwater_scenes,im_f1395_.jpg,0.25,0.25,0.25,0.25
EUVP_underwater_scenes,im_f1396_.jpg,0.25,0.25,0.25,0.25
EUVP_underwater_scenes,im_f1397_.jpg,0.25,0.25,0.25,0.25
EUVP_underwater_scenes,im_f1398_.jpg,0.25,0.25,0.25,0.25
EUVP_underwater_scenes,im_f13_.jpg,0.25,0.25,0.25,0.25
EUVP_underwater_scenes,im_f1400_.jpg,0.25,0.25,0.25,0.25
EUVP_underwater_scenes,im_f1405_.jpg,0.25,0.25,0.25,0.25
EUVP_underwater_scenes,im_f1408_.jpg,0.25,0.25,0.25,0.25
EUVP_underwater_scenes,im_f1416_.jpg,0.25,0.25,0.25,0.25
EUVP_underwater_scenes,im_f1418_.jpg,0.25,0.25,0.25,0.25
EUVP_underwater_scenes,im_f1420_.jpg,0.25,0.25,0.25,0.25
EUVP_underwater_scenes,im_f1421_.jpg,0.25,0.25,0.25,0.25
EUVP_underwater_scenes,im_f1427_.jpg,0.25,0.25,0.25,0.25
EUVP_underwater_scenes,im_f1428_.jpg,0.25,0.25,0.25,0.25
EUVP_underwater_scenes,im_f1433_.jpg,0.25,0.25,0.25,0.25
EUVP_underwater_scenes,im_f1434_.jpg,0.25,0.25,0.25,0.25
EUVP_underwater_scenes,im_f1435_.jpg,0.25,0.25,0.25,0.25
EUVP_underwater_scenes,im_f1436_.jpg,0.25,0.25,0.25,0.25
EUVP_underwater_scenes,im_f1437_.jpg,0.25,0.25,0.25,0.25
EUVP_underwater_scenes,im_f1438_.jpg,0.25,0.25,0.25,0.25
EUVP_underwater_scenes,im_f1446_.jpg,0.25,0.25,0.25,0.25
EUVP_underwater_scenes,im_f1447_.jpg,0.25,0.25,0.25,0.25
EUVP_underwater_scenes,im_f1448_.jpg,0.25,0.25,0.25,0.25
EUVP_underwater_scenes,im_f144_.jpg,0.25,0.25,0.25,0.25
EUVP_underwater_scenes,im_f1451_.jpg,0.25,0.25,0.25,0.25
EUVP_underwater_scenes,im_f1453_.jpg,0.25,0.25,0.25,0.25
EUVP_underwater_scenes,im_f1454_.jpg,0.25,0.25,0.25,0.25
EUVP_underwater_scenes,im_f1455_.jpg,0.25,0.25,0.25,0.25
EUVP_underwater_scenes,im_f1458_.jpg,0.25,0.25,0.25,0.25
EUVP_underwater_scenes,im_f1459_.jpg,0.25,0.25,0.25,0.25
EUVP_underwater_scenes,im_f1462_.jpg,0.25,0.25,0.25,0.25
EUVP_underwater_scenes,im_f1463_.jpg,0.25,0.25,0.25,0.25
EUVP_underwater_scenes,im_f1464_.jpg,0.25,0.25,0.25,0.25
EUVP_underwater_scenes,im_f1466_.jpg,0.25,0.25,0.25,0.25
EUVP_underwater_scenes,im_f1469_.jpg,0.25,0.25,0.25,0.25
EUVP_underwater_scenes,im_f1470_.jpg,0.25,0.25,0.25,0.25
EUVP_underwater_scenes,im_f1471_.jpg,0.25,0.25,0.25,0.25
EUVP_underwater_scenes,im_f1473_.jpg,0.25,0.25,0.25,0.25
EUVP_underwater_scenes,im_f1474_.jpg,0.25,0.25,0.25,0.25
EUVP_underwater_scenes,im_f1476_.jpg,0.25,0.25,0.25,0.25
EUVP_underwater_scenes,im_f1480_.jpg,0.25,0.25,0.25,0.25
EUVP_underwater_scenes,im_f1481_.jpg,0.25,0.25,0.25,0.25
EUVP_underwater_scenes,im_f1482_.jpg,0.25,0.25,0.25,0.25
EUVP_underwater_scenes,im_f1484_.jpg,0.25,0.25,0.25,0.25
EUVP_underwater_scenes,im_f1486_.jpg,0.25,0.25,0.25,0.25
EUVP_underwater_scenes,im_f1490_.jpg,0.25,0.25,0.25,0.25
EUVP_underwater_scenes,im_f1492_.jpg,0.25,0.25,0.25,0.25
EUVP_underwater_scenes,im_f1493_.jpg,0.25,0.25,0.25,0.25
EUVP_underwater_scenes,im_f149_.jpg,0.25,0.25,0.25,0.25
EUVP_underwater_scenes,im_f1506_.jpg,0.25,0.25,0.25,0.25
EUVP_underwater_scenes,im_f1509_.jpg,0.25,0.25,0.25,0.25
EUVP_underwater_scenes,im_f1516_.jpg,0.25,0.25,0.25,0.25
EUVP_underwater_scenes,im_f151_.jpg,0.25,0.25,0.25,0.25
EUVP_underwater_scenes,im_f1520_.jpg,0.25,0.25,0.25,0.25
EUVP_underwater_scenes,im_f1523_.jpg,0.25,0.25,0.25,0.25
EUVP_underwater_scenes,im_f1524_.jpg,0.25,0.25,0.25,0.25
EUVP_underwater_scenes,im_f1525_.jpg,0.25,0.25,0.25,0.25
EUVP_underwater_scenes,im_f1526_.jpg,0.25,0.25,0.25,0.25
EUVP_underwater_scenes,im_f1527_.jpg,0.25,0.25,0.25,0.25
EUVP_underwater_scenes,im_f1528_.jpg,0.25,0.25,0.25,0.25
EUVP_underwater_scenes,im_f1529_.jpg,0.25,0.25,0.25,0.25
EUVP_underwater_scenes,im_f1531_.jpg,0.25,0.25,0.25,0.25
EUVP_underwater_scenes,im_f1532_.jpg,0.25,0.25,0.25,0.25
EUVP_underwater_scenes,im_f1533_.jpg,0.25,0.25,0.25,0.25
EUVP_underwater_scenes,im_f1534_.jpg,0.25,0.25,0.25,0.25
EUVP_underwater_scenes,im_f1535_.jpg,0.25,0.25,0.25,0.25
EUVP_underwater_scenes,im_f1541_.jpg,0.25,0.25,0.25,0.25
EUVP_underwater_scenes,im_f1544_.jpg,0.25,0.25,0.25,0.25
EUVP_underwater_scenes,im_f1545_.jpg,0.25,0.25,0.25,0.25
EUVP_underwater_scenes,im_f1547_.jpg,0.25,0.25,0.25,0.25
EUVP_underwater_scenes,im_f1548_.jpg,0.25,0.25,0.25,0.25
EUVP_underwater_scenes,im_f1549_.jpg,0.25,0.25,0.25,0.25
EUVP_underwater_scenes,im_f154_.jpg,0.25,0.25,0.25,0.25
EUVP_underwater_scenes,im_f1553_.jpg,0.25,0.25,0.25,0.25
EUVP_underwater_scenes,im_f1557_.jpg,0.25,0.25,0.25,0.25
EUVP_underwater_scenes,im_f155_.jpg,0.25,0.25,0.25,0.25
EUVP_underwater_scenes,im_f1561_.jpg,0.25,0.25,0.25,0.25
EUVP_underwater_scenes,im_f1563_.jpg,0.25,0.25,0.25,0.25
EUVP_underwater_scenes,im_f1569_.jpg,0.25,0.25,0.25,0.25
EUVP_underwater_scenes,im_f156_.jpg,0.25,0.25,0.25,0.25
EUVP_underwater_scenes,im_f1572_.jpg,0.25,0.25,0.25,0.25
EUVP_underwater_scenes,im_f1577_.jpg,0.25,0.25,0.25,0.25
EUVP_underwater_scenes,im_f1578_.jpg,0.25,0.25,0.25,0.25
EUVP_underwater_scenes,im_f1579_.jpg,0.25,0.25,0.25,0.25
EUVP_underwater_scenes,im_f1582_.jpg,0.25,0.25,0.25,0.25
EUVP_underwater_scenes,im_f1587_.jpg,0.25,0.25,0.25,0.25
EUVP_underwater_scenes,im_f1589_.jpg,0.25,0.25,0.25,0.25
EUVP_underwater_scenes,im_f1590_.jpg,0.25,0.25,0.25,0.25
EUVP_underwater_scenes,im_f159_.jpg,0.25,0.25,0.25,0.25
EUVP_underwater_scenes,im_f15_.jpg,0.25,0.25,0.25,0.25
EUVP_underwater_scenes,im_f1601_.jpg,0.25,0.25,0.25,0.25
EUVP_underwater_scenes,im_f1603_.jpg,0.25,0.25,0.25,0.25
EUVP_underwater_scenes,im_f1606_.jpg,0.25,0.25,0.25,0.25
EUVP_underwater_scenes,im_f160_.jpg,0.25,0.25,0.25,0.25
EUVP_underwater_scenes,im_f1610_.jpg,0.25,0.25,0.25,0.25
EUVP_underwater_scenes,im_f1616_.jpg,0.25,0.25,0.25,0.25
EUVP_underwater_scenes,im_f1618_.jpg,0.25,0.25,0.25,0.25
EUVP_underwater_scenes,im_f161_.jpg,0.25,0.25,0.25,0.25
EUVP_underwater_scenes,im_f1620_.jpg,0.25,0.25,0.25,0.25
EUVP_underwater_scenes,im_f1621_.jpg,0.25,0.25,0.25,0.25
EUVP_underwater_scenes,im_f1622_.jpg,0.25,0.25,0.25,0.25
EUVP_underwater_scenes,im_f1623_.jpg,0.25,0.25,0.25,0.25
EUVP_underwater_scenes,im_f1626_.jpg,0.25,0.25,0.25,0.25
EUVP_underwater_scenes,im_f1628_.jpg,0.25,0.25,0.25,0.25
EUVP_underwater_scenes,im_f162_.jpg,0.25,0.25,0.25,0.25
EUVP_underwater_scenes,im_f1630_.jpg,0.25,0.25,0.25,0.25
EUVP_underwater_scenes,im_f1632_.jpg,0.25,0.25,0.25,0.25
EUVP_underwater_scenes,im_f1633_.jpg,0.25,0.25,0.25,0.25
EUVP_underwater_scenes,im_f1634_.jpg,0.25,0.25,0.25,0.25
EUVP_underwater_scenes,im_f1639_.jpg,0.25,0.25,0.25,0.25
EUVP_underwater_scenes,im_f163_.jpg,0.25,0.25,0.25,0.25
EUVP_underwater_scenes,im_f1642_.jpg,0.25,0.25,0.25,0.25
EUVP_underwater_scenes,im_f1644_.jpg,0.25,0.25,0.25,0.25
EUVP_underwater_scenes,im_f1646_.jpg,0.25,0.25,0.25,0.25
EUVP_underwater_scenes,im_f164_.jpg,0.25,0.25,0.25,0.25
EUVP_underwater_scenes,im_f1652_.jpg,0.25,0.25,0.25,0.25
EUVP_underwater_scenes,im_f1655_.jpg,0.25,0.25,0.25,0.25
EUVP_underwater_scenes,im_f1656_.jpg,0.25,0.25,0.25,0.25
EUVP_underwater_scenes,im_f1659_.jpg,0.25,0.25,0.25,0.25
EUVP_underwater_scenes,im_f165_.jpg,0.25,0.25,0.25,0.25
EUVP_underwater_scenes,im_f1662_.jpg,0.25,0.25,0.25,0.25
EUVP_underwater_scenes,im_f1664_.jpg,0.25,0.25,0.25,0.25
EUVP_underwater_scenes,im_f1665_.jpg,0.25,0.25,0.25,0.25
EUVP_underwater_scenes,im_f166_.jpg,0.25,0.25,0.25,0.25
EUVP_underwater_scenes,im_f1672_.jpg,0.25,0.25,0.25,0.25
EUVP_underwater_scenes,im_f1675_.jpg,0.25,0.25,0.25,0.25
EUVP_underwater_scenes,im_f1679_.jpg,0.25,0.25,0.25,0.25
EUVP_underwater_scenes,im_f167_.jpg,0.25,0.25,0.25,0.25
EUVP_underwater_scenes,im_f1682_.jpg,0.25,0.25,0.25,0.25
EUVP_underwater_scenes,im_f1688_.jpg,0.25,0.25,0.25,0.25
EUVP_underwater_scenes,im_f1691_.jpg,0.25,0.25,0.25,0.25
EUVP_underwater_scenes,im_f1693_.jpg,0.25,0.25,0.25,0.25
EUVP_underwater_scenes,im_f1694_.jpg,0.25,0.25,0.25,0.25
EUVP_underwater_scenes,im_f1695_.jpg,0.25,0.25,0.25,0.25
EUVP_underwater_scenes,im_f1696_.jpg,0.25,0.25,0.25,0.25
EUVP_underwater_scenes,im_f1698_.jpg,0.25,0.25,0.25,0.25
EUVP_underwater_scenes,im_f1699_.jpg,0.25,0.25,0.25,0.25
EUVP_underwater_scenes,im_f169_.jpg,0.25,0.25,0.25,0.25
EUVP_underwater_scenes,im_f16_.jpg,0.25,0.25,0.25,0.25
EUVP_underwater_scenes,im_f1700_.jpg,0.25,0.25,0.25,0.25
EUVP_underwater_scenes,im_f1706_.jpg,0.25,0.25,0.25,0.25
EUVP_underwater_scenes,im_f1707_.jpg,0.25,0.25,0.25,0.25
EUVP_underwater_scenes,im_f1709_.jpg,0.25,0.25,0.25,0.25
EUVP_underwater_scenes,im_f1716_.jpg,0.25,0.25,0.25,0.25
EUVP_underwater_scenes,im_f1720_.jpg,0.25,0.25,0.25,0.25
EUVP_underwater_scenes,im_f1721_.jpg,0.25,0.25,0.25,0.25
EUVP_underwater_scenes,im_f1723_.jpg,0.25,0.25,0.25,0.25
EUVP_underwater_scenes,im_f1724_.jpg,0.25,0.25,0.25,0.25
EUVP_underwater_scenes,im_f1727_.jpg,0.25,0.25,0.25,0.25
EUVP_underwater_scenes,im_f1728_.jpg,0.25,0.25,0.25,0.25
EUVP_underwater_scenes,im_f1729_.jpg,0.25,0.25,0.25,0.25
EUVP_underwater_scenes,im_f172_.jpg,0.25,0.25,0.25,0.25
EUVP_underwater_scenes,im_f1730_.jpg,0.25,0.25,0.25,0.25
EUVP_underwater_scenes,im_f1732_.jpg,0.25,0.25,0.25,0.25
EUVP_underwater_scenes,im_f1733_.jpg,0.25,0.25,0.25,0.25
EUVP_underwater_scenes,im_f1735_.jpg,0.25,0.25,0.25,0.25
EUVP_underwater_scenes,im_f1736_.jpg,0.25,0.25,0.25,0.25
EUVP_underwater_scenes,im_f1737_.jpg,0.25,0.25,0.25,0.25
EUVP_underwater_scenes,im_f1739_.jpg,0.25,0.25,0.25,0.25
EUVP_underwater_scenes,im_f173_.jpg,0.25,0.25,0.25,0.25
EUVP_underwater_scenes,im_f1744_.jpg,0.25,0.25,0.25,0.25
EUVP_underwater_scenes,im_f1747_.jpg,0.25,0.25,0.25,0.25
EUVP_underwater_scenes,im_f1748_.jpg,0.25,0.25,0.25,0.25
EUVP_underwater_scenes,im_f174_.jpg,0.25,0.25,0.25,0.25
EUVP_underwater_scenes,im_f1751_.jpg,0.25,0.25,0.25,0.25
EUVP_underwater_scenes,im_f1753_.jpg,0.25,0.25,0.25,0.25
EUVP_underwater_scenes,im_f1754_.jpg,0.25,0.25,0.25,0.25
EUVP_underwater_scenes,im_f1756_.jpg,0.25,0.25,0.25,0.25
EUVP_underwater_scenes,im_f1759_.jpg,0.25,0.25,0.25,0.25
EUVP_underwater_scenes,im_f175_.jpg,0.25,0.25,0.25,0.25
EUVP_underwater_scenes,im_f1760_.jpg,0.25,0.25,0.25,0.25
EUVP_underwater_scenes,im_f1761_.jpg,0.25,0.25,0.25,0.25
EUVP_underwater_scenes,im_f1762_.jpg,0.25,0.25,0.25,0.25
EUVP_underwater_scenes,im_f1763_.jpg,0.25,0.25,0.25,0.25
EUVP_underwater_scenes,im_f1764_.jpg,0.25,0.25,0.25,0.25
EUVP_underwater_scenes,im_f1765_.jpg,0.25,0.25,0.25,0.25
EUVP_underwater_scenes,im_f1766_.jpg,0.25,0.25,0.25,0.25
EUVP_underwater_scenes,im_f1768_.jpg,0.25,0.25,0.25,0.25
EUVP_underwater_scenes,im_f1771_.jpg,0.25,0.25,0.25,0.25
EUVP_underwater_scenes,im_f1772_.jpg,0.25,0.25,0.25,0.25
EUVP_underwater_scenes,im_f1774_.jpg,0.25,0.25,0.25,0.25
EUVP_underwater_scenes,im_f1775_.jpg,0.25,0.25,0.25,0.25
EUVP_underwater_scenes,im_f1776_.jpg,0.25,0.25,0.25,0.25
EUVP_underwater_scenes,im_f1777_.jpg,0.25,0.25,0.25,0.25
EUVP_underwater_scenes,im_f1778_.jpg,0.25,0.25,0.25,0.25
EUVP_underwater_scenes,im_f1779_.jpg,0.25,0.25,0.25,0.25
EUVP_underwater_scenes,im_f1780_.jpg,0.25,0.25,0.25,0.25
EUVP_underwater_scenes,im_f1783_.jpg,0.25,0.25,0.25,0.25
EUVP_underwater_scenes,im_f1788_.jpg,0.25,0.25,0.25,0.25
EUVP_underwater_scenes,im_f178_.jpg,0.25,0.25,0.25,0.25
EUVP_underwater_scenes,im_f1790_.jpg,0.25,0.25,0.25,0.25
EUVP_underwater_scenes,im_f1793_.jpg,0.25,0.25,0.25,0.25
EUVP_underwater_scenes,im_f1796_.jpg,0.25,0.25,0.25,0.25
EUVP_underwater_scenes,im_f179_.jpg,0.25,0.25,0.25,0.25
EUVP_underwater_scenes,im_f17_.jpg,0.25,0.25,0.25,0.25
EUVP_underwater_scenes,im_f1802_.jpg,0.25,0.25,0.25,0.25
EUVP_underwater_scenes,im_f1803_.jpg,0.25,0.25,0.25,0.25
EUVP_underwater_scenes,im_f1804_.jpg,0.25,0.25,0.25,0.25
EUVP_underwater_scenes,im_f1806_.jpg,0.25,0.25,0.25,0.25
EUVP_underwater_scenes,im_f180_.jpg,0.25,0.25,0.25,0.25
EUVP_underwater_scenes,im_f1811_.jpg,0.25,0.25,0.25,0.25
EUVP_underwater_scenes,im_f1812_.jpg,0.25,0.25,0.25,0.25
EUVP_underwater_scenes,im_f1814_.jpg,0.25,0.25,0.25,0.25
EUVP_underwater_scenes,im_f1819_.jpg,0.25,0.25,0.25,0.25
EUVP_underwater_scenes,im_f1824_.jpg,0.25,0.25,0.25,0.25
EUVP_underwater_scenes,im_f1827_.jpg,0.25,0.25,0.25,0.25
EUVP_underwater_scenes,im_f1829_.jpg,0.25,0.25,0.25,0.25
EUVP_underwater_scenes,im_f1831_.jpg,0.25,0.25,0.25,0.25
EUVP_underwater_scenes,im_f1834_.jpg,0.25,0.25,0.25,0.25
EUVP_underwater_scenes,im_f1838_.jpg,0.25,0.25,0.25,0.25
EUVP_underwater_scenes,im_f183_.jpg,0.25,0.25,0.25,0.25
EUVP_underwater_scenes,im_f1840_.jpg,0.25,0.25,0.25,0.25
EUVP_underwater_scenes,im_f1844_.jpg,0.25,0.25,0.25,0.25
EUVP_underwater_scenes,im_f184_.jpg,0.25,0.25,0.25,0.25
EUVP_underwater_scenes,im_f1855_.jpg,0.25,0.25,0.25,0.25
EUVP_underwater_scenes,im_f1856_.jpg,0.25,0.25,0.25,0.25
EUVP_underwater_scenes,im_f1857_.jpg,0.25,0.25,0.25,0.25
EUVP_underwater_scenes,im_f1859_.jpg,0.25,0.25,0.25,0.25
EUVP_underwater_scenes,im_f185_.jpg,0.25,0.25,0.25,0.25
EUVP_underwater_scenes,im_f1861_.jpg,0.25,0.25,0.25,0.25
EUVP_underwater_scenes,im_f1863_.jpg,0.25,0.25,0.25,0.25
EUVP_underwater_scenes,im_f1865_.jpg,0.25,0.25,0.25,0.25
EUVP_underwater_scenes,im_f1867_.jpg,0.25,0.25,0.25,0.25
EUVP_underwater_scenes,im_f1869_.jpg,0.25,0.25,0.25,0.25
EUVP_underwater_scenes,im_f1873_.jpg,0.25,0.25,0.25,0.25
EUVP_underwater_scenes,im_f1874_.jpg,0.25,0.25,0.25,0.25
EUVP_underwater_scenes,im_f1878_.jpg,0.25,0.25,0.25,0.25
EUVP_underwater_scenes,im_f1879_.jpg,0.25,0.25,0.25,0.25
EUVP_underwater_scenes,im_f187_.jpg,0.25,0.25,0.25,0.25
EUVP_underwater_scenes,im_f1884_.jpg,0.25,0.25,0.25,0.25
EUVP_underwater_scenes,im_f1887_.jpg,0.25,0.25,0.25,0.25
EUVP_underwater_scenes,im_f1888_.jpg,0.25,0.25,0.25,0.25
EUVP_underwater_scenes,im_f1892_.jpg,0.25,0.25,0.25,0.25
EUVP_underwater_scenes,im_f1894_.jpg,0.25,0.25,0.25,0.25
EUVP_underwater_scenes,im_f1896_.jpg,0.25,0.25,0.25,0.25
EUVP_underwater_scenes,im_f1897_.jpg,0.25,0.25,0.25,0.25
EUVP_underwater_scenes,im_f1898_.jpg,0.25,0.25,0.25,0.25
EUVP_underwater_scenes,im_f189_.jpg,0.25,0.25,0.25,0.25
EUVP_underwater_scenes,im_f18_.jpg,0.25,0.25,0.25,0.25
EUVP_underwater_scenes,im_f1902_.jpg,0.25,0.25,0.25,0.25
EUVP_underwater_scenes,im_f1904_.jpg,0.25,0.25,0.25,0.25
EUVP_underwater_scenes,im_f1906_.jpg,0.25,0.25,0.25,0.25
EUVP_underwater_scenes,im_f1910_.jpg,0.25,0.25,0.25,0.25
EUVP_underwater_scenes,im_f1913_.jpg,0.25,0.25,0.25,0.25
EUVP_underwater_scenes,im_f1916_.jpg,0.25,0.25,0.25,0.25
EUVP_underwater_scenes,im_f1917_.jpg,0.25,0.25,0.25,0.25
EUVP_underwater_scenes,im_f191_.jpg,0.25,0.25,0.25,0.25
EUVP_underwater_scenes,im_f1920_.jpg,0.25,0.25,0.25,0.25
EUVP_underwater_scenes,im_f1928_.jpg,0.25,0.25,0.25,0.25
EUVP_underwater_scenes,im_f1935_.jpg,0.25,0.25,0.25,0.25
EUVP_underwater_scenes,im_f1942_.jpg,0.25,0.25,0.25,0.25
EUVP_underwater_scenes,im_f1943_.jpg,0.25,0.25,0.25,0.25
EUVP_underwater_scenes,im_f1945_.jpg,0.25,0.25,0.25,0.25
EUVP_underwater_scenes,im_f1947_.jpg,0.25,0.25,0.25,0.25
EUVP_underwater_scenes,im_f194_.jpg,0.25,0.25,0.25,0.25
EUVP_underwater_scenes,im_f1950_.jpg,0.25,0.25,0.25,0.25
EUVP_underwater_scenes,im_f1951_.jpg,0.25,0.25,0.25,0.25
EUVP_underwater_scenes,im_f1955_.jpg,0.25,0.25,0.25,0.25
EUVP_underwater_scenes,im_f1956_.jpg,0.25,0.25,0.25,0.25
EUVP_underwater_scenes,im_f1957_.jpg,0.25,0.25,0.25,0.25
EUVP_underwater_scenes,im_f1958_.jpg,0.25,0.25,0.25,0.25
EUVP_underwater_scenes,im_f1959_.jpg,0.25,0.25,0.25,0.25
EUVP_underwater_scenes,im_f195_.jpg,0.25,0.25,0.25,0.25
EUVP_underwater_scenes,im_f196_.jpg,0.25,0.25,0.25,0.25
EUVP_underwater_scenes,im_f1971_.jpg,0.25,0.25,0.25,0.25
EUVP_underwater_scenes,im_f1973_.jpg,0.25,0.25,0.25,0.25
EUVP_underwater_scenes,im_f197_.jpg,0.25,0.25,0.25,0.25
EUVP_underwater_scenes,im_f1983_.jpg,0.25,0.25,0.25,0.25
EUVP_underwater_scenes,im_f1988_.jpg,0.25,0.25,0.25,0.25
EUVP_underwater_scenes,im_f198_.jpg,0.25,0.25,0.25,0.25
EUVP_underwater_scenes,im_f1990_.jpg,0.25,0.25,0.25,0.25
EUVP_underwater_scenes,im_f1992_.jpg,0.25,0.25,0.25,0.25
EUVP_underwater_scenes,im_f1993_.jpg,0.25,0.25,0.25,0.25
EUVP_underwater_scenes,im_f1994_.jpg,0.25,0.25,0.25,0.25
EUVP_underwater_scenes,im_f1995_.jpg,0.25,0.25,0.25,0.25
EUVP_underwater_scenes,im_f1998_.jpg,0.25,0.25,0.25,0.25
EUVP_underwater_scenes,im_f1999_.jpg,0.25,0.25,0.25,0.25
EUVP_underwater_scenes,im_f199_.jpg,0.25,0.25,0.25,0.25
EUVP_underwater_scenes,im_f19_.jpg,0.25,0.25,0.25,0.25
EUVP_underwater_scenes,im_f2006_.jpg,0.25,0.25,0.25,0.25
EUVP_underwater_scenes,im_f2008_.jpg,0.25,0.25,0.25,0.25
EUVP_underwater_scenes,im_f2009_.jpg,0.25,0.25,0.25,0.25
EUVP_underwater_scenes,im_f200_.jpg,0.25,0.25,0.25,0.25
EUVP_underwater_scenes,im_f2011_.jpg,0.25,0.25,0.25,0.25
EUVP_underwater_scenes,im_f2013_.jpg,0.25,0.25,0.25,0.25
EUVP_underwater_scenes,im_f2015_.jpg,0.25,0.25,0.25,0.25
EUVP_underwater_scenes,im_f2017_.jpg,0.25,0.25,0.25,0.25
EUVP_underwater_scenes,im_f2019_.jpg,0.25,0.25,0.25,0.25
EUVP_underwater_scenes,im_f2021_.jpg,0.25,0.25,0.25,0.25
EUVP_underwater_scenes,im_f2024_.jpg,0.25,0.25,0.25,0.25
EUVP_underwater_scenes,im_f2029_.jpg,0.25,0.25,0.25,0.25
EUVP_underwater_scenes,im_f202_.jpg,0.25,0.25,0.25,0.25
EUVP_underwater_scenes,im_f203_.jpg,0.25,0.25,0.25,0.25
EUVP_underwater_scenes,im_f2042_.jpg,0.25,0.25,0.25,0.25
EUVP_underwater_scenes,im_f2043_.jpg,0.25,0.25,0.25,0.25
EUVP_underwater_scenes,im_f2047_.jpg,0.25,0.25,0.25,0.25
EUVP_underwater_scenes,im_f2048_.jpg,0.25,0.25,0.25,0.25
EUVP_underwater_scenes,im_f2049_.jpg,0.25,0.25,0.25,0.25
EUVP_underwater_scenes,im_f204_.jpg,0.25,0.25,0.25,0.25
EUVP_underwater_scenes,im_f2050_.jpg,0.25,0.25,0.25,0.25
EUVP_underwater_scenes,im_f2051_.jpg,0.25,0.25,0.25,0.25
EUVP_underwater_scenes,im_f2052_.jpg,0.25,0.25,0.25,0.25
EUVP_underwater_scenes,im_f2053_.jpg,0.25,0.25,0.25,0.25
EUVP_underwater_scenes,im_f2054_.jpg,0.25,0.25,0.25,0.25
EUVP_underwater_scenes,im_f2059_.jpg,0.25,0.25,0.25,0.25
EUVP_underwater_scenes,im_f205_.jpg,0.25,0.25,0.25,0.25
EUVP_underwater_scenes,im_f2060_.jpg,0.25,0.25,0.25,0.25
EUVP_underwater_scenes,im_f2062_.jpg,0.25,0.25,0.25,0.25
EUVP_underwater_scenes,im_f206_.jpg,0.25,0.25,0.25,0.25
EUVP_underwater_scenes,im_f2073_.jpg,0.25,0.25,0.25,0.25
EUVP_underwater_scenes,im_f2076_.jpg,0.25,0.25,0.25,0.25
EUVP_underwater_scenes,im_f207_.jpg,0.25,0.25,0.25,0.25
EUVP_underwater_scenes,im_f2081_.jpg,0.25,0.25,0.25,0.25
EUVP_underwater_scenes,im_f2082_.jpg,0.25,0.25,0.25,0.25
EUVP_underwater_scenes,im_f2085_.jpg,0.25,0.25,0.25,0.25
EUVP_underwater_scenes,im_f2088_.jpg,0.25,0.25,0.25,0.25
EUVP_underwater_scenes,im_f208_.jpg,0.25,0.25,0.25,0.25
EUVP_underwater_scenes,im_f2090_.jpg,0.25,0.25,0.25,0.25
EUVP_underwater_scenes,im_f2092_.jpg,0.25,0.25,0.25,0.25
EUVP_underwater_scenes,im_f2093_.jpg,0.25,0.25,0.25,0.25
EUVP_underwater_scenes,im_f2094_.jpg,0.25,0.25,0.25,0.25
EUVP_underwater_scenes,im_f2095_.jpg,0.25,0.25,0.25,0.25
EUVP_underwater_scenes,im_f2098_.jpg,0.25,0.25,0.25,0.25
EUVP_underwater_scenes,im_f209_.jpg,0.25,0.25,0.25,0.25
EUVP_underwater_scenes,im_f20_.jpg,0.25,0.25,0.25,0.25
EUVP_underwater_scenes,im_f2101_.jpg,0.25,0.25,0.25,0.25
EUVP_underwater_scenes,im_f2102_.jpg,0.25,0.25,0.25,0.25
EUVP_underwater_scenes,im_f2105_.jpg,0.25,0.25,0.25,0.25
EUVP_underwater_scenes,im_f2106_.jpg,0.25,0.25,0.25,0.25
EUVP_underwater_scenes,im_f210_.jpg,0.25,0.25,0.25,0.25
EUVP_underwater_scenes,im_f2114_.jpg,0.25,0.25,0.25,0.25
EUVP_underwater_scenes,im_f2115_.jpg,0.25,0.25,0.25,0.25
EUVP_underwater_scenes,im_f2116_.jpg,0.25,0.25,0.25,0.25
EUVP_underwater_scenes,im_f2119_.jpg,0.25,0.25,0.25,0.25
EUVP_underwater_scenes,im_f2121_.jpg,0.25,0.25,0.25,0.25
EUVP_underwater_scenes,im_f2122_.jpg,0.25,0.25,0.25,0.25
EUVP_underwater_scenes,im_f2124_.jpg,0.25,0.25,0.25,0.25
EUVP_underwater_scenes,im_f212_.jpg,0.25,0.25,0.25,0.25
EUVP_underwater_scenes,im_f2132_.jpg,0.25,0.25,0.25,0.25
EUVP_underwater_scenes,im_f2135_.jpg,0.25,0.25,0.25,0.25
EUVP_underwater_scenes,im_f2137_.jpg,0.25,0.25,0.25,0.25
EUVP_underwater_scenes,im_f2138_.jpg,0.25,0.25,0.25,0.25
EUVP_underwater_scenes,im_f213_.jpg,0.25,0.25,0.25,0.25
EUVP_underwater_scenes,im_f2146_.jpg,0.25,0.25,0.25,0.25
EUVP_underwater_scenes,im_f2149_.jpg,0.25,0.25,0.25,0.25
EUVP_underwater_scenes,im_f214_.jpg,0.25,0.25,0.25,0.25
EUVP_underwater_scenes,im_f2152_.jpg,0.25,0.25,0.25,0.25
EUVP_underwater_scenes,im_f2153_.jpg,0.25,0.25,0.25,0.25
EUVP_underwater_scenes,im_f2155_.jpg,0.25,0.25,0.25,0.25
EUVP_underwater_scenes,im_f2157_.jpg,0.25,0.25,0.25,0.25
EUVP_underwater_scenes,im_f215_.jpg,0.25,0.25,0.25,0.25
EUVP_underwater_scenes,im_f2161_.jpg,0.25,0.25,0.25,0.25
EUVP_underwater_scenes,im_f2166_.jpg,0.25,0.25,0.25,0.25
EUVP_underwater_scenes,im_f2167_.jpg,0.25,0.25,0.25,0.25
EUVP_underwater_scenes,im_f2168_.jpg,0.25,0.25,0.25,0.25
EUVP_underwater_scenes,im_f2169_.jpg,0.25,0.25,0.25,0.25
EUVP_underwater_scenes,im_f216_.jpg,0.25,0.25,0.25,0.25
EUVP_underwater_scenes,im_f2170_.jpg,0.25,0.25,0.25,0.25
EUVP_underwater_scenes,im_f2172_.jpg,0.25,0.25,0.25,0.25
EUVP_underwater_scenes,im_f2177_.jpg,0.25,0.25,0.25,0.25
EUVP_underwater_scenes,im_f2187_.jpg,0.25,0.25,0.25,0.25
EUVP_underwater_scenes,im_f2193_.jpg,0.25,0.25,0.25,0.25
EUVP_underwater_scenes,im_f2196_.jpg,0.25,0.25,0.25,0.25
EUVP_underwater_scenes,im_f2197_.jpg,0.25,0.25,0.25,0.25
EUVP_underwater_scenes,im_f2198_.jpg,0.25,0.25,0.25,0.25
EUVP_underwater_scenes,im_f219_.jpg,0.25,0.25,0.25,0.25
EUVP_underwater_scenes,im_f2201_.jpg,0.25,0.25,0.25,0.25
EUVP_underwater_scenes,im_f2202_.jpg,0.25,0.25,0.25,0.25
EUVP_underwater_scenes,im_f2205_.jpg,0.25,0.25,0.25,0.25
EUVP_underwater_scenes,im_f2209_.jpg,0.25,0.25,0.25,0.25
EUVP_underwater_scenes,im_f220_.jpg,0.25,0.25,0.25,0.25
EUVP_underwater_scenes,im_f2213_.jpg,0.25,0.25,0.25,0.25
EUVP_underwater_scenes,im_f2216_.jpg,0.25,0.25,0.25,0.25
EUVP_underwater_scenes,im_f2217_.jpg,0.25,0.25,0.25,0.25
EUVP_underwater_scenes,im_f2218_.jpg,0.25,0.25,0.25,0.25
EUVP_underwater_scenes,im_f2219_.jpg,0.25,0.25,0.25,0.25
EUVP_underwater_scenes,im_f221_.jpg,0.25,0.25,0.25,0.25
EUVP_underwater_scenes,im_f2220_.jpg,0.25,0.25,0.25,0.25
EUVP_underwater_scenes,im_f2223_.jpg,0.25,0.25,0.25,0.25
EUVP_underwater_scenes,im_f2226_.jpg,0.25,0.25,0.25,0.25
EUVP_underwater_scenes,im_f2227_.jpg,0.25,0.25,0.25,0.25
EUVP_underwater_scenes,im_f222_.jpg,0.25,0.25,0.25,0.25
EUVP_underwater_scenes,im_f2230_.jpg,0.25,0.25,0.25,0.25
EUVP_underwater_scenes,im_f2237_.jpg,0.25,0.25,0.25,0.25
EUVP_underwater_scenes,im_f2241_.jpg,0.25,0.25,0.25,0.25
EUVP_underwater_scenes,im_f2243_.jpg,0.25,0.25,0.25,0.25
EUVP_underwater_scenes,im_f2250_.jpg,0.25,0.25,0.25,0.25
EUVP_underwater_scenes,im_f2253_.jpg,0.25,0.25,0.25,0.25
EUVP_underwater_scenes,im_f225_.jpg,0.25,0.25,0.25,0.25
EUVP_underwater_scenes,im_f2264_.jpg,0.25,0.25,0.25,0.25
EUVP_underwater_scenes,im_f2265_.jpg,0.25,0.25,0.25,0.25
EUVP_underwater_scenes,im_f2266_.jpg,0.25,0.25,0.25,0.25
EUVP_underwater_scenes,im_f2267_.jpg,0.25,0.25,0.25,0.25
EUVP_underwater_scenes,im_f226_.jpg,0.25,0.25,0.25,0.25
EUVP_underwater_scenes,im_f2271_.jpg,0.25,0.25,0.25,0.25
EUVP_underwater_scenes,im_f2272_.jpg,0.25,0.25,0.25,0.25
EUVP_underwater_scenes,im_f2274_.jpg,0.25,0.25,0.25,0.25
EUVP_underwater_scenes,im_f227_.jpg,0.25,0.25,0.25,0.25
EUVP_underwater_scenes,im_f2281_.jpg,0.25,0.25,0.25,0.25
EUVP_underwater_scenes,im_f2284_.jpg,0.25,0.25,0.25,0.25
EUVP_underwater_scenes,im_f2285_.jpg,0.25,0.25,0.25,0.25
EUVP_underwater_scenes,im_f228_.jpg,0.25,0.25,0.25,0.25
EUVP_underwater_scenes,im_f2290_.jpg,0.25,0.25,0.25,0.25
EUVP_underwater_scenes,im_f2293_.jpg,0.25,0.25,0.25,0.25
EUVP_underwater_scenes,im_f2296_.jpg,0.25,0.25,0.25,0.25
EUVP_underwater_scenes,im_f2298_.jpg,0.25,0.25,0.25,0.25
EUVP_underwater_scenes,im_f2299_.jpg,0.25,0.25,0.25,0.25
EUVP_underwater_scenes,im_f229_.jpg,0.25,0.25,0.25,0.25
EUVP_underwater_scenes,im_f22_.jpg,0.25,0.25,0.25,0.25
EUVP_underwater_scenes,im_f2306_.jpg,0.25,0.25,0.25,0.25
EUVP_underwater_scenes,im_f2307_.jpg,0.25,0.25,0.25,0.25
EUVP_underwater_scenes,im_f230_.jpg,0.25,0.25,0.25,0.25
EUVP_underwater_scenes,im_f2315_.jpg,0.25,0.25,0.25,0.25
EUVP_underwater_scenes,im_f2318_.jpg,0.25,0.25,0.25,0.25
EUVP_underwater_scenes,im_f231_.jpg,0.25,0.25,0.25,0.25
EUVP_underwater_scenes,im_f2321_.jpg,0.25,0.25,0.25,0.25
EUVP_underwater_scenes,im_f2324_.jpg,0.25,0.25,0.25,0.25
EUVP_underwater_scenes,im_f2329_.jpg,0.25,0.25,0.25,0.25
EUVP_underwater_scenes,im_f2333_.jpg,0.25,0.25,0.25,0.25
EUVP_underwater_scenes,im_f2336_.jpg,0.25,0.25,0.25,0.25
EUVP_underwater_scenes,im_f2338_.jpg,0.25,0.25,0.25,0.25
EUVP_underwater_scenes,im_f233_.jpg,0.25,0.25,0.25,0.25
EUVP_underwater_scenes,im_f2342_.jpg,0.25,0.25,0.25,0.25
EUVP_underwater_scenes,im_f2349_.jpg,0.25,0.25,0.25,0.25
EUVP_underwater_scenes,im_f2350_.jpg,0.25,0.25,0.25,0.25
EUVP_underwater_scenes,im_f2352_.jpg,0.25,0.25,0.25,0.25
EUVP_underwater_scenes,im_f2357_.jpg,0.25,0.25,0.25,0.25
EUVP_underwater_scenes,im_f235_.jpg,0.25,0.25,0.25,0.25
EUVP_underwater_scenes,im_f2360_.jpg,0.25,0.25,0.25,0.25
EUVP_underwater_scenes,im_f2363_.jpg,0.25,0.25,0.25,0.25
EUVP_underwater_scenes,im_f236_.jpg,0.25,0.25,0.25,0.25
EUVP_underwater_scenes,im_f2373_.jpg,0.25,0.25,0.25,0.25
EUVP_underwater_scenes,im_f2382_.jpg,0.25,0.25,0.25,0.25
EUVP_underwater_scenes,im_f2386_.jpg,0.25,0.25,0.25,0.25
EUVP_underwater_scenes,im_f2388_.jpg,0.25,0.25,0.25,0.25
EUVP_underwater_scenes,im_f2391_.jpg,0.25,0.25,0.25,0.25
EUVP_underwater_scenes,im_f2392_.jpg,0.25,0.25,0.25,0.25
EUVP_underwater_scenes,im_f2396_.jpg,0.25,0.25,0.25,0.25
EUVP_underwater_scenes,im_f2397_.jpg,0.25,0.25,0.25,0.25
EUVP_underwater_scenes,im_f239_.jpg,0.25,0.25,0.25,0.25
EUVP_underwater_scenes,im_f23_.jpg,0.25,0.25,0.25,0.25
EUVP_underwater_scenes,im_f2401_.jpg,0.25,0.25,0.25,0.25
EUVP_underwater_scenes,im_f2402_.jpg,0.25,0.25,0.25,0.25
EUVP_underwater_scenes,im_f2403_.jpg,0.25,0.25,0.25,0.25
EUVP_underwater_scenes,im_f2410_.jpg,0.25,0.25,0.25,0.25
EUVP_underwater_scenes,im_f2419_.jpg,0.25,0.25,0.25,0.25
EUVP_underwater_scenes,im_f241_.jpg,0.25,0.25,0.25,0.25
EUVP_underwater_scenes,im_f2420_.jpg,0.25,0.25,0.25,0.25
EUVP_underwater_scenes,im_f2428_.jpg,0.25,0.25,0.25,0.25
EUVP_underwater_scenes,im_f2435_.jpg,0.25,0.25,0.25,0.25
EUVP_underwater_scenes,im_f2436_.jpg,0.25,0.25,0.25,0.25
EUVP_underwater_scenes,im_f2438_.jpg,0.25,0.25,0.25,0.25
EUVP_underwater_scenes,im_f243_.jpg,0.25,0.25,0.25,0.25
EUVP_underwater_scenes,im_f2440_.jpg,0.25,0.25,0.25,0.25
EUVP_underwater_scenes,im_f2447_.jpg,0.25,0.25,0.25,0.25
EUVP_underwater_scenes,im_f2449_.jpg,0.25,0.25,0.25,0.25
EUVP_underwater_scenes,im_f244_.jpg,0.25,0.25,0.25,0.25
EUVP_underwater_scenes,im_f2451_.jpg,0.25,0.25,0.25,0.25
EUVP_underwater_scenes,im_f2457_.jpg,0.25,0.25,0.25,0.25
EUVP_underwater_scenes,im_f245_.jpg,0.25,0.25,0.25,0.25
EUVP_underwater_scenes,im_f2460_.jpg,0.25,0.25,0.25,0.25
EUVP_underwater_scenes,im_f2462_.jpg,0.25,0.25,0.25,0.25
EUVP_underwater_scenes,im_f2466_.jpg,0.25,0.25,0.25,0.25
EUVP_underwater_scenes,im_f2468_.jpg,0.25,0.25,0.25,0.25
EUVP_underwater_scenes,im_f246_.jpg,0.25,0.25,0.25,0.25
EUVP_underwater_scenes,im_f2470_.jpg,0.25,0.25,0.25,0.25
EUVP_underwater_scenes,im_f2472_.jpg,0.25,0.25,0.25,0.25
EUVP_underwater_scenes,im_f2474_.jpg,0.25,0.25,0.25,0.25
EUVP_underwater_scenes,im_f2475_.jpg,0.25,0.25,0.25,0.25
EUVP_underwater_scenes,im_f2476_.jpg,0.25,0.25,0.25,0.25
EUVP_underwater_scenes,im_f2479_.jpg,0.25,0.25,0.25,0.25
EUVP_underwater_scenes,im_f247_.jpg,0.25,0.25,0.25,0.25
EUVP_underwater_scenes,im_f2481_.jpg,0.25,0.25,0.25,0.25
EUVP_underwater_scenes,im_f2483_.jpg,0.25,0.25,0.25,0.25
EUVP_underwater_scenes,im_f2485_.jpg,0.25,0.25,0.25,0.25
EUVP_underwater_scenes,im_f2486_.jpg,0.25,0.25,0.25,0.25
EUVP_underwater_scenes,im_f2488_.jpg,0.25,0.25,0.25,0.25
EUVP_underwater_scenes,im_f248_.jpg,0.25,0.25,0.25,0.25
EUVP_underwater_scenes,im_f2493_.jpg,0.25,0.25,0.25,0.25
EUVP_underwater_scenes,im_f2494_.jpg,0.25,0.25,0.25,0.25
EUVP_underwater_scenes,im_f2495_.jpg,0.25,0.25,0.25,0.25
EUVP_underwater_scenes,im_f2496_.jpg,0.25,0.25,0.25,0.25
EUVP_underwater_scenes,im_f2499_.jpg,0.25,0.25,0.25,0.25
EUVP_underwater_scenes,im_f249_.jpg,0.25,0.25,0.25,0.25
EUVP_underwater_scenes,im_f24_.jpg,0.25,0.25,0.25,0.25
EUVP_underwater_scenes,im_f251_.jpg,0.25,0.25,0.25,0.25
EUVP_underwater_scenes,im_f252_.jpg,0.25,0.25,0.25,0.25
EUVP_underwater_scenes,im_f253_.jpg,0.25,0.25,0.25,0.25
EUVP_underwater_scenes,im_f254_.jpg,0.25,0.25,0.25,0.25
EUVP_underwater_scenes,im_f255_.jpg,0.25,0.25,0.25,0.25
EUVP_underwater_scenes,im_f257_.jpg,0.25,0.25,0.25,0.25
EUVP_underwater_scenes,im_f258_.jpg,0.25,0.25,0.25,0.25
EUVP_underwater_scenes,im_f259_.jpg,0.25,0.25,0.25,0.25
EUVP_underwater_scenes,im_f25_.jpg,0.25,0.25,0.25,0.25
EUVP_underwater_scenes,im_f261_.jpg,0.25,0.25,0.25,0.25
EUVP_underwater_scenes,im_f262_.jpg,0.25,0.25,0.25,0.25
EUVP_underwater_scenes,im_f264_.jpg,0.25,0.25,0.25,0.25
EUVP_underwater_scenes,im_f265_.jpg,0.25,0.25,0.25,0.25
EUVP_underwater_scenes,im_f266_.jpg,0.25,0.25,0.25,0.25
EUVP_underwater_scenes,im_f268_.jpg,0.25,0.25,0.25,0.25
EUVP_underwater_scenes,im_f269_.jpg,0.25,0.25,0.25,0.25
EUVP_underwater_scenes,im_f271_.jpg,0.25,0.25,0.25,0.25
EUVP_underwater_scenes,im_f273_.jpg,0.25,0.25,0.25,0.25
EUVP_underwater_scenes,im_f274_.jpg,0.25,0.25,0.25,0.25
EUVP_underwater_scenes,im_f276_.jpg,0.25,0.25,0.25,0.25
EUVP_underwater_scenes,im_f277_.jpg,0.25,0.25,0.25,0.25
EUVP_underwater_scenes,im_f278_.jpg,0.25,0.25,0.25,0.25
EUVP_underwater_scenes,im_f279_.jpg,0.25,0.25,0.25,0.25
EUVP_underwater_scenes,im_f280_.jpg,0.25,0.25,0.25,0.25
EUVP_underwater_scenes,im_f281_.jpg,0.25,0.25,0.25,0.25
EUVP_underwater_scenes,im_f282_.jpg,0.25,0.25,0.25,0.25
EUVP_underwater_scenes,im_f283_.jpg,0.25,0.25,0.25,0.25
EUVP_underwater_scenes,im_f284_.jpg,0.25,0.25,0.25,0.25
EUVP_underwater_scenes,im_f285_.jpg,0.25,0.25,0.25,0.25
EUVP_underwater_scenes,im_f286_.jpg,0.25,0.25,0.25,0.25
EUVP_underwater_scenes,im_f288_.jpg,0.25,0.25,0.25,0.25
EUVP_underwater_scenes,im_f28_.jpg,0.25,0.25,0.25,0.25
EUVP_underwater_scenes,im_f291_.jpg,0.25,0.25,0.25,0.25
EUVP_underwater_scenes,im_f293_.jpg,0.25,0.25,0.25,0.25
EUVP_underwater_scenes,im_f296_.jpg,0.25,0.25,0.25,0.25
EUVP_underwater_scenes,im_f297_.jpg,0.25,0.25,0.25,0.25
EUVP_underwater_scenes,im_f298_.jpg,0.25,0.25,0.25,0.25
EUVP_underwater_scenes,im_f299_.jpg,0.25,0.25,0.25,0.25
EUVP_underwater_scenes,im_f300_.jpg,0.25,0.25,0.25,0.25
EUVP_underwater_scenes,im_f301_.jpg,0.25,0.25,0.25,0.25
EUVP_underwater_scenes,im_f303_.jpg,0.25,0.25,0.25,0.25
EUVP_underwater_scenes,im_f304_.jpg,0.25,0.25,0.25,0.25
EUVP_underwater_scenes,im_f305_.jpg,0.25,0.25,0.25,0.25
EUVP_underwater_scenes,im_f308_.jpg,0.25,0.25,0.25,0.25
EUVP_underwater_scenes,im_f309_.jpg,0.25,0.25,0.25,0.25
EUVP_underwater_scenes,im_f310_.jpg,0.25,0.25,0.25,0.25
EUVP_underwater_scenes,im_f311_.jpg,0.25,0.25,0.25,0.25
EUVP_underwater_scenes,im_f312_.jpg,0.25,0.25,0.25,0.25
EUVP_underwater_scenes,im_f314_.jpg,0.25,0.25,0.25,0.25
EUVP_underwater_scenes,im_f315_.jpg,0.25,0.25,0.25,0.25
EUVP_underwater_scenes,im_f317_.jpg,0.25,0.25,0.25,0.25
EUVP_underwater_scenes,im_f319_.jpg,0.25,0.25,0.25,0.25
EUVP_underwater_scenes,im_f31_.jpg,0.25,0.25,0.25,0.25
EUVP_underwater_scenes,im_f320_.jpg,0.25,0.25,0.25,0.25
EUVP_underwater_scenes,im_f322_.jpg,0.25,0.25,0.25,0.25
EUVP_underwater_scenes,im_f324_.jpg,0.25,0.25,0.25,0.25
EUVP_underwater_scenes,im_f325_.jpg,0.25,0.25,0.25,0.25
EUVP_underwater_scenes,im_f326_.jpg,0.25,0.25,0.25,0.25
EUVP_underwater_scenes,im_f327_.jpg,0.25,0.25,0.25,0.25
EUVP_underwater_scenes,im_f328_.jpg,0.25,0.25,0.25,0.25
EUVP_underwater_scenes,im_f32_.jpg,0.25,0.25,0.25,0.25
EUVP_underwater_scenes,im_f331_.jpg,0.25,0.25,0.25,0.25
EUVP_underwater_scenes,im_f332_.jpg,0.25,0.25,0.25,0.25
EUVP_underwater_scenes,im_f333_.jpg,0.25,0.25,0.25,0.25
EUVP_underwater_scenes,im_f338_.jpg,0.25,0.25,0.25,0.25
EUVP_underwater_scenes,im_f339_.jpg,0.25,0.25,0.25,0.25
EUVP_underwater_scenes,im_f33_.jpg,0.25,0.25,0.25,0.25
EUVP_underwater_scenes,im_f341_.jpg,0.25,0.25,0.25,0.25
EUVP_underwater_scenes,im_f343_.jpg,0.25,0.25,0.25,0.25
EUVP_underwater_scenes,im_f346_.jpg,0.25,0.25,0.25,0.25
EUVP_underwater_scenes,im_f347_.jpg,0.25,0.25,0.25,0.25
EUVP_underwater_scenes,im_f348_.jpg,0.25,0.25,0.25,0.25
EUVP_underwater_scenes,im_f352_.jpg,0.25,0.25,0.25,0.25
EUVP_underwater_scenes,im_f353_.jpg,0.25,0.25,0.25,0.25
EUVP_underwater_scenes,im_f354_.jpg,0.25,0.25,0.25,0.25
EUVP_underwater_scenes,im_f355_.jpg,0.25,0.25,0.25,0.25
EUVP_underwater_scenes,im_f357_.jpg,0.25,0.25,0.25,0.25
EUVP_underwater_scenes,im_f358_.jpg,0.25,0.25,0.25,0.25
EUVP_underwater_scenes,im_f35_.jpg,0.25,0.25,0.25,0.25
EUVP_underwater_scenes,im_f360_.jpg,0.25,0.25,0.25,0.25
EUVP_underwater_scenes,im_f361_.jpg,0.25,0.25,0.25,0.25
EUVP_underwater_scenes,im_f362_.jpg,0.25,0.25,0.25,0.25
EUVP_underwater_scenes,im_f364_.jpg,0.25,0.25,0.25,0.25
EUVP_underwater_scenes,im_f365_.jpg,0.25,0.25,0.25,0.25
EUVP_underwater_scenes,im_f366_.jpg,0.25,0.25,0.25,0.25
EUVP_underwater_scenes,im_f367_.jpg,0.25,0.25,0.25,0.25
EUVP_underwater_scenes,im_f369_.jpg,0.25,0.25,0.25,0.25
EUVP_underwater_scenes,im_f36_.jpg,0.25,0.25,0.25,0.25
EUVP_underwater_scenes,im_f372_.jpg,0.25,0.25,0.25,0.25
EUVP_underwater_scenes,im_f373_.jpg,0.25,0.25,0.25,0.25
EUVP_underwater_scenes,im_f374_.jpg,0.25,0.25,0.25,0.25
EUVP_underwater_scenes,im_f375_.jpg,0.25,0.25,0.25,0.25
EUVP_underwater_scenes,im_f377_.jpg,0.25,0.25,0.25,0.25
EUVP_underwater_scenes,im_f383_.jpg,0.25,0.25,0.25,0.25
EUVP_underwater_scenes,im_f385_.jpg,0.25,0.25,0.25,0.25
EUVP_underwater_scenes,im_f386_.jpg,0.25,0.25,0.25,0.25
EUVP_underwater_scenes,im_f387_.jpg,0.25,0.25,0.25,0.25
EUVP_underwater_scenes,im_f388_.jpg,0.25,0.25,0.25,0.25
EUVP_underwater_scenes,im_f389_.jpg,0.25,0.25,0.25,0.25
EUVP_underwater_scenes,im_f38_.jpg,0.25,0.25,0.25,0.25
EUVP_underwater_scenes,im_f390_.jpg,0.25,0.25,0.25,0.25
EUVP_underwater_scenes,im_f391_.jpg,0.25,0.25,0.25,0.25
EUVP_underwater_scenes,im_f393_.jpg,0.25,0.25,0.25,0.25
EUVP_underwater_scenes,im_f397_.jpg,0.25,0.25,0.25,0.25
EUVP_underwater_scenes,im_f399_.jpg,0.25,0.25,0.25,0.25
EUVP_underwater_scenes,im_f39_.jpg,0.25,0.25,0.25,0.25
EUVP_underwater_scenes,im_f400_.jpg,0.25,0.25,0.25,0.25
EUVP_underwater_scenes,im_f402_.jpg,0.25,0.25,0.25,0.25
EUVP_underwater_scenes,im_f403_.jpg,0.25,0.25,0.25,0.25
EUVP_underwater_scenes,im_f404_.jpg,0.25,0.25,0.25,0.25
EUVP_underwater_scenes,im_f405_.jpg,0.25,0.25,0.25,0.25
EUVP_underwater_scenes,im_f407_.jpg,0.25,0.25,0.25,0.25
EUVP_underwater_scenes,im_f409_.jpg,0.25,0.25,0.25,0.25
EUVP_underwater_scenes,im_f40_.jpg,0.25,0.25,0.25,0.25
EUVP_underwater_scenes,im_f411_.jpg,0.25,0.25,0.25,0.25
EUVP_underwater_scenes,im_f413_.jpg,0.25,0.25,0.25,0.25
EUVP_underwater_scenes,im_f417_.jpg,0.25,0.25,0.25,0.25
EUVP_underwater_scenes,im_f418_.jpg,0.25,0.25,0.25,0.25
EUVP_underwater_scenes,im_f419_.jpg,0.25,0.25,0.25,0.25
EUVP_underwater_scenes,im_f420_.jpg,0.25,0.25,0.25,0.25
EUVP_underwater_scenes,im_f421_.jpg,0.25,0.25,0.25,0.25
EUVP_underwater_scenes,im_f422_.jpg,0.25,0.25,0.25,0.25
EUVP_underwater_scenes,im_f423_.jpg,0.25,0.25,0.25,0.25
EUVP_underwater_scenes,im_f424_.jpg,0.25,0.25,0.25,0.25
EUVP_underwater_scenes,im_f425_.jpg,0.25,0.25,0.25,0.25
EUVP_underwater_scenes,im_f429_.jpg,0.25,0.25,0.25,0.25
EUVP_underwater_scenes,im_f42_.jpg,0.25,0.25,0.25,0.25
EUVP_underwater_scenes,im_f431_.jpg,0.25,0.25,0.25,0.25
EUVP_underwater_scenes,im_f432_.jpg,0.25,0.25,0.25,0.25
EUVP_underwater_scenes,im_f434_.jpg,0.25,0.25,0.25,0.25
EUVP_underwater_scenes,im_f435_.jpg,0.25,0.25,0.25,0.25
EUVP_underwater_scenes,im_f437_.jpg,0.25,0.25,0.25,0.25
EUVP_underwater_scenes,im_f441_.jpg,0.25,0.25,0.25,0.25
EUVP_underwater_scenes,im_f443_.jpg,0.25,0.25,0.25,0.25
EUVP_underwater_scenes,im_f444_.jpg,0.25,0.25,0.25,0.25
EUVP_underwater_scenes,im_f445_.jpg,0.25,0.25,0.25,0.25
EUVP_underwater_scenes,im_f449_.jpg,0.25,0.25,0.25,0.25
EUVP_underwater_scenes,im_f44_.jpg,0.25,0.25,0.25,0.25
EUVP_underwater_scenes,im_f450_.jpg,0.25,0.25,0.25,0.25
EUVP_underwater_scenes,im_f454_.jpg,0.25,0.25,0.25,0.25
EUVP_underwater_scenes,im_f455_.jpg,0.25,0.25,0.25,0.25
EUVP_underwater_scenes,im_f456_.jpg,0.25,0.25,0.25,0.25
EUVP_underwater_scenes,im_f457_.jpg,0.25,0.25,0.25,0.25
EUVP_underwater_scenes,im_f460_.jpg,0.25,0.25,0.25,0.25
EUVP_underwater_scenes,im_f461_.jpg,0.25,0.25,0.25,0.25
EUVP_underwater_scenes,im_f462_.jpg,0.25,0.25,0.25,0.25
EUVP_underwater_scenes,im_f467_.jpg,0.25,0.25,0.25,0.25
EUVP_underwater_scenes,im_f468_.jpg,0.25,0.25,0.25,0.25
EUVP_underwater_scenes,im_f469_.jpg,0.25,0.25,0.25,0.25
EUVP_underwater_scenes,im_f46_.jpg,0.25,0.25,0.25,0.25
EUVP_underwater_scenes,im_f470_.jpg,0.25,0.25,0.25,0.25
EUVP_underwater_scenes,im_f472_.jpg,0.25,0.25,0.25,0.25
EUVP_underwater_scenes,im_f473_.jpg,0.25,0.25,0.25,0.25
EUVP_underwater_scenes,im_f474_.jpg,0.25,0.25,0.25,0.25
EUVP_underwater_scenes,im_f479_.jpg,0.25,0.25,0.25,0.25
EUVP_underwater_scenes,im_f47_.jpg,0.25,0.25,0.25,0.25
EUVP_underwater_scenes,im_f481_.jpg,0.25,0.25,0.25,0.25
EUVP_underwater_scenes,im_f484_.jpg,0.25,0.25,0.25,0.25
EUVP_underwater_scenes,im_f485_.jpg,0.25,0.25,0.25,0.25
EUVP_underwater_scenes,im_f48_.jpg,0.25,0.25,0.25,0.25
EUVP_underwater_scenes,im_f492_.jpg,0.25,0.25,0.25,0.25
EUVP_underwater_scenes,im_f493_.jpg,0.25,0.25,0.25,0.25
EUVP_underwater_scenes,im_f494_.jpg,0.25,0.25,0.25,0.25
EUVP_underwater_scenes,im_f495_.jpg,0.25,0.25,0.25,0.25
EUVP_underwater_scenes,im_f496_.jpg,0.25,0.25,0.25,0.25
EUVP_underwater_scenes,im_f498_.jpg,0.25,0.25,0.25,0.25
EUVP_underwater_scenes,im_f499_.jpg,0.25,0.25,0.25,0.25
EUVP_underwater_scenes,im_f500_.jpg,0.25,0.25,0.25,0.25
EUVP_underwater_scenes,im_f501_.jpg,0.25,0.25,0.25,0.25
EUVP_underwater_scenes,im_f503_.jpg,0.25,0.25,0.25,0.25
EUVP_underwater_scenes,im_f504_.jpg,0.25,0.25,0.25,0.25
EUVP_underwater_scenes,im_f506_.jpg,0.25,0.25,0.25,0.25
EUVP_underwater_scenes,im_f507_.jpg,0.25,0.25,0.25,0.25
EUVP_underwater_scenes,im_f509_.jpg,0.25,0.25,0.25,0.25
EUVP_underwater_scenes,im_f511_.jpg,0.25,0.25,0.25,0.25
EUVP_underwater_scenes,im_f512_.jpg,0.25,0.25,0.25,0.25
EUVP_underwater_scenes,im_f514_.jpg,0.25,0.25,0.25,0.25
EUVP_underwater_scenes,im_f517_.jpg,0.25,0.25,0.25,0.25
EUVP_underwater_scenes,im_f518_.jpg,0.25,0.25,0.25,0.25
EUVP_underwater_scenes,im_f519_.jpg,0.25,0.25,0.25,0.25
EUVP_underwater_scenes,im_f524_.jpg,0.25,0.25,0.25,0.25
EUVP_underwater_scenes,im_f525_.jpg,0.25,0.25,0.25,0.25
EUVP_underwater_scenes,im_f527_.jpg,0.25,0.25,0.25,0.25
EUVP_underwater_scenes,im_f52_.jpg,0.25,0.25,0.25,0.25
EUVP_underwater_scenes,im_f530_.jpg,0.25,0.25,0.25,0.25
EUVP_underwater_scenes,im_f532_.jpg,0.25,0.25,0.25,0.25
EUVP_underwater_scenes,im_f535_.jpg,0.25,0.25,0.25,0.25
EUVP_underwater_scenes,im_f538_.jpg,0.25,0.25,0.25,0.25
EUVP_underwater_scenes,im_f53_.jpg,0.25,0.25,0.25,0.25
EUVP_underwater_scenes,im_f542_.jpg,0.25,0.25,0.25,0.25
EUVP_underwater_scenes,im_f543_.jpg,0.25,0.25,0.25,0.25
EUVP_underwater_scenes,im_f545_.jpg,0.25,0.25,0.25,0.25
EUVP_underwater_scenes,im_f548_.jpg,0.25,0.25,0.25,0.25
EUVP_underwater_scenes,im_f54_.jpg,0.25,0.25,0.25,0.25
EUVP_underwater_scenes,im_f550_.jpg,0.25,0.25,0.25,0.25
EUVP_underwater_scenes,im_f558_.jpg,0.25,0.25,0.25,0.25
EUVP_underwater_scenes,im_f559_.jpg,0.25,0.25,0.25,0.25
EUVP_underwater_scenes,im_f560_.jpg,0.25,0.25,0.25,0.25
EUVP_underwater_scenes,im_f561_.jpg,0.25,0.25,0.25,0.25
EUVP_underwater_scenes,im_f562_.jpg,0.25,0.25,0.25,0.25
EUVP_underwater_scenes,im_f563_.jpg,0.25,0.25,0.25,0.25
EUVP_underwater_scenes,im_f565_.jpg,0.25,0.25,0.25,0.25
EUVP_underwater_scenes,im_f566_.jpg,0.25,0.25,0.25,0.25
EUVP_underwater_scenes,im_f567_.jpg,0.25,0.25,0.25,0.25
EUVP_underwater_scenes,im_f568_.jpg,0.25,0.25,0.25,0.25
EUVP_underwater_scenes,im_f56_.jpg,0.25,0.25,0.25,0.25
EUVP_underwater_scenes,im_f573_.jpg,0.25,0.25,0.25,0.25
EUVP_underwater_scenes,im_f577_.jpg,0.25,0.25,0.25,0.25
EUVP_underwater_scenes,im_f57_.jpg,0.25,0.25,0.25,0.25
EUVP_underwater_scenes,im_f582_.jpg,0.25,0.25,0.25,0.25
EUVP_underwater_scenes,im_f583_.jpg,0.25,0.25,0.25,0.25
EUVP_underwater_scenes,im_f584_.jpg,0.25,0.25,0.25,0.25
EUVP_underwater_scenes,im_f586_.jpg,0.25,0.25,0.25,0.25
EUVP_underwater_scenes,im_f588_.jpg,0.25,0.25,0.25,0.25
EUVP_underwater_scenes,im_f591_.jpg,0.25,0.25,0.25,0.25
EUVP_underwater_scenes,im_f592_.jpg,0.25,0.25,0.25,0.25
EUVP_underwater_scenes,im_f596_.jpg,0.25,0.25,0.25,0.25
EUVP_underwater_scenes,im_f597_.jpg,0.25,0.25,0.25,0.25
EUVP_underwater_scenes,im_f598_.jpg,0.25,0.25,0.25,0.25
EUVP_underwater_scenes,im_f599_.jpg,0.25,0.25,0.25,0.25
EUVP_underwater_scenes,im_f59_.jpg,0.25,0.25,0.25,0.25
EUVP_underwater_scenes,im_f600_.jpg,0.25,0.25,0.25,0.25
EUVP_underwater_scenes,im_f604_.jpg,0.25,0.25,0.25,0.25
EUVP_underwater_scenes,im_f605_.jpg,0.25,0.25,0.25,0.25
EUVP_underwater_scenes,im_f606_.jpg,0.25,0.25,0.25,0.25
EUVP_underwater_scenes,im_f607_.jpg,0.25,0.25,0.25,0.25
EUVP_underwater_scenes,im_f60_.jpg,0.25,0.25,0.25,0.25
EUVP_underwater_scenes,im_f612_.jpg,0.25,0.25,0.25,0.25
EUVP_underwater_scenes,im_f613_.jpg,0.25,0.25,0.25,0.25
EUVP_underwater_scenes,im_f615_.jpg,0.25,0.25,0.25,0.25
EUVP_underwater_scenes,im_f61_.jpg,0.25,0.25,0.25,0.25
EUVP_underwater_scenes,im_f621_.jpg,0.25,0.25,0.25,0.25
EUVP_underwater_scenes,im_f622_.jpg,0.25,0.25,0.25,0.25
EUVP_underwater_scenes,im_f623_.jpg,0.25,0.25,0.25,0.25
EUVP_underwater_scenes,im_f624_.jpg,0.25,0.25,0.25,0.25
EUVP_underwater_scenes,im_f625_.jpg,0.25,0.25,0.25,0.25
EUVP_underwater_scenes,im_f629_.jpg,0.25,0.25,0.25,0.25
EUVP_underwater_scenes,im_f62_.jpg,0.25,0.25,0.25,0.25
EUVP_underwater_scenes,im_f630_.jpg,0.25,0.25,0.25,0.25
EUVP_underwater_scenes,im_f632_.jpg,0.25,0.25,0.25,0.25
EUVP_underwater_scenes,im_f633_.jpg,0.25,0.25,0.25,0.25
EUVP_underwater_scenes,im_f634_.jpg,0.25,0.25,0.25,0.25
EUVP_underwater_scenes,im_f635_.jpg,0.25,0.25,0.25,0.25
EUVP_underwater_scenes,im_f636_.jpg,0.25,0.25,0.25,0.25
EUVP_underwater_scenes,im_f637_.jpg,0.25,0.25,0.25,0.25
EUVP_underwater_scenes,im_f638_.jpg,0.25,0.25,0.25,0.25
EUVP_underwater_scenes,im_f63_.jpg,0.25,0.25,0.25,0.25
EUVP_underwater_scenes,im_f641_.jpg,0.25,0.25,0.25,0.25
EUVP_underwater_scenes,im_f645_.jpg,0.25,0.25,0.25,0.25
EUVP_underwater_scenes,im_f646_.jpg,0.25,0.25,0.25,0.25
EUVP_underwater_scenes,im_f647_.jpg,0.25,0.25,0.25,0.25
EUVP_underwater_scenes,im_f649_.jpg,0.25,0.25,0.25,0.25
EUVP_underwater_scenes,im_f64_.jpg,0.25,0.25,0.25,0.25
EUVP_underwater_scenes,im_f652_.jpg,0.25,0.25,0.25,0.25
EUVP_underwater_scenes,im_f653_.jpg,0.25,0.25,0.25,0.25
EUVP_underwater_scenes,im_f656_.jpg,0.25,0.25,0.25,0.25
EUVP_underwater_scenes,im_f657_.jpg,0.25,0.25,0.25,0.25
EUVP_underwater_scenes,im_f658_.jpg,0.25,0.25,0.25,0.25
EUVP_underwater_scenes,im_f659_.jpg,0.25,0.25,0.25,0.25
EUVP_underwater_scenes,im_f65_.jpg,0.25,0.25,0.25,0.25
EUVP_underwater_scenes,im_f660_.jpg,0.25,0.25,0.25,0.25
EUVP_underwater_scenes,im_f663_.jpg,0.25,0.25,0.25,0.25
EUVP_underwater_scenes,im_f666_.jpg,0.25,0.25,0.25,0.25
EUVP_underwater_scenes,im_f66_.jpg,0.25,0.25,0.25,0.25
EUVP_underwater_scenes,im_f672_.jpg,0.25,0.25,0.25,0.25
EUVP_underwater_scenes,im_f678_.jpg,0.25,0.25,0.25,0.25
EUVP_underwater_scenes,im_f67_.jpg,0.25,0.25,0.25,0.25
EUVP_underwater_scenes,im_f682_.jpg,0.25,0.25,0.25,0.25
EUVP_underwater_scenes,im_f683_.jpg,0.25,0.25,0.25,0.25
EUVP_underwater_scenes,im_f684_.jpg,0.25,0.25,0.25,0.25
EUVP_underwater_scenes,im_f685_.jpg,0.25,0.25,0.25,0.25
EUVP_underwater_scenes,im_f687_.jpg,0.25,0.25,0.25,0.25
EUVP_underwater_scenes,im_f689_.jpg,0.25,0.25,0.25,0.25
EUVP_underwater_scenes,im_f68_.jpg,0.25,0.25,0.25,0.25
EUVP_underwater_scenes,im_f690_.jpg,0.25,0.25,0.25,0.25
EUVP_underwater_scenes,im_f692_.jpg,0.25,0.25,0.25,0.25
EUVP_underwater_scenes,im_f695_.jpg,0.25,0.25,0.25,0.25
EUVP_underwater_scenes,im_f697_.jpg,0.25,0.25,0.25,0.25
EUVP_underwater_scenes,im_f698_.jpg,0.25,0.25,0.25,0.25
EUVP_underwater_scenes,im_f704_.jpg,0.25,0.25,0.25,0.25
EUVP_underwater_scenes,im_f70_.jpg,0.25,0.25,0.25,0.25
EUVP_underwater_scenes,im_f711_.jpg,0.25,0.25,0.25,0.25
EUVP_underwater_scenes,im_f712_.jpg,0.25,0.25,0.25,0.25
EUVP_underwater_scenes,im_f713_.jpg,0.25,0.25,0.25,0.25
EUVP_underwater_scenes,im_f714_.jpg,0.25,0.25,0.25,0.25
EUVP_underwater_scenes,im_f715_.jpg,0.25,0.25,0.25,0.25
EUVP_underwater_scenes,im_f716_.jpg,0.25,0.25,0.25,0.25
EUVP_underwater_scenes,im_f718_.jpg,0.25,0.25,0.25,0.25
EUVP_underwater_scenes,im_f719_.jpg,0.25,0.25,0.25,0.25
EUVP_underwater_scenes,im_f71_.jpg,0.25,0.25,0.25,0.25
EUVP_underwater_scenes,im_f721_.jpg,0.25,0.25,0.25,0.25
EUVP_underwater_scenes,im_f722_.jpg,0.25,0.25,0.25,0.25
EUVP_underwater_scenes,im_f723_.jpg,0.25,0.25,0.25,0.25
EUVP_underwater_scenes,im_f724_.jpg,0.25,0.25,0.25,0.25
EUVP_underwater_scenes,im_f725_.jpg,0.25,0.25,0.25,0.25
EUVP_underwater_scenes,im_f726_.jpg,0.25,0.25,0.25,0.25
EUVP_underwater_scenes,im_f728_.jpg,0.25,0.25,0.25,0.25
EUVP_underwater_scenes,im_f729_.jpg,0.25,0.25,0.25,0.25
EUVP_underwater_scenes,im_f72_.jpg,0.25,0.25,0.25,0.25
EUVP_underwater_scenes,im_f731_.jpg,0.25,0.25,0.25,0.25
EUVP_underwater_scenes,im_f732_.jpg,0.25,0.25,0.25,0.25
EUVP_underwater_scenes,im_f733_.jpg,0.25,0.25,0.25,0.25
EUVP_underwater_scenes,im_f734_.jpg,0.25,0.25,0.25,0.25
EUVP_underwater_scenes,im_f736_.jpg,0.25,0.25,0.25,0.25
EUVP_underwater_scenes,im_f737_.jpg,0.25,0.25,0.25,0.25
EUVP_underwater_scenes,im_f739_.jpg,0.25,0.25,0.25,0.25
EUVP_underwater_scenes,im_f73_.jpg,0.25,0.25,0.25,0.25
EUVP_underwater_scenes,im_f740_.jpg,0.25,0.25,0.25,0.25
EUVP_underwater_scenes,im_f741_.jpg,0.25,0.25,0.25,0.25
EUVP_underwater_scenes,im_f743_.jpg,0.25,0.25,0.25,0.25
EUVP_underwater_scenes,im_f745_.jpg,0.25,0.25,0.25,0.25
EUVP_underwater_scenes,im_f746_.jpg,0.25,0.25,0.25,0.25
EUVP_underwater_scenes,im_f748_.jpg,0.25,0.25,0.25,0.25
EUVP_underwater_scenes,im_f74_.jpg,0.25,0.25,0.25,0.25
EUVP_underwater_scenes,im_f753_.jpg,0.25,0.25,0.25,0.25
EUVP_underwater_scenes,im_f754_.jpg,0.25,0.25,0.25,0.25
EUVP_underwater_scenes,im_f758_.jpg,0.25,0.25,0.25,0.25
EUVP_underwater_scenes,im_f759_.jpg,0.25,0.25,0.25,0.25
EUVP_underwater_scenes,im_f75_.jpg,0.25,0.25,0.25,0.25
EUVP_underwater_scenes,im_f762_.jpg,0.25,0.25,0.25,0.25
EUVP_underwater_scenes,im_f764_.jpg,0.25,0.25,0.25,0.25
EUVP_underwater_scenes,im_f765_.jpg,0.25,0.25,0.25,0.25
EUVP_underwater_scenes,im_f766_.jpg,0.25,0.25,0.25,0.25
EUVP_underwater_scenes,im_f767_.jpg,0.25,0.25,0.25,0.25
EUVP_underwater_scenes,im_f768_.jpg,0.25,0.25,0.25,0.25
EUVP_underwater_scenes,im_f769_.jpg,0.25,0.25,0.25,0.25
EUVP_underwater_scenes,im_f76_.jpg,0.25,0.25,0.25,0.25
EUVP_underwater_scenes,im_f770_.jpg,0.25,0.25,0.25,0.25
EUVP_underwater_scenes,im_f771_.jpg,0.25,0.25,0.25,0.25
EUVP_underwater_scenes,im_f773_.jpg,0.25,0.25,0.25,0.25
EUVP_underwater_scenes,im_f778_.jpg,0.25,0.25,0.25,0.25
EUVP_underwater_scenes,im_f77_.jpg,0.25,0.25,0.25,0.25
EUVP_underwater_scenes,im_f780_.jpg,0.25,0.25,0.25,0.25
EUVP_underwater_scenes,im_f786_.jpg,0.25,0.25,0.25,0.25
EUVP_underwater_scenes,im_f789_.jpg,0.25,0.25,0.25,0.25
EUVP_underwater_scenes,im_f78_.jpg,0.25,0.25,0.25,0.25
EUVP_underwater_scenes,im_f795_.jpg,0.25,0.25,0.25,0.25
EUVP_underwater_scenes,im_f796_.jpg,0.25,0.25,0.25,0.25
EUVP_underwater_scenes,im_f797_.jpg,0.25,0.25,0.25,0.25
EUVP_underwater_scenes,im_f798_.jpg,0.25,0.25,0.25,0.25
EUVP_underwater_scenes,im_f79_.jpg,0.25,0.25,0.25,0.25
EUVP_underwater_scenes,im_f802_.jpg,0.25,0.25,0.25,0.25
EUVP_underwater_scenes,im_f803_.jpg,0.25,0.25,0.25,0.25
EUVP_underwater_scenes,im_f806_.jpg,0.25,0.25,0.25,0.25
EUVP_underwater_scenes,im_f807_.jpg,0.25,0.25,0.25,0.25
EUVP_underwater_scenes,im_f809_.jpg,0.25,0.25,0.25,0.25
EUVP_underwater_scenes,im_f80_.jpg,0.25,0.25,0.25,0.25
EUVP_underwater_scenes,im_f810_.jpg,0.25,0.25,0.25,0.25
EUVP_underwater_scenes,im_f813_.jpg,0.25,0.25,0.25,0.25
EUVP_underwater_scenes,im_f814_.jpg,0.25,0.25,0.25,0.25
EUVP_underwater_scenes,im_f815_.jpg,0.25,0.25,0.25,0.25
EUVP_underwater_scenes,im_f816_.jpg,0.25,0.25,0.25,0.25
EUVP_underwater_scenes,im_f817_.jpg,0.25,0.25,0.25,0.25
EUVP_underwater_scenes,im_f818_.jpg,0.25,0.25,0.25,0.25
EUVP_underwater_scenes,im_f820_.jpg,0.25,0.25,0.25,0.25
EUVP_underwater_scenes,im_f821_.jpg,0.25,0.25,0.25,0.25
EUVP_underwater_scenes,im_f823_.jpg,0.25,0.25,0.25,0.25
EUVP_underwater_scenes,im_f826_.jpg,0.25,0.25,0.25,0.25
EUVP_underwater_scenes,im_f832_.jpg,0.25,0.25,0.25,0.25
EUVP_underwater_scenes,im_f833_.jpg,0.25,0.25,0.25,0.25
EUVP_underwater_scenes,im_f835_.jpg,0.25,0.25,0.25,0.25
EUVP_underwater_scenes,im_f836_.jpg,0.25,0.25,0.25,0.25
EUVP_underwater_scenes,im_f838_.jpg,0.25,0.25,0.25,0.25
EUVP_underwater_scenes,im_f83_.jpg,0.25,0.25,0.25,0.25
EUVP_underwater_scenes,im_f840_.jpg,0.25,0.25,0.25,0.25
EUVP_underwater_scenes,im_f843_.jpg,0.25,0.25,0.25,0.25
EUVP_underwater_scenes,im_f844_.jpg,0.25,0.25,0.25,0.25
EUVP_underwater_scenes,im_f845_.jpg,0.25,0.25,0.25,0.25
EUVP_underwater_scenes,im_f846_.jpg,0.25,0.25,0.25,0.25
EUVP_underwater_scenes,im_f847_.jpg,0.25,0.25,0.25,0.25
EUVP_underwater_scenes,im_f84_.jpg,0.25,0.25,0.25,0.25
EUVP_underwater_scenes,im_f850_.jpg,0.25,0.25,0.25,0.25
EUVP_underwater_scenes,im_f851_.jpg,0.25,0.25,0.25,0.25
EUVP_underwater_scenes,im_f852_.jpg,0.25,0.25,0.25,0.25
EUVP_underwater_scenes,im_f857_.jpg,0.25,0.25,0.25,0.25
EUVP_underwater_scenes,im_f858_.jpg,0.25,0.25,0.25,0.25
EUVP_underwater_scenes,im_f861_.jpg,0.25,0.25,0.25,0.25
EUVP_underwater_scenes,im_f863_.jpg,0.25,0.25,0.25,0.25
EUVP_underwater_scenes,im_f864_.jpg,0.25,0.25,0.25,0.25
EUVP_underwater_scenes,im_f865_.jpg,0.25,0.25,0.25,0.25
EUVP_underwater_scenes,im_f866_.jpg,0.25,0.25,0.25,0.25
EUVP_underwater_scenes,im_f867_.jpg,0.25,0.25,0.25,0.25
EUVP_underwater_scenes,im_f868_.jpg,0.25,0.25,0.25,0.25
EUVP_underwater_scenes,im_f869_.jpg,0.25,0.25,0.25,0.25
EUVP_underwater_scenes,im_f86_.jpg,0.25,0.25,0.25,0.25
EUVP_underwater_scenes,im_f870_.jpg,0.25,0.25,0.25,0.25
EUVP_underwater_scenes,im_f871_.jpg,0.25,0.25,0.25,0.25
EUVP_underwater_scenes,im_f874_.jpg,0.25,0.25,0.25,0.25
EUVP_underwater_scenes,im_f875_.jpg,0.25,0.25,0.25,0.25
EUVP_underwater_scenes,im_f877_.jpg,0.25,0.25,0.25,0.25
EUVP_underwater_scenes,im_f878_.jpg,0.25,0.25,0.25,0.25
EUVP_underwater_scenes,im_f879_.jpg,0.25,0.25,0.25,0.25
EUVP_underwater_scenes,im_f87_.jpg,0.25,0.25,0.25,0.25
EUVP_underwater_scenes,im_f881_.jpg,0.25,0.25,0.25,0.25
EUVP_underwater_scenes,im_f882_.jpg,0.25,0.25,0.25,0.25
EUVP_underwater_scenes,im_f884_.jpg,0.25,0.25,0.25,0.25
EUVP_underwater_scenes,im_f885_.jpg,0.25,0.25,0.25,0.25
EUVP_underwater_scenes,im_f886_.jpg,0.25,0.25,0.25,0.25
EUVP_underwater_scenes,im_f887_.jpg,0.25,0.25,0.25,0.25
EUVP_underwater_scenes,im_f888_.jpg,0.25,0.25,0.25,0.25
EUVP_underwater_scenes,im_f889_.jpg,0.25,0.25,0.25,0.25
EUVP_underwater_scenes,im_f88_.jpg,0.25,0.25,0.25,0.25
EUVP_underwater_scenes,im_f890_.jpg,0.25,0.25,0.25,0.25
EUVP_underwater_scenes,im_f891_.jpg,0.25,0.25,0.25,0.25
EUVP_underwater_scenes,im_f892_.jpg,0.25,0.25,0.25,0.25
EUVP_underwater_scenes,im_f896_.jpg,0.25,0.25,0.25,0.25
EUVP_underwater_scenes,im_f899_.jpg,0.25,0.25,0.25,0.25
EUVP_underwater_scenes,im_f8_.jpg,0.25,0.25,0.25,0.25
EUVP_underwater_scenes,im_f901_.jpg,0.25,0.25,0.25,0.25
EUVP_underwater_scenes,im_f905_.jpg,0.25,0.25,0.25,0.25
EUVP_underwater_scenes,im_f906_.jpg,0.25,0.25,0.25,0.25
EUVP_underwater_scenes,im_f909_.jpg,0.25,0.25,0.25,0.25
EUVP_underwater_scenes,im_f911_.jpg,0.25,0.25,0.25,0.25
EUVP_underwater_scenes,im_f914_.jpg,0.25,0.25,0.25,0.25
EUVP_underwater_scenes,im_f917_.jpg,0.25,0.25,0.25,0.25
EUVP_underwater_scenes,im_f918_.jpg,0.25,0.25,0.25,0.25
EUVP_underwater_scenes,im_f920_.jpg,0.25,0.25,0.25,0.25
EUVP_underwater_scenes,im_f921_.jpg,0.25,0.25,0.25,0.25
EUVP_underwater_scenes,im_f922_.jpg,0.25,0.25,0.25,0.25
EUVP_underwater_scenes,im_f923_.jpg,0.25,0.25,0.25,0.25
EUVP_underwater_scenes,im_f932_.jpg,0.25,0.25,0.25,0.25
EUVP_underwater_scenes,im_f934_.jpg,0.25,0.25,0.25,0.25
EUVP_underwater_scenes,im_f938_.jpg,0.25,0.25,0.25,0.25
EUVP_underwater_scenes,im_f941_.jpg,0.25,0.25,0.25,0.25
EUVP_underwater_scenes,im_f942_.jpg,0.25,0.25,0.25,0.25
EUVP_underwater_scenes,im_f944_.jpg,0.25,0.25,0.25,0.25
EUVP_underwater_scenes,im_f945_.jpg,0.25,0.25,0.25,0.25
EUVP_underwater_scenes,im_f946_.jpg,0.25,0.25,0.25,0.25
EUVP_underwater_scenes,im_f947_.jpg,0.25,0.25,0.25,0.25
EUVP_underwater_scenes,im_f948_.jpg,0.25,0.25,0.25,0.25
EUVP_underwater_scenes,im_f951_.jpg,0.25,0.25,0.25,0.25
EUVP_underwater_scenes,im_f952_.jpg,0.25,0.25,0.25,0.25
EUVP_underwater_scenes,im_f953_.jpg,0.25,0.25,0.25,0.25
EUVP_underwater_scenes,im_f958_.jpg,0.25,0.25,0.25,0.25
EUVP_underwater_scenes,im_f959_.jpg,0.25,0.25,0.25,0.25
EUVP_underwater_scenes,im_f95_.jpg,0.25,0.25,0.25,0.25
EUVP_underwater_scenes,im_f962_.jpg,0.25,0.25,0.25,0.25
EUVP_underwater_scenes,im_f963_.jpg,0.25,0.25,0.25,0.25
EUVP_underwater_scenes,im_f967_.jpg,0.25,0.25,0.25,0.25
EUVP_underwater_scenes,im_f968_.jpg,0.25,0.25,0.25,0.25
EUVP_underwater_scenes,im_f96_.jpg,0.25,0.25,0.25,0.25
EUVP_underwater_scenes,im_f974_.jpg,0.25,0.25,0.25,0.25
EUVP_underwater_scenes,im_f977_.jpg,0.25,0.25,0.25,0.25
EUVP_underwater_scenes,im_f979_.jpg,0.25,0.25,0.25,0.25
EUVP_underwater_scenes,im_f97_.jpg,0.25,0.25,0.25,0.25
EUVP_underwater_scenes,im_f991_.jpg,0.25,0.25,0.25,0.25
EUVP_underwater_scenes,im_f993_.jpg,0.25,0.25,0.25,0.25
EUVP_underwater_scenes,im_f994_.jpg,0.25,0.25,0.25,0.25
EUVP_underwater_scenes,im_f995_.jpg,0.25,0.25,0.25,0.25
EUVP_underwater_scenes,im_f996_.jpg,0.25,0.25,0.25,0.25
EUVP_underwater_scenes,im_f997_.jpg,0.25,0.25,0.25,0.25
EUVP_underwater_scenes,im_f999_.jpg,0.25,0.25,0.25,0.25
EUVP_underwater_scenes,im_f99_.jpg,0.25,0.25,0.25,0.25
EUVP_underwater_scenes,im_f9_.jpg,0.25,0.25,0.25,0.25
EUVP_underwater_scenes,im_u1005_.jpg,0.25,0.25,0.25,0.25
EUVP_underwater_scenes,im_u1006_.jpg,0.25,0.25,0.25,0.25
EUVP_underwater_scenes,im_u1008_.jpg,0.25,0.25,0.25,0.25
EUVP_underwater_scenes,im_u100_.jpg,0.25,0.25,0.25,0.25
EUVP_underwater_scenes,im_u1012_.jpg,0.25,0.25,0.25,0.25
EUVP_underwater_scenes,im_u1014_.jpg,0.25,0.25,0.25,0.25
EUVP_underwater_scenes,im_u1015_.jpg,0.25,0.25,0.25,0.25
EUVP_underwater_scenes,im_u1020_.jpg,0.25,0.25,0.25,0.25
EUVP_underwater_scenes,im_u1021_.jpg,0.25,0.25,0.25,0.25
EUVP_underwater_scenes,im_u1022_.jpg,0.25,0.25,0.25,0.25
EUVP_underwater_scenes,im_u1026_.jpg,0.25,0.25,0.25,0.25
EUVP_underwater_scenes,im_u1028_.jpg,0.25,0.25,0.25,0.25
EUVP_underwater_scenes,im_u1030_.jpg,0.25,0.25,0.25,0.25
EUVP_underwater_scenes,im_u1031_.jpg,0.25,0.25,0.25,0.25
EUVP_underwater_scenes,im_u1032_.jpg,0.25,0.25,0.25,0.25
EUVP_underwater_scenes,im_u1034_.jpg,0.25,0.25,0.25,0.25
EUVP_underwater_scenes,im_u1036_.jpg,0.25,0.25,0.25,0.25
EUVP_underwater_scenes,im_u1037_.jpg,0.25,0.25,0.25,0.25
EUVP_underwater_scenes,im_u1043_.jpg,0.25,0.25,0.25,0.25
EUVP_underwater_scenes,im_u1044_.jpg,0.25,0.25,0.25,0.25
EUVP_underwater_scenes,im_u1045_.jpg,0.25,0.25,0.25,0.25
EUVP_underwater_scenes,im_u1047_.jpg,0.25,0.25,0.25,0.25
EUVP_underwater_scenes,im_u1049_.jpg,0.25,0.25,0.25,0.25
EUVP_underwater_scenes,im_u104_.jpg,0.25,0.25,0.25,0.25
EUVP_underwater_scenes,im_u1050_.jpg,0.25,0.25,0.25,0.25
EUVP_underwater_scenes,im_u1052_.jpg,0.25,0.25,0.25,0.25
EUVP_underwater_scenes,im_u1054_.jpg,0.25,0.25,0.25,0.25
EUVP_underwater_scenes,im_u1055_.jpg,0.25,0.25,0.25,0.25
EUVP_underwater_scenes,im_u1058_.jpg,0.25,0.25,0.25,0.25
EUVP_underwater_scenes,im_u105_.jpg,0.25,0.25,0.25,0.25
EUVP_underwater_scenes,im_u1060_.jpg,0.25,0.25,0.25,0.25
EUVP_underwater_scenes,im_u1061_.jpg,0.25,0.25,0.25,0.25
EUVP_underwater_scenes,im_u1062_.jpg,0.25,0.25,0.25,0.25
EUVP_underwater_scenes,im_u1063_.jpg,0.25,0.25,0.25,0.25
EUVP_underwater_scenes,im_u1064_.jpg,0.25,0.25,0.25,0.25
EUVP_underwater_scenes,im_u1065_.jpg,0.25,0.25,0.25,0.25
EUVP_underwater_scenes,im_u1066_.jpg,0.25,0.25,0.25,0.25
EUVP_underwater_scenes,im_u1067_.jpg,0.25,0.25,0.25,0.25
EUVP_underwater_scenes,im_u1068_.jpg,0.25,0.25,0.25,0.25
EUVP_underwater_scenes,im_u1069_.jpg,0.25,0.25,0.25,0.25
EUVP_underwater_scenes,im_u106_.jpg,0.25,0.25,0.25,0.25
EUVP_underwater_scenes,im_u1071_.jpg,0.25,0.25,0.25,0.25
EUVP_underwater_scenes,im_u1072_.jpg,0.25,0.25,0.25,0.25
EUVP_underwater_scenes,im_u1073_.jpg,0.25,0.25,0.25,0.25
EUVP_underwater_scenes,im_u1074_.jpg,0.25,0.25,0.25,0.25
EUVP_underwater_scenes,im_u1075_.jpg,0.25,0.25,0.25,0.25
EUVP_underwater_scenes,im_u1076_.jpg,0.25,0.25,0.25,0.25
EUVP_underwater_scenes,im_u1077_.jpg,0.25,0.25,0.25,0.25
EUVP_underwater_scenes,im_u1080_.jpg,0.25,0.25,0.25,0.25
EUVP_underwater_scenes,im_u108_.jpg,0.25,0.25,0.25,0.25
EUVP_underwater_scenes,im_u1090_.jpg,0.25,0.25,0.25,0.25
EUVP_underwater_scenes,im_u1091_.jpg,0.25,0.25,0.25,0.25
EUVP_underwater_scenes,im_u1092_.jpg,0.25,0.25,0.25,0.25
EUVP_underwater_scenes,im_u1094_.jpg,0.25,0.25,0.25,0.25
EUVP_underwater_scenes,im_u1099_.jpg,0.25,0.25,0.25,0.25
EUVP_underwater_scenes,im_u109_.jpg,0.25,0.25,0.25,0.25
EUVP_underwater_scenes,im_u10_.jpg,0.25,0.25,0.25,0.25
EUVP_underwater_scenes,im_u1101_.jpg,0.25,0.25,0.25,0.25
EUVP_underwater_scenes,im_u1102_.jpg,0.25,0.25,0.25,0.25
EUVP_underwater_scenes,im_u1106_.jpg,0.25,0.25,0.25,0.25
EUVP_underwater_scenes,im_u1108_.jpg,0.25,0.25,0.25,0.25
EUVP_underwater_scenes,im_u1109_.jpg,0.25,0.25,0.25,0.25
EUVP_underwater_scenes,im_u1113_.jpg,0.25,0.25,0.25,0.25
EUVP_underwater_scenes,im_u1116_.jpg,0.25,0.25,0.25,0.25
EUVP_underwater_scenes,im_u1117_.jpg,0.25,0.25,0.25,0.25
EUVP_underwater_scenes,im_u1118_.jpg,0.25,0.25,0.25,0.25
EUVP_underwater_scenes,im_u1121_.jpg,0.25,0.25,0.25,0.25
EUVP_underwater_scenes,im_u1122_.jpg,0.25,0.25,0.25,0.25
EUVP_underwater_scenes,im_u1123_.jpg,0.25,0.25,0.25,0.25
EUVP_underwater_scenes,im_u1124_.jpg,0.25,0.25,0.25,0.25
EUVP_underwater_scenes,im_u1125_.jpg,0.25,0.25,0.25,0.25
EUVP_underwater_scenes,im_u1127_.jpg,0.25,0.25,0.25,0.25
EUVP_underwater_scenes,im_u1129_.jpg,0.25,0.25,0.25,0.25
EUVP_underwater_scenes,im_u1130_.jpg,0.25,0.25,0.25,0.25
EUVP_underwater_scenes,im_u1133_.jpg,0.25,0.25,0.25,0.25
EUVP_underwater_scenes,im_u1134_.jpg,0.25,0.25,0.25,0.25
EUVP_underwater_scenes,im_u1137_.jpg,0.25,0.25,0.25,0.25
EUVP_underwater_scenes,im_u1138_.jpg,0.25,0.25,0.25,0.25
EUVP_underwater_scenes,im_u1139_.jpg,0.25,0.25,0.25,0.25
EUVP_underwater_scenes,im_u1141_.jpg,0.25,0.25,0.25,0.25
EUVP_underwater_scenes,im_u1148_.jpg,0.25,0.25,0.25,0.25
EUVP_underwater_scenes,im_u1149_.jpg,0.25,0.25,0.25,0.25
EUVP_underwater_scenes,im_u114_.jpg,0.25,0.25,0.25,0.25
EUVP_underwater_scenes,im_u1150_.jpg,0.25,0.25,0.25,0.25
EUVP_underwater_scenes,im_u1151_.jpg,0.25,0.25,0.25,0.25
EUVP_underwater_scenes,im_u1152_.jpg,0.25,0.25,0.25,0.25
EUVP_underwater_scenes,im_u1153_.jpg,0.25,0.25,0.25,0.25
EUVP_underwater_scenes,im_u1155_.jpg,0.25,0.25,0.25,0.25
EUVP_underwater_scenes,im_u1156_.jpg,0.25,0.25,0.25,0.25
EUVP_underwater_scenes,im_u1158_.jpg,0.25,0.25,0.25,0.25
EUVP_underwater_scenes,im_u1159_.jpg,0.25,0.25,0.25,0.25
EUVP_underwater_scenes,im_u115_.jpg,0.25,0.25,0.25,0.25
EUVP_underwater_scenes,im_u1160_.jpg,0.25,0.25,0.25,0.25
EUVP_underwater_scenes,im_u1161_.jpg,0.25,0.25,0.25,0.25
EUVP_underwater_scenes,im_u1162_.jpg,0.25,0.25,0.25,0.25
EUVP_underwater_scenes,im_u1164_.jpg,0.25,0.25,0.25,0.25
EUVP_underwater_scenes,im_u1165_.jpg,0.25,0.25,0.25,0.25
EUVP_underwater_scenes,im_u1166_.jpg,0.25,0.25,0.25,0.25
EUVP_underwater_scenes,im_u1167_.jpg,0.25,0.25,0.25,0.25
EUVP_underwater_scenes,im_u1168_.jpg,0.25,0.25,0.25,0.25
EUVP_underwater_scenes,im_u1169_.jpg,0.25,0.25,0.25,0.25
EUVP_underwater_scenes,im_u116_.jpg,0.25,0.25,0.25,0.25
EUVP_underwater_scenes,im_u1171_.jpg,0.25,0.25,0.25,0.25
EUVP_underwater_scenes,im_u1172_.jpg,0.25,0.25,0.25,0.25
EUVP_underwater_scenes,im_u1174_.jpg,0.25,0.25,0.25,0.25
EUVP_underwater_scenes,im_u1176_.jpg,0.25,0.25,0.25,0.25
EUVP_underwater_scenes,im_u1178_.jpg,0.25,0.25,0.25,0.25
EUVP_underwater_scenes,im_u1179_.jpg,0.25,0.25,0.25,0.25
EUVP_underwater_scenes,im_u1181_.jpg,0.25,0.25,0.25,0.25
EUVP_underwater_scenes,im_u1183_.jpg,0.25,0.25,0.25,0.25
EUVP_underwater_scenes,im_u1185_.jpg,0.25,0.25,0.25,0.25
EUVP_underwater_scenes,im_u1187_.jpg,0.25,0.25,0.25,0.25
EUVP_underwater_scenes,im_u1193_.jpg,0.25,0.25,0.25,0.25
EUVP_underwater_scenes,im_u1196_.jpg,0.25,0.25,0.25,0.25
EUVP_underwater_scenes,im_u1199_.jpg,0.25,0.25,0.25,0.25
EUVP_underwater_scenes,im_u119_.jpg,0.25,0.25,0.25,0.25
EUVP_underwater_scenes,im_u1203_.jpg,0.25,0.25,0.25,0.25
EUVP_underwater_scenes,im_u1204_.jpg,0.25,0.25,0.25,0.25
EUVP_underwater_scenes,im_u1205_.jpg,0.25,0.25,0.25,0.25
EUVP_underwater_scenes,im_u1206_.jpg,0.25,0.25,0.25,0.25
EUVP_underwater_scenes,im_u1207_.jpg,0.25,0.25,0.25,0.25
EUVP_underwater_scenes,im_u1208_.jpg,0.25,0.25,0.25,0.25
EUVP_underwater_scenes,im_u1210_.jpg,0.25,0.25,0.25,0.25
EUVP_underwater_scenes,im_u1211_.jpg,0.25,0.25,0.25,0.25
EUVP_underwater_scenes,im_u1212_.jpg,0.25,0.25,0.25,0.25
EUVP_underwater_scenes,im_u1214_.jpg,0.25,0.25,0.25,0.25
EUVP_underwater_scenes,im_u1215_.jpg,0.25,0.25,0.25,0.25
EUVP_underwater_scenes,im_u1219_.jpg,0.25,0.25,0.25,0.25
EUVP_underwater_scenes,im_u121_.jpg,0.25,0.25,0.25,0.25
EUVP_underwater_scenes,im_u1220_.jpg,0.25,0.25,0.25,0.25
EUVP_underwater_scenes,im_u1221_.jpg,0.25,0.25,0.25,0.25
EUVP_underwater_scenes,im_u1224_.jpg,0.25,0.25,0.25,0.25
EUVP_underwater_scenes,im_u1226_.jpg,0.25,0.25,0.25,0.25
EUVP_underwater_scenes,im_u1228_.jpg,0.25,0.25,0.25,0.25
EUVP_underwater_scenes,im_u122_.jpg,0.25,0.25,0.25,0.25
EUVP_underwater_scenes,im_u1231_.jpg,0.25,0.25,0.25,0.25
EUVP_underwater_scenes,im_u1232_.jpg,0.25,0.25,0.25,0.25
EUVP_underwater_scenes,im_u1235_.jpg,0.25,0.25,0.25,0.25
EUVP_underwater_scenes,im_u1237_.jpg,0.25,0.25,0.25,0.25
EUVP_underwater_scenes,im_u1239_.jpg,0.25,0.25,0.25,0.25
EUVP_underwater_scenes,im_u123_.jpg,0.25,0.25,0.25,0.25
EUVP_underwater_scenes,im_u1243_.jpg,0.25,0.25,0.25,0.25
EUVP_underwater_scenes,im_u1246_.jpg,0.25,0.25,0.25,0.25
EUVP_underwater_scenes,im_u1247_.jpg,0.25,0.25,0.25,0.25
EUVP_underwater_scenes,im_u1248_.jpg,0.25,0.25,0.25,0.25
EUVP_underwater_scenes,im_u1250_.jpg,0.25,0.25,0.25,0.25
EUVP_underwater_scenes,im_u1252_.jpg,0.25,0.25,0.25,0.25
EUVP_underwater_scenes,im_u1254_.jpg,0.25,0.25,0.25,0.25
EUVP_underwater_scenes,im_u1255_.jpg,0.25,0.25,0.25,0.25
EUVP_underwater_scenes,im_u1257_.jpg,0.25,0.25,0.25,0.25
EUVP_underwater_scenes,im_u125_.jpg,0.25,0.25,0.25,0.25
EUVP_underwater_scenes,im_u1260_.jpg,0.25,0.25,0.25,0.25
EUVP_underwater_scenes,im_u1261_.jpg,0.25,0.25,0.25,0.25
EUVP_underwater_scenes,im_u1264_.jpg,0.25,0.25,0.25,0.25
EUVP_underwater_scenes,im_u1265_.jpg,0.25,0.25,0.25,0.25
EUVP_underwater_scenes,im_u1266_.jpg,0.25,0.25,0.25,0.25
EUVP_underwater_scenes,im_u126_.jpg,0.25,0.25,0.25,0.25
EUVP_underwater_scenes,im_u1274_.jpg,0.25,0.25,0.25,0.25
EUVP_underwater_scenes,im_u1275_.jpg,0.25,0.25,0.25,0.25
EUVP_underwater_scenes,im_u1276_.jpg,0.25,0.25,0.25,0.25
EUVP_underwater_scenes,im_u1278_.jpg,0.25,0.25,0.25,0.25
EUVP_underwater_scenes,im_u1279_.jpg,0.25,0.25,0.25,0.25
EUVP_underwater_scenes,im_u127_.jpg,0.25,0.25,0.25,0.25
EUVP_underwater_scenes,im_u1280_.jpg,0.25,0.25,0.25,0.25
EUVP_underwater_scenes,im_u1281_.jpg,0.25,0.25,0.25,0.25
EUVP_underwater_scenes,im_u1282_.jpg,0.25,0.25,0.25,0.25
EUVP_underwater_scenes,im_u1283_.jpg,0.25,0.25,0.25,0.25
EUVP_underwater_scenes,im_u1284_.jpg,0.25,0.25,0.25,0.25
EUVP_underwater_scenes,im_u1285_.jpg,0.25,0.25,0.25,0.25
EUVP_underwater_scenes,im_u1286_.jpg,0.25,0.25,0.25,0.25
EUVP_underwater_scenes,im_u1290_.jpg,0.25,0.25,0.25,0.25
EUVP_underwater_scenes,im_u1294_.jpg,0.25,0.25,0.25,0.25
EUVP_underwater_scenes,im_u1295_.jpg,0.25,0.25,0.25,0.25
EUVP_underwater_scenes,im_u1297_.jpg,0.25,0.25,0.25,0.25
EUVP_underwater_scenes,im_u1298_.jpg,0.25,0.25,0.25,0.25
EUVP_underwater_scenes,im_u129_.jpg,0.25,0.25,0.25,0.25
EUVP_underwater_scenes,im_u12_.jpg,0.25,0.25,0.25,0.25
EUVP_underwater_scenes,im_u1300_.jpg,0.25,0.25,0.25,0.25
EUVP_underwater_scenes,im_u1302_.jpg,0.25,0.25,0.25,0.25
EUVP_underwater_scenes,im_u1305_.jpg,0.25,0.25,0.25,0.25
EUVP_underwater_scenes,im_u1309_.jpg,0.25,0.25,0.25,0.25
EUVP_underwater_scenes,im_u1314_.jpg,0.25,0.25,0.25,0.25
EUVP_underwater_scenes,im_u1316_.jpg,0.25,0.25,0.25,0.25
EUVP_underwater_scenes,im_u1319_.jpg,0.25,0.25,0.25,0.25
EUVP_underwater_scenes,im_u131_.jpg,0.25,0.25,0.25,0.25
EUVP_underwater_scenes,im_u1320_.jpg,0.25,0.25,0.25,0.25
EUVP_underwater_scenes,im_u1324_.jpg,0.25,0.25,0.25,0.25
EUVP_underwater_scenes,im_u1326_.jpg,0.25,0.25,0.25,0.25
EUVP_underwater_scenes,im_u1328_.jpg,0.25,0.25,0.25,0.25
EUVP_underwater_scenes,im_u132_.jpg,0.25,0.25,0.25,0.25
EUVP_underwater_scenes,im_u1333_.jpg,0.25,0.25,0.25,0.25
EUVP_underwater_scenes,im_u1335_.jpg,0.25,0.25,0.25,0.25
EUVP_underwater_scenes,im_u1337_.jpg,0.25,0.25,0.25,0.25
EUVP_underwater_scenes,im_u1340_.jpg,0.25,0.25,0.25,0.25
EUVP_underwater_scenes,im_u1341_.jpg,0.25,0.25,0.25,0.25
EUVP_underwater_scenes,im_u1342_.jpg,0.25,0.25,0.25,0.25
EUVP_underwater_scenes,im_u1344_.jpg,0.25,0.25,0.25,0.25
EUVP_underwater_scenes,im_u1347_.jpg,0.25,0.25,0.25,0.25
EUVP_underwater_scenes,im_u1348_.jpg,0.25,0.25,0.25,0.25
EUVP_underwater_scenes,im_u134_.jpg,0.25,0.25,0.25,0.25
EUVP_underwater_scenes,im_u135_.jpg,0.25,0.25,0.25,0.25
EUVP_underwater_scenes,im_u1366_.jpg,0.25,0.25,0.25,0.25
EUVP_underwater_scenes,im_u1367_.jpg,0.25,0.25,0.25,0.25
EUVP_underwater_scenes,im_u1370_.jpg,0.25,0.25,0.25,0.25
EUVP_underwater_scenes,im_u1376_.jpg,0.25,0.25,0.25,0.25
EUVP_underwater_scenes,im_u1379_.jpg,0.25,0.25,0.25,0.25
EUVP_underwater_scenes,im_u1380_.jpg,0.25,0.25,0.25,0.25
EUVP_underwater_scenes,im_u1382_.jpg,0.25,0.25,0.25,0.25
EUVP_underwater_scenes,im_u1384_.jpg,0.25,0.25,0.25,0.25
EUVP_underwater_scenes,im_u1385_.jpg,0.25,0.25,0.25,0.25
EUVP_underwater_scenes,im_u1388_.jpg,0.25,0.25,0.25,0.25
EUVP_underwater_scenes,im_u1389_.jpg,0.25,0.25,0.25,0.25
EUVP_underwater_scenes,im_u138_.jpg,0.25,0.25,0.25,0.25
EUVP_underwater_scenes,im_u1390_.jpg,0.25,0.25,0.25,0.25
EUVP_underwater_scenes,im_u1391_.jpg,0.25,0.25,0.25,0.25
EUVP_underwater_scenes,im_u1394_.jpg,0.25,0.25,0.25,0.25
EUVP_underwater_scenes,im_u1395_.jpg,0.25,0.25,0.25,0.25
EUVP_underwater_scenes,im_u1397_.jpg,0.25,0.25,0.25,0.25
EUVP_underwater_scenes,im_u1399_.jpg,0.25,0.25,0.25,0.25
EUVP_underwater_scenes,im_u13_.jpg,0.25,0.25,0.25,0.25
EUVP_underwater_scenes,im_u1400_.jpg,0.25,0.25,0.25,0.25
EUVP_underwater_scenes,im_u1401_.jpg,0.25,0.25,0.25,0.25
EUVP_underwater_scenes,im_u1402_.jpg,0.25,0.25,0.25,0.25
EUVP_underwater_scenes,im_u1405_.jpg,0.25,0.25,0.25,0.25
EUVP_underwater_scenes,im_u1406_.jpg,0.25,0.25,0.25,0.25
EUVP_underwater_scenes,im_u1407_.jpg,0.25,0.25,0.25,0.25
EUVP_underwater_scenes,im_u1414_.jpg,0.25,0.25,0.25,0.25
EUVP_underwater_scenes,im_u1415_.jpg,0.25,0.25,0.25,0.25
EUVP_underwater_scenes,im_u1416_.jpg,0.25,0.25,0.25,0.25
EUVP_underwater_scenes,im_u1417_.jpg,0.25,0.25,0.25,0.25
EUVP_underwater_scenes,im_u1418_.jpg,0.25,0.25,0.25,0.25
EUVP_underwater_scenes,im_u1419_.jpg,0.25,0.25,0.25,0.25
EUVP_underwater_scenes,im_u141_.jpg,0.25,0.25,0.25,0.25
EUVP_underwater_scenes,im_u1422_.jpg,0.25,0.25,0.25,0.25
EUVP_underwater_scenes,im_u1423_.jpg,0.25,0.25,0.25,0.25
EUVP_underwater_scenes,im_u1424_.jpg,0.25,0.25,0.25,0.25
EUVP_underwater_scenes,im_u1427_.jpg,0.25,0.25,0.25,0.25
EUVP_underwater_scenes,im_u1429_.jpg,0.25,0.25,0.25,0.25
EUVP_underwater_scenes,im_u1431_.jpg,0.25,0.25,0.25,0.25
EUVP_underwater_scenes,im_u1432_.jpg,0.25,0.25,0.25,0.25
EUVP_underwater_scenes,im_u1436_.jpg,0.25,0.25,0.25,0.25
EUVP_underwater_scenes,im_u1437_.jpg,0.25,0.25,0.25,0.25
EUVP_underwater_scenes,im_u1438_.jpg,0.25,0.25,0.25,0.25
EUVP_underwater_scenes,im_u1439_.jpg,0.25,0.25,0.25,0.25
EUVP_underwater_scenes,im_u1443_.jpg,0.25,0.25,0.25,0.25
EUVP_underwater_scenes,im_u1444_.jpg,0.25,0.25,0.25,0.25
EUVP_underwater_scenes,im_u1448_.jpg,0.25,0.25,0.25,0.25
EUVP_underwater_scenes,im_u144_.jpg,0.25,0.25,0.25,0.25
EUVP_underwater_scenes,im_u1450_.jpg,0.25,0.25,0.25,0.25
EUVP_underwater_scenes,im_u1451_.jpg,0.25,0.25,0.25,0.25
EUVP_underwater_scenes,im_u1452_.jpg,0.25,0.25,0.25,0.25
EUVP_underwater_scenes,im_u1455_.jpg,0.25,0.25,0.25,0.25
EUVP_underwater_scenes,im_u1456_.jpg,0.25,0.25,0.25,0.25
EUVP_underwater_scenes,im_u1457_.jpg,0.25,0.25,0.25,0.25
EUVP_underwater_scenes,im_u1463_.jpg,0.25,0.25,0.25,0.25
EUVP_underwater_scenes,im_u1464_.jpg,0.25,0.25,0.25,0.25
EUVP_underwater_scenes,im_u1465_.jpg,0.25,0.25,0.25,0.25
EUVP_underwater_scenes,im_u1467_.jpg,0.25,0.25,0.25,0.25
EUVP_underwater_scenes,im_u1469_.jpg,0.25,0.25,0.25,0.25
EUVP_underwater_scenes,im_u146_.jpg,0.25,0.25,0.25,0.25
EUVP_underwater_scenes,im_u1470_.jpg,0.25,0.25,0.25,0.25
EUVP_underwater_scenes,im_u1473_.jpg,0.25,0.25,0.25,0.25
EUVP_underwater_scenes,im_u1477_.jpg,0.25,0.25,0.25,0.25
EUVP_underwater_scenes,im_u1478_.jpg,0.25,0.25,0.25,0.25
EUVP_underwater_scenes,im_u1479_.jpg,0.25,0.25,0.25,0.25
EUVP_underwater_scenes,im_u147_.jpg,0.25,0.25,0.25,0.25
EUVP_underwater_scenes,im_u1480_.jpg,0.25,0.25,0.25,0.25
EUVP_underwater_scenes,im_u1481_.jpg,0.25,0.25,0.25,0.25
EUVP_underwater_scenes,im_u1482_.jpg,0.25,0.25,0.25,0.25
EUVP_underwater_scenes,im_u1483_.jpg,0.25,0.25,0.25,0.25
EUVP_underwater_scenes,im_u1485_.jpg,0.25,0.25,0.25,0.25
EUVP_underwater_scenes,im_u1486_.jpg,0.25,0.25,0.25,0.25
EUVP_underwater_scenes,im_u1488_.jpg,0.25,0.25,0.25,0.25
EUVP_underwater_scenes,im_u1489_.jpg,0.25,0.25,0.25,0.25
EUVP_underwater_scenes,im_u1490_.jpg,0.25,0.25,0.25,0.25
EUVP_underwater_scenes,im_u1492_.jpg,0.25,0.25,0.25,0.25
EUVP_underwater_scenes,im_u1493_.jpg,0.25,0.25,0.25,0.25
EUVP_underwater_scenes,im_u1494_.jpg,0.25,0.25,0.25,0.25
EUVP_underwater_scenes,im_u1495_.jpg,0.25,0.25,0.25,0.25
EUVP_underwater_scenes,im_u1497_.jpg,0.25,0.25,0.25,0.25
EUVP_underwater_scenes,im_u149_.jpg,0.25,0.25,0.25,0.25
EUVP_underwater_scenes,im_u14_.jpg,0.25,0.25,0.25,0.25
EUVP_underwater_scenes,im_u1501_.jpg,0.25,0.25,0.25,0.25
EUVP_underwater_scenes,im_u1505_.jpg,0.25,0.25,0.25,0.25
EUVP_underwater_scenes,im_u1507_.jpg,0.25,0.25,0.25,0.25
EUVP_underwater_scenes,im_u1508_.jpg,0.25,0.25,0.25,0.25
EUVP_underwater_scenes,im_u150_.jpg,0.25,0.25,0.25,0.25
EUVP_underwater_scenes,im_u1511_.jpg,0.25,0.25,0.25,0.25
EUVP_underwater_scenes,im_u1512_.jpg,0.25,0.25,0.25,0.25
EUVP_underwater_scenes,im_u1513_.jpg,0.25,0.25,0.25,0.25
EUVP_underwater_scenes,im_u1514_.jpg,0.25,0.25,0.25,0.25
EUVP_underwater_scenes,im_u1515_.jpg,0.25,0.25,0.25,0.25
EUVP_underwater_scenes,im_u1516_.jpg,0.25,0.25,0.25,0.25
EUVP_underwater_scenes,im_u1517_.jpg,0.25,0.25,0.25,0.25
EUVP_underwater_scenes,im_u1518_.jpg,0.25,0.25,0.25,0.25
EUVP_underwater_scenes,im_u1519_.jpg,0.25,0.25,0.25,0.25
EUVP_underwater_scenes,im_u151_.jpg,0.25,0.25,0.25,0.25
EUVP_underwater_scenes,im_u1521_.jpg,0.25,0.25,0.25,0.25
EUVP_underwater_scenes,im_u1524_.jpg,0.25,0.25,0.25,0.25
EUVP_underwater_scenes,im_u1525_.jpg,0.25,0.25,0.25,0.25
EUVP_underwater_scenes,im_u1526_.jpg,0.25,0.25,0.25,0.25
EUVP_underwater_scenes,im_u152_.jpg,0.25,0.25,0.25,0.25
EUVP_underwater_scenes,im_u1530_.jpg,0.25,0.25,0.25,0.25
EUVP_underwater_scenes,im_u1533_.jpg,0.25,0.25,0.25,0.25
EUVP_underwater_scenes,im_u1534_.jpg,0.25,0.25,0.25,0.25
EUVP_underwater_scenes,im_u1536_.jpg,0.25,0.25,0.25,0.25
EUVP_underwater_scenes,im_u1537_.jpg,0.25,0.25,0.25,0.25
EUVP_underwater_scenes,im_u1539_.jpg,0.25,0.25,0.25,0.25
EUVP_underwater_scenes,im_u153_.jpg,0.25,0.25,0.25,0.25
EUVP_underwater_scenes,im_u1542_.jpg,0.25,0.25,0.25,0.25
EUVP_underwater_scenes,im_u1543_.jpg,0.25,0.25,0.25,0.25
EUVP_underwater_scenes,im_u1544_.jpg,0.25,0.25,0.25,0.25
EUVP_underwater_scenes,im_u1545_.jpg,0.25,0.25,0.25,0.25
EUVP_underwater_scenes,im_u1548_.jpg,0.25,0.25,0.25,0.25
EUVP_underwater_scenes,im_u1549_.jpg,0.25,0.25,0.25,0.25
EUVP_underwater_scenes,im_u154_.jpg,0.25,0.25,0.25,0.25
EUVP_underwater_scenes,im_u1551_.jpg,0.25,0.25,0.25,0.25
EUVP_underwater_scenes,im_u1552_.jpg,0.25,0.25,0.25,0.25
EUVP_underwater_scenes,im_u1553_.jpg,0.25,0.25,0.25,0.25
EUVP_underwater_scenes,im_u1554_.jpg,0.25,0.25,0.25,0.25
EUVP_underwater_scenes,im_u1555_.jpg,0.25,0.25,0.25,0.25
EUVP_underwater_scenes,im_u1557_.jpg,0.25,0.25,0.25,0.25
EUVP_underwater_scenes,im_u1559_.jpg,0.25,0.25,0.25,0.25
EUVP_underwater_scenes,im_u1561_.jpg,0.25,0.25,0.25,0.25
EUVP_underwater_scenes,im_u1562_.jpg,0.25,0.25,0.25,0.25
EUVP_underwater_scenes,im_u1563_.jpg,0.25,0.25,0.25,0.25
EUVP_underwater_scenes,im_u1564_.jpg,0.25,0.25,0.25,0.25
EUVP_underwater_scenes,im_u1566_.jpg,0.25,0.25,0.25,0.25
EUVP_underwater_scenes,im_u1569_.jpg,0.25,0.25,0.25,0.25
EUVP_underwater_scenes,im_u1570_.jpg,0.25,0.25,0.25,0.25
EUVP_underwater_scenes,im_u1571_.jpg,0.25,0.25,0.25,0.25
EUVP_underwater_scenes,im_u1574_.jpg,0.25,0.25,0.25,0.25
EUVP_underwater_scenes,im_u1575_.jpg,0.25,0.25,0.25,0.25
EUVP_underwater_scenes,im_u1576_.jpg,0.25,0.25,0.25,0.25
EUVP_underwater_scenes,im_u1577_.jpg,0.25,0.25,0.25,0.25
EUVP_underwater_scenes,im_u1578_.jpg,0.25,0.25,0.25,0.25
EUVP_underwater_scenes,im_u1579_.jpg,0.25,0.25,0.25,0.25
EUVP_underwater_scenes,im_u1580_.jpg,0.25,0.25,0.25,0.25
EUVP_underwater_scenes,im_u1582_.jpg,0.25,0.25,0.25,0.25
EUVP_underwater_scenes,im_u1583_.jpg,0.25,0.25,0.25,0.25
EUVP_underwater_scenes,im_u1584_.jpg,0.25,0.25,0.25,0.25
EUVP_underwater_scenes,im_u1585_.jpg,0.25,0.25,0.25,0.25
EUVP_underwater_scenes,im_u1586_.jpg,0.25,0.25,0.25,0.25
EUVP_underwater_scenes,im_u1590_.jpg,0.25,0.25,0.25,0.25
EUVP_underwater_scenes,im_u1591_.jpg,0.25,0.25,0.25,0.25
EUVP_underwater_scenes,im_u1593_.jpg,0.25,0.25,0.25,0.25
EUVP_underwater_scenes,im_u1599_.jpg,0.25,0.25,0.25,0.25
EUVP_underwater_scenes,im_u15_.jpg,0.25,0.25,0.25,0.25
EUVP_underwater_scenes,im_u1600_.jpg,0.25,0.25,0.25,0.25
EUVP_underwater_scenes,im_u1601_.jpg,0.25,0.25,0.25,0.25
EUVP_underwater_scenes,im_u1602_.jpg,0.25,0.25,0.25,0.25
EUVP_underwater_scenes,im_u1603_.jpg,0.25,0.25,0.25,0.25
EUVP_underwater_scenes,im_u1604_.jpg,0.25,0.25,0.25,0.25
EUVP_underwater_scenes,im_u1606_.jpg,0.25,0.25,0.25,0.25
EUVP_underwater_scenes,im_u1608_.jpg,0.25,0.25,0.25,0.25
EUVP_underwater_scenes,im_u1609_.jpg,0.25,0.25,0.25,0.25
EUVP_underwater_scenes,im_u1614_.jpg,0.25,0.25,0.25,0.25
EUVP_underwater_scenes,im_u1615_.jpg,0.25,0.25,0.25,0.25
EUVP_underwater_scenes,im_u1617_.jpg,0.25,0.25,0.25,0.25
EUVP_underwater_scenes,im_u1619_.jpg,0.25,0.25,0.25,0.25
EUVP_underwater_scenes,im_u1621_.jpg,0.25,0.25,0.25,0.25
EUVP_underwater_scenes,im_u1623_.jpg,0.25,0.25,0.25,0.25
EUVP_underwater_scenes,im_u1625_.jpg,0.25,0.25,0.25,0.25
EUVP_underwater_scenes,im_u1626_.jpg,0.25,0.25,0.25,0.25
EUVP_underwater_scenes,im_u1628_.jpg,0.25,0.25,0.25,0.25
EUVP_underwater_scenes,im_u162_.jpg,0.25,0.25,0.25,0.25
EUVP_underwater_scenes,im_u1631_.jpg,0.25,0.25,0.25,0.25
EUVP_underwater_scenes,im_u1632_.jpg,0.25,0.25,0.25,0.25
EUVP_underwater_scenes,im_u1633_.jpg,0.25,0.25,0.25,0.25
EUVP_underwater_scenes,im_u1634_.jpg,0.25,0.25,0.25,0.25
EUVP_underwater_scenes,im_u1639_.jpg,0.25,0.25,0.25,0.25
EUVP_underwater_scenes,im_u163_.jpg,0.25,0.25,0.25,0.25
EUVP_underwater_scenes,im_u1640_.jpg,0.25,0.25,0.25,0.25
EUVP_underwater_scenes,im_u1641_.jpg,0.25,0.25,0.25,0.25
EUVP_underwater_scenes,im_u1644_.jpg,0.25,0.25,0.25,0.25
EUVP_underwater_scenes,im_u1645_.jpg,0.25,0.25,0.25,0.25
EUVP_underwater_scenes,im_u1646_.jpg,0.25,0.25,0.25,0.25
EUVP_underwater_scenes,im_u1647_.jpg,0.25,0.25,0.25,0.25
EUVP_underwater_scenes,im_u1648_.jpg,0.25,0.25,0.25,0.25
EUVP_underwater_scenes,im_u164_.jpg,0.25,0.25,0.25,0.25
EUVP_underwater_scenes,im_u1650_.jpg,0.25,0.25,0.25,0.25
EUVP_underwater_scenes,im_u1653_.jpg,0.25,0.25,0.25,0.25
EUVP_underwater_scenes,im_u1654_.jpg,0.25,0.25,0.25,0.25
EUVP_underwater_scenes,im_u1658_.jpg,0.25,0.25,0.25,0.25
EUVP_underwater_scenes,im_u1659_.jpg,0.25,0.25,0.25,0.25
EUVP_underwater_scenes,im_u1660_.jpg,0.25,0.25,0.25,0.25
EUVP_underwater_scenes,im_u1662_.jpg,0.25,0.25,0.25,0.25
EUVP_underwater_scenes,im_u1663_.jpg,0.25,0.25,0.25,0.25
EUVP_underwater_scenes,im_u1664_.jpg,0.25,0.25,0.25,0.25
EUVP_underwater_scenes,im_u1665_.jpg,0.25,0.25,0.25,0.25
EUVP_underwater_scenes,im_u1666_.jpg,0.25,0.25,0.25,0.25
EUVP_underwater_scenes,im_u1667_.jpg,0.25,0.25,0.25,0.25
EUVP_underwater_scenes,im_u1669_.jpg,0.25,0.25,0.25,0.25
EUVP_underwater_scenes,im_u1670_.jpg,0.25,0.25,0.25,0.25
EUVP_underwater_scenes,im_u1673_.jpg,0.25,0.25,0.25,0.25
EUVP_underwater_scenes,im_u1674_.jpg,0.25,0.25,0.25,0.25
EUVP_underwater_scenes,im_u1675_.jpg,0.25,0.25,0.25,0.25
EUVP_underwater_scenes,im_u1676_.jpg,0.25,0.25,0.25,0.25
EUVP_underwater_scenes,im_u1677_.jpg,0.25,0.25,0.25,0.25
EUVP_underwater_scenes,im_u1678_.jpg,0.25,0.25,0.25,0.25
EUVP_underwater_scenes,im_u1679_.jpg,0.25,0.25,0.25,0.25
EUVP_underwater_scenes,im_u1682_.jpg,0.25,0.25,0.25,0.25
EUVP_underwater_scenes,im_u1683_.jpg,0.25,0.25,0.25,0.25
EUVP_underwater_scenes,im_u1686_.jpg,0.25,0.25,0.25,0.25
EUVP_underwater_scenes,im_u1689_.jpg,0.25,0.25,0.25,0.25
EUVP_underwater_scenes,im_u1691_.jpg,0.25,0.25,0.25,0.25
EUVP_underwater_scenes,im_u1692_.jpg,0.25,0.25,0.25,0.25
EUVP_underwater_scenes,im_u1693_.jpg,0.25,0.25,0.25,0.25
EUVP_underwater_scenes,im_u1694_.jpg,0.25,0.25,0.25,0.25
EUVP_underwater_scenes,im_u1696_.jpg,0.25,0.25,0.25,0.25
EUVP_underwater_scenes,im_u169_.jpg,0.25,0.25,0.25,0.25
EUVP_underwater_scenes,im_u1700_.jpg,0.25,0.25,0.25,0.25
EUVP_underwater_scenes,im_u1701_.jpg,0.25,0.25,0.25,0.25
EUVP_underwater_scenes,im_u1702_.jpg,0.25,0.25,0.25,0.25
EUVP_underwater_scenes,im_u1703_.jpg,0.25,0.25,0.25,0.25
EUVP_underwater_scenes,im_u1705_.jpg,0.25,0.25,0.25,0.25
EUVP_underwater_scenes,im_u1706_.jpg,0.25,0.25,0.25,0.25
EUVP_underwater_scenes,im_u1709_.jpg,0.25,0.25,0.25,0.25
EUVP_underwater_scenes,im_u1712_.jpg,0.25,0.25,0.25,0.25
EUVP_underwater_scenes,im_u1716_.jpg,0.25,0.25,0.25,0.25
EUVP_underwater_scenes,im_u1717_.jpg,0.25,0.25,0.25,0.25
EUVP_underwater_scenes,im_u1718_.jpg,0.25,0.25,0.25,0.25
EUVP_underwater_scenes,im_u171_.jpg,0.25,0.25,0.25,0.25
EUVP_underwater_scenes,im_u1720_.jpg,0.25,0.25,0.25,0.25
EUVP_underwater_scenes,im_u1724_.jpg,0.25,0.25,0.25,0.25
EUVP_underwater_scenes,im_u1726_.jpg,0.25,0.25,0.25,0.25
EUVP_underwater_scenes,im_u1727_.jpg,0.25,0.25,0.25,0.25
EUVP_underwater_scenes,im_u1728_.jpg,0.25,0.25,0.25,0.25
EUVP_underwater_scenes,im_u1733_.jpg,0.25,0.25,0.25,0.25
EUVP_underwater_scenes,im_u1734_.jpg,0.25,0.25,0.25,0.25
EUVP_underwater_scenes,im_u1739_.jpg,0.25,0.25,0.25,0.25
EUVP_underwater_scenes,im_u173_.jpg,0.25,0.25,0.25,0.25
EUVP_underwater_scenes,im_u1740_.jpg,0.25,0.25,0.25,0.25
EUVP_underwater_scenes,im_u1741_.jpg,0.25,0.25,0.25,0.25
EUVP_underwater_scenes,im_u1745_.jpg,0.25,0.25,0.25,0.25
EUVP_underwater_scenes,im_u1746_.jpg,0.25,0.25,0.25,0.25
EUVP_underwater_scenes,im_u1747_.jpg,0.25,0.25,0.25,0.25
EUVP_underwater_scenes,im_u1748_.jpg,0.25,0.25,0.25,0.25
EUVP_underwater_scenes,im_u1749_.jpg,0.25,0.25,0.25,0.25
EUVP_underwater_scenes,im_u1751_.jpg,0.25,0.25,0.25,0.25
EUVP_underwater_scenes,im_u1752_.jpg,0.25,0.25,0.25,0.25
EUVP_underwater_scenes,im_u1755_.jpg,0.25,0.25,0.25,0.25
EUVP_underwater_scenes,im_u1756_.jpg,0.25,0.25,0.25,0.25
EUVP_underwater_scenes,im_u1757_.jpg,0.25,0.25,0.25,0.25
EUVP_underwater_scenes,im_u1758_.jpg,0.25,0.25,0.25,0.25
EUVP_underwater_scenes,im_u1759_.jpg,0.25,0.25,0.25,0.25
EUVP_underwater_scenes,im_u175_.jpg,0.25,0.25,0.25,0.25
EUVP_underwater_scenes,im_u1761_.jpg,0.25,0.25,0.25,0.25
EUVP_underwater_scenes,im_u1762_.jpg,0.25,0.25,0.25,0.25
EUVP_underwater_scenes,im_u1763_.jpg,0.25,0.25,0.25,0.25
EUVP_underwater_scenes,im_u1764_.jpg,0.25,0.25,0.25,0.25
EUVP_underwater_scenes,im_u1767_.jpg,0.25,0.25,0.25,0.25
EUVP_underwater_scenes,im_u1768_.jpg,0.25,0.25,0.25,0.25
EUVP_underwater_scenes,im_u1769_.jpg,0.25,0.25,0.25,0.25
EUVP_underwater_scenes,im_u1770_.jpg,0.25,0.25,0.25,0.25
EUVP_underwater_scenes,im_u1771_.jpg,0.25,0.25,0.25,0.25
EUVP_underwater_scenes,im_u1773_.jpg,0.25,0.25,0.25,0.25
EUVP_underwater_scenes,im_u1774_.jpg,0.25,0.25,0.25,0.25
EUVP_underwater_scenes,im_u1775_.jpg,0.25,0.25,0.25,0.25
EUVP_underwater_scenes,im_u1778_.jpg,0.25,0.25,0.25,0.25
EUVP_underwater_scenes,im_u1779_.jpg,0.25,0.25,0.25,0.25
EUVP_underwater_scenes,im_u1780_.jpg,0.25,0.25,0.25,0.25
EUVP_underwater_scenes,im_u1781_.jpg,0.25,0.25,0.25,0.25
EUVP_underwater_scenes,im_u1782_.jpg,0.25,0.25,0.25,0.25
EUVP_underwater_scenes,im_u1784_.jpg,0.25,0.25,0.25,0.25
EUVP_underwater_scenes,im_u1785_.jpg,0.25,0.25,0.25,0.25
EUVP_underwater_scenes,im_u1786_.jpg,0.25,0.25,0.25,0.25
EUVP_underwater_scenes,im_u1787_.jpg,0.25,0.25,0.25,0.25
EUVP_underwater_scenes,im_u1788_.jpg,0.25,0.25,0.25,0.25
EUVP_underwater_scenes,im_u178_.jpg,0.25,0.25,0.25,0.25
EUVP_underwater_scenes,im_u1790_.jpg,0.25,0.25,0.25,0.25
EUVP_underwater_scenes,im_u1792_.jpg,0.25,0.25,0.25,0.25
EUVP_underwater_scenes,im_u1794_.jpg,0.25,0.25,0.25,0.25
EUVP_underwater_scenes,im_u1795_.jpg,0.25,0.25,0.25,0.25
EUVP_underwater_scenes,im_u1802_.jpg,0.25,0.25,0.25,0.25
EUVP_underwater_scenes,im_u1805_.jpg,0.25,0.25,0.25,0.25
EUVP_underwater_scenes,im_u1806_.jpg,0.25,0.25,0.25,0.25
EUVP_underwater_scenes,im_u1807_.jpg,0.25,0.25,0.25,0.25
EUVP_underwater_scenes,im_u1808_.jpg,0.25,0.25,0.25,0.25
EUVP_underwater_scenes,im_u1810_.jpg,0.25,0.25,0.25,0.25
EUVP_underwater_scenes,im_u1811_.jpg,0.25,0.25,0.25,0.25
EUVP_underwater_scenes,im_u1813_.jpg,0.25,0.25,0.25,0.25
EUVP_underwater_scenes,im_u1818_.jpg,0.25,0.25,0.25,0.25
EUVP_underwater_scenes,im_u1819_.jpg,0.25,0.25,0.25,0.25
EUVP_underwater_scenes,im_u1820_.jpg,0.25,0.25,0.25,0.25
EUVP_underwater_scenes,im_u1821_.jpg,0.25,0.25,0.25,0.25
EUVP_underwater_scenes,im_u1823_.jpg,0.25,0.25,0.25,0.25
EUVP_underwater_scenes,im_u1828_.jpg,0.25,0.25,0.25,0.25
EUVP_underwater_scenes,im_u1829_.jpg,0.25,0.25,0.25,0.25
EUVP_underwater_scenes,im_u1830_.jpg,0.25,0.25,0.25,0.25
EUVP_underwater_scenes,im_u1831_.jpg,0.25,0.25,0.25,0.25
EUVP_underwater_scenes,im_u1832_.jpg,0.25,0.25,0.25,0.25
EUVP_underwater_scenes,im_u1833_.jpg,0.25,0.25,0.25,0.25
EUVP_underwater_scenes,im_u1836_.jpg,0.25,0.25,0.25,0.25
EUVP_underwater_scenes,im_u1837_.jpg,0.25,0.25,0.25,0.25
EUVP_underwater_scenes,im_u1838_.jpg,0.25,0.25,0.25,0.25
EUVP_underwater_scenes,im_u1839_.jpg,0.25,0.25,0.25,0.25
EUVP_underwater_scenes,im_u183_.jpg,0.25,0.25,0.25,0.25
EUVP_underwater_scenes,im_u1840_.jpg,0.25,0.25,0.25,0.25
EUVP_underwater_scenes,im_u1843_.jpg,0.25,0.25,0.25,0.25
EUVP_underwater_scenes,im_u1845_.jpg,0.25,0.25,0.25,0.25
EUVP_underwater_scenes,im_u1847_.jpg,0.25,0.25,0.25,0.25
EUVP_underwater_scenes,im_u1848_.jpg,0.25,0.25,0.25,0.25
EUVP_underwater_scenes,im_u1849_.jpg,0.25,0.25,0.25,0.25
EUVP_underwater_scenes,im_u184_.jpg,0.25,0.25,0.25,0.25
EUVP_underwater_scenes,im_u1851_.jpg,0.25,0.25,0.25,0.25
EUVP_underwater_scenes,im_u1852_.jpg,0.25,0.25,0.25,0.25
EUVP_underwater_scenes,im_u1853_.jpg,0.25,0.25,0.25,0.25
EUVP_underwater_scenes,im_u1855_.jpg,0.25,0.25,0.25,0.25
EUVP_underwater_scenes,im_u1858_.jpg,0.25,0.25,0.25,0.25
EUVP_underwater_scenes,im_u1860_.jpg,0.25,0.25,0.25,0.25
EUVP_underwater_scenes,im_u1867_.jpg,0.25,0.25,0.25,0.25
EUVP_underwater_scenes,im_u1868_.jpg,0.25,0.25,0.25,0.25
EUVP_underwater_scenes,im_u1869_.jpg,0.25,0.25,0.25,0.25
EUVP_underwater_scenes,im_u186_.jpg,0.25,0.25,0.25,0.25
EUVP_underwater_scenes,im_u1870_.jpg,0.25,0.25,0.25,0.25
EUVP_underwater_scenes,im_u1872_.jpg,0.25,0.25,0.25,0.25
EUVP_underwater_scenes,im_u1873_.jpg,0.25,0.25,0.25,0.25
EUVP_underwater_scenes,im_u1879_.jpg,0.25,0.25,0.25,0.25
EUVP_underwater_scenes,im_u187_.jpg,0.25,0.25,0.25,0.25
EUVP_underwater_scenes,im_u1883_.jpg,0.25,0.25,0.25,0.25
EUVP_underwater_scenes,im_u1887_.jpg,0.25,0.25,0.25,0.25
EUVP_underwater_scenes,im_u1889_.jpg,0.25,0.25,0.25,0.25
EUVP_underwater_scenes,im_u1890_.jpg,0.25,0.25,0.25,0.25
EUVP_underwater_scenes,im_u1891_.jpg,0.25,0.25,0.25,0.25
EUVP_underwater_scenes,im_u1896_.jpg,0.25,0.25,0.25,0.25
EUVP_underwater_scenes,im_u189_.jpg,0.25,0.25,0.25,0.25
EUVP_underwater_scenes,im_u1900_.jpg,0.25,0.25,0.25,0.25
EUVP_underwater_scenes,im_u1901_.jpg,0.25,0.25,0.25,0.25
EUVP_underwater_scenes,im_u1903_.jpg,0.25,0.25,0.25,0.25
EUVP_underwater_scenes,im_u1904_.jpg,0.25,0.25,0.25,0.25
EUVP_underwater_scenes,im_u1905_.jpg,0.25,0.25,0.25,0.25
EUVP_underwater_scenes,im_u1907_.jpg,0.25,0.25,0.25,0.25
EUVP_underwater_scenes,im_u1908_.jpg,0.25,0.25,0.25,0.25
EUVP_underwater_scenes,im_u1909_.jpg,0.25,0.25,0.25,0.25
EUVP_underwater_scenes,im_u1911_.jpg,0.25,0.25,0.25,0.25
EUVP_underwater_scenes,im_u1913_.jpg,0.25,0.25,0.25,0.25
EUVP_underwater_scenes,im_u1914_.jpg,0.25,0.25,0.25,0.25
EUVP_underwater_scenes,im_u1915_.jpg,0.25,0.25,0.25,0.25
EUVP_underwater_scenes,im_u1919_.jpg,0.25,0.25,0.25,0.25
EUVP_underwater_scenes,im_u191_.jpg,0.25,0.25,0.25,0.25
EUVP_underwater_scenes,im_u1920_.jpg,0.25,0.25,0.25,0.25
EUVP_underwater_scenes,im_u1922_.jpg,0.25,0.25,0.25,0.25
EUVP_underwater_scenes,im_u1925_.jpg,0.25,0.25,0.25,0.25
EUVP_underwater_scenes,im_u1927_.jpg,0.25,0.25,0.25,0.25
EUVP_underwater_scenes,im_u1929_.jpg,0.25,0.25,0.25,0.25
EUVP_underwater_scenes,im_u192_.jpg,0.25,0.25,0.25,0.25
EUVP_underwater_scenes,im_u1930_.jpg,0.25,0.25,0.25,0.25
EUVP_underwater_scenes,im_u1931_.jpg,0.25,0.25,0.25,0.25
EUVP_underwater_scenes,im_u1932_.jpg,0.25,0.25,0.25,0.25
EUVP_underwater_scenes,im_u1934_.jpg,0.25,0.25,0.25,0.25
EUVP_underwater_scenes,im_u1935_.jpg,0.25,0.25,0.25,0.25
EUVP_underwater_scenes,im_u1936_.jpg,0.25,0.25,0.25,0.25
EUVP_underwater_scenes,im_u1937_.jpg,0.25,0.25,0.25,0.25
EUVP_underwater_scenes,im_u193_.jpg,0.25,0.25,0.25,0.25
EUVP_underwater_scenes,im_u1940_.jpg,0.25,0.25,0.25,0.25
EUVP_underwater_scenes,im_u1943_.jpg,0.25,0.25,0.25,0.25
EUVP_underwater_scenes,im_u1944_.jpg,0.25,0.25,0.25,0.25
EUVP_underwater_scenes,im_u1946_.jpg,0.25,0.25,0.25,0.25
EUVP_underwater_scenes,im_u1948_.jpg,0.25,0.25,0.25,0.25
EUVP_underwater_scenes,im_u1949_.jpg,0.25,0.25,0.25,0.25
EUVP_underwater_scenes,im_u1950_.jpg,0.25,0.25,0.25,0.25
EUVP_underwater_scenes,im_u1951_.jpg,0.25,0.25,0.25,0.25
EUVP_underwater_scenes,im_u1952_.jpg,0.25,0.25,0.25,0.25
EUVP_underwater_scenes,im_u1954_.jpg,0.25,0.25,0.25,0.25
EUVP_underwater_scenes,im_u1955_.jpg,0.25,0.25,0.25,0.25
EUVP_underwater_scenes,im_u1956_.jpg,0.25,0.25,0.25,0.25
EUVP_underwater_scenes,im_u1957_.jpg,0.25,0.25,0.25,0.25
EUVP_underwater_scenes,im_u195_.jpg,0.25,0.25,0.25,0.25
EUVP_underwater_scenes,im_u1962_.jpg,0.25,0.25,0.25,0.25
EUVP_underwater_scenes,im_u1963_.jpg,0.25,0.25,0.25,0.25
EUVP_underwater_scenes,im_u1964_.jpg,0.25,0.25,0.25,0.25
EUVP_underwater_scenes,im_u1967_.jpg,0.25,0.25,0.25,0.25
EUVP_underwater_scenes,im_u1969_.jpg,0.25,0.25,0.25,0.25
EUVP_underwater_scenes,im_u1970_.jpg,0.25,0.25,0.25,0.25
EUVP_underwater_scenes,im_u197_.jpg,0.25,0.25,0.25,0.25
EUVP_underwater_scenes,im_u1983_.jpg,0.25,0.25,0.25,0.25
EUVP_underwater_scenes,im_u1985_.jpg,0.25,0.25,0.25,0.25
EUVP_underwater_scenes,im_u1986_.jpg,0.25,0.25,0.25,0.25
EUVP_underwater_scenes,im_u1988_.jpg,0.25,0.25,0.25,0.25
EUVP_underwater_scenes,im_u1989_.jpg,0.25,0.25,0.25,0.25
EUVP_underwater_scenes,im_u198_.jpg,0.25,0.25,0.25,0.25
EUVP_underwater_scenes,im_u1993_.jpg,0.25,0.25,0.25,0.25
EUVP_underwater_scenes,im_u1994_.jpg,0.25,0.25,0.25,0.25
EUVP_underwater_scenes,im_u1996_.jpg,0.25,0.25,0.25,0.25
EUVP_underwater_scenes,im_u199_.jpg,0.25,0.25,0.25,0.25
EUVP_underwater_scenes,im_u19_.jpg,0.25,0.25,0.25,0.25
EUVP_underwater_scenes,im_u1_.jpg,0.25,0.25,0.25,0.25
EUVP_underwater_scenes,im_u2003_.jpg,0.25,0.25,0.25,0.25
EUVP_underwater_scenes,im_u2004_.jpg,0.25,0.25,0.25,0.25
EUVP_underwater_scenes,im_u2006_.jpg,0.25,0.25,0.25,0.25
EUVP_underwater_scenes,im_u2008_.jpg,0.25,0.25,0.25,0.25
EUVP_underwater_scenes,im_u2009_.jpg,0.25,0.25,0.25,0.25
EUVP_underwater_scenes,im_u2011_.jpg,0.25,0.25,0.25,0.25
EUVP_underwater_scenes,im_u2013_.jpg,0.25,0.25,0.25,0.25
EUVP_underwater_scenes,im_u2015_.jpg,0.25,0.25,0.25,0.25
EUVP_underwater_scenes,im_u2016_.jpg,0.25,0.25,0.25,0.25
EUVP_underwater_scenes,im_u2018_.jpg,0.25,0.25,0.25,0.25
EUVP_underwater_scenes,im_u2019_.jpg,0.25,0.25,0.25,0.25
EUVP_underwater_scenes,im_u201_.jpg,0.25,0.25,0.25,0.25
EUVP_underwater_scenes,im_u2020_.jpg,0.25,0.25,0.25,0.25
EUVP_underwater_scenes,im_u2021_.jpg,0.25,0.25,0.25,0.25
EUVP_underwater_scenes,im_u2022_.jpg,0.25,0.25,0.25,0.25
EUVP_underwater_scenes,im_u2023_.jpg,0.25,0.25,0.25,0.25
EUVP_underwater_scenes,im_u2024_.jpg,0.25,0.25,0.25,0.25
EUVP_underwater_scenes,im_u2025_.jpg,0.25,0.25,0.25,0.25
EUVP_underwater_scenes,im_u2028_.jpg,0.25,0.25,0.25,0.25
EUVP_underwater_scenes,im_u2034_.jpg,0.25,0.25,0.25,0.25
EUVP_underwater_scenes,im_u2035_.jpg,0.25,0.25,0.25,0.25
EUVP_underwater_scenes,im_u2036_.jpg,0.25,0.25,0.25,0.25
EUVP_underwater_scenes,im_u2037_.jpg,0.25,0.25,0.25,0.25
EUVP_underwater_scenes,im_u2038_.jpg,0.25,0.25,0.25,0.25
EUVP_underwater_scenes,im_u2039_.jpg,0.25,0.25,0.25,0.25
EUVP_underwater_scenes,im_u203_.jpg,0.25,0.25,0.25,0.25
EUVP_underwater_scenes,im_u2040_.jpg,0.25,0.25,0.25,0.25
EUVP_underwater_scenes,im_u2044_.jpg,0.25,0.25,0.25,0.25
EUVP_underwater_scenes,im_u205_.jpg,0.25,0.25,0.25,0.25
EUVP_underwater_scenes,im_u206_.jpg,0.25,0.25,0.25,0.25
EUVP_underwater_scenes,im_u210_.jpg,0.25,0.25,0.25,0.25
EUVP_underwater_scenes,im_u211_.jpg,0.25,0.25,0.25,0.25
EUVP_underwater_scenes,im_u212_.jpg,0.25,0.25,0.25,0.25
EUVP_underwater_scenes,im_u213_.jpg,0.25,0.25,0.25,0.25
EUVP_underwater_scenes,im_u214_.jpg,0.25,0.25,0.25,0.25
EUVP_underwater_scenes,im_u215_.jpg,0.25,0.25,0.25,0.25
EUVP_underwater_scenes,im_u216_.jpg,0.25,0.25,0.25,0.25
EUVP_underwater_scenes,im_u219_.jpg,0.25,0.25,0.25,0.25
EUVP_underwater_scenes,im_u21_.jpg,0.25,0.25,0.25,0.25
EUVP_underwater_scenes,im_u222_.jpg,0.25,0.25,0.25,0.25
EUVP_underwater_scenes,im_u223_.jpg,0.25,0.25,0.25,0.25
EUVP_underwater_scenes,im_u224_.jpg,0.25,0.25,0.25,0.25
EUVP_underwater_scenes,im_u227_.jpg,0.25,0.25,0.25,0.25
EUVP_underwater_scenes,im_u229_.jpg,0.25,0.25,0.25,0.25
EUVP_underwater_scenes,im_u22_.jpg,0.25,0.25,0.25,0.25
EUVP_underwater_scenes,im_u230_.jpg,0.25,0.25,0.25,0.25
EUVP_underwater_scenes,im_u231_.jpg,0.25,0.25,0.25,0.25
EUVP_underwater_scenes,im_u233_.jpg,0.25,0.25,0.25,0.25
EUVP_underwater_scenes,im_u239_.jpg,0.25,0.25,0.25,0.25
EUVP_underwater_scenes,im_u23_.jpg,0.25,0.25,0.25,0.25
EUVP_underwater_scenes,im_u246_.jpg,0.25,0.25,0.25,0.25
EUVP_underwater_scenes,im_u248_.jpg,0.25,0.25,0.25,0.25
EUVP_underwater_scenes,im_u24_.jpg,0.25,0.25,0.25,0.25
EUVP_underwater_scenes,im_u250_.jpg,0.25,0.25,0.25,0.25
EUVP_underwater_scenes,im_u252_.jpg,0.25,0.25,0.25,0.25
EUVP_underwater_scenes,im_u253_.jpg,0.25,0.25,0.25,0.25
EUVP_underwater_scenes,im_u254_.jpg,0.25,0.25,0.25,0.25
EUVP_underwater_scenes,im_u255_.jpg,0.25,0.25,0.25,0.25
EUVP_underwater_scenes,im_u257_.jpg,0.25,0.25,0.25,0.25
EUVP_underwater_scenes,im_u258_.jpg,0.25,0.25,0.25,0.25
EUVP_underwater_scenes,im_u259_.jpg,0.25,0.25,0.25,0.25
EUVP_underwater_scenes,im_u25_.jpg,0.25,0.25,0.25,0.25
EUVP_underwater_scenes,im_u263_.jpg,0.25,0.25,0.25,0.25
EUVP_underwater_scenes,im_u264_.jpg,0.25,0.25,0.25,0.25
EUVP_underwater_scenes,im_u265_.jpg,0.25,0.25,0.25,0.25
EUVP_underwater_scenes,im_u266_.jpg,0.25,0.25,0.25,0.25
EUVP_underwater_scenes,im_u272_.jpg,0.25,0.25,0.25,0.25
EUVP_underwater_scenes,im_u277_.jpg,0.25,0.25,0.25,0.25
EUVP_underwater_scenes,im_u278_.jpg,0.25,0.25,0.25,0.25
EUVP_underwater_scenes,im_u279_.jpg,0.25,0.25,0.25,0.25
EUVP_underwater_scenes,im_u27_.jpg,0.25,0.25,0.25,0.25
EUVP_underwater_scenes,im_u280_.jpg,0.25,0.25,0.25,0.25
EUVP_underwater_scenes,im_u283_.jpg,0.25,0.25,0.25,0.25
EUVP_underwater_scenes,im_u284_.jpg,0.25,0.25,0.25,0.25
EUVP_underwater_scenes,im_u285_.jpg,0.25,0.25,0.25,0.25
EUVP_underwater_scenes,im_u287_.jpg,0.25,0.25,0.25,0.25
EUVP_underwater_scenes,im_u289_.jpg,0.25,0.25,0.25,0.25
EUVP_underwater_scenes,im_u28_.jpg,0.25,0.25,0.25,0.25
EUVP_underwater_scenes,im_u293_.jpg,0.25,0.25,0.25,0.25
EUVP_underwater_scenes,im_u295_.jpg,0.25,0.25,0.25,0.25
EUVP_underwater_scenes,im_u296_.jpg,0.25,0.25,0.25,0.25
EUVP_underwater_scenes,im_u29_.jpg,0.25,0.25,0.25,0.25
EUVP_underwater_scenes,im_u300_.jpg,0.25,0.25,0.25,0.25
EUVP_underwater_scenes,im_u301_.jpg,0.25,0.25,0.25,0.25
EUVP_underwater_scenes,im_u303_.jpg,0.25,0.25,0.25,0.25
EUVP_underwater_scenes,im_u304_.jpg,0.25,0.25,0.25,0.25
EUVP_underwater_scenes,im_u305_.jpg,0.25,0.25,0.25,0.25
EUVP_underwater_scenes,im_u307_.jpg,0.25,0.25,0.25,0.25
EUVP_underwater_scenes,im_u308_.jpg,0.25,0.25,0.25,0.25
EUVP_underwater_scenes,im_u314_.jpg,0.25,0.25,0.25,0.25
EUVP_underwater_scenes,im_u315_.jpg,0.25,0.25,0.25,0.25
EUVP_underwater_scenes,im_u320_.jpg,0.25,0.25,0.25,0.25
EUVP_underwater_scenes,im_u325_.jpg,0.25,0.25,0.25,0.25
EUVP_underwater_scenes,im_u326_.jpg,0.25,0.25,0.25,0.25
EUVP_underwater_scenes,im_u327_.jpg,0.25,0.25,0.25,0.25
EUVP_underwater_scenes,im_u328_.jpg,0.25,0.25,0.25,0.25
EUVP_underwater_scenes,im_u329_.jpg,0.25,0.25,0.25,0.25
EUVP_underwater_scenes,im_u330_.jpg,0.25,0.25,0.25,0.25
EUVP_underwater_scenes,im_u333_.jpg,0.25,0.25,0.25,0.25
EUVP_underwater_scenes,im_u334_.jpg,0.25,0.25,0.25,0.25
EUVP_underwater_scenes,im_u335_.jpg,0.25,0.25,0.25,0.25
EUVP_underwater_scenes,im_u336_.jpg,0.25,0.25,0.25,0.25
EUVP_underwater_scenes,im_u339_.jpg,0.25,0.25,0.25,0.25
EUVP_underwater_scenes,im_u33_.jpg,0.25,0.25,0.25,0.25
EUVP_underwater_scenes,im_u341_.jpg,0.25,0.25,0.25,0.25
EUVP_underwater_scenes,im_u346_.jpg,0.25,0.25,0.25,0.25
EUVP_underwater_scenes,im_u347_.jpg,0.25,0.25,0.25,0.25
EUVP_underwater_scenes,im_u348_.jpg,0.25,0.25,0.25,0.25
EUVP_underwater_scenes,im_u349_.jpg,0.25,0.25,0.25,0.25
EUVP_underwater_scenes,im_u350_.jpg,0.25,0.25,0.25,0.25
EUVP_underwater_scenes,im_u351_.jpg,0.25,0.25,0.25,0.25
EUVP_underwater_scenes,im_u352_.jpg,0.25,0.25,0.25,0.25
EUVP_underwater_scenes,im_u355_.jpg,0.25,0.25,0.25,0.25
EUVP_underwater_scenes,im_u356_.jpg,0.25,0.25,0.25,0.25
EUVP_underwater_scenes,im_u360_.jpg,0.25,0.25,0.25,0.25
EUVP_underwater_scenes,im_u362_.jpg,0.25,0.25,0.25,0.25
EUVP_underwater_scenes,im_u364_.jpg,0.25,0.25,0.25,0.25
EUVP_underwater_scenes,im_u366_.jpg,0.25,0.25,0.25,0.25
EUVP_underwater_scenes,im_u367_.jpg,0.25,0.25,0.25,0.25
EUVP_underwater_scenes,im_u370_.jpg,0.25,0.25,0.25,0.25
EUVP_underwater_scenes,im_u374_.jpg,0.25,0.25,0.25,0.25
EUVP_underwater_scenes,im_u376_.jpg,0.25,0.25,0.25,0.25
EUVP_underwater_scenes,im_u37_.jpg,0.25,0.25,0.25,0.25
EUVP_underwater_scenes,im_u381_.jpg,0.25,0.25,0.25,0.25
EUVP_underwater_scenes,im_u382_.jpg,0.25,0.25,0.25,0.25
EUVP_underwater_scenes,im_u383_.jpg,0.25,0.25,0.25,0.25
EUVP_underwater_scenes,im_u384_.jpg,0.25,0.25,0.25,0.25
EUVP_underwater_scenes,im_u387_.jpg,0.25,0.25,0.25,0.25
EUVP_underwater_scenes,im_u388_.jpg,0.25,0.25,0.25,0.25
EUVP_underwater_scenes,im_u38_.jpg,0.25,0.25,0.25,0.25
EUVP_underwater_scenes,im_u390_.jpg,0.25,0.25,0.25,0.25
EUVP_underwater_scenes,im_u392_.jpg,0.25,0.25,0.25,0.25
EUVP_underwater_scenes,im_u395_.jpg,0.25,0.25,0.25,0.25
EUVP_underwater_scenes,im_u396_.jpg,0.25,0.25,0.25,0.25
EUVP_underwater_scenes,im_u397_.jpg,0.25,0.25,0.25,0.25
EUVP_underwater_scenes,im_u398_.jpg,0.25,0.25,0.25,0.25
EUVP_underwater_scenes,im_u399_.jpg,0.25,0.25,0.25,0.25
EUVP_underwater_scenes,im_u39_.jpg,0.25,0.25,0.25,0.25
EUVP_underwater_scenes,im_u3_.jpg,0.25,0.25,0.25,0.25
EUVP_underwater_scenes,im_u400_.jpg,0.25,0.25,0.25,0.25
EUVP_underwater_scenes,im_u401_.jpg,0.25,0.25,0.25,0.25
EUVP_underwater_scenes,im_u404_.jpg,0.25,0.25,0.25,0.25
EUVP_underwater_scenes,im_u405_.jpg,0.25,0.25,0.25,0.25
EUVP_underwater_scenes,im_u407_.jpg,0.25,0.25,0.25,0.25
EUVP_underwater_scenes,im_u408_.jpg,0.25,0.25,0.25,0.25
EUVP_underwater_scenes,im_u40_.jpg,0.25,0.25,0.25,0.25
EUVP_underwater_scenes,im_u412_.jpg,0.25,0.25,0.25,0.25
EUVP_underwater_scenes,im_u414_.jpg,0.25,0.25,0.25,0.25
EUVP_underwater_scenes,im_u415_.jpg,0.25,0.25,0.25,0.25
EUVP_underwater_scenes,im_u419_.jpg,0.25,0.25,0.25,0.25
EUVP_underwater_scenes,im_u421_.jpg,0.25,0.25,0.25,0.25
EUVP_underwater_scenes,im_u422_.jpg,0.25,0.25,0.25,0.25
EUVP_underwater_scenes,im_u425_.jpg,0.25,0.25,0.25,0.25
EUVP_underwater_scenes,im_u427_.jpg,0.25,0.25,0.25,0.25
EUVP_underwater_scenes,im_u428_.jpg,0.25,0.25,0.25,0.25
EUVP_underwater_scenes,im_u429_.jpg,0.25,0.25,0.25,0.25
EUVP_underwater_scenes,im_u430_.jpg,0.25,0.25,0.25,0.25
EUVP_underwater_scenes,im_u431_.jpg,0.25,0.25,0.25,0.25
EUVP_underwater_scenes,im_u432_.jpg,0.25,0.25,0.25,0.25
EUVP_underwater_scenes,im_u436_.jpg,0.25,0.25,0.25,0.25
EUVP_underwater_scenes,im_u438_.jpg,0.25,0.25,0.25,0.25
EUVP_underwater_scenes,im_u441_.jpg,0.25,0.25,0.25,0.25
EUVP_underwater_scenes,im_u442_.jpg,0.25,0.25,0.25,0.25
EUVP_underwater_scenes,im_u443_.jpg,0.25,0.25,0.25,0.25
EUVP_underwater_scenes,im_u444_.jpg,0.25,0.25,0.25,0.25
EUVP_underwater_scenes,im_u445_.jpg,0.25,0.25,0.25,0.25
EUVP_underwater_scenes,im_u446_.jpg,0.25,0.25,0.25,0.25
EUVP_underwater_scenes,im_u448_.jpg,0.25,0.25,0.25,0.25
EUVP_underwater_scenes,im_u451_.jpg,0.25,0.25,0.25,0.25
EUVP_underwater_scenes,im_u453_.jpg,0.25,0.25,0.25,0.25
EUVP_underwater_scenes,im_u454_.jpg,0.25,0.25,0.25,0.25
EUVP_underwater_scenes,im_u455_.jpg,0.25,0.25,0.25,0.25
EUVP_underwater_scenes,im_u459_.jpg,0.25,0.25,0.25,0.25
EUVP_underwater_scenes,im_u461_.jpg,0.25,0.25,0.25,0.25
EUVP_underwater_scenes,im_u462_.jpg,0.25,0.25,0.25,0.25
EUVP_underwater_scenes,im_u464_.jpg,0.25,0.25,0.25,0.25
EUVP_underwater_scenes,im_u465_.jpg,0.25,0.25,0.25,0.25
EUVP_underwater_scenes,im_u466_.jpg,0.25,0.25,0.25,0.25
EUVP_underwater_scenes,im_u467_.jpg,0.25,0.25,0.25,0.25
EUVP_underwater_scenes,im_u468_.jpg,0.25,0.25,0.25,0.25
EUVP_underwater_scenes,im_u469_.jpg,0.25,0.25,0.25,0.25
EUVP_underwater_scenes,im_u46_.jpg,0.25,0.25,0.25,0.25
EUVP_underwater_scenes,im_u472_.jpg,0.25,0.25,0.25,0.25
EUVP_underwater_scenes,im_u473_.jpg,0.25,0.25,0.25,0.25
EUVP_underwater_scenes,im_u475_.jpg,0.25,0.25,0.25,0.25
EUVP_underwater_scenes,im_u476_.jpg,0.25,0.25,0.25,0.25
EUVP_underwater_scenes,im_u477_.jpg,0.25,0.25,0.25,0.25
EUVP_underwater_scenes,im_u478_.jpg,0.25,0.25,0.25,0.25
EUVP_underwater_scenes,im_u479_.jpg,0.25,0.25,0.25,0.25
EUVP_underwater_scenes,im_u47_.jpg,0.25,0.25,0.25,0.25
EUVP_underwater_scenes,im_u483_.jpg,0.25,0.25,0.25,0.25
EUVP_underwater_scenes,im_u485_.jpg,0.25,0.25,0.25,0.25
EUVP_underwater_scenes,im_u486_.jpg,0.25,0.25,0.25,0.25
EUVP_underwater_scenes,im_u490_.jpg,0.25,0.25,0.25,0.25
EUVP_underwater_scenes,im_u493_.jpg,0.25,0.25,0.25,0.25
EUVP_underwater_scenes,im_u494_.jpg,0.25,0.25,0.25,0.25
EUVP_underwater_scenes,im_u496_.jpg,0.25,0.25,0.25,0.25
EUVP_underwater_scenes,im_u497_.jpg,0.25,0.25,0.25,0.25
EUVP_underwater_scenes,im_u499_.jpg,0.25,0.25,0.25,0.25
EUVP_underwater_scenes,im_u49_.jpg,0.25,0.25,0.25,0.25
EUVP_underwater_scenes,im_u4_.jpg,0.25,0.25,0.25,0.25
EUVP_underwater_scenes,im_u500_.jpg,0.25,0.25,0.25,0.25
EUVP_underwater_scenes,im_u501_.jpg,0.25,0.25,0.25,0.25
EUVP_underwater_scenes,im_u502_.jpg,0.25,0.25,0.25,0.25
EUVP_underwater_scenes,im_u505_.jpg,0.25,0.25,0.25,0.25
EUVP_underwater_scenes,im_u507_.jpg,0.25,0.25,0.25,0.25
EUVP_underwater_scenes,im_u509_.jpg,0.25,0.25,0.25,0.25
EUVP_underwater_scenes,im_u50_.jpg,0.25,0.25,0.25,0.25
EUVP_underwater_scenes,im_u512_.jpg,0.25,0.25,0.25,0.25
EUVP_underwater_scenes,im_u514_.jpg,0.25,0.25,0.25,0.25
EUVP_underwater_scenes,im_u517_.jpg,0.25,0.25,0.25,0.25
EUVP_underwater_scenes,im_u51_.jpg,0.25,0.25,0.25,0.25
EUVP_underwater_scenes,im_u520_.jpg,0.25,0.25,0.25,0.25
EUVP_underwater_scenes,im_u528_.jpg,0.25,0.25,0.25,0.25
EUVP_underwater_scenes,im_u52_.jpg,0.25,0.25,0.25,0.25
EUVP_underwater_scenes,im_u531_.jpg,0.25,0.25,0.25,0.25
EUVP_underwater_scenes,im_u534_.jpg,0.25,0.25,0.25,0.25
EUVP_underwater_scenes,im_u535_.jpg,0.25,0.25,0.25,0.25
EUVP_underwater_scenes,im_u536_.jpg,0.25,0.25,0.25,0.25
EUVP_underwater_scenes,im_u537_.jpg,0.25,0.25,0.25,0.25
EUVP_underwater_scenes,im_u538_.jpg,0.25,0.25,0.25,0.25
EUVP_underwater_scenes,im_u53_.jpg,0.25,0.25,0.25,0.25
EUVP_underwater_scenes,im_u540_.jpg,0.25,0.25,0.25,0.25
EUVP_underwater_scenes,im_u545_.jpg,0.25,0.25,0.25,0.25
EUVP_underwater_scenes,im_u547_.jpg,0.25,0.25,0.25,0.25
EUVP_underwater_scenes,im_u548_.jpg,0.25,0.25,0.25,0.25
EUVP_underwater_scenes,im_u54_.jpg,0.25,0.25,0.25,0.25
EUVP_underwater_scenes,im_u552_.jpg,0.25,0.25,0.25,0.25
EUVP_underwater_scenes,im_u554_.jpg,0.25,0.25,0.25,0.25
EUVP_underwater_scenes,im_u555_.jpg,0.25,0.25,0.25,0.25
EUVP_underwater_scenes,im_u557_.jpg,0.25,0.25,0.25,0.25
EUVP_underwater_scenes,im_u559_.jpg,0.25,0.25,0.25,0.25
EUVP_underwater_scenes,im_u560_.jpg,0.25,0.25,0.25,0.25
EUVP_underwater_scenes,im_u561_.jpg,0.25,0.25,0.25,0.25
EUVP_underwater_scenes,im_u565_.jpg,0.25,0.25,0.25,0.25
EUVP_underwater_scenes,im_u566_.jpg,0.25,0.25,0.25,0.25
EUVP_underwater_scenes,im_u567_.jpg,0.25,0.25,0.25,0.25
EUVP_underwater_scenes,im_u569_.jpg,0.25,0.25,0.25,0.25
EUVP_underwater_scenes,im_u570_.jpg,0.25,0.25,0.25,0.25
EUVP_underwater_scenes,im_u571_.jpg,0.25,0.25,0.25,0.25
EUVP_underwater_scenes,im_u575_.jpg,0.25,0.25,0.25,0.25
EUVP_underwater_scenes,im_u576_.jpg,0.25,0.25,0.25,0.25
EUVP_underwater_scenes,im_u579_.jpg,0.25,0.25,0.25,0.25
EUVP_underwater_scenes,im_u582_.jpg,0.25,0.25,0.25,0.25
EUVP_underwater_scenes,im_u583_.jpg,0.25,0.25,0.25,0.25
EUVP_underwater_scenes,im_u584_.jpg,0.25,0.25,0.25,0.25
EUVP_underwater_scenes,im_u585_.jpg,0.25,0.25,0.25,0.25
EUVP_underwater_scenes,im_u587_.jpg,0.25,0.25,0.25,0.25
EUVP_underwater_scenes,im_u589_.jpg,0.25,0.25,0.25,0.25
EUVP_underwater_scenes,im_u58_.jpg,0.25,0.25,0.25,0.25
EUVP_underwater_scenes,im_u593_.jpg,0.25,0.25,0.25,0.25
EUVP_underwater_scenes,im_u597_.jpg,0.25,0.25,0.25,0.25
EUVP_underwater_scenes,im_u600_.jpg,0.25,0.25,0.25,0.25
EUVP_underwater_scenes,im_u601_.jpg,0.25,0.25,0.25,0.25
EUVP_underwater_scenes,im_u602_.jpg,0.25,0.25,0.25,0.25
EUVP_underwater_scenes,im_u605_.jpg,0.25,0.25,0.25,0.25
EUVP_underwater_scenes,im_u607_.jpg,0.25,0.25,0.25,0.25
EUVP_underwater_scenes,im_u612_.jpg,0.25,0.25,0.25,0.25
EUVP_underwater_scenes,im_u613_.jpg,0.25,0.25,0.25,0.25
EUVP_underwater_scenes,im_u615_.jpg,0.25,0.25,0.25,0.25
EUVP_underwater_scenes,im_u616_.jpg,0.25,0.25,0.25,0.25
EUVP_underwater_scenes,im_u617_.jpg,0.25,0.25,0.25,0.25
EUVP_underwater_scenes,im_u619_.jpg,0.25,0.25,0.25,0.25
EUVP_underwater_scenes,im_u620_.jpg,0.25,0.25,0.25,0.25
EUVP_underwater_scenes,im_u628_.jpg,0.25,0.25,0.25,0.25
EUVP_underwater_scenes,im_u629_.jpg,0.25,0.25,0.25,0.25
EUVP_underwater_scenes,im_u632_.jpg,0.25,0.25,0.25,0.25
EUVP_underwater_scenes,im_u633_.jpg,0.25,0.25,0.25,0.25
EUVP_underwater_scenes,im_u635_.jpg,0.25,0.25,0.25,0.25
EUVP_underwater_scenes,im_u637_.jpg,0.25,0.25,0.25,0.25
EUVP_underwater_scenes,im_u63_.jpg,0.25,0.25,0.25,0.25
EUVP_underwater_scenes,im_u640_.jpg,0.25,0.25,0.25,0.25
EUVP_underwater_scenes,im_u646_.jpg,0.25,0.25,0.25,0.25
EUVP_underwater_scenes,im_u647_.jpg,0.25,0.25,0.25,0.25
EUVP_underwater_scenes,im_u648_.jpg,0.25,0.25,0.25,0.25
EUVP_underwater_scenes,im_u650_.jpg,0.25,0.25,0.25,0.25
EUVP_underwater_scenes,im_u651_.jpg,0.25,0.25,0.25,0.25
EUVP_underwater_scenes,im_u657_.jpg,0.25,0.25,0.25,0.25
EUVP_underwater_scenes,im_u660_.jpg,0.25,0.25,0.25,0.25
EUVP_underwater_scenes,im_u662_.jpg,0.25,0.25,0.25,0.25
EUVP_underwater_scenes,im_u663_.jpg,0.25,0.25,0.25,0.25
EUVP_underwater_scenes,im_u665_.jpg,0.25,0.25,0.25,0.25
EUVP_underwater_scenes,im_u666_.jpg,0.25,0.25,0.25,0.25
EUVP_underwater_scenes,im_u667_.jpg,0.25,0.25,0.25,0.25
EUVP_underwater_scenes,im_u669_.jpg,0.25,0.25,0.25,0.25
EUVP_underwater_scenes,im_u672_.jpg,0.25,0.25,0.25,0.25
EUVP_underwater_scenes,im_u673_.jpg,0.25,0.25,0.25,0.25
EUVP_underwater_scenes,im_u676_.jpg,0.25,0.25,0.25,0.25
EUVP_underwater_scenes,im_u677_.jpg,0.25,0.25,0.25,0.25
EUVP_underwater_scenes,im_u678_.jpg,0.25,0.25,0.25,0.25
EUVP_underwater_scenes,im_u67_.jpg,0.25,0.25,0.25,0.25
EUVP_underwater_scenes,im_u681_.jpg,0.25,0.25,0.25,0.25
EUVP_underwater_scenes,im_u683_.jpg,0.25,0.25,0.25,0.25
EUVP_underwater_scenes,im_u687_.jpg,0.25,0.25,0.25,0.25
EUVP_underwater_scenes,im_u688_.jpg,0.25,0.25,0.25,0.25
EUVP_underwater_scenes,im_u693_.jpg,0.25,0.25,0.25,0.25
EUVP_underwater_scenes,im_u694_.jpg,0.25,0.25,0.25,0.25
EUVP_underwater_scenes,im_u697_.jpg,0.25,0.25,0.25,0.25
EUVP_underwater_scenes,im_u698_.jpg,0.25,0.25,0.25,0.25
EUVP_underwater_scenes,im_u699_.jpg,0.25,0.25,0.25,0.25
EUVP_underwater_scenes,im_u69_.jpg,0.25,0.25,0.25,0.25
EUVP_underwater_scenes,im_u707_.jpg,0.25,0.25,0.25,0.25
EUVP_underwater_scenes,im_u709_.jpg,0.25,0.25,0.25,0.25
EUVP_underwater_scenes,im_u710_.jpg,0.25,0.25,0.25,0.25
EUVP_underwater_scenes,im_u715_.jpg,0.25,0.25,0.25,0.25
EUVP_underwater_scenes,im_u717_.jpg,0.25,0.25,0.25,0.25
EUVP_underwater_scenes,im_u725_.jpg,0.25,0.25,0.25,0.25
EUVP_underwater_scenes,im_u728_.jpg,0.25,0.25,0.25,0.25
EUVP_underwater_scenes,im_u729_.jpg,0.25,0.25,0.25,0.25
EUVP_underwater_scenes,im_u731_.jpg,0.25,0.25,0.25,0.25
EUVP_underwater_scenes,im_u733_.jpg,0.25,0.25,0.25,0.25
EUVP_underwater_scenes,im_u735_.jpg,0.25,0.25,0.25,0.25
EUVP_underwater_scenes,im_u740_.jpg,0.25,0.25,0.25,0.25
EUVP_underwater_scenes,im_u743_.jpg,0.25,0.25,0.25,0.25
EUVP_underwater_scenes,im_u744_.jpg,0.25,0.25,0.25,0.25
EUVP_underwater_scenes,im_u745_.jpg,0.25,0.25,0.25,0.25
EUVP_underwater_scenes,im_u746_.jpg,0.25,0.25,0.25,0.25
EUVP_underwater_scenes,im_u750_.jpg,0.25,0.25,0.25,0.25
EUVP_underwater_scenes,im_u753_.jpg,0.25,0.25,0.25,0.25
EUVP_underwater_scenes,im_u754_.jpg,0.25,0.25,0.25,0.25
EUVP_underwater_scenes,im_u757_.jpg,0.25,0.25,0.25,0.25
EUVP_underwater_scenes,im_u75_.jpg,0.25,0.25,0.25,0.25
EUVP_underwater_scenes,im_u760_.jpg,0.25,0.25,0.25,0.25
EUVP_underwater_scenes,im_u761_.jpg,0.25,0.25,0.25,0.25
EUVP_underwater_scenes,im_u762_.jpg,0.25,0.25,0.25,0.25
EUVP_underwater_scenes,im_u763_.jpg,0.25,0.25,0.25,0.25
EUVP_underwater_scenes,im_u765_.jpg,0.25,0.25,0.25,0.25
EUVP_underwater_scenes,im_u766_.jpg,0.25,0.25,0.25,0.25
EUVP_underwater_scenes,im_u769_.jpg,0.25,0.25,0.25,0.25
EUVP_underwater_scenes,im_u771_.jpg,0.25,0.25,0.25,0.25
EUVP_underwater_scenes,im_u772_.jpg,0.25,0.25,0.25,0.25
EUVP_underwater_scenes,im_u776_.jpg,0.25,0.25,0.25,0.25
EUVP_underwater_scenes,im_u77_.jpg,0.25,0.25,0.25,0.25
EUVP_underwater_scenes,im_u782_.jpg,0.25,0.25,0.25,0.25
EUVP_underwater_scenes,im_u785_.jpg,0.25,0.25,0.25,0.25
EUVP_underwater_scenes,im_u786_.jpg,0.25,0.25,0.25,0.25
EUVP_underwater_scenes,im_u789_.jpg,0.25,0.25,0.25,0.25
EUVP_underwater_scenes,im_u78_.jpg,0.25,0.25,0.25,0.25
EUVP_underwater_scenes,im_u791_.jpg,0.25,0.25,0.25,0.25
EUVP_underwater_scenes,im_u792_.jpg,0.25,0.25,0.25,0.25
EUVP_underwater_scenes,im_u795_.jpg,0.25,0.25,0.25,0.25
EUVP_underwater_scenes,im_u796_.jpg,0.25,0.25,0.25,0.25
EUVP_underwater_scenes,im_u79_.jpg,0.25,0.25,0.25,0.25
EUVP_underwater_scenes,im_u800_.jpg,0.25,0.25,0.25,0.25
EUVP_underwater_scenes,im_u803_.jpg,0.25,0.25,0.25,0.25
EUVP_underwater_scenes,im_u806_.jpg,0.25,0.25,0.25,0.25
EUVP_underwater_scenes,im_u80_.jpg,0.25,0.25,0.25,0.25
EUVP_underwater_scenes,im_u811_.jpg,0.25,0.25,0.25,0.25
EUVP_underwater_scenes,im_u812_.jpg,0.25,0.25,0.25,0.25
EUVP_underwater_scenes,im_u813_.jpg,0.25,0.25,0.25,0.25
EUVP_underwater_scenes,im_u815_.jpg,0.25,0.25,0.25,0.25
EUVP_underwater_scenes,im_u816_.jpg,0.25,0.25,0.25,0.25
EUVP_underwater_scenes,im_u817_.jpg,0.25,0.25,0.25,0.25
EUVP_underwater_scenes,im_u818_.jpg,0.25,0.25,0.25,0.25
EUVP_underwater_scenes,im_u819_.jpg,0.25,0.25,0.25,0.25
EUVP_underwater_scenes,im_u81_.jpg,0.25,0.25,0.25,0.25
EUVP_underwater_scenes,im_u821_.jpg,0.25,0.25,0.25,0.25
EUVP_underwater_scenes,im_u822_.jpg,0.25,0.25,0.25,0.25
EUVP_underwater_scenes,im_u825_.jpg,0.25,0.25,0.25,0.25
EUVP_underwater_scenes,im_u826_.jpg,0.25,0.25,0.25,0.25
EUVP_underwater_scenes,im_u82_.jpg,0.25,0.25,0.25,0.25
EUVP_underwater_scenes,im_u830_.jpg,0.25,0.25,0.25,0.25
EUVP_underwater_scenes,im_u831_.jpg,0.25,0.25,0.25,0.25
EUVP_underwater_scenes,im_u832_.jpg,0.25,0.25,0.25,0.25
EUVP_underwater_scenes,im_u833_.jpg,0.25,0.25,0.25,0.25
EUVP_underwater_scenes,im_u834_.jpg,0.25,0.25,0.25,0.25
EUVP_underwater_scenes,im_u835_.jpg,0.25,0.25,0.25,0.25
EUVP_underwater_scenes,im_u836_.jpg,0.25,0.25,0.25,0.25
EUVP_underwater_scenes,im_u837_.jpg,0.25,0.25,0.25,0.25
EUVP_underwater_scenes,im_u838_.jpg,0.25,0.25,0.25,0.25
EUVP_underwater_scenes,im_u839_.jpg,0.25,0.25,0.25,0.25
EUVP_underwater_scenes,im_u83_.jpg,0.25,0.25,0.25,0.25
EUVP_underwater_scenes,im_u841_.jpg,0.25,0.25,0.25,0.25
EUVP_underwater_scenes,im_u844_.jpg,0.25,0.25,0.25,0.25
EUVP_underwater_scenes,im_u845_.jpg,0.25,0.25,0.25,0.25
EUVP_underwater_scenes,im_u847_.jpg,0.25,0.25,0.25,0.25
EUVP_underwater_scenes,im_u848_.jpg,0.25,0.25,0.25,0.25
EUVP_underwater_scenes,im_u84_.jpg,0.25,0.25,0.25,0.25
EUVP_underwater_scenes,im_u850_.jpg,0.25,0.25,0.25,0.25
EUVP_underwater_scenes,im_u851_.jpg,0.25,0.25,0.25,0.25
EUVP_underwater_scenes,im_u854_.jpg,0.25,0.25,0.25,0.25
EUVP_underwater_scenes,im_u855_.jpg,0.25,0.25,0.25,0.25
EUVP_underwater_scenes,im_u856_.jpg,0.25,0.25,0.25,0.25
EUVP_underwater_scenes,im_u85_.jpg,0.25,0.25,0.25,0.25
EUVP_underwater_scenes,im_u863_.jpg,0.25,0.25,0.25,0.25
EUVP_underwater_scenes,im_u866_.jpg,0.25,0.25,0.25,0.25
EUVP_underwater_scenes,im_u870_.jpg,0.25,0.25,0.25,0.25
EUVP_underwater_scenes,im_u871_.jpg,0.25,0.25,0.25,0.25
EUVP_underwater_scenes,im_u872_.jpg,0.25,0.25,0.25,0.25
EUVP_underwater_scenes,im_u873_.jpg,0.25,0.25,0.25,0.25
EUVP_underwater_scenes,im_u874_.jpg,0.25,0.25,0.25,0.25
EUVP_underwater_scenes,im_u875_.jpg,0.25,0.25,0.25,0.25
EUVP_underwater_scenes,im_u877_.jpg,0.25,0.25,0.25,0.25
EUVP_underwater_scenes,im_u879_.jpg,0.25,0.25,0.25,0.25
EUVP_underwater_scenes,im_u882_.jpg,0.25,0.25,0.25,0.25
EUVP_underwater_scenes,im_u883_.jpg,0.25,0.25,0.25,0.25
EUVP_underwater_scenes,im_u884_.jpg,0.25,0.25,0.25,0.25
EUVP_underwater_scenes,im_u886_.jpg,0.25,0.25,0.25,0.25
EUVP_underwater_scenes,im_u887_.jpg,0.25,0.25,0.25,0.25
EUVP_underwater_scenes,im_u888_.jpg,0.25,0.25,0.25,0.25
EUVP_underwater_scenes,im_u889_.jpg,0.25,0.25,0.25,0.25
EUVP_underwater_scenes,im_u892_.jpg,0.25,0.25,0.25,0.25
EUVP_underwater_scenes,im_u894_.jpg,0.25,0.25,0.25,0.25
EUVP_underwater_scenes,im_u896_.jpg,0.25,0.25,0.25,0.25
EUVP_underwater_scenes,im_u898_.jpg,0.25,0.25,0.25,0.25
EUVP_underwater_scenes,im_u904_.jpg,0.25,0.25,0.25,0.25
EUVP_underwater_scenes,im_u905_.jpg,0.25,0.25,0.25,0.25
EUVP_underwater_scenes,im_u907_.jpg,0.25,0.25,0.25,0.25
EUVP_underwater_scenes,im_u910_.jpg,0.25,0.25,0.25,0.25
EUVP_underwater_scenes,im_u911_.jpg,0.25,0.25,0.25,0.25
EUVP_underwater_scenes,im_u917_.jpg,0.25,0.25,0.25,0.25
EUVP_underwater_scenes,im_u919_.jpg,0.25,0.25,0.25,0.25
EUVP_underwater_scenes,im_u920_.jpg,0.25,0.25,0.25,0.25
EUVP_underwater_scenes,im_u923_.jpg,0.25,0.25,0.25,0.25
EUVP_underwater_scenes,im_u924_.jpg,0.25,0.25,0.25,0.25
EUVP_underwater_scenes,im_u925_.jpg,0.25,0.25,0.25,0.25
EUVP_underwater_scenes,im_u926_.jpg,0.25,0.25,0.25,0.25
EUVP_underwater_scenes,im_u932_.jpg,0.25,0.25,0.25,0.25
EUVP_underwater_scenes,im_u934_.jpg,0.25,0.25,0.25,0.25
EUVP_underwater_scenes,im_u935_.jpg,0.25,0.25,0.25,0.25
EUVP_underwater_scenes,im_u936_.jpg,0.25,0.25,0.25,0.25
EUVP_underwater_scenes,im_u937_.jpg,0.25,0.25,0.25,0.25
EUVP_underwater_scenes,im_u938_.jpg,0.25,0.25,0.25,0.25
EUVP_underwater_scenes,im_u939_.jpg,0.25,0.25,0.25,0.25
EUVP_underwater_scenes,im_u940_.jpg,0.25,0.25,0.25,0.25
EUVP_underwater_scenes,im_u942_.jpg,0.25,0.25,0.25,0.25
EUVP_underwater_scenes,im_u943_.jpg,0.25,0.25,0.25,0.25
EUVP_underwater_scenes,im_u946_.jpg,0.25,0.25,0.25,0.25
EUVP_underwater_scenes,im_u949_.jpg,0.25,0.25,0.25,0.25
EUVP_underwater_scenes,im_u954_.jpg,0.25,0.25,0.25,0.25
EUVP_underwater_scenes,im_u958_.jpg,0.25,0.25,0.25,0.25
EUVP_underwater_scenes,im_u959_.jpg,0.25,0.25,0.25,0.25
EUVP_underwater_scenes,im_u961_.jpg,0.25,0.25,0.25,0.25
EUVP_underwater_scenes,im_u964_.jpg,0.25,0.25,0.25,0.25
EUVP_underwater_scenes,im_u966_.jpg,0.25,0.25,0.25,0.25
EUVP_underwater_scenes,im_u969_.jpg,0.25,0.25,0.25,0.25
EUVP_underwater_scenes,im_u971_.jpg,0.25,0.25,0.25,0.25
EUVP_underwater_scenes,im_u973_.jpg,0.25,0.25,0.25,0.25
EUVP_underwater_scenes,im_u974_.jpg,0.25,0.25,0.25,0.25
EUVP_underwater_scenes,im_u975_.jpg,0.25,0.25,0.25,0.25
EUVP_underwater_scenes,im_u976_.jpg,0.25,0.25,0.25,0.25
EUVP_underwater_scenes,im_u977_.jpg,0.25,0.25,0.25,0.25
EUVP_underwater_scenes,im_u978_.jpg,0.25,0.25,0.25,0.25
EUVP_underwater_scenes,im_u97_.jpg,0.25,0.25,0.25,0.25
EUVP_underwater_scenes,im_u980_.jpg,0.25,0.25,0.25,0.25
EUVP_underwater_scenes,im_u981_.jpg,0.25,0.25,0.25,0.25
EUVP_underwater_scenes,im_u982_.jpg,0.25,0.25,0.25,0.25
EUVP_underwater_scenes,im_u983_.jpg,0.25,0.25,0.25,0.25
EUVP_underwater_scenes,im_u984_.jpg,0.25,0.25,0.25,0.25
EUVP_underwater_scenes,im_u985_.jpg,0.25,0.25,0.25,0.25
EUVP_underwater_scenes,im_u986_.jpg,0.25,0.25,0.25,0.25
EUVP_underwater_scenes,im_u987_.jpg,0.25,0.25,0.25,0.25
EUVP_underwater_scenes,im_u991_.jpg,0.25,0.25,0.25,0.25
EUVP_underwater_scenes,im_u992_.jpg,0.25,0.25,0.25,0.25
EUVP_underwater_scenes,im_u993_.jpg,0.25,0.25,0.25,0.25
EUVP_underwater_scenes,im_u995_.jpg,0.25,0.25,0.25,0.25
EUVP_underwater_scenes,im_u996_.jpg,0.25,0.25,0.25,0.25
EUVP_underwater_scenes,im_u999_.jpg,0.25,0.25,0.25,0.25
EUVP_underwater_scenes,im_u99_.jpg,0.25,0.25,0.25,0.25
EUVP_underwater_scenes,im_u9_.jpg,0.25,0.25,0.25,0.25
EUVP_Unpaired,nm_0up.jpg,0.25,0.25,0.25,0.25
EUVP_Unpaired,nm_1000up.jpg,0.25,0.25,0.25,0.25
EUVP_Unpaired,nm_1001up.jpg,0.25,0.25,0.25,0.25
EUVP_Unpaired,nm_1002up.jpg,0.25,0.25,0.25,0.25
EUVP_Unpaired,nm_1003up.jpg,0.25,0.25,0.25,0.25
EUVP_Unpaired,nm_1004up.jpg,0.25,0.25,0.25,0.25
EUVP_Unpaired,nm_1005up.jpg,0.25,0.25,0.25,0.25
EUVP_Unpaired,nm_1006up.jpg,0.25,0.25,0.25,0.25
EUVP_Unpaired,nm_1007up.jpg,0.25,0.25,0.25,0.25
EUVP_Unpaired,nm_1008up.jpg,0.25,0.25,0.25,0.25
EUVP_Unpaired,nm_1009up.jpg,0.25,0.25,0.25,0.25
EUVP_Unpaired,nm_100up.jpg,0.25,0.25,0.25,0.25
EUVP_Unpaired,nm_1010up.jpg,0.25,0.25,0.25,0.25
EUVP_Unpaired,nm_1011up.jpg,0.25,0.25,0.25,0.25
EUVP_Unpaired,nm_1012up.jpg,0.25,0.25,0.25,0.25
EUVP_Unpaired,nm_1013up.jpg,0.25,0.25,0.25,0.25
EUVP_Unpaired,nm_1014up.jpg,0.25,0.25,0.25,0.25
EUVP_Unpaired,nm_1015up.jpg,0.25,0.25,0.25,0.25
EUVP_Unpaired,nm_1016up.jpg,0.25,0.25,0.25,0.25
EUVP_Unpaired,nm_1017up.jpg,0.25,0.25,0.25,0.25
EUVP_Unpaired,nm_1018up.jpg,0.25,0.25,0.25,0.25
EUVP_Unpaired,nm_1019up.jpg,0.25,0.25,0.25,0.25
EUVP_Unpaired,nm_101up.jpg,0.25,0.25,0.25,0.25
EUVP_Unpaired,nm_1020up.jpg,0.25,0.25,0.25,0.25
EUVP_Unpaired,nm_1021up.jpg,0.25,0.25,0.25,0.25
EUVP_Unpaired,nm_1022up.jpg,0.25,0.25,0.25,0.25
EUVP_Unpaired,nm_1023up.jpg,0.25,0.25,0.25,0.25
EUVP_Unpaired,nm_1024up.jpg,0.25,0.25,0.25,0.25
EUVP_Unpaired,nm_1025up.jpg,0.25,0.25,0.25,0.25
EUVP_Unpaired,nm_1026up.jpg,0.25,0.25,0.25,0.25
EUVP_Unpaired,nm_1027up.jpg,0.25,0.25,0.25,0.25
EUVP_Unpaired,nm_1028up.jpg,0.25,0.25,0.25,0.25
EUVP_Unpaired,nm_1029up.jpg,0.25,0.25,0.25,0.25
EUVP_Unpaired,nm_102up.jpg,0.25,0.25,0.25,0.25
EUVP_Unpaired,nm_1030up.jpg,0.25,0.25,0.25,0.25
EUVP_Unpaired,nm_1031up.jpg,0.25,0.25,0.25,0.25
EUVP_Unpaired,nm_1032up.jpg,0.25,0.25,0.25,0.25
EUVP_Unpaired,nm_1033up.jpg,0.25,0.25,0.25,0.25
EUVP_Unpaired,nm_1034up.jpg,0.25,0.25,0.25,0.25
EUVP_Unpaired,nm_1035up.jpg,0.25,0.25,0.25,0.25
EUVP_Unpaired,nm_1036up.jpg,0.25,0.25,0.25,0.25
EUVP_Unpaired,nm_1037up.jpg,0.25,0.25,0.25,0.25
EUVP_Unpaired,nm_1038up.jpg,0.25,0.25,0.25,0.25
EUVP_Unpaired,nm_1039up.jpg,0.25,0.25,0.25,0.25
EUVP_Unpaired,nm_103up.jpg,0.25,0.25,0.25,0.25
EUVP_Unpaired,nm_1040up.jpg,0.25,0.25,0.25,0.25
EUVP_Unpaired,nm_1041up.jpg,0.25,0.25,0.25,0.25
EUVP_Unpaired,nm_1042up.jpg,0.25,0.25,0.25,0.25
EUVP_Unpaired,nm_1043up.jpg,0.25,0.25,0.25,0.25
EUVP_Unpaired,nm_1044up.jpg,0.25,0.25,0.25,0.25
EUVP_Unpaired,nm_1045up.jpg,0.25,0.25,0.25,0.25
EUVP_Unpaired,nm_1046up.jpg,0.25,0.25,0.25,0.25
EUVP_Unpaired,nm_1047up.jpg,0.25,0.25,0.25,0.25
EUVP_Unpaired,nm_1048up.jpg,0.25,0.25,0.25,0.25
EUVP_Unpaired,nm_1049up.jpg,0.25,0.25,0.25,0.25
EUVP_Unpaired,nm_104up.jpg,0.25,0.25,0.25,0.25
EUVP_Unpaired,nm_1050up.jpg,0.25,0.25,0.25,0.25
EUVP_Unpaired,nm_1051up.jpg,0.25,0.25,0.25,0.25
EUVP_Unpaired,nm_1052up.jpg,0.25,0.25,0.25,0.25
EUVP_Unpaired,nm_1053up.jpg,0.25,0.25,0.25,0.25
EUVP_Unpaired,nm_1054up.jpg,0.25,0.25,0.25,0.25
EUVP_Unpaired,nm_1055up.jpg,0.25,0.25,0.25,0.25
EUVP_Unpaired,nm_1056up.jpg,0.25,0.25,0.25,0.25
EUVP_Unpaired,nm_1057up.jpg,0.25,0.25,0.25,0.25
EUVP_Unpaired,nm_1058up.jpg,0.25,0.25,0.25,0.25
EUVP_Unpaired,nm_1059up.jpg,0.25,0.25,0.25,0.25
EUVP_Unpaired,nm_105up.jpg,0.25,0.25,0.25,0.25
EUVP_Unpaired,nm_1060up.jpg,0.25,0.25,0.25,0.25
EUVP_Unpaired,nm_1061up.jpg,0.25,0.25,0.25,0.25
EUVP_Unpaired,nm_1062up.jpg,0.25,0.25,0.25,0.25
EUVP_Unpaired,nm_1063up.jpg,0.25,0.25,0.25,0.25
EUVP_Unpaired,nm_1064up.jpg,0.25,0.25,0.25,0.25
EUVP_Unpaired,nm_1065up.jpg,0.25,0.25,0.25,0.25
EUVP_Unpaired,nm_1066up.jpg,0.25,0.25,0.25,0.25
EUVP_Unpaired,nm_1067up.jpg,0.25,0.25,0.25,0.25
EUVP_Unpaired,nm_1068up.jpg,0.25,0.25,0.25,0.25
EUVP_Unpaired,nm_1069up.jpg,0.25,0.25,0.25,0.25
EUVP_Unpaired,nm_106up.jpg,0.25,0.25,0.25,0.25
EUVP_Unpaired,nm_1070up.jpg,0.25,0.25,0.25,0.25
EUVP_Unpaired,nm_1071up.jpg,0.25,0.25,0.25,0.25
EUVP_Unpaired,nm_1072up.jpg,0.25,0.25,0.25,0.25
EUVP_Unpaired,nm_1073up.jpg,0.25,0.25,0.25,0.25
EUVP_Unpaired,nm_1074up.jpg,0.25,0.25,0.25,0.25
EUVP_Unpaired,nm_1075up.jpg,0.25,0.25,0.25,0.25
EUVP_Unpaired,nm_1076up.jpg,0.25,0.25,0.25,0.25
EUVP_Unpaired,nm_1077up.jpg,0.25,0.25,0.25,0.25
EUVP_Unpaired,nm_1078up.jpg,0.25,0.25,0.25,0.25
EUVP_Unpaired,nm_1079up.jpg,0.25,0.25,0.25,0.25
EUVP_Unpaired,nm_107up.jpg,0.25,0.25,0.25,0.25
EUVP_Unpaired,nm_1080up.jpg,0.25,0.25,0.25,0.25
EUVP_Unpaired,nm_1081up.jpg,0.25,0.25,0.25,0.25
EUVP_Unpaired,nm_1082up.jpg,0.25,0.25,0.25,0.25
EUVP_Unpaired,nm_1083up.jpg,0.25,0.25,0.25,0.25
EUVP_Unpaired,nm_1084up.jpg,0.25,0.25,0.25,0.25
EUVP_Unpaired,nm_1085up.jpg,0.25,0.25,0.25,0.25
EUVP_Unpaired,nm_1086up.jpg,0.25,0.25,0.25,0.25
EUVP_Unpaired,nm_1087up.jpg,0.25,0.25,0.25,0.25
EUVP_Unpaired,nm_1088up.jpg,0.25,0.25,0.25,0.25
EUVP_Unpaired,nm_1089up.jpg,0.25,0.25,0.25,0.25
EUVP_Unpaired,nm_108up.jpg,0.25,0.25,0.25,0.25
EUVP_Unpaired,nm_1090up.jpg,0.25,0.25,0.25,0.25
EUVP_Unpaired,nm_1091up.jpg,0.25,0.25,0.25,0.25
EUVP_Unpaired,nm_1092up.jpg,0.25,0.25,0.25,0.25
EUVP_Unpaired,nm_1093up.jpg,0.25,0.25,0.25,0.25
EUVP_Unpaired,nm_1094up.jpg,0.25,0.25,0.25,0.25
EUVP_Unpaired,nm_1095up.jpg,0.25,0.25,0.25,0.25
EUVP_Unpaired,nm_1096up.jpg,0.25,0.25,0.25,0.25
EUVP_Unpaired,nm_1097up.jpg,0.25,0.25,0.25,0.25
EUVP_Unpaired,nm_1098up.jpg,0.25,0.25,0.25,0.25
EUVP_Unpaired,nm_1099up.jpg,0.25,0.25,0.25,0.25
EUVP_Unpaired,nm_109up.jpg,0.25,0.25,0.25,0.25
EUVP_Unpaired,nm_10up.jpg,0.25,0.25,0.25,0.25
EUVP_Unpaired,nm_1100up.jpg,0.25,0.25,0.25,0.25
EUVP_Unpaired,nm_1101up.jpg,0.25,0.25,0.25,0.25
EUVP_Unpaired,nm_1102up.jpg,0.25,0.25,0.25,0.25
EUVP_Unpaired,nm_1103up.jpg,0.25,0.25,0.25,0.25
EUVP_Unpaired,nm_1104up.jpg,0.25,0.25,0.25,0.25
EUVP_Unpaired,nm_1105up.jpg,0.25,0.25,0.25,0.25
EUVP_Unpaired,nm_1106up.jpg,0.25,0.25,0.25,0.25
EUVP_Unpaired,nm_1107up.jpg,0.25,0.25,0.25,0.25
EUVP_Unpaired,nm_1108up.jpg,0.25,0.25,0.25,0.25
EUVP_Unpaired,nm_1109up.jpg,0.25,0.25,0.25,0.25
EUVP_Unpaired,nm_110up.jpg,0.25,0.25,0.25,0.25
EUVP_Unpaired,nm_1110up.jpg,0.25,0.25,0.25,0.25
EUVP_Unpaired,nm_1111up.jpg,0.25,0.25,0.25,0.25
EUVP_Unpaired,nm_1112up.jpg,0.25,0.25,0.25,0.25
EUVP_Unpaired,nm_1113up.jpg,0.25,0.25,0.25,0.25
EUVP_Unpaired,nm_1114up.jpg,0.25,0.25,0.25,0.25
EUVP_Unpaired,nm_1115up.jpg,0.25,0.25,0.25,0.25
EUVP_Unpaired,nm_1116up.jpg,0.25,0.25,0.25,0.25
EUVP_Unpaired,nm_1117up.jpg,0.25,0.25,0.25,0.25
EUVP_Unpaired,nm_1118up.jpg,0.25,0.25,0.25,0.25
EUVP_Unpaired,nm_1119up.jpg,0.25,0.25,0.25,0.25
EUVP_Unpaired,nm_111up.jpg,0.25,0.25,0.25,0.25
EUVP_Unpaired,nm_1120up.jpg,0.25,0.25,0.25,0.25
EUVP_Unpaired,nm_1121up.jpg,0.25,0.25,0.25,0.25
EUVP_Unpaired,nm_1122up.jpg,0.25,0.25,0.25,0.25
EUVP_Unpaired,nm_1123up.jpg,0.25,0.25,0.25,0.25
EUVP_Unpaired,nm_1124up.jpg,0.25,0.25,0.25,0.25
EUVP_Unpaired,nm_1125up.jpg,0.25,0.25,0.25,0.25
EUVP_Unpaired,nm_1126up.jpg,0.25,0.25,0.25,0.25
EUVP_Unpaired,nm_1127up.jpg,0.25,0.25,0.25,0.25
EUVP_Unpaired,nm_1128up.jpg,0.25,0.25,0.25,0.25
EUVP_Unpaired,nm_1129up.jpg,0.25,0.25,0.25,0.25
EUVP_Unpaired,nm_112up.jpg,0.25,0.25,0.25,0.25
EUVP_Unpaired,nm_1130up.jpg,0.25,0.25,0.25,0.25
EUVP_Unpaired,nm_1131up.jpg,0.25,0.25,0.25,0.25
EUVP_Unpaired,nm_1132up.jpg,0.25,0.25,0.25,0.25
EUVP_Unpaired,nm_1133up.jpg,0.25,0.25,0.25,0.25
EUVP_Unpaired,nm_1134up.jpg,0.25,0.25,0.25,0.25
EUVP_Unpaired,nm_1135up.jpg,0.25,0.25,0.25,0.25
EUVP_Unpaired,nm_1136up.jpg,0.25,0.25,0.25,0.25
EUVP_Unpaired,nm_1137up.jpg,0.25,0.25,0.25,0.25
EUVP_Unpaired,nm_1138up.jpg,0.25,0.25,0.25,0.25
EUVP_Unpaired,nm_1139up.jpg,0.25,0.25,0.25,0.25
EUVP_Unpaired,nm_113up.jpg,0.25,0.25,0.25,0.25
EUVP_Unpaired,nm_1140up.jpg,0.25,0.25,0.25,0.25
EUVP_Unpaired,nm_1141up.jpg,0.25,0.25,0.25,0.25
EUVP_Unpaired,nm_1142up.jpg,0.25,0.25,0.25,0.25
EUVP_Unpaired,nm_1143up.jpg,0.25,0.25,0.25,0.25
EUVP_Unpaired,nm_1144up.jpg,0.25,0.25,0.25,0.25
EUVP_Unpaired,nm_1145up.jpg,0.25,0.25,0.25,0.25
EUVP_Unpaired,nm_1146up.jpg,0.25,0.25,0.25,0.25
EUVP_Unpaired,nm_1147up.jpg,0.25,0.25,0.25,0.25
EUVP_Unpaired,nm_1148up.jpg,0.25,0.25,0.25,0.25
EUVP_Unpaired,nm_1149up.jpg,0.25,0.25,0.25,0.25
EUVP_Unpaired,nm_114up.jpg,0.25,0.25,0.25,0.25
EUVP_Unpaired,nm_1150up.jpg,0.25,0.25,0.25,0.25
EUVP_Unpaired,nm_1151up.jpg,0.25,0.25,0.25,0.25
EUVP_Unpaired,nm_1152up.jpg,0.25,0.25,0.25,0.25
EUVP_Unpaired,nm_1153up.jpg,0.25,0.25,0.25,0.25
EUVP_Unpaired,nm_1154up.jpg,0.25,0.25,0.25,0.25
EUVP_Unpaired,nm_1155up.jpg,0.25,0.25,0.25,0.25
EUVP_Unpaired,nm_1156up.jpg,0.25,0.25,0.25,0.25
EUVP_Unpaired,nm_1157up.jpg,0.25,0.25,0.25,0.25
EUVP_Unpaired,nm_1158up.jpg,0.25,0.25,0.25,0.25
EUVP_Unpaired,nm_1159up.jpg,0.25,0.25,0.25,0.25
EUVP_Unpaired,nm_115up.jpg,0.25,0.25,0.25,0.25
EUVP_Unpaired,nm_1160up.jpg,0.25,0.25,0.25,0.25
EUVP_Unpaired,nm_1161up.jpg,0.25,0.25,0.25,0.25
EUVP_Unpaired,nm_1162up.jpg,0.25,0.25,0.25,0.25
EUVP_Unpaired,nm_1163up.jpg,0.25,0.25,0.25,0.25
EUVP_Unpaired,nm_1164up.jpg,0.25,0.25,0.25,0.25
EUVP_Unpaired,nm_1165up.jpg,0.25,0.25,0.25,0.25
EUVP_Unpaired,nm_1166up.jpg,0.25,0.25,0.25,0.25
EUVP_Unpaired,nm_1167up.jpg,0.25,0.25,0.25,0.25
EUVP_Unpaired,nm_1168up.jpg,0.25,0.25,0.25,0.25
EUVP_Unpaired,nm_1169up.jpg,0.25,0.25,0.25,0.25
EUVP_Unpaired,nm_116up.jpg,0.25,0.25,0.25,0.25
EUVP_Unpaired,nm_1170up.jpg,0.25,0.25,0.25,0.25
EUVP_Unpaired,nm_1171up.jpg,0.25,0.25,0.25,0.25
EUVP_Unpaired,nm_1172up.jpg,0.25,0.25,0.25,0.25
EUVP_Unpaired,nm_1173up.jpg,0.25,0.25,0.25,0.25
EUVP_Unpaired,nm_1174up.jpg,0.25,0.25,0.25,0.25
EUVP_Unpaired,nm_1175up.jpg,0.25,0.25,0.25,0.25
EUVP_Unpaired,nm_1176up.jpg,0.25,0.25,0.25,0.25
EUVP_Unpaired,nm_1177up.jpg,0.25,0.25,0.25,0.25
EUVP_Unpaired,nm_1178up.jpg,0.25,0.25,0.25,0.25
EUVP_Unpaired,nm_1179up.jpg,0.25,0.25,0.25,0.25
EUVP_Unpaired,nm_117up.jpg,0.25,0.25,0.25,0.25
EUVP_Unpaired,nm_1180up.jpg,0.25,0.25,0.25,0.25
EUVP_Unpaired,nm_1181up.jpg,0.25,0.25,0.25,0.25
EUVP_Unpaired,nm_1182up.jpg,0.25,0.25,0.25,0.25
EUVP_Unpaired,nm_1183up.jpg,0.25,0.25,0.25,0.25
EUVP_Unpaired,nm_1184up.jpg,0.25,0.25,0.25,0.25
EUVP_Unpaired,nm_1185up.jpg,0.25,0.25,0.25,0.25
EUVP_Unpaired,nm_1186up.jpg,0.25,0.25,0.25,0.25
EUVP_Unpaired,nm_1187up.jpg,0.25,0.25,0.25,0.25
EUVP_Unpaired,nm_1188up.jpg,0.25,0.25,0.25,0.25
EUVP_Unpaired,nm_1189up.jpg,0.25,0.25,0.25,0.25
EUVP_Unpaired,nm_118up.jpg,0.25,0.25,0.25,0.25
EUVP_Unpaired,nm_1190up.jpg,0.25,0.25,0.25,0.25
EUVP_Unpaired,nm_1191up.jpg,0.25,0.25,0.25,0.25
EUVP_Unpaired,nm_1192up.jpg,0.25,0.25,0.25,0.25
EUVP_Unpaired,nm_1193up.jpg,0.25,0.25,0.25,0.25
EUVP_Unpaired,nm_1194up.jpg,0.25,0.25,0.25,0.25
EUVP_Unpaired,nm_1195up.jpg,0.25,0.25,0.25,0.25
EUVP_Unpaired,nm_1196up.jpg,0.25,0.25,0.25,0.25
EUVP_Unpaired,nm_1197up.jpg,0.25,0.25,0.25,0.25
EUVP_Unpaired,nm_1198up.jpg,0.25,0.25,0.25,0.25
EUVP_Unpaired,nm_1199up.jpg,0.25,0.25,0.25,0.25
EUVP_Unpaired,nm_119up.jpg,0.25,0.25,0.25,0.25
EUVP_Unpaired,nm_11up.jpg,0.25,0.25,0.25,0.25
EUVP_Unpaired,nm_1200up.jpg,0.25,0.25,0.25,0.25
EUVP_Unpaired,nm_1201up.jpg,0.25,0.25,0.25,0.25
EUVP_Unpaired,nm_1202up.jpg,0.25,0.25,0.25,0.25
EUVP_Unpaired,nm_1203up.jpg,0.25,0.25,0.25,0.25
EUVP_Unpaired,nm_1204up.jpg,0.25,0.25,0.25,0.25
EUVP_Unpaired,nm_1205up.jpg,0.25,0.25,0.25,0.25
EUVP_Unpaired,nm_1206up.jpg,0.25,0.25,0.25,0.25
EUVP_Unpaired,nm_1207up.jpg,0.25,0.25,0.25,0.25
EUVP_Unpaired,nm_1208up.jpg,0.25,0.25,0.25,0.25
EUVP_Unpaired,nm_1209up.jpg,0.25,0.25,0.25,0.25
EUVP_Unpaired,nm_120up.jpg,0.25,0.25,0.25,0.25
EUVP_Unpaired,nm_1210up.jpg,0.25,0.25,0.25,0.25
EUVP_Unpaired,nm_1211up.jpg,0.25,0.25,0.25,0.25
EUVP_Unpaired,nm_1212up.jpg,0.25,0.25,0.25,0.25
EUVP_Unpaired,nm_1213up.jpg,0.25,0.25,0.25,0.25
EUVP_Unpaired,nm_1214up.jpg,0.25,0.25,0.25,0.25
EUVP_Unpaired,nm_1215up.jpg,0.25,0.25,0.25,0.25
EUVP_Unpaired,nm_1216up.jpg,0.25,0.25,0.25,0.25
EUVP_Unpaired,nm_1217up.jpg,0.25,0.25,0.25,0.25
EUVP_Unpaired,nm_1218up.jpg,0.25,0.25,0.25,0.25
EUVP_Unpaired,nm_1219up.jpg,0.25,0.25,0.25,0.25
EUVP_Unpaired,nm_121up.jpg,0.25,0.25,0.25,0.25
EUVP_Unpaired,nm_1220up.jpg,0.25,0.25,0.25,0.25
EUVP_Unpaired,nm_1221up.jpg,0.25,0.25,0.25,0.25
EUVP_Unpaired,nm_1222up.jpg,0.25,0.25,0.25,0.25
EUVP_Unpaired,nm_1223up.jpg,0.25,0.25,0.25,0.25
EUVP_Unpaired,nm_1224up.jpg,0.25,0.25,0.25,0.25
EUVP_Unpaired,nm_1225up.jpg,0.25,0.25,0.25,0.25
EUVP_Unpaired,nm_1226up.jpg,0.25,0.25,0.25,0.25
EUVP_Unpaired,nm_1227up.jpg,0.25,0.25,0.25,0.25
EUVP_Unpaired,nm_1228up.jpg,0.25,0.25,0.25,0.25
EUVP_Unpaired,nm_1229up.jpg,0.25,0.25,0.25,0.25
EUVP_Unpaired,nm_122up.jpg,0.25,0.25,0.25,0.25
EUVP_Unpaired,nm_1230up.jpg,0.25,0.25,0.25,0.25
EUVP_Unpaired,nm_1231up.jpg,0.25,0.25,0.25,0.25
EUVP_Unpaired,nm_1232up.jpg,0.25,0.25,0.25,0.25
EUVP_Unpaired,nm_1233up.jpg,0.25,0.25,0.25,0.25
EUVP_Unpaired,nm_1234up.jpg,0.25,0.25,0.25,0.25
EUVP_Unpaired,nm_1235up.jpg,0.25,0.25,0.25,0.25
EUVP_Unpaired,nm_1236up.jpg,0.25,0.25,0.25,0.25
EUVP_Unpaired,nm_1237up.jpg,0.25,0.25,0.25,0.25
EUVP_Unpaired,nm_1238up.jpg,0.25,0.25,0.25,0.25
EUVP_Unpaired,nm_1239up.jpg,0.25,0.25,0.25,0.25
EUVP_Unpaired,nm_123up.jpg,0.25,0.25,0.25,0.25
EUVP_Unpaired,nm_1240up.jpg,0.25,0.25,0.25,0.25
EUVP_Unpaired,nm_1241up.jpg,0.25,0.25,0.25,0.25
EUVP_Unpaired,nm_1242up.jpg,0.25,0.25,0.25,0.25
EUVP_Unpaired,nm_1243up.jpg,0.25,0.25,0.25,0.25
EUVP_Unpaired,nm_1244up.jpg,0.25,0.25,0.25,0.25
EUVP_Unpaired,nm_1245up.jpg,0.25,0.25,0.25,0.25
EUVP_Unpaired,nm_1246up.jpg,0.25,0.25,0.25,0.25
EUVP_Unpaired,nm_1247up.jpg,0.25,0.25,0.25,0.25
EUVP_Unpaired,nm_1248up.jpg,0.25,0.25,0.25,0.25
EUVP_Unpaired,nm_1249up.jpg,0.25,0.25,0.25,0.25
EUVP_Unpaired,nm_124up.jpg,0.25,0.25,0.25,0.25
EUVP_Unpaired,nm_1250up.jpg,0.25,0.25,0.25,0.25
EUVP_Unpaired,nm_1251up.jpg,0.25,0.25,0.25,0.25
EUVP_Unpaired,nm_1252up.jpg,0.25,0.25,0.25,0.25
EUVP_Unpaired,nm_1253up.jpg,0.25,0.25,0.25,0.25
EUVP_Unpaired,nm_1254up.jpg,0.25,0.25,0.25,0.25
EUVP_Unpaired,nm_1255up.jpg,0.25,0.25,0.25,0.25
EUVP_Unpaired,nm_1256up.jpg,0.25,0.25,0.25,0.25
EUVP_Unpaired,nm_1257up.jpg,0.25,0.25,0.25,0.25
EUVP_Unpaired,nm_1258up.jpg,0.25,0.25,0.25,0.25
EUVP_Unpaired,nm_1259up.jpg,0.25,0.25,0.25,0.25
EUVP_Unpaired,nm_125up.jpg,0.25,0.25,0.25,0.25
EUVP_Unpaired,nm_1260up.jpg,0.25,0.25,0.25,0.25
EUVP_Unpaired,nm_1261up.jpg,0.25,0.25,0.25,0.25
EUVP_Unpaired,nm_1262up.jpg,0.25,0.25,0.25,0.25
EUVP_Unpaired,nm_1263up.jpg,0.25,0.25,0.25,0.25
EUVP_Unpaired,nm_1264up.jpg,0.25,0.25,0.25,0.25
EUVP_Unpaired,nm_1265up.jpg,0.25,0.25,0.25,0.25
EUVP_Unpaired,nm_1266up.jpg,0.25,0.25,0.25,0.25
EUVP_Unpaired,nm_1267up.jpg,0.25,0.25,0.25,0.25
EUVP_Unpaired,nm_1268up.jpg,0.25,0.25,0.25,0.25
EUVP_Unpaired,nm_1269up.jpg,0.25,0.25,0.25,0.25
EUVP_Unpaired,nm_126up.jpg,0.25,0.25,0.25,0.25
EUVP_Unpaired,nm_1270up.jpg,0.25,0.25,0.25,0.25
EUVP_Unpaired,nm_1271up.jpg,0.25,0.25,0.25,0.25
EUVP_Unpaired,nm_1272up.jpg,0.25,0.25,0.25,0.25
EUVP_Unpaired,nm_1273up.jpg,0.25,0.25,0.25,0.25
EUVP_Unpaired,nm_1274up.jpg,0.25,0.25,0.25,0.25
EUVP_Unpaired,nm_1275up.jpg,0.25,0.25,0.25,0.25
EUVP_Unpaired,nm_1276up.jpg,0.25,0.25,0.25,0.25
EUVP_Unpaired,nm_1277up.jpg,0.25,0.25,0.25,0.25
EUVP_Unpaired,nm_1278up.jpg,0.25,0.25,0.25,0.25
EUVP_Unpaired,nm_1279up.jpg,0.25,0.25,0.25,0.25
EUVP_Unpaired,nm_127up.jpg,0.25,0.25,0.25,0.25
EUVP_Unpaired,nm_1280up.jpg,0.25,0.25,0.25,0.25
EUVP_Unpaired,nm_1281up.jpg,0.25,0.25,0.25,0.25
EUVP_Unpaired,nm_1282up.jpg,0.25,0.25,0.25,0.25
EUVP_Unpaired,nm_1283up.jpg,0.25,0.25,0.25,0.25
EUVP_Unpaired,nm_1284up.jpg,0.25,0.25,0.25,0.25
EUVP_Unpaired,nm_1285up.jpg,0.25,0.25,0.25,0.25
EUVP_Unpaired,nm_1286up.jpg,0.25,0.25,0.25,0.25
EUVP_Unpaired,nm_1287up.jpg,0.25,0.25,0.25,0.25
EUVP_Unpaired,nm_1288up.jpg,0.25,0.25,0.25,0.25
EUVP_Unpaired,nm_1289up(1).jpg,0.25,0.25,0.25,0.25
EUVP_Unpaired,nm_1289up.jpg,0.25,0.25,0.25,0.25
EUVP_Unpaired,nm_128up.jpg,0.25,0.25,0.25,0.25
EUVP_Unpaired,nm_1290up.jpg,0.25,0.25,0.25,0.25
EUVP_Unpaired,nm_1291up.jpg,0.25,0.25,0.25,0.25
EUVP_Unpaired,nm_1292up.jpg,0.25,0.25,0.25,0.25
EUVP_Unpaired,nm_1293up.jpg,0.25,0.25,0.25,0.25
EUVP_Unpaired,nm_1294up.jpg,0.25,0.25,0.25,0.25
EUVP_Unpaired,nm_1295up.jpg,0.25,0.25,0.25,0.25
EUVP_Unpaired,nm_1296up.jpg,0.25,0.25,0.25,0.25
EUVP_Unpaired,nm_1297up.jpg,0.25,0.25,0.25,0.25
EUVP_Unpaired,nm_1298up.jpg,0.25,0.25,0.25,0.25
EUVP_Unpaired,nm_1299up.jpg,0.25,0.25,0.25,0.25
EUVP_Unpaired,nm_129up.jpg,0.25,0.25,0.25,0.25
EUVP_Unpaired,nm_12up.jpg,0.25,0.25,0.25,0.25
EUVP_Unpaired,nm_1300up.jpg,0.25,0.25,0.25,0.25
EUVP_Unpaired,nm_1301up.jpg,0.25,0.25,0.25,0.25
EUVP_Unpaired,nm_1302up.jpg,0.25,0.25,0.25,0.25
EUVP_Unpaired,nm_1303up.jpg,0.25,0.25,0.25,0.25
EUVP_Unpaired,nm_1304up.jpg,0.25,0.25,0.25,0.25
EUVP_Unpaired,nm_1305up.jpg,0.25,0.25,0.25,0.25
EUVP_Unpaired,nm_1306up.jpg,0.25,0.25,0.25,0.25
EUVP_Unpaired,nm_1307up.jpg,0.25,0.25,0.25,0.25
EUVP_Unpaired,nm_1308up.jpg,0.25,0.25,0.25,0.25
EUVP_Unpaired,nm_1309up.jpg,0.25,0.25,0.25,0.25
EUVP_Unpaired,nm_130up.jpg,0.25,0.25,0.25,0.25
EUVP_Unpaired,nm_1310up.jpg,0.25,0.25,0.25,0.25
EUVP_Unpaired,nm_1311up.jpg,0.25,0.25,0.25,0.25
EUVP_Unpaired,nm_1312up.jpg,0.25,0.25,0.25,0.25
EUVP_Unpaired,nm_1313up.jpg,0.25,0.25,0.25,0.25
EUVP_Unpaired,nm_1314up.jpg,0.25,0.25,0.25,0.25
EUVP_Unpaired,nm_1315up.jpg,0.25,0.25,0.25,0.25
EUVP_Unpaired,nm_1316up.jpg,0.25,0.25,0.25,0.25
EUVP_Unpaired,nm_1317up.jpg,0.25,0.25,0.25,0.25
EUVP_Unpaired,nm_1318up.jpg,0.25,0.25,0.25,0.25
EUVP_Unpaired,nm_1319up.jpg,0.25,0.25,0.25,0.25
EUVP_Unpaired,nm_131up.jpg,0.25,0.25,0.25,0.25
EUVP_Unpaired,nm_1320up.jpg,0.25,0.25,0.25,0.25
EUVP_Unpaired,nm_1321up.jpg,0.25,0.25,0.25,0.25
EUVP_Unpaired,nm_1322up.jpg,0.25,0.25,0.25,0.25
EUVP_Unpaired,nm_1323up.jpg,0.25,0.25,0.25,0.25
EUVP_Unpaired,nm_1324up.jpg,0.25,0.25,0.25,0.25
EUVP_Unpaired,nm_1325up.jpg,0.25,0.25,0.25,0.25
EUVP_Unpaired,nm_1326up.jpg,0.25,0.25,0.25,0.25
EUVP_Unpaired,nm_1327up.jpg,0.25,0.25,0.25,0.25
EUVP_Unpaired,nm_1328up.jpg,0.25,0.25,0.25,0.25
EUVP_Unpaired,nm_1329up.jpg,0.25,0.25,0.25,0.25
EUVP_Unpaired,nm_132up.jpg,0.25,0.25,0.25,0.25
EUVP_Unpaired,nm_1330up.jpg,0.25,0.25,0.25,0.25
EUVP_Unpaired,nm_1331up.jpg,0.25,0.25,0.25,0.25
EUVP_Unpaired,nm_1332up.jpg,0.25,0.25,0.25,0.25
EUVP_Unpaired,nm_1333up.jpg,0.25,0.25,0.25,0.25
EUVP_Unpaired,nm_1334up.jpg,0.25,0.25,0.25,0.25
EUVP_Unpaired,nm_1335up.jpg,0.25,0.25,0.25,0.25
EUVP_Unpaired,nm_1336up.jpg,0.25,0.25,0.25,0.25
EUVP_Unpaired,nm_1337up.jpg,0.25,0.25,0.25,0.25
EUVP_Unpaired,nm_1338up.jpg,0.25,0.25,0.25,0.25
EUVP_Unpaired,nm_1339up.jpg,0.25,0.25,0.25,0.25
EUVP_Unpaired,nm_133up.jpg,0.25,0.25,0.25,0.25
EUVP_Unpaired,nm_1340up.jpg,0.25,0.25,0.25,0.25
EUVP_Unpaired,nm_1341up.jpg,0.25,0.25,0.25,0.25
EUVP_Unpaired,nm_1342up.jpg,0.25,0.25,0.25,0.25
EUVP_Unpaired,nm_1343up.jpg,0.25,0.25,0.25,0.25
EUVP_Unpaired,nm_1344up.jpg,0.25,0.25,0.25,0.25
EUVP_Unpaired,nm_1345up.jpg,0.25,0.25,0.25,0.25
EUVP_Unpaired,nm_1346up.jpg,0.25,0.25,0.25,0.25
EUVP_Unpaired,nm_1347up.jpg,0.25,0.25,0.25,0.25
EUVP_Unpaired,nm_1348up.jpg,0.25,0.25,0.25,0.25
EUVP_Unpaired,nm_1349up.jpg,0.25,0.25,0.25,0.25
EUVP_Unpaired,nm_134up.jpg,0.25,0.25,0.25,0.25
EUVP_Unpaired,nm_1350up.jpg,0.25,0.25,0.25,0.25
EUVP_Unpaired,nm_1351up.jpg,0.25,0.25,0.25,0.25
EUVP_Unpaired,nm_1352up.jpg,0.25,0.25,0.25,0.25
EUVP_Unpaired,nm_1353up.jpg,0.25,0.25,0.25,0.25
EUVP_Unpaired,nm_1354up.jpg,0.25,0.25,0.25,0.25
EUVP_Unpaired,nm_1355up.jpg,0.25,0.25,0.25,0.25
EUVP_Unpaired,nm_1356up.jpg,0.25,0.25,0.25,0.25
EUVP_Unpaired,nm_1357up.jpg,0.25,0.25,0.25,0.25
EUVP_Unpaired,nm_1358up.jpg,0.25,0.25,0.25,0.25
EUVP_Unpaired,nm_1359up.jpg,0.25,0.25,0.25,0.25
EUVP_Unpaired,nm_135up.jpg,0.25,0.25,0.25,0.25
EUVP_Unpaired,nm_1360up.jpg,0.25,0.25,0.25,0.25
EUVP_Unpaired,nm_1361up.jpg,0.25,0.25,0.25,0.25
EUVP_Unpaired,nm_1362up.jpg,0.25,0.25,0.25,0.25
EUVP_Unpaired,nm_1363up.jpg,0.25,0.25,0.25,0.25
EUVP_Unpaired,nm_1364up.jpg,0.25,0.25,0.25,0.25
EUVP_Unpaired,nm_1365up.jpg,0.25,0.25,0.25,0.25
EUVP_Unpaired,nm_1366up.jpg,0.25,0.25,0.25,0.25
EUVP_Unpaired,nm_1367up.jpg,0.25,0.25,0.25,0.25
EUVP_Unpaired,nm_1368up.jpg,0.25,0.25,0.25,0.25
EUVP_Unpaired,nm_1369up.jpg,0.25,0.25,0.25,0.25
EUVP_Unpaired,nm_136up.jpg,0.25,0.25,0.25,0.25
EUVP_Unpaired,nm_1370up.jpg,0.25,0.25,0.25,0.25
EUVP_Unpaired,nm_1371up.jpg,0.25,0.25,0.25,0.25
EUVP_Unpaired,nm_1372up.jpg,0.25,0.25,0.25,0.25
EUVP_Unpaired,nm_1373up.jpg,0.25,0.25,0.25,0.25
EUVP_Unpaired,nm_1374up.jpg,0.25,0.25,0.25,0.25
EUVP_Unpaired,nm_1375up.jpg,0.25,0.25,0.25,0.25
EUVP_Unpaired,nm_1376up.jpg,0.25,0.25,0.25,0.25
EUVP_Unpaired,nm_1377up.jpg,0.25,0.25,0.25,0.25
EUVP_Unpaired,nm_1378up.jpg,0.25,0.25,0.25,0.25
EUVP_Unpaired,nm_1379up.jpg,0.25,0.25,0.25,0.25
EUVP_Unpaired,nm_137up.jpg,0.25,0.25,0.25,0.25
EUVP_Unpaired,nm_1380up.jpg,0.25,0.25,0.25,0.25
EUVP_Unpaired,nm_1381up.jpg,0.25,0.25,0.25,0.25
EUVP_Unpaired,nm_1382up.jpg,0.25,0.25,0.25,0.25
EUVP_Unpaired,nm_1383up.jpg,0.25,0.25,0.25,0.25
EUVP_Unpaired,nm_1384up.jpg,0.25,0.25,0.25,0.25
EUVP_Unpaired,nm_1385up.jpg,0.25,0.25,0.25,0.25
EUVP_Unpaired,nm_1386up.jpg,0.25,0.25,0.25,0.25
EUVP_Unpaired,nm_1387up.jpg,0.25,0.25,0.25,0.25
EUVP_Unpaired,nm_1388up.jpg,0.25,0.25,0.25,0.25
EUVP_Unpaired,nm_1389up.jpg,0.25,0.25,0.25,0.25
EUVP_Unpaired,nm_138up.jpg,0.25,0.25,0.25,0.25
EUVP_Unpaired,nm_1390up.jpg,0.25,0.25,0.25,0.25
EUVP_Unpaired,nm_1391up.jpg,0.25,0.25,0.25,0.25
EUVP_Unpaired,nm_1392up.jpg,0.25,0.25,0.25,0.25
EUVP_Unpaired,nm_1393up.jpg,0.25,0.25,0.25,0.25
EUVP_Unpaired,nm_1394up.jpg,0.25,0.25,0.25,0.25
EUVP_Unpaired,nm_1395up.jpg,0.25,0.25,0.25,0.25
EUVP_Unpaired,nm_1396up.jpg,0.25,0.25,0.25,0.25
EUVP_Unpaired,nm_1397up.jpg,0.25,0.25,0.25,0.25
EUVP_Unpaired,nm_1398up.jpg,0.25,0.25,0.25,0.25
EUVP_Unpaired,nm_1399up.jpg,0.25,0.25,0.25,0.25
EUVP_Unpaired,nm_139up.jpg,0.25,0.25,0.25,0.25
EUVP_Unpaired,nm_13up.jpg,0.25,0.25,0.25,0.25
EUVP_Unpaired,nm_1400up.jpg,0.25,0.25,0.25,0.25
EUVP_Unpaired,nm_1401up.jpg,0.25,0.25,0.25,0.25
EUVP_Unpaired,nm_1402up.jpg,0.25,0.25,0.25,0.25
EUVP_Unpaired,nm_1403up.jpg,0.25,0.25,0.25,0.25
EUVP_Unpaired,nm_1404up.jpg,0.25,0.25,0.25,0.25
EUVP_Unpaired,nm_1405up.jpg,0.25,0.25,0.25,0.25
EUVP_Unpaired,nm_1406up.jpg,0.25,0.25,0.25,0.25
EUVP_Unpaired,nm_1407up.jpg,0.25,0.25,0.25,0.25
EUVP_Unpaired,nm_1408up.jpg,0.25,0.25,0.25,0.25
EUVP_Unpaired,nm_1409up.jpg,0.25,0.25,0.25,0.25
EUVP_Unpaired,nm_140up.jpg,0.25,0.25,0.25,0.25
EUVP_Unpaired,nm_1410up.jpg,0.25,0.25,0.25,0.25
EUVP_Unpaired,nm_1411up.jpg,0.25,0.25,0.25,0.25
EUVP_Unpaired,nm_1412up.jpg,0.25,0.25,0.25,0.25
EUVP_Unpaired,nm_1413up.jpg,0.25,0.25,0.25,0.25
EUVP_Unpaired,nm_1414up.jpg,0.25,0.25,0.25,0.25
EUVP_Unpaired,nm_1415up.jpg,0.25,0.25,0.25,0.25
EUVP_Unpaired,nm_1416up.jpg,0.25,0.25,0.25,0.25
EUVP_Unpaired,nm_1417up.jpg,0.25,0.25,0.25,0.25
EUVP_Unpaired,nm_1418up.jpg,0.25,0.25,0.25,0.25
EUVP_Unpaired,nm_1419up.jpg,0.25,0.25,0.25,0.25
EUVP_Unpaired,nm_141up.jpg,0.25,0.25,0.25,0.25
EUVP_Unpaired,nm_1420up.jpg,0.25,0.25,0.25,0.25
EUVP_Unpaired,nm_1421up.jpg,0.25,0.25,0.25,0.25
EUVP_Unpaired,nm_1422up.jpg,0.25,0.25,0.25,0.25
EUVP_Unpaired,nm_1423up.jpg,0.25,0.25,0.25,0.25
EUVP_Unpaired,nm_1424up.jpg,0.25,0.25,0.25,0.25
EUVP_Unpaired,nm_1425up.jpg,0.25,0.25,0.25,0.25
EUVP_Unpaired,nm_1426up.jpg,0.25,0.25,0.25,0.25
EUVP_Unpaired,nm_1427up.jpg,0.25,0.25,0.25,0.25
EUVP_Unpaired,nm_1428up.jpg,0.25,0.25,0.25,0.25
EUVP_Unpaired,nm_1429up.jpg,0.25,0.25,0.25,0.25
EUVP_Unpaired,nm_142up.jpg,0.25,0.25,0.25,0.25
EUVP_Unpaired,nm_1430up.jpg,0.25,0.25,0.25,0.25
EUVP_Unpaired,nm_1431up.jpg,0.25,0.25,0.25,0.25
EUVP_Unpaired,nm_1432up.jpg,0.25,0.25,0.25,0.25
EUVP_Unpaired,nm_1433up.jpg,0.25,0.25,0.25,0.25
EUVP_Unpaired,nm_1434up.jpg,0.25,0.25,0.25,0.25
EUVP_Unpaired,nm_1435up.jpg,0.25,0.25,0.25,0.25
EUVP_Unpaired,nm_1436up.jpg,0.25,0.25,0.25,0.25
EUVP_Unpaired,nm_1437up.jpg,0.25,0.25,0.25,0.25
EUVP_Unpaired,nm_1438up.jpg,0.25,0.25,0.25,0.25
EUVP_Unpaired,nm_1439up.jpg,0.25,0.25,0.25,0.25
EUVP_Unpaired,nm_143up.jpg,0.25,0.25,0.25,0.25
EUVP_Unpaired,nm_1440up.jpg,0.25,0.25,0.25,0.25
EUVP_Unpaired,nm_1441up.jpg,0.25,0.25,0.25,0.25
EUVP_Unpaired,nm_1442up.jpg,0.25,0.25,0.25,0.25
EUVP_Unpaired,nm_1443up.jpg,0.25,0.25,0.25,0.25
EUVP_Unpaired,nm_1444up.jpg,0.25,0.25,0.25,0.25
EUVP_Unpaired,nm_1445up.jpg,0.25,0.25,0.25,0.25
EUVP_Unpaired,nm_1446up.jpg,0.25,0.25,0.25,0.25
EUVP_Unpaired,nm_1447up.jpg,0.25,0.25,0.25,0.25
EUVP_Unpaired,nm_1448up.jpg,0.25,0.25,0.25,0.25
EUVP_Unpaired,nm_1449up.jpg,0.25,0.25,0.25,0.25
EUVP_Unpaired,nm_144up.jpg,0.25,0.25,0.25,0.25
EUVP_Unpaired,nm_1450up.jpg,0.25,0.25,0.25,0.25
EUVP_Unpaired,nm_1451up.jpg,0.25,0.25,0.25,0.25
EUVP_Unpaired,nm_1452up.jpg,0.25,0.25,0.25,0.25
EUVP_Unpaired,nm_1453up.jpg,0.25,0.25,0.25,0.25
EUVP_Unpaired,nm_1454up.jpg,0.25,0.25,0.25,0.25
EUVP_Unpaired,nm_1455up.jpg,0.25,0.25,0.25,0.25
EUVP_Unpaired,nm_1456up.jpg,0.25,0.25,0.25,0.25
EUVP_Unpaired,nm_1457up.jpg,0.25,0.25,0.25,0.25
EUVP_Unpaired,nm_1458up.jpg,0.25,0.25,0.25,0.25
EUVP_Unpaired,nm_1459up.jpg,0.25,0.25,0.25,0.25
EUVP_Unpaired,nm_145up.jpg,0.25,0.25,0.25,0.25
EUVP_Unpaired,nm_1460up.jpg,0.25,0.25,0.25,0.25
EUVP_Unpaired,nm_1461up.jpg,0.25,0.25,0.25,0.25
EUVP_Unpaired,nm_1462up.jpg,0.25,0.25,0.25,0.25
EUVP_Unpaired,nm_1463up.jpg,0.25,0.25,0.25,0.25
EUVP_Unpaired,nm_1464up.jpg,0.25,0.25,0.25,0.25
EUVP_Unpaired,nm_1465up.jpg,0.25,0.25,0.25,0.25
EUVP_Unpaired,nm_1466up.jpg,0.25,0.25,0.25,0.25
EUVP_Unpaired,nm_1467up.jpg,0.25,0.25,0.25,0.25
EUVP_Unpaired,nm_1468up.jpg,0.25,0.25,0.25,0.25
EUVP_Unpaired,nm_1469up.jpg,0.25,0.25,0.25,0.25
EUVP_Unpaired,nm_146up.jpg,0.25,0.25,0.25,0.25
EUVP_Unpaired,nm_1470up.jpg,0.25,0.25,0.25,0.25
EUVP_Unpaired,nm_1471up.jpg,0.25,0.25,0.25,0.25
EUVP_Unpaired,nm_1472up.jpg,0.25,0.25,0.25,0.25
EUVP_Unpaired,nm_1473up.jpg,0.25,0.25,0.25,0.25
EUVP_Unpaired,nm_1474up.jpg,0.25,0.25,0.25,0.25
EUVP_Unpaired,nm_1475up.jpg,0.25,0.25,0.25,0.25
EUVP_Unpaired,nm_1476up.jpg,0.25,0.25,0.25,0.25
EUVP_Unpaired,nm_1477up.jpg,0.25,0.25,0.25,0.25
EUVP_Unpaired,nm_1478up.jpg,0.25,0.25,0.25,0.25
EUVP_Unpaired,nm_1479up.jpg,0.25,0.25,0.25,0.25
EUVP_Unpaired,nm_147up.jpg,0.25,0.25,0.25,0.25
EUVP_Unpaired,nm_1480up.jpg,0.25,0.25,0.25,0.25
EUVP_Unpaired,nm_1481up.jpg,0.25,0.25,0.25,0.25
EUVP_Unpaired,nm_1482up.jpg,0.25,0.25,0.25,0.25
EUVP_Unpaired,nm_1483up.jpg,0.25,0.25,0.25,0.25
EUVP_Unpaired,nm_1484up.jpg,0.25,0.25,0.25,0.25
EUVP_Unpaired,nm_1485up.jpg,0.25,0.25,0.25,0.25
EUVP_Unpaired,nm_1486up.jpg,0.25,0.25,0.25,0.25
EUVP_Unpaired,nm_1487up.jpg,0.25,0.25,0.25,0.25
EUVP_Unpaired,nm_1488up.jpg,0.25,0.25,0.25,0.25
EUVP_Unpaired,nm_1489up.jpg,0.25,0.25,0.25,0.25
EUVP_Unpaired,nm_148up.jpg,0.25,0.25,0.25,0.25
EUVP_Unpaired,nm_1490up.jpg,0.25,0.25,0.25,0.25
EUVP_Unpaired,nm_1491up.jpg,0.25,0.25,0.25,0.25
EUVP_Unpaired,nm_1492up.jpg,0.25,0.25,0.25,0.25
EUVP_Unpaired,nm_1493up.jpg,0.25,0.25,0.25,0.25
EUVP_Unpaired,nm_1494up.jpg,0.25,0.25,0.25,0.25
EUVP_Unpaired,nm_1495up.jpg,0.25,0.25,0.25,0.25
EUVP_Unpaired,nm_1496up.jpg,0.25,0.25,0.25,0.25
EUVP_Unpaired,nm_1497up.jpg,0.25,0.25,0.25,0.25
EUVP_Unpaired,nm_1498up.jpg,0.25,0.25,0.25,0.25
EUVP_Unpaired,nm_1499up.jpg,0.25,0.25,0.25,0.25
EUVP_Unpaired,nm_149up.jpg,0.25,0.25,0.25,0.25
EUVP_Unpaired,nm_14up.jpg,0.25,0.25,0.25,0.25
EUVP_Unpaired,nm_1500up.jpg,0.25,0.25,0.25,0.25
EUVP_Unpaired,nm_1501up.jpg,0.25,0.25,0.25,0.25
EUVP_Unpaired,nm_1502up.jpg,0.25,0.25,0.25,0.25
EUVP_Unpaired,nm_1503up.jpg,0.25,0.25,0.25,0.25
EUVP_Unpaired,nm_1504up.jpg,0.25,0.25,0.25,0.25
EUVP_Unpaired,nm_1505up.jpg,0.25,0.25,0.25,0.25
EUVP_Unpaired,nm_1506up.jpg,0.25,0.25,0.25,0.25
EUVP_Unpaired,nm_1507up.jpg,0.25,0.25,0.25,0.25
EUVP_Unpaired,nm_1508up.jpg,0.25,0.25,0.25,0.25
EUVP_Unpaired,nm_1509up.jpg,0.25,0.25,0.25,0.25
EUVP_Unpaired,nm_150up.jpg,0.25,0.25,0.25,0.25
EUVP_Unpaired,nm_1510up.jpg,0.25,0.25,0.25,0.25
EUVP_Unpaired,nm_1511up.jpg,0.25,0.25,0.25,0.25
EUVP_Unpaired,nm_1512up.jpg,0.25,0.25,0.25,0.25
EUVP_Unpaired,nm_1513up.jpg,0.25,0.25,0.25,0.25
EUVP_Unpaired,nm_1514up.jpg,0.25,0.25,0.25,0.25
EUVP_Unpaired,nm_1515up.jpg,0.25,0.25,0.25,0.25
EUVP_Unpaired,nm_1516up.jpg,0.25,0.25,0.25,0.25
EUVP_Unpaired,nm_1517up.jpg,0.25,0.25,0.25,0.25
EUVP_Unpaired,nm_1518up.jpg,0.25,0.25,0.25,0.25
EUVP_Unpaired,nm_1519up.jpg,0.25,0.25,0.25,0.25
EUVP_Unpaired,nm_151up.jpg,0.25,0.25,0.25,0.25
EUVP_Unpaired,nm_1520up.jpg,0.25,0.25,0.25,0.25
EUVP_Unpaired,nm_1521up.jpg,0.25,0.25,0.25,0.25
EUVP_Unpaired,nm_1522up.jpg,0.25,0.25,0.25,0.25
EUVP_Unpaired,nm_1523up.jpg,0.25,0.25,0.25,0.25
EUVP_Unpaired,nm_1524up.jpg,0.25,0.25,0.25,0.25
EUVP_Unpaired,nm_1525up.jpg,0.25,0.25,0.25,0.25
EUVP_Unpaired,nm_1526up.jpg,0.25,0.25,0.25,0.25
EUVP_Unpaired,nm_1527up.jpg,0.25,0.25,0.25,0.25
EUVP_Unpaired,nm_1528up.jpg,0.25,0.25,0.25,0.25
EUVP_Unpaired,nm_1529up.jpg,0.25,0.25,0.25,0.25
EUVP_Unpaired,nm_152up.jpg,0.25,0.25,0.25,0.25
EUVP_Unpaired,nm_1530up.jpg,0.25,0.25,0.25,0.25
EUVP_Unpaired,nm_1531up.jpg,0.25,0.25,0.25,0.25
EUVP_Unpaired,nm_1532up.jpg,0.25,0.25,0.25,0.25
EUVP_Unpaired,nm_1533up.jpg,0.25,0.25,0.25,0.25
EUVP_Unpaired,nm_1534up.jpg,0.25,0.25,0.25,0.25
EUVP_Unpaired,nm_1535up.jpg,0.25,0.25,0.25,0.25
EUVP_Unpaired,nm_1536up.jpg,0.25,0.25,0.25,0.25
EUVP_Unpaired,nm_1537up.jpg,0.25,0.25,0.25,0.25
EUVP_Unpaired,nm_1538up.jpg,0.25,0.25,0.25,0.25
EUVP_Unpaired,nm_1539up.jpg,0.25,0.25,0.25,0.25
EUVP_Unpaired,nm_153up.jpg,0.25,0.25,0.25,0.25
EUVP_Unpaired,nm_1540up.jpg,0.25,0.25,0.25,0.25
EUVP_Unpaired,nm_1541up.jpg,0.25,0.25,0.25,0.25
EUVP_Unpaired,nm_1542up.jpg,0.25,0.25,0.25,0.25
EUVP_Unpaired,nm_1543up.jpg,0.25,0.25,0.25,0.25
EUVP_Unpaired,nm_1544up.jpg,0.25,0.25,0.25,0.25
EUVP_Unpaired,nm_1545up.jpg,0.25,0.25,0.25,0.25
EUVP_Unpaired,nm_1546up.jpg,0.25,0.25,0.25,0.25
EUVP_Unpaired,nm_1547up.jpg,0.25,0.25,0.25,0.25
EUVP_Unpaired,nm_1548up.jpg,0.25,0.25,0.25,0.25
EUVP_Unpaired,nm_1549up.jpg,0.25,0.25,0.25,0.25
EUVP_Unpaired,nm_154up.jpg,0.25,0.25,0.25,0.25
EUVP_Unpaired,nm_1550up.jpg,0.25,0.25,0.25,0.25
EUVP_Unpaired,nm_1551up.jpg,0.25,0.25,0.25,0.25
EUVP_Unpaired,nm_1552up.jpg,0.25,0.25,0.25,0.25
EUVP_Unpaired,nm_1553up.jpg,0.25,0.25,0.25,0.25
EUVP_Unpaired,nm_1554up.jpg,0.25,0.25,0.25,0.25
EUVP_Unpaired,nm_1555up.jpg,0.25,0.25,0.25,0.25
EUVP_Unpaired,nm_1556up.jpg,0.25,0.25,0.25,0.25
EUVP_Unpaired,nm_1557up.jpg,0.25,0.25,0.25,0.25
EUVP_Unpaired,nm_1558up.jpg,0.25,0.25,0.25,0.25
EUVP_Unpaired,nm_1559up.jpg,0.25,0.25,0.25,0.25
EUVP_Unpaired,nm_155up.jpg,0.25,0.25,0.25,0.25
EUVP_Unpaired,nm_1560up.jpg,0.25,0.25,0.25,0.25
EUVP_Unpaired,nm_1561up.jpg,0.25,0.25,0.25,0.25
EUVP_Unpaired,nm_1562up.jpg,0.25,0.25,0.25,0.25
EUVP_Unpaired,nm_1563up.jpg,0.25,0.25,0.25,0.25
EUVP_Unpaired,nm_1564up.jpg,0.25,0.25,0.25,0.25
EUVP_Unpaired,nm_1565up.jpg,0.25,0.25,0.25,0.25
EUVP_Unpaired,nm_1566up.jpg,0.25,0.25,0.25,0.25
EUVP_Unpaired,nm_1567up.jpg,0.25,0.25,0.25,0.25
EUVP_Unpaired,nm_1568up.jpg,0.25,0.25,0.25,0.25
EUVP_Unpaired,nm_1569up.jpg,0.25,0.25,0.25,0.25
EUVP_Unpaired,nm_156up.jpg,0.25,0.25,0.25,0.25
EUVP_Unpaired,nm_1570up.jpg,0.25,0.25,0.25,0.25
EUVP_Unpaired,nm_1571up.jpg,0.25,0.25,0.25,0.25
EUVP_Unpaired,nm_1572up.jpg,0.25,0.25,0.25,0.25
EUVP_Unpaired,nm_1573up.jpg,0.25,0.25,0.25,0.25
EUVP_Unpaired,nm_1574up.jpg,0.25,0.25,0.25,0.25
EUVP_Unpaired,nm_1575up.jpg,0.25,0.25,0.25,0.25
EUVP_Unpaired,nm_1576up.jpg,0.25,0.25,0.25,0.25
EUVP_Unpaired,nm_1577up.jpg,0.25,0.25,0.25,0.25
EUVP_Unpaired,nm_1578up.jpg,0.25,0.25,0.25,0.25
EUVP_Unpaired,nm_1579up.jpg,0.25,0.25,0.25,0.25
EUVP_Unpaired,nm_157up.jpg,0.25,0.25,0.25,0.25
EUVP_Unpaired,nm_1580up.jpg,0.25,0.25,0.25,0.25
EUVP_Unpaired,nm_1581up.jpg,0.25,0.25,0.25,0.25
EUVP_Unpaired,nm_1582up.jpg,0.25,0.25,0.25,0.25
EUVP_Unpaired,nm_1583up.jpg,0.25,0.25,0.25,0.25
EUVP_Unpaired,nm_1584up.jpg,0.25,0.25,0.25,0.25
EUVP_Unpaired,nm_1585up.jpg,0.25,0.25,0.25,0.25
EUVP_Unpaired,nm_1586up.jpg,0.25,0.25,0.25,0.25
EUVP_Unpaired,nm_1587up.jpg,0.25,0.25,0.25,0.25
EUVP_Unpaired,nm_1588up.jpg,0.25,0.25,0.25,0.25
EUVP_Unpaired,nm_1589up.jpg,0.25,0.25,0.25,0.25
EUVP_Unpaired,nm_158up.jpg,0.25,0.25,0.25,0.25
EUVP_Unpaired,nm_1590up.jpg,0.25,0.25,0.25,0.25
EUVP_Unpaired,nm_1591up.jpg,0.25,0.25,0.25,0.25
EUVP_Unpaired,nm_1592up.jpg,0.25,0.25,0.25,0.25
EUVP_Unpaired,nm_1593up.jpg,0.25,0.25,0.25,0.25
EUVP_Unpaired,nm_1594up.jpg,0.25,0.25,0.25,0.25
EUVP_Unpaired,nm_1595up.jpg,0.25,0.25,0.25,0.25
EUVP_Unpaired,nm_1596up.jpg,0.25,0.25,0.25,0.25
EUVP_Unpaired,nm_1597up.jpg,0.25,0.25,0.25,0.25
EUVP_Unpaired,nm_1598up.jpg,0.25,0.25,0.25,0.25
EUVP_Unpaired,nm_1599up.jpg,0.25,0.25,0.25,0.25
EUVP_Unpaired,nm_159up.jpg,0.25,0.25,0.25,0.25
EUVP_Unpaired,nm_15up.jpg,0.25,0.25,0.25,0.25
EUVP_Unpaired,nm_1600up.jpg,0.25,0.25,0.25,0.25
EUVP_Unpaired,nm_1601up.jpg,0.25,0.25,0.25,0.25
EUVP_Unpaired,nm_1602up.jpg,0.25,0.25,0.25,0.25
EUVP_Unpaired,nm_1603up.jpg,0.25,0.25,0.25,0.25
EUVP_Unpaired,nm_1604up.jpg,0.25,0.25,0.25,0.25
EUVP_Unpaired,nm_1605up.jpg,0.25,0.25,0.25,0.25
EUVP_Unpaired,nm_1606up.jpg,0.25,0.25,0.25,0.25
EUVP_Unpaired,nm_1607up.jpg,0.25,0.25,0.25,0.25
EUVP_Unpaired,nm_1608up.jpg,0.25,0.25,0.25,0.25
EUVP_Unpaired,nm_1609up.jpg,0.25,0.25,0.25,0.25
EUVP_Unpaired,nm_160up.jpg,0.25,0.25,0.25,0.25
EUVP_Unpaired,nm_1610up.jpg,0.25,0.25,0.25,0.25
EUVP_Unpaired,nm_1611up.jpg,0.25,0.25,0.25,0.25
EUVP_Unpaired,nm_1612up.jpg,0.25,0.25,0.25,0.25
EUVP_Unpaired,nm_1613up.jpg,0.25,0.25,0.25,0.25
EUVP_Unpaired,nm_1614up.jpg,0.25,0.25,0.25,0.25
EUVP_Unpaired,nm_1615up.jpg,0.25,0.25,0.25,0.25
EUVP_Unpaired,nm_1616up.jpg,0.25,0.25,0.25,0.25
EUVP_Unpaired,nm_1617up.jpg,0.25,0.25,0.25,0.25
EUVP_Unpaired,nm_1618up.jpg,0.25,0.25,0.25,0.25
EUVP_Unpaired,nm_1619up.jpg,0.25,0.25,0.25,0.25
EUVP_Unpaired,nm_161up.jpg,0.25,0.25,0.25,0.25
EUVP_Unpaired,nm_1620up.jpg,0.25,0.25,0.25,0.25
EUVP_Unpaired,nm_1621up.jpg,0.25,0.25,0.25,0.25
EUVP_Unpaired,nm_1622up.jpg,0.25,0.25,0.25,0.25
EUVP_Unpaired,nm_1623up.jpg,0.25,0.25,0.25,0.25
EUVP_Unpaired,nm_1624up.jpg,0.25,0.25,0.25,0.25
EUVP_Unpaired,nm_1625up.jpg,0.25,0.25,0.25,0.25
EUVP_Unpaired,nm_1626up.jpg,0.25,0.25,0.25,0.25
EUVP_Unpaired,nm_1627up.jpg,0.25,0.25,0.25,0.25
EUVP_Unpaired,nm_1628up.jpg,0.25,0.25,0.25,0.25
EUVP_Unpaired,nm_1629up.jpg,0.25,0.25,0.25,0.25
EUVP_Unpaired,nm_162up.jpg,0.25,0.25,0.25,0.25
EUVP_Unpaired,nm_1630up.jpg,0.25,0.25,0.25,0.25
EUVP_Unpaired,nm_1631up.jpg,0.25,0.25,0.25,0.25
EUVP_Unpaired,nm_1632up.jpg,0.25,0.25,0.25,0.25
EUVP_Unpaired,nm_1633up.jpg,0.25,0.25,0.25,0.25
EUVP_Unpaired,nm_1634up.jpg,0.25,0.25,0.25,0.25
EUVP_Unpaired,nm_1635up.jpg,0.25,0.25,0.25,0.25
EUVP_Unpaired,nm_1636up.jpg,0.25,0.25,0.25,0.25
EUVP_Unpaired,nm_1637up.jpg,0.25,0.25,0.25,0.25
EUVP_Unpaired,nm_1638up.jpg,0.25,0.25,0.25,0.25
EUVP_Unpaired,nm_1639up.jpg,0.25,0.25,0.25,0.25
EUVP_Unpaired,nm_163up.jpg,0.25,0.25,0.25,0.25
EUVP_Unpaired,nm_1640up.jpg,0.25,0.25,0.25,0.25
EUVP_Unpaired,nm_1641up.jpg,0.25,0.25,0.25,0.25
EUVP_Unpaired,nm_1642up.jpg,0.25,0.25,0.25,0.25
EUVP_Unpaired,nm_1643up.jpg,0.25,0.25,0.25,0.25
EUVP_Unpaired,nm_1644up.jpg,0.25,0.25,0.25,0.25
EUVP_Unpaired,nm_1645up.jpg,0.25,0.25,0.25,0.25
EUVP_Unpaired,nm_1646up.jpg,0.25,0.25,0.25,0.25
EUVP_Unpaired,nm_1647up.jpg,0.25,0.25,0.25,0.25
EUVP_Unpaired,nm_1648up.jpg,0.25,0.25,0.25,0.25
EUVP_Unpaired,nm_1649up.jpg,0.25,0.25,0.25,0.25
EUVP_Unpaired,nm_164up.jpg,0.25,0.25,0.25,0.25
EUVP_Unpaired,nm_1650up.jpg,0.25,0.25,0.25,0.25
EUVP_Unpaired,nm_1651up.jpg,0.25,0.25,0.25,0.25
EUVP_Unpaired,nm_1652up.jpg,0.25,0.25,0.25,0.25
EUVP_Unpaired,nm_1653up.jpg,0.25,0.25,0.25,0.25
EUVP_Unpaired,nm_1654up.jpg,0.25,0.25,0.25,0.25
EUVP_Unpaired,nm_1655up.jpg,0.25,0.25,0.25,0.25
EUVP_Unpaired,nm_1656up.jpg,0.25,0.25,0.25,0.25
EUVP_Unpaired,nm_1657up.jpg,0.25,0.25,0.25,0.25
EUVP_Unpaired,nm_1658up.jpg,0.25,0.25,0.25,0.25
EUVP_Unpaired,nm_1659up.jpg,0.25,0.25,0.25,0.25
EUVP_Unpaired,nm_165up.jpg,0.25,0.25,0.25,0.25
EUVP_Unpaired,nm_1660up.jpg,0.25,0.25,0.25,0.25
EUVP_Unpaired,nm_1661up.jpg,0.25,0.25,0.25,0.25
EUVP_Unpaired,nm_1662up.jpg,0.25,0.25,0.25,0.25
EUVP_Unpaired,nm_1663up.jpg,0.25,0.25,0.25,0.25
EUVP_Unpaired,nm_1664up.jpg,0.25,0.25,0.25,0.25
EUVP_Unpaired,nm_1665up.jpg,0.25,0.25,0.25,0.25
EUVP_Unpaired,nm_1666up.jpg,0.25,0.25,0.25,0.25
EUVP_Unpaired,nm_1667up.jpg,0.25,0.25,0.25,0.25
EUVP_Unpaired,nm_1668up.jpg,0.25,0.25,0.25,0.25
EUVP_Unpaired,nm_1669up.jpg,0.25,0.25,0.25,0.25
EUVP_Unpaired,nm_166up.jpg,0.25,0.25,0.25,0.25
EUVP_Unpaired,nm_1670up.jpg,0.25,0.25,0.25,0.25
EUVP_Unpaired,nm_1671up.jpg,0.25,0.25,0.25,0.25
EUVP_Unpaired,nm_1672up.jpg,0.25,0.25,0.25,0.25
EUVP_Unpaired,nm_1673up.jpg,0.25,0.25,0.25,0.25
EUVP_Unpaired,nm_1674up.jpg,0.25,0.25,0.25,0.25
EUVP_Unpaired,nm_1675up.jpg,0.25,0.25,0.25,0.25
EUVP_Unpaired,nm_1676up.jpg,0.25,0.25,0.25,0.25
EUVP_Unpaired,nm_1677up.jpg,0.25,0.25,0.25,0.25
EUVP_Unpaired,nm_1678up.jpg,0.25,0.25,0.25,0.25
EUVP_Unpaired,nm_1679up.jpg,0.25,0.25,0.25,0.25
EUVP_Unpaired,nm_167up.jpg,0.25,0.25,0.25,0.25
EUVP_Unpaired,nm_1680up.jpg,0.25,0.25,0.25,0.25
EUVP_Unpaired,nm_1681up.jpg,0.25,0.25,0.25,0.25
EUVP_Unpaired,nm_1682up.jpg,0.25,0.25,0.25,0.25
EUVP_Unpaired,nm_1683up.jpg,0.25,0.25,0.25,0.25
EUVP_Unpaired,nm_1684up.jpg,0.25,0.25,0.25,0.25
EUVP_Unpaired,nm_1685up.jpg,0.25,0.25,0.25,0.25
EUVP_Unpaired,nm_1686up.jpg,0.25,0.25,0.25,0.25
EUVP_Unpaired,nm_1687up.jpg,0.25,0.25,0.25,0.25
EUVP_Unpaired,nm_1688up.jpg,0.25,0.25,0.25,0.25
EUVP_Unpaired,nm_1689up.jpg,0.25,0.25,0.25,0.25
EUVP_Unpaired,nm_168up.jpg,0.25,0.25,0.25,0.25
EUVP_Unpaired,nm_1690up.jpg,0.25,0.25,0.25,0.25
EUVP_Unpaired,nm_1691up.jpg,0.25,0.25,0.25,0.25
EUVP_Unpaired,nm_1692up.jpg,0.25,0.25,0.25,0.25
EUVP_Unpaired,nm_1693up.jpg,0.25,0.25,0.25,0.25
EUVP_Unpaired,nm_1694up.jpg,0.25,0.25,0.25,0.25
EUVP_Unpaired,nm_1695up.jpg,0.25,0.25,0.25,0.25
EUVP_Unpaired,nm_1696up.jpg,0.25,0.25,0.25,0.25
EUVP_Unpaired,nm_1697up.jpg,0.25,0.25,0.25,0.25
EUVP_Unpaired,nm_1698up.jpg,0.25,0.25,0.25,0.25
EUVP_Unpaired,nm_1699up.jpg,0.25,0.25,0.25,0.25
EUVP_Unpaired,nm_169up.jpg,0.25,0.25,0.25,0.25
EUVP_Unpaired,nm_16up.jpg,0.25,0.25,0.25,0.25
EUVP_Unpaired,nm_1700up.jpg,0.25,0.25,0.25,0.25
EUVP_Unpaired,nm_1701up.jpg,0.25,0.25,0.25,0.25
EUVP_Unpaired,nm_1702up.jpg,0.25,0.25,0.25,0.25
EUVP_Unpaired,nm_1703up.jpg,0.25,0.25,0.25,0.25
EUVP_Unpaired,nm_1704up.jpg,0.25,0.25,0.25,0.25
EUVP_Unpaired,nm_1705up.jpg,0.25,0.25,0.25,0.25
EUVP_Unpaired,nm_1706up.jpg,0.25,0.25,0.25,0.25
EUVP_Unpaired,nm_1707up.jpg,0.25,0.25,0.25,0.25
EUVP_Unpaired,nm_1708up.jpg,0.25,0.25,0.25,0.25
EUVP_Unpaired,nm_1709up.jpg,0.25,0.25,0.25,0.25
EUVP_Unpaired,nm_170up.jpg,0.25,0.25,0.25,0.25
EUVP_Unpaired,nm_1710up.jpg,0.25,0.25,0.25,0.25
EUVP_Unpaired,nm_1711up.jpg,0.25,0.25,0.25,0.25
EUVP_Unpaired,nm_1712up.jpg,0.25,0.25,0.25,0.25
EUVP_Unpaired,nm_1713up.jpg,0.25,0.25,0.25,0.25
EUVP_Unpaired,nm_1714up.jpg,0.25,0.25,0.25,0.25
EUVP_Unpaired,nm_1715up.jpg,0.25,0.25,0.25,0.25
EUVP_Unpaired,nm_1716up.jpg,0.25,0.25,0.25,0.25
EUVP_Unpaired,nm_1717up.jpg,0.25,0.25,0.25,0.25
EUVP_Unpaired,nm_1718up.jpg,0.25,0.25,0.25,0.25
EUVP_Unpaired,nm_1719up.jpg,0.25,0.25,0.25,0.25
EUVP_Unpaired,nm_171up.jpg,0.25,0.25,0.25,0.25
EUVP_Unpaired,nm_1720up.jpg,0.25,0.25,0.25,0.25
EUVP_Unpaired,nm_1721up.jpg,0.25,0.25,0.25,0.25
EUVP_Unpaired,nm_1722up.jpg,0.25,0.25,0.25,0.25
EUVP_Unpaired,nm_1723up.jpg,0.25,0.25,0.25,0.25
EUVP_Unpaired,nm_1724up.jpg,0.25,0.25,0.25,0.25
EUVP_Unpaired,nm_1725up.jpg,0.25,0.25,0.25,0.25
EUVP_Unpaired,nm_1726up.jpg,0.25,0.25,0.25,0.25
EUVP_Unpaired,nm_1727up.jpg,0.25,0.25,0.25,0.25
EUVP_Unpaired,nm_1728up.jpg,0.25,0.25,0.25,0.25
EUVP_Unpaired,nm_1729up.jpg,0.25,0.25,0.25,0.25
EUVP_Unpaired,nm_172up.jpg,0.25,0.25,0.25,0.25
EUVP_Unpaired,nm_1730up.jpg,0.25,0.25,0.25,0.25
EUVP_Unpaired,nm_1731up.jpg,0.25,0.25,0.25,0.25
EUVP_Unpaired,nm_1732up.jpg,0.25,0.25,0.25,0.25
EUVP_Unpaired,nm_1733up.jpg,0.25,0.25,0.25,0.25
EUVP_Unpaired,nm_1734up.jpg,0.25,0.25,0.25,0.25
EUVP_Unpaired,nm_1735up.jpg,0.25,0.25,0.25,0.25
EUVP_Unpaired,nm_1736up.jpg,0.25,0.25,0.25,0.25
EUVP_Unpaired,nm_1737up.jpg,0.25,0.25,0.25,0.25
EUVP_Unpaired,nm_1738up.jpg,0.25,0.25,0.25,0.25
EUVP_Unpaired,nm_1739up.jpg,0.25,0.25,0.25,0.25
EUVP_Unpaired,nm_173up.jpg,0.25,0.25,0.25,0.25
EUVP_Unpaired,nm_1740up.jpg,0.25,0.25,0.25,0.25
EUVP_Unpaired,nm_1741up.jpg,0.25,0.25,0.25,0.25
EUVP_Unpaired,nm_1742up.jpg,0.25,0.25,0.25,0.25
EUVP_Unpaired,nm_1743up.jpg,0.25,0.25,0.25,0.25
EUVP_Unpaired,nm_1744up.jpg,0.25,0.25,0.25,0.25
EUVP_Unpaired,nm_1745up.jpg,0.25,0.25,0.25,0.25
EUVP_Unpaired,nm_1746up.jpg,0.25,0.25,0.25,0.25
EUVP_Unpaired,nm_1747up.jpg,0.25,0.25,0.25,0.25
EUVP_Unpaired,nm_1748up.jpg,0.25,0.25,0.25,0.25
EUVP_Unpaired,nm_1749up.jpg,0.25,0.25,0.25,0.25
EUVP_Unpaired,nm_174up.jpg,0.25,0.25,0.25,0.25
EUVP_Unpaired,nm_1750up.jpg,0.25,0.25,0.25,0.25
EUVP_Unpaired,nm_1751up.jpg,0.25,0.25,0.25,0.25
EUVP_Unpaired,nm_1752up.jpg,0.25,0.25,0.25,0.25
EUVP_Unpaired,nm_1753up.jpg,0.25,0.25,0.25,0.25
EUVP_Unpaired,nm_1754up.jpg,0.25,0.25,0.25,0.25
EUVP_Unpaired,nm_1755up.jpg,0.25,0.25,0.25,0.25
EUVP_Unpaired,nm_1756up.jpg,0.25,0.25,0.25,0.25
EUVP_Unpaired,nm_1757up.jpg,0.25,0.25,0.25,0.25
EUVP_Unpaired,nm_1758up.jpg,0.25,0.25,0.25,0.25
EUVP_Unpaired,nm_1759up.jpg,0.25,0.25,0.25,0.25
EUVP_Unpaired,nm_175up.jpg,0.25,0.25,0.25,0.25
EUVP_Unpaired,nm_1760up.jpg,0.25,0.25,0.25,0.25
EUVP_Unpaired,nm_1761up.jpg,0.25,0.25,0.25,0.25
EUVP_Unpaired,nm_1762up.jpg,0.25,0.25,0.25,0.25
EUVP_Unpaired,nm_1763up.jpg,0.25,0.25,0.25,0.25
EUVP_Unpaired,nm_1764up.jpg,0.25,0.25,0.25,0.25
EUVP_Unpaired,nm_1765up.jpg,0.25,0.25,0.25,0.25
EUVP_Unpaired,nm_1766up.jpg,0.25,0.25,0.25,0.25
EUVP_Unpaired,nm_1767up.jpg,0.25,0.25,0.25,0.25
EUVP_Unpaired,nm_1768up.jpg,0.25,0.25,0.25,0.25
EUVP_Unpaired,nm_1769up.jpg,0.25,0.25,0.25,0.25
EUVP_Unpaired,nm_176up.jpg,0.25,0.25,0.25,0.25
EUVP_Unpaired,nm_1770up.jpg,0.25,0.25,0.25,0.25
EUVP_Unpaired,nm_1771up.jpg,0.25,0.25,0.25,0.25
EUVP_Unpaired,nm_1772up.jpg,0.25,0.25,0.25,0.25
EUVP_Unpaired,nm_1773up.jpg,0.25,0.25,0.25,0.25
EUVP_Unpaired,nm_1774up.jpg,0.25,0.25,0.25,0.25
EUVP_Unpaired,nm_1775up.jpg,0.25,0.25,0.25,0.25
EUVP_Unpaired,nm_1776up.jpg,0.25,0.25,0.25,0.25
EUVP_Unpaired,nm_1777up.jpg,0.25,0.25,0.25,0.25
EUVP_Unpaired,nm_1778up.jpg,0.25,0.25,0.25,0.25
EUVP_Unpaired,nm_1779up.jpg,0.25,0.25,0.25,0.25
EUVP_Unpaired,nm_177up.jpg,0.25,0.25,0.25,0.25
EUVP_Unpaired,nm_1780up.jpg,0.25,0.25,0.25,0.25
EUVP_Unpaired,nm_1781up.jpg,0.25,0.25,0.25,0.25
EUVP_Unpaired,nm_1782up.jpg,0.25,0.25,0.25,0.25
EUVP_Unpaired,nm_1783up.jpg,0.25,0.25,0.25,0.25
EUVP_Unpaired,nm_1784up.jpg,0.25,0.25,0.25,0.25
EUVP_Unpaired,nm_1785up.jpg,0.25,0.25,0.25,0.25
EUVP_Unpaired,nm_1786up.jpg,0.25,0.25,0.25,0.25
EUVP_Unpaired,nm_1787up.jpg,0.25,0.25,0.25,0.25
EUVP_Unpaired,nm_1788up.jpg,0.25,0.25,0.25,0.25
EUVP_Unpaired,nm_1789up.jpg,0.25,0.25,0.25,0.25
EUVP_Unpaired,nm_178up.jpg,0.25,0.25,0.25,0.25
EUVP_Unpaired,nm_1790up.jpg,0.25,0.25,0.25,0.25
EUVP_Unpaired,nm_1791up.jpg,0.25,0.25,0.25,0.25
EUVP_Unpaired,nm_1792up.jpg,0.25,0.25,0.25,0.25
EUVP_Unpaired,nm_1793up.jpg,0.25,0.25,0.25,0.25
EUVP_Unpaired,nm_1794up.jpg,0.25,0.25,0.25,0.25
EUVP_Unpaired,nm_1795up.jpg,0.25,0.25,0.25,0.25
EUVP_Unpaired,nm_1796up.jpg,0.25,0.25,0.25,0.25
EUVP_Unpaired,nm_1797up.jpg,0.25,0.25,0.25,0.25
EUVP_Unpaired,nm_1798up.jpg,0.25,0.25,0.25,0.25
EUVP_Unpaired,nm_1799up.jpg,0.25,0.25,0.25,0.25
EUVP_Unpaired,nm_179up.jpg,0.25,0.25,0.25,0.25
EUVP_Unpaired,nm_17up.jpg,0.25,0.25,0.25,0.25
EUVP_Unpaired,nm_1800up.jpg,0.25,0.25,0.25,0.25
EUVP_Unpaired,nm_1801up.jpg,0.25,0.25,0.25,0.25
EUVP_Unpaired,nm_1802up.jpg,0.25,0.25,0.25,0.25
EUVP_Unpaired,nm_1803up.jpg,0.25,0.25,0.25,0.25
EUVP_Unpaired,nm_1804up.jpg,0.25,0.25,0.25,0.25
EUVP_Unpaired,nm_1805up.jpg,0.25,0.25,0.25,0.25
EUVP_Unpaired,nm_1806up.jpg,0.25,0.25,0.25,0.25
EUVP_Unpaired,nm_1807up.jpg,0.25,0.25,0.25,0.25
EUVP_Unpaired,nm_1808up.jpg,0.25,0.25,0.25,0.25
EUVP_Unpaired,nm_1809up.jpg,0.25,0.25,0.25,0.25
EUVP_Unpaired,nm_180up.jpg,0.25,0.25,0.25,0.25
EUVP_Unpaired,nm_1810up.jpg,0.25,0.25,0.25,0.25
EUVP_Unpaired,nm_1811up.jpg,0.25,0.25,0.25,0.25
EUVP_Unpaired,nm_1812up.jpg,0.25,0.25,0.25,0.25
EUVP_Unpaired,nm_1813up.jpg,0.25,0.25,0.25,0.25
EUVP_Unpaired,nm_1814up.jpg,0.25,0.25,0.25,0.25
EUVP_Unpaired,nm_1815up.jpg,0.25,0.25,0.25,0.25
EUVP_Unpaired,nm_1816up.jpg,0.25,0.25,0.25,0.25
EUVP_Unpaired,nm_1817up.jpg,0.25,0.25,0.25,0.25
EUVP_Unpaired,nm_1818up.jpg,0.25,0.25,0.25,0.25
EUVP_Unpaired,nm_1819up.jpg,0.25,0.25,0.25,0.25
EUVP_Unpaired,nm_181up.jpg,0.25,0.25,0.25,0.25
EUVP_Unpaired,nm_1820up.jpg,0.25,0.25,0.25,0.25
EUVP_Unpaired,nm_1821up.jpg,0.25,0.25,0.25,0.25
EUVP_Unpaired,nm_1822up.jpg,0.25,0.25,0.25,0.25
EUVP_Unpaired,nm_1823up.jpg,0.25,0.25,0.25,0.25
EUVP_Unpaired,nm_1824up.jpg,0.25,0.25,0.25,0.25
EUVP_Unpaired,nm_1825up.jpg,0.25,0.25,0.25,0.25
EUVP_Unpaired,nm_1826up.jpg,0.25,0.25,0.25,0.25
EUVP_Unpaired,nm_1827up.jpg,0.25,0.25,0.25,0.25
EUVP_Unpaired,nm_1828up.jpg,0.25,0.25,0.25,0.25
EUVP_Unpaired,nm_1829up.jpg,0.25,0.25,0.25,0.25
EUVP_Unpaired,nm_182up.jpg,0.25,0.25,0.25,0.25
EUVP_Unpaired,nm_1830up.jpg,0.25,0.25,0.25,0.25
EUVP_Unpaired,nm_1831up.jpg,0.25,0.25,0.25,0.25
EUVP_Unpaired,nm_1832up.jpg,0.25,0.25,0.25,0.25
EUVP_Unpaired,nm_1833up.jpg,0.25,0.25,0.25,0.25
EUVP_Unpaired,nm_1834up.jpg,0.25,0.25,0.25,0.25
EUVP_Unpaired,nm_1835up.jpg,0.25,0.25,0.25,0.25
EUVP_Unpaired,nm_1836up.jpg,0.25,0.25,0.25,0.25
EUVP_Unpaired,nm_1837up.jpg,0.25,0.25,0.25,0.25
EUVP_Unpaired,nm_1838up.jpg,0.25,0.25,0.25,0.25
EUVP_Unpaired,nm_1839up.jpg,0.25,0.25,0.25,0.25
EUVP_Unpaired,nm_183up.jpg,0.25,0.25,0.25,0.25
EUVP_Unpaired,nm_1840up.jpg,0.25,0.25,0.25,0.25
EUVP_Unpaired,nm_1841up.jpg,0.25,0.25,0.25,0.25
EUVP_Unpaired,nm_1842up.jpg,0.25,0.25,0.25,0.25
EUVP_Unpaired,nm_1843up.jpg,0.25,0.25,0.25,0.25
EUVP_Unpaired,nm_1844up.jpg,0.25,0.25,0.25,0.25
EUVP_Unpaired,nm_1845up.jpg,0.25,0.25,0.25,0.25
EUVP_Unpaired,nm_1846up.jpg,0.25,0.25,0.25,0.25
EUVP_Unpaired,nm_1847up.jpg,0.25,0.25,0.25,0.25
EUVP_Unpaired,nm_1848up.jpg,0.25,0.25,0.25,0.25
EUVP_Unpaired,nm_1849up.jpg,0.25,0.25,0.25,0.25
EUVP_Unpaired,nm_184up.jpg,0.25,0.25,0.25,0.25
EUVP_Unpaired,nm_1850up.jpg,0.25,0.25,0.25,0.25
EUVP_Unpaired,nm_1851up.jpg,0.25,0.25,0.25,0.25
EUVP_Unpaired,nm_1852up.jpg,0.25,0.25,0.25,0.25
EUVP_Unpaired,nm_1853up.jpg,0.25,0.25,0.25,0.25
EUVP_Unpaired,nm_1854up.jpg,0.25,0.25,0.25,0.25
EUVP_Unpaired,nm_1855up.jpg,0.25,0.25,0.25,0.25
EUVP_Unpaired,nm_1856up.jpg,0.25,0.25,0.25,0.25
EUVP_Unpaired,nm_1857up.jpg,0.25,0.25,0.25,0.25
EUVP_Unpaired,nm_1858up.jpg,0.25,0.25,0.25,0.25
EUVP_Unpaired,nm_1859up.jpg,0.25,0.25,0.25,0.25
EUVP_Unpaired,nm_185up.jpg,0.25,0.25,0.25,0.25
EUVP_Unpaired,nm_1860up.jpg,0.25,0.25,0.25,0.25
EUVP_Unpaired,nm_1861up.jpg,0.25,0.25,0.25,0.25
EUVP_Unpaired,nm_1862up.jpg,0.25,0.25,0.25,0.25
EUVP_Unpaired,nm_1863up.jpg,0.25,0.25,0.25,0.25
EUVP_Unpaired,nm_1864up.jpg,0.25,0.25,0.25,0.25
EUVP_Unpaired,nm_1865up.jpg,0.25,0.25,0.25,0.25
EUVP_Unpaired,nm_1866up.jpg,0.25,0.25,0.25,0.25
EUVP_Unpaired,nm_1867up.jpg,0.25,0.25,0.25,0.25
EUVP_Unpaired,nm_1868up.jpg,0.25,0.25,0.25,0.25
EUVP_Unpaired,nm_1869up.jpg,0.25,0.25,0.25,0.25
EUVP_Unpaired,nm_186up.jpg,0.25,0.25,0.25,0.25
EUVP_Unpaired,nm_1870up.jpg,0.25,0.25,0.25,0.25
EUVP_Unpaired,nm_1871up.jpg,0.25,0.25,0.25,0.25
EUVP_Unpaired,nm_1872up.jpg,0.25,0.25,0.25,0.25
EUVP_Unpaired,nm_1873up.jpg,0.25,0.25,0.25,0.25
EUVP_Unpaired,nm_1874up.jpg,0.25,0.25,0.25,0.25
EUVP_Unpaired,nm_1875up.jpg,0.25,0.25,0.25,0.25
EUVP_Unpaired,nm_1876up.jpg,0.25,0.25,0.25,0.25
EUVP_Unpaired,nm_1877up.jpg,0.25,0.25,0.25,0.25
EUVP_Unpaired,nm_1878up.jpg,0.25,0.25,0.25,0.25
EUVP_Unpaired,nm_1879up.jpg,0.25,0.25,0.25,0.25
EUVP_Unpaired,nm_187up.jpg,0.25,0.25,0.25,0.25
EUVP_Unpaired,nm_1880up.jpg,0.25,0.25,0.25,0.25
EUVP_Unpaired,nm_1881up.jpg,0.25,0.25,0.25,0.25
EUVP_Unpaired,nm_1882up.jpg,0.25,0.25,0.25,0.25
EUVP_Unpaired,nm_1883up.jpg,0.25,0.25,0.25,0.25
EUVP_Unpaired,nm_1884up.jpg,0.25,0.25,0.25,0.25
EUVP_Unpaired,nm_1885up.jpg,0.25,0.25,0.25,0.25
EUVP_Unpaired,nm_1886up.jpg,0.25,0.25,0.25,0.25
EUVP_Unpaired,nm_1887up.jpg,0.25,0.25,0.25,0.25
EUVP_Unpaired,nm_1888up.jpg,0.25,0.25,0.25,0.25
EUVP_Unpaired,nm_1889up.jpg,0.25,0.25,0.25,0.25
EUVP_Unpaired,nm_188up.jpg,0.25,0.25,0.25,0.25
EUVP_Unpaired,nm_1890up.jpg,0.25,0.25,0.25,0.25
EUVP_Unpaired,nm_1891up.jpg,0.25,0.25,0.25,0.25
EUVP_Unpaired,nm_1892up.jpg,0.25,0.25,0.25,0.25
EUVP_Unpaired,nm_1893up.jpg,0.25,0.25,0.25,0.25
EUVP_Unpaired,nm_1894up.jpg,0.25,0.25,0.25,0.25
EUVP_Unpaired,nm_1895up.jpg,0.25,0.25,0.25,0.25
EUVP_Unpaired,nm_1896up.jpg,0.25,0.25,0.25,0.25
EUVP_Unpaired,nm_1897up.jpg,0.25,0.25,0.25,0.25
EUVP_Unpaired,nm_1898up.jpg,0.25,0.25,0.25,0.25
EUVP_Unpaired,nm_1899up.jpg,0.25,0.25,0.25,0.25
EUVP_Unpaired,nm_189up.jpg,0.25,0.25,0.25,0.25
EUVP_Unpaired,nm_18up.jpg,0.25,0.25,0.25,0.25
EUVP_Unpaired,nm_1900up.jpg,0.25,0.25,0.25,0.25
EUVP_Unpaired,nm_1901up.jpg,0.25,0.25,0.25,0.25
EUVP_Unpaired,nm_1902up.jpg,0.25,0.25,0.25,0.25
EUVP_Unpaired,nm_1903up.jpg,0.25,0.25,0.25,0.25
EUVP_Unpaired,nm_1904up.jpg,0.25,0.25,0.25,0.25
EUVP_Unpaired,nm_1905up.jpg,0.25,0.25,0.25,0.25
EUVP_Unpaired,nm_1906up.jpg,0.25,0.25,0.25,0.25
EUVP_Unpaired,nm_1907up.jpg,0.25,0.25,0.25,0.25
EUVP_Unpaired,nm_1908up.jpg,0.25,0.25,0.25,0.25
EUVP_Unpaired,nm_1909up.jpg,0.25,0.25,0.25,0.25
EUVP_Unpaired,nm_190up.jpg,0.25,0.25,0.25,0.25
EUVP_Unpaired,nm_1910up.jpg,0.25,0.25,0.25,0.25
EUVP_Unpaired,nm_1911up.jpg,0.25,0.25,0.25,0.25
EUVP_Unpaired,nm_1912up.jpg,0.25,0.25,0.25,0.25
EUVP_Unpaired,nm_1913up.jpg,0.25,0.25,0.25,0.25
EUVP_Unpaired,nm_1914up.jpg,0.25,0.25,0.25,0.25
EUVP_Unpaired,nm_1915up.jpg,0.25,0.25,0.25,0.25
EUVP_Unpaired,nm_1916up.jpg,0.25,0.25,0.25,0.25
EUVP_Unpaired,nm_1917up.jpg,0.25,0.25,0.25,0.25
EUVP_Unpaired,nm_1918up.jpg,0.25,0.25,0.25,0.25
EUVP_Unpaired,nm_1919up.jpg,0.25,0.25,0.25,0.25
EUVP_Unpaired,nm_191up.jpg,0.25,0.25,0.25,0.25
EUVP_Unpaired,nm_1920up.jpg,0.25,0.25,0.25,0.25
EUVP_Unpaired,nm_1921up.jpg,0.25,0.25,0.25,0.25
EUVP_Unpaired,nm_1922up.jpg,0.25,0.25,0.25,0.25
EUVP_Unpaired,nm_1923up.jpg,0.25,0.25,0.25,0.25
EUVP_Unpaired,nm_1924up.jpg,0.25,0.25,0.25,0.25
EUVP_Unpaired,nm_1925up.jpg,0.25,0.25,0.25,0.25
EUVP_Unpaired,nm_1926up.jpg,0.25,0.25,0.25,0.25
EUVP_Unpaired,nm_1927up.jpg,0.25,0.25,0.25,0.25
EUVP_Unpaired,nm_1928up.jpg,0.25,0.25,0.25,0.25
EUVP_Unpaired,nm_1929up.jpg,0.25,0.25,0.25,0.25
EUVP_Unpaired,nm_192up.jpg,0.25,0.25,0.25,0.25
EUVP_Unpaired,nm_1930up.jpg,0.25,0.25,0.25,0.25
EUVP_Unpaired,nm_1931up.jpg,0.25,0.25,0.25,0.25
EUVP_Unpaired,nm_1932up.jpg,0.25,0.25,0.25,0.25
EUVP_Unpaired,nm_1933up.jpg,0.25,0.25,0.25,0.25
EUVP_Unpaired,nm_1934up.jpg,0.25,0.25,0.25,0.25
EUVP_Unpaired,nm_1935up.jpg,0.25,0.25,0.25,0.25
EUVP_Unpaired,nm_1936up.jpg,0.25,0.25,0.25,0.25
EUVP_Unpaired,nm_1937up.jpg,0.25,0.25,0.25,0.25
EUVP_Unpaired,nm_1938up.jpg,0.25,0.25,0.25,0.25
EUVP_Unpaired,nm_1939up.jpg,0.25,0.25,0.25,0.25
EUVP_Unpaired,nm_193up.jpg,0.25,0.25,0.25,0.25
EUVP_Unpaired,nm_1940up.jpg,0.25,0.25,0.25,0.25
EUVP_Unpaired,nm_1941up.jpg,0.25,0.25,0.25,0.25
EUVP_Unpaired,nm_1942up.jpg,0.25,0.25,0.25,0.25
EUVP_Unpaired,nm_1943up.jpg,0.25,0.25,0.25,0.25
EUVP_Unpaired,nm_1944up.jpg,0.25,0.25,0.25,0.25
EUVP_Unpaired,nm_1945up.jpg,0.25,0.25,0.25,0.25
EUVP_Unpaired,nm_1946up(1).jpg,0.25,0.25,0.25,0.25
EUVP_Unpaired,nm_1946up.jpg,0.25,0.25,0.25,0.25
EUVP_Unpaired,nm_1947up.jpg,0.25,0.25,0.25,0.25
EUVP_Unpaired,nm_1948up.jpg,0.25,0.25,0.25,0.25
EUVP_Unpaired,nm_1949up.jpg,0.25,0.25,0.25,0.25
EUVP_Unpaired,nm_194up.jpg,0.25,0.25,0.25,0.25
EUVP_Unpaired,nm_1950up.jpg,0.25,0.25,0.25,0.25
EUVP_Unpaired,nm_1951up.jpg,0.25,0.25,0.25,0.25
EUVP_Unpaired,nm_1952up.jpg,0.25,0.25,0.25,0.25
EUVP_Unpaired,nm_1953up.jpg,0.25,0.25,0.25,0.25
EUVP_Unpaired,nm_1954up.jpg,0.25,0.25,0.25,0.25
EUVP_Unpaired,nm_1955up.jpg,0.25,0.25,0.25,0.25
EUVP_Unpaired,nm_1956up.jpg,0.25,0.25,0.25,0.25
EUVP_Unpaired,nm_1957up.jpg,0.25,0.25,0.25,0.25
EUVP_Unpaired,nm_1958up.jpg,0.25,0.25,0.25,0.25
EUVP_Unpaired,nm_1959up.jpg,0.25,0.25,0.25,0.25
EUVP_Unpaired,nm_195up.jpg,0.25,0.25,0.25,0.25
EUVP_Unpaired,nm_1960up.jpg,0.25,0.25,0.25,0.25
EUVP_Unpaired,nm_1961up.jpg,0.25,0.25,0.25,0.25
EUVP_Unpaired,nm_1962up.jpg,0.25,0.25,0.25,0.25
EUVP_Unpaired,nm_1963up.jpg,0.25,0.25,0.25,0.25
EUVP_Unpaired,nm_1964up.jpg,0.25,0.25,0.25,0.25
EUVP_Unpaired,nm_1965up.jpg,0.25,0.25,0.25,0.25
EUVP_Unpaired,nm_1966up.jpg,0.25,0.25,0.25,0.25
EUVP_Unpaired,nm_1967up.jpg,0.25,0.25,0.25,0.25
EUVP_Unpaired,nm_1968up.jpg,0.25,0.25,0.25,0.25
EUVP_Unpaired,nm_1969up.jpg,0.25,0.25,0.25,0.25
EUVP_Unpaired,nm_196up.jpg,0.25,0.25,0.25,0.25
EUVP_Unpaired,nm_1970up.jpg,0.25,0.25,0.25,0.25
EUVP_Unpaired,nm_1971up.jpg,0.25,0.25,0.25,0.25
EUVP_Unpaired,nm_1972up.jpg,0.25,0.25,0.25,0.25
EUVP_Unpaired,nm_1973up.jpg,0.25,0.25,0.25,0.25
EUVP_Unpaired,nm_1974up.jpg,0.25,0.25,0.25,0.25
EUVP_Unpaired,nm_1975up.jpg,0.25,0.25,0.25,0.25
EUVP_Unpaired,nm_1976up.jpg,0.25,0.25,0.25,0.25
EUVP_Unpaired,nm_1977up.jpg,0.25,0.25,0.25,0.25
EUVP_Unpaired,nm_1978up.jpg,0.25,0.25,0.25,0.25
EUVP_Unpaired,nm_1979up.jpg,0.25,0.25,0.25,0.25
EUVP_Unpaired,nm_197up.jpg,0.25,0.25,0.25,0.25
EUVP_Unpaired,nm_1980up.jpg,0.25,0.25,0.25,0.25
EUVP_Unpaired,nm_1981up.jpg,0.25,0.25,0.25,0.25
EUVP_Unpaired,nm_1982up.jpg,0.25,0.25,0.25,0.25
EUVP_Unpaired,nm_1983up.jpg,0.25,0.25,0.25,0.25
EUVP_Unpaired,nm_1984up.jpg,0.25,0.25,0.25,0.25
EUVP_Unpaired,nm_1985up.jpg,0.25,0.25,0.25,0.25
EUVP_Unpaired,nm_1986up.jpg,0.25,0.25,0.25,0.25
EUVP_Unpaired,nm_1987up.jpg,0.25,0.25,0.25,0.25
EUVP_Unpaired,nm_1988up.jpg,0.25,0.25,0.25,0.25
EUVP_Unpaired,nm_1989up.jpg,0.25,0.25,0.25,0.25
EUVP_Unpaired,nm_198up.jpg,0.25,0.25,0.25,0.25
EUVP_Unpaired,nm_1990up.jpg,0.25,0.25,0.25,0.25
EUVP_Unpaired,nm_1991up.jpg,0.25,0.25,0.25,0.25
EUVP_Unpaired,nm_1992up.jpg,0.25,0.25,0.25,0.25
EUVP_Unpaired,nm_1993up.jpg,0.25,0.25,0.25,0.25
EUVP_Unpaired,nm_1994up.jpg,0.25,0.25,0.25,0.25
EUVP_Unpaired,nm_1995up.jpg,0.25,0.25,0.25,0.25
EUVP_Unpaired,nm_1996up.jpg,0.25,0.25,0.25,0.25
EUVP_Unpaired,nm_1997up.jpg,0.25,0.25,0.25,0.25
EUVP_Unpaired,nm_1998up.jpg,0.25,0.25,0.25,0.25
EUVP_Unpaired,nm_1999up.jpg,0.25,0.25,0.25,0.25
EUVP_Unpaired,nm_199up.jpg,0.25,0.25,0.25,0.25
EUVP_Unpaired,nm_19up.jpg,0.25,0.25,0.25,0.25
EUVP_Unpaired,nm_1up.jpg,0.25,0.25,0.25,0.25
EUVP_Unpaired,nm_2000up.jpg,0.25,0.25,0.25,0.25
EUVP_Unpaired,nm_2001up.jpg,0.25,0.25,0.25,0.25
EUVP_Unpaired,nm_2002up.jpg,0.25,0.25,0.25,0.25
EUVP_Unpaired,nm_2003up.jpg,0.25,0.25,0.25,0.25
EUVP_Unpaired,nm_2004up.jpg,0.25,0.25,0.25,0.25
EUVP_Unpaired,nm_2005up.jpg,0.25,0.25,0.25,0.25
EUVP_Unpaired,nm_2006up.jpg,0.25,0.25,0.25,0.25
EUVP_Unpaired,nm_2007up.jpg,0.25,0.25,0.25,0.25
EUVP_Unpaired,nm_2008up.jpg,0.25,0.25,0.25,0.25
EUVP_Unpaired,nm_2009up.jpg,0.25,0.25,0.25,0.25
EUVP_Unpaired,nm_200up.jpg,0.25,0.25,0.25,0.25
EUVP_Unpaired,nm_2010up.jpg,0.25,0.25,0.25,0.25
EUVP_Unpaired,nm_2011up.jpg,0.25,0.25,0.25,0.25
EUVP_Unpaired,nm_2012up.jpg,0.25,0.25,0.25,0.25
EUVP_Unpaired,nm_2013up.jpg,0.25,0.25,0.25,0.25
EUVP_Unpaired,nm_2014up.jpg,0.25,0.25,0.25,0.25
EUVP_Unpaired,nm_2015up.jpg,0.25,0.25,0.25,0.25
EUVP_Unpaired,nm_2016up.jpg,0.25,0.25,0.25,0.25
EUVP_Unpaired,nm_2017up.jpg,0.25,0.25,0.25,0.25
EUVP_Unpaired,nm_2018up.jpg,0.25,0.25,0.25,0.25
EUVP_Unpaired,nm_2019up.jpg,0.25,0.25,0.25,0.25
EUVP_Unpaired,nm_201up.jpg,0.25,0.25,0.25,0.25
EUVP_Unpaired,nm_2020up.jpg,0.25,0.25,0.25,0.25
EUVP_Unpaired,nm_2021up.jpg,0.25,0.25,0.25,0.25
EUVP_Unpaired,nm_2022up.jpg,0.25,0.25,0.25,0.25
EUVP_Unpaired,nm_2023up.jpg,0.25,0.25,0.25,0.25
EUVP_Unpaired,nm_2024up.jpg,0.25,0.25,0.25,0.25
EUVP_Unpaired,nm_2025up.jpg,0.25,0.25,0.25,0.25
EUVP_Unpaired,nm_2026up.jpg,0.25,0.25,0.25,0.25
EUVP_Unpaired,nm_2027up.jpg,0.25,0.25,0.25,0.25
EUVP_Unpaired,nm_2028up.jpg,0.25,0.25,0.25,0.25
EUVP_Unpaired,nm_2029up.jpg,0.25,0.25,0.25,0.25
EUVP_Unpaired,nm_202up.jpg,0.25,0.25,0.25,0.25
EUVP_Unpaired,nm_2030up.jpg,0.25,0.25,0.25,0.25
EUVP_Unpaired,nm_2031up.jpg,0.25,0.25,0.25,0.25
EUVP_Unpaired,nm_2032up.jpg,0.25,0.25,0.25,0.25
EUVP_Unpaired,nm_2033up.jpg,0.25,0.25,0.25,0.25
EUVP_Unpaired,nm_2034up.jpg,0.25,0.25,0.25,0.25
EUVP_Unpaired,nm_2035up.jpg,0.25,0.25,0.25,0.25
EUVP_Unpaired,nm_2036up.jpg,0.25,0.25,0.25,0.25
EUVP_Unpaired,nm_2037up.jpg,0.25,0.25,0.25,0.25
EUVP_Unpaired,nm_2038up.jpg,0.25,0.25,0.25,0.25
EUVP_Unpaired,nm_2039up.jpg,0.25,0.25,0.25,0.25
EUVP_Unpaired,nm_203up.jpg,0.25,0.25,0.25,0.25
EUVP_Unpaired,nm_2040up.jpg,0.25,0.25,0.25,0.25
EUVP_Unpaired,nm_2041up.jpg,0.25,0.25,0.25,0.25
EUVP_Unpaired,nm_2042up.jpg,0.25,0.25,0.25,0.25
EUVP_Unpaired,nm_2043up.jpg,0.25,0.25,0.25,0.25
EUVP_Unpaired,nm_2044up.jpg,0.25,0.25,0.25,0.25
EUVP_Unpaired,nm_2045up.jpg,0.25,0.25,0.25,0.25
EUVP_Unpaired,nm_2046up.jpg,0.25,0.25,0.25,0.25
EUVP_Unpaired,nm_2047up.jpg,0.25,0.25,0.25,0.25
EUVP_Unpaired,nm_2048up.jpg,0.25,0.25,0.25,0.25
EUVP_Unpaired,nm_2049up.jpg,0.25,0.25,0.25,0.25
EUVP_Unpaired,nm_204up.jpg,0.25,0.25,0.25,0.25
EUVP_Unpaired,nm_2050up.jpg,0.25,0.25,0.25,0.25
EUVP_Unpaired,nm_2051up.jpg,0.25,0.25,0.25,0.25
EUVP_Unpaired,nm_2052up.jpg,0.25,0.25,0.25,0.25
EUVP_Unpaired,nm_2053up.jpg,0.25,0.25,0.25,0.25
EUVP_Unpaired,nm_2054up.jpg,0.25,0.25,0.25,0.25
EUVP_Unpaired,nm_2055up.jpg,0.25,0.25,0.25,0.25
EUVP_Unpaired,nm_2056up.jpg,0.25,0.25,0.25,0.25
EUVP_Unpaired,nm_2057up.jpg,0.25,0.25,0.25,0.25
EUVP_Unpaired,nm_2058up.jpg,0.25,0.25,0.25,0.25
EUVP_Unpaired,nm_2059up.jpg,0.25,0.25,0.25,0.25
EUVP_Unpaired,nm_205up.jpg,0.25,0.25,0.25,0.25
EUVP_Unpaired,nm_2060up.jpg,0.25,0.25,0.25,0.25
EUVP_Unpaired,nm_2061up.jpg,0.25,0.25,0.25,0.25
EUVP_Unpaired,nm_2062up.jpg,0.25,0.25,0.25,0.25
EUVP_Unpaired,nm_2063up.jpg,0.25,0.25,0.25,0.25
EUVP_Unpaired,nm_2064up.jpg,0.25,0.25,0.25,0.25
EUVP_Unpaired,nm_2065up.jpg,0.25,0.25,0.25,0.25
EUVP_Unpaired,nm_2066up.jpg,0.25,0.25,0.25,0.25
EUVP_Unpaired,nm_2067up.jpg,0.25,0.25,0.25,0.25
EUVP_Unpaired,nm_2068up.jpg,0.25,0.25,0.25,0.25
EUVP_Unpaired,nm_2069up.jpg,0.25,0.25,0.25,0.25
EUVP_Unpaired,nm_206up.jpg,0.25,0.25,0.25,0.25
EUVP_Unpaired,nm_2070up.jpg,0.25,0.25,0.25,0.25
EUVP_Unpaired,nm_2071up.jpg,0.25,0.25,0.25,0.25
EUVP_Unpaired,nm_2072up.jpg,0.25,0.25,0.25,0.25
EUVP_Unpaired,nm_2073up.jpg,0.25,0.25,0.25,0.25
EUVP_Unpaired,nm_2074up.jpg,0.25,0.25,0.25,0.25
EUVP_Unpaired,nm_2075up.jpg,0.25,0.25,0.25,0.25
EUVP_Unpaired,nm_2076up.jpg,0.25,0.25,0.25,0.25
EUVP_Unpaired,nm_2077up.jpg,0.25,0.25,0.25,0.25
EUVP_Unpaired,nm_2078up.jpg,0.25,0.25,0.25,0.25
EUVP_Unpaired,nm_2079up.jpg,0.25,0.25,0.25,0.25
EUVP_Unpaired,nm_207up.jpg,0.25,0.25,0.25,0.25
EUVP_Unpaired,nm_2080up.jpg,0.25,0.25,0.25,0.25
EUVP_Unpaired,nm_2081up.jpg,0.25,0.25,0.25,0.25
EUVP_Unpaired,nm_2082up.jpg,0.25,0.25,0.25,0.25
EUVP_Unpaired,nm_2083up.jpg,0.25,0.25,0.25,0.25
EUVP_Unpaired,nm_2084up.jpg,0.25,0.25,0.25,0.25
EUVP_Unpaired,nm_2085up.jpg,0.25,0.25,0.25,0.25
EUVP_Unpaired,nm_2086up.jpg,0.25,0.25,0.25,0.25
EUVP_Unpaired,nm_2087up.jpg,0.25,0.25,0.25,0.25
EUVP_Unpaired,nm_2088up.jpg,0.25,0.25,0.25,0.25
EUVP_Unpaired,nm_2089up.jpg,0.25,0.25,0.25,0.25
EUVP_Unpaired,nm_208up.jpg,0.25,0.25,0.25,0.25
EUVP_Unpaired,nm_2090up.jpg,0.25,0.25,0.25,0.25
EUVP_Unpaired,nm_2091up.jpg,0.25,0.25,0.25,0.25
EUVP_Unpaired,nm_2092up.jpg,0.25,0.25,0.25,0.25
EUVP_Unpaired,nm_2093up.jpg,0.25,0.25,0.25,0.25
EUVP_Unpaired,nm_2094up.jpg,0.25,0.25,0.25,0.25
EUVP_Unpaired,nm_2095up.jpg,0.25,0.25,0.25,0.25
EUVP_Unpaired,nm_2096up.jpg,0.25,0.25,0.25,0.25
EUVP_Unpaired,nm_2097up.jpg,0.25,0.25,0.25,0.25
EUVP_Unpaired,nm_2098up.jpg,0.25,0.25,0.25,0.25
EUVP_Unpaired,nm_2099up.jpg,0.25,0.25,0.25,0.25
EUVP_Unpaired,nm_209up.jpg,0.25,0.25,0.25,0.25
EUVP_Unpaired,nm_20up.jpg,0.25,0.25,0.25,0.25
EUVP_Unpaired,nm_2100up.jpg,0.25,0.25,0.25,0.25
EUVP_Unpaired,nm_2101up.jpg,0.25,0.25,0.25,0.25
EUVP_Unpaired,nm_2102up.jpg,0.25,0.25,0.25,0.25
EUVP_Unpaired,nm_2103up.jpg,0.25,0.25,0.25,0.25
EUVP_Unpaired,nm_2104up.jpg,0.25,0.25,0.25,0.25
EUVP_Unpaired,nm_2105up.jpg,0.25,0.25,0.25,0.25
EUVP_Unpaired,nm_2106up.jpg,0.25,0.25,0.25,0.25
EUVP_Unpaired,nm_2107up.jpg,0.25,0.25,0.25,0.25
EUVP_Unpaired,nm_2108up.jpg,0.25,0.25,0.25,0.25
EUVP_Unpaired,nm_2109up.jpg,0.25,0.25,0.25,0.25
EUVP_Unpaired,nm_210up.jpg,0.25,0.25,0.25,0.25
EUVP_Unpaired,nm_2110up.jpg,0.25,0.25,0.25,0.25
EUVP_Unpaired,nm_2111up.jpg,0.25,0.25,0.25,0.25
EUVP_Unpaired,nm_2112up.jpg,0.25,0.25,0.25,0.25
EUVP_Unpaired,nm_2113up.jpg,0.25,0.25,0.25,0.25
EUVP_Unpaired,nm_2114up.jpg,0.25,0.25,0.25,0.25
EUVP_Unpaired,nm_2115up.jpg,0.25,0.25,0.25,0.25
EUVP_Unpaired,nm_2116up.jpg,0.25,0.25,0.25,0.25
EUVP_Unpaired,nm_2117up.jpg,0.25,0.25,0.25,0.25
EUVP_Unpaired,nm_2118up.jpg,0.25,0.25,0.25,0.25
EUVP_Unpaired,nm_2119up.jpg,0.25,0.25,0.25,0.25
EUVP_Unpaired,nm_211up.jpg,0.25,0.25,0.25,0.25
EUVP_Unpaired,nm_2120up.jpg,0.25,0.25,0.25,0.25
EUVP_Unpaired,nm_2121up.jpg,0.25,0.25,0.25,0.25
EUVP_Unpaired,nm_2122up.jpg,0.25,0.25,0.25,0.25
EUVP_Unpaired,nm_2123up.jpg,0.25,0.25,0.25,0.25
EUVP_Unpaired,nm_2124up.jpg,0.25,0.25,0.25,0.25
EUVP_Unpaired,nm_2125up.jpg,0.25,0.25,0.25,0.25
EUVP_Unpaired,nm_2126up.jpg,0.25,0.25,0.25,0.25
EUVP_Unpaired,nm_2127up.jpg,0.25,0.25,0.25,0.25
EUVP_Unpaired,nm_2128up.jpg,0.25,0.25,0.25,0.25
EUVP_Unpaired,nm_2129up.jpg,0.25,0.25,0.25,0.25
EUVP_Unpaired,nm_212up.jpg,0.25,0.25,0.25,0.25
EUVP_Unpaired,nm_2130up.jpg,0.25,0.25,0.25,0.25
EUVP_Unpaired,nm_2131up.jpg,0.25,0.25,0.25,0.25
EUVP_Unpaired,nm_2132up.jpg,0.25,0.25,0.25,0.25
EUVP_Unpaired,nm_2133up.jpg,0.25,0.25,0.25,0.25
EUVP_Unpaired,nm_2134up.jpg,0.25,0.25,0.25,0.25
EUVP_Unpaired,nm_2135up.jpg,0.25,0.25,0.25,0.25
EUVP_Unpaired,nm_2136up.jpg,0.25,0.25,0.25,0.25
EUVP_Unpaired,nm_2137up.jpg,0.25,0.25,0.25,0.25
EUVP_Unpaired,nm_2138up.jpg,0.25,0.25,0.25,0.25
EUVP_Unpaired,nm_2139up.jpg,0.25,0.25,0.25,0.25
EUVP_Unpaired,nm_213up.jpg,0.25,0.25,0.25,0.25
EUVP_Unpaired,nm_2140up.jpg,0.25,0.25,0.25,0.25
EUVP_Unpaired,nm_2141up.jpg,0.25,0.25,0.25,0.25
EUVP_Unpaired,nm_2142up.jpg,0.25,0.25,0.25,0.25
EUVP_Unpaired,nm_2143up.jpg,0.25,0.25,0.25,0.25
EUVP_Unpaired,nm_2144up.jpg,0.25,0.25,0.25,0.25
EUVP_Unpaired,nm_2145up.jpg,0.25,0.25,0.25,0.25
EUVP_Unpaired,nm_2146up.jpg,0.25,0.25,0.25,0.25
EUVP_Unpaired,nm_2147up.jpg,0.25,0.25,0.25,0.25
EUVP_Unpaired,nm_2148up.jpg,0.25,0.25,0.25,0.25
EUVP_Unpaired,nm_2149up.jpg,0.25,0.25,0.25,0.25
EUVP_Unpaired,nm_214up.jpg,0.25,0.25,0.25,0.25
EUVP_Unpaired,nm_2150up.jpg,0.25,0.25,0.25,0.25
EUVP_Unpaired,nm_2151up.jpg,0.25,0.25,0.25,0.25
EUVP_Unpaired,nm_2152up.jpg,0.25,0.25,0.25,0.25
EUVP_Unpaired,nm_2153up.jpg,0.25,0.25,0.25,0.25
EUVP_Unpaired,nm_2154up.jpg,0.25,0.25,0.25,0.25
EUVP_Unpaired,nm_2155up.jpg,0.25,0.25,0.25,0.25
EUVP_Unpaired,nm_2156up.jpg,0.25,0.25,0.25,0.25
EUVP_Unpaired,nm_2157up.jpg,0.25,0.25,0.25,0.25
EUVP_Unpaired,nm_2158up.jpg,0.25,0.25,0.25,0.25
EUVP_Unpaired,nm_2159up.jpg,0.25,0.25,0.25,0.25
EUVP_Unpaired,nm_215up.jpg,0.25,0.25,0.25,0.25
EUVP_Unpaired,nm_2160up.jpg,0.25,0.25,0.25,0.25
EUVP_Unpaired,nm_2161up.jpg,0.25,0.25,0.25,0.25
EUVP_Unpaired,nm_2162up.jpg,0.25,0.25,0.25,0.25
EUVP_Unpaired,nm_2163up.jpg,0.25,0.25,0.25,0.25
EUVP_Unpaired,nm_2164up.jpg,0.25,0.25,0.25,0.25
EUVP_Unpaired,nm_2165up.jpg,0.25,0.25,0.25,0.25
EUVP_Unpaired,nm_2166up.jpg,0.25,0.25,0.25,0.25
EUVP_Unpaired,nm_2167up.jpg,0.25,0.25,0.25,0.25
EUVP_Unpaired,nm_2168up.jpg,0.25,0.25,0.25,0.25
EUVP_Unpaired,nm_2169up.jpg,0.25,0.25,0.25,0.25
EUVP_Unpaired,nm_216up.jpg,0.25,0.25,0.25,0.25
EUVP_Unpaired,nm_2170up.jpg,0.25,0.25,0.25,0.25
EUVP_Unpaired,nm_2171up.jpg,0.25,0.25,0.25,0.25
EUVP_Unpaired,nm_2172up.jpg,0.25,0.25,0.25,0.25
EUVP_Unpaired,nm_2173up.jpg,0.25,0.25,0.25,0.25
EUVP_Unpaired,nm_2174up.jpg,0.25,0.25,0.25,0.25
EUVP_Unpaired,nm_2175up.jpg,0.25,0.25,0.25,0.25
EUVP_Unpaired,nm_2176up.jpg,0.25,0.25,0.25,0.25
EUVP_Unpaired,nm_2177up.jpg,0.25,0.25,0.25,0.25
EUVP_Unpaired,nm_2178up.jpg,0.25,0.25,0.25,0.25
EUVP_Unpaired,nm_2179up.jpg,0.25,0.25,0.25,0.25
EUVP_Unpaired,nm_217up.jpg,0.25,0.25,0.25,0.25
EUVP_Unpaired,nm_2180up(1).jpg,0.25,0.25,0.25,0.25
EUVP_Unpaired,nm_2180up.jpg,0.25,0.25,0.25,0.25
EUVP_Unpaired,nm_2181up.jpg,0.25,0.25,0.25,0.25
EUVP_Unpaired,nm_2182up.jpg,0.25,0.25,0.25,0.25
EUVP_Unpaired,nm_2183up.jpg,0.25,0.25,0.25,0.25
EUVP_Unpaired,nm_2184up.jpg,0.25,0.25,0.25,0.25
EUVP_Unpaired,nm_2185up.jpg,0.25,0.25,0.25,0.25
EUVP_Unpaired,nm_2186up.jpg,0.25,0.25,0.25,0.25
EUVP_Unpaired,nm_2187up.jpg,0.25,0.25,0.25,0.25
EUVP_Unpaired,nm_2188up.jpg,0.25,0.25,0.25,0.25
EUVP_Unpaired,nm_2189up.jpg,0.25,0.25,0.25,0.25
EUVP_Unpaired,nm_218up.jpg,0.25,0.25,0.25,0.25
EUVP_Unpaired,nm_2190up.jpg,0.25,0.25,0.25,0.25
EUVP_Unpaired,nm_2191up.jpg,0.25,0.25,0.25,0.25
EUVP_Unpaired,nm_2192up.jpg,0.25,0.25,0.25,0.25
EUVP_Unpaired,nm_2193up.jpg,0.25,0.25,0.25,0.25
EUVP_Unpaired,nm_2194up.jpg,0.25,0.25,0.25,0.25
EUVP_Unpaired,nm_2195up.jpg,0.25,0.25,0.25,0.25
EUVP_Unpaired,nm_2196up.jpg,0.25,0.25,0.25,0.25
EUVP_Unpaired,nm_2197up.jpg,0.25,0.25,0.25,0.25
EUVP_Unpaired,nm_2198up.jpg,0.25,0.25,0.25,0.25
EUVP_Unpaired,nm_2199up.jpg,0.25,0.25,0.25,0.25
EUVP_Unpaired,nm_219up.jpg,0.25,0.25,0.25,0.25
EUVP_Unpaired,nm_21up.jpg,0.25,0.25,0.25,0.25
EUVP_Unpaired,nm_2200up.jpg,0.25,0.25,0.25,0.25
EUVP_Unpaired,nm_2201up.jpg,0.25,0.25,0.25,0.25
EUVP_Unpaired,nm_2202up.jpg,0.25,0.25,0.25,0.25
EUVP_Unpaired,nm_2203up.jpg,0.25,0.25,0.25,0.25
EUVP_Unpaired,nm_2204up.jpg,0.25,0.25,0.25,0.25
EUVP_Unpaired,nm_2205up.jpg,0.25,0.25,0.25,0.25
EUVP_Unpaired,nm_2206up.jpg,0.25,0.25,0.25,0.25
EUVP_Unpaired,nm_2207up.jpg,0.25,0.25,0.25,0.25
EUVP_Unpaired,nm_2208up.jpg,0.25,0.25,0.25,0.25
EUVP_Unpaired,nm_2209up.jpg,0.25,0.25,0.25,0.25
EUVP_Unpaired,nm_220up.jpg,0.25,0.25,0.25,0.25
EUVP_Unpaired,nm_2210up.jpg,0.25,0.25,0.25,0.25
EUVP_Unpaired,nm_2211up.jpg,0.25,0.25,0.25,0.25
EUVP_Unpaired,nm_2212up.jpg,0.25,0.25,0.25,0.25
EUVP_Unpaired,nm_2213up.jpg,0.25,0.25,0.25,0.25
EUVP_Unpaired,nm_2214up.jpg,0.25,0.25,0.25,0.25
EUVP_Unpaired,nm_2215up.jpg,0.25,0.25,0.25,0.25
EUVP_Unpaired,nm_2216up.jpg,0.25,0.25,0.25,0.25
EUVP_Unpaired,nm_2217up.jpg,0.25,0.25,0.25,0.25
EUVP_Unpaired,nm_2218up.jpg,0.25,0.25,0.25,0.25
EUVP_Unpaired,nm_2219up.jpg,0.25,0.25,0.25,0.25
EUVP_Unpaired,nm_221up.jpg,0.25,0.25,0.25,0.25
EUVP_Unpaired,nm_2220up.jpg,0.25,0.25,0.25,0.25
EUVP_Unpaired,nm_2221up.jpg,0.25,0.25,0.25,0.25
EUVP_Unpaired,nm_2222up.jpg,0.25,0.25,0.25,0.25
EUVP_Unpaired,nm_2223up.jpg,0.25,0.25,0.25,0.25
EUVP_Unpaired,nm_2224up.jpg,0.25,0.25,0.25,0.25
EUVP_Unpaired,nm_2225up.jpg,0.25,0.25,0.25,0.25
EUVP_Unpaired,nm_2226up.jpg,0.25,0.25,0.25,0.25
EUVP_Unpaired,nm_2227up.jpg,0.25,0.25,0.25,0.25
EUVP_Unpaired,nm_2228up.jpg,0.25,0.25,0.25,0.25
EUVP_Unpaired,nm_2229up.jpg,0.25,0.25,0.25,0.25
EUVP_Unpaired,nm_222up.jpg,0.25,0.25,0.25,0.25
EUVP_Unpaired,nm_2230up.jpg,0.25,0.25,0.25,0.25
EUVP_Unpaired,nm_2231up.jpg,0.25,0.25,0.25,0.25
EUVP_Unpaired,nm_2232up.jpg,0.25,0.25,0.25,0.25
EUVP_Unpaired,nm_2233up.jpg,0.25,0.25,0.25,0.25
EUVP_Unpaired,nm_2234up.jpg,0.25,0.25,0.25,0.25
EUVP_Unpaired,nm_2235up.jpg,0.25,0.25,0.25,0.25
EUVP_Unpaired,nm_2236up.jpg,0.25,0.25,0.25,0.25
EUVP_Unpaired,nm_2237up.jpg,0.25,0.25,0.25,0.25
EUVP_Unpaired,nm_2238up.jpg,0.25,0.25,0.25,0.25
EUVP_Unpaired,nm_2239up.jpg,0.25,0.25,0.25,0.25
EUVP_Unpaired,nm_223up.jpg,0.25,0.25,0.25,0.25
EUVP_Unpaired,nm_2240up.jpg,0.25,0.25,0.25,0.25
EUVP_Unpaired,nm_2241up.jpg,0.25,0.25,0.25,0.25
EUVP_Unpaired,nm_2242up.jpg,0.25,0.25,0.25,0.25
EUVP_Unpaired,nm_2243up.jpg,0.25,0.25,0.25,0.25
EUVP_Unpaired,nm_2244up.jpg,0.25,0.25,0.25,0.25
EUVP_Unpaired,nm_2245up.jpg,0.25,0.25,0.25,0.25
EUVP_Unpaired,nm_2246up.jpg,0.25,0.25,0.25,0.25
EUVP_Unpaired,nm_2247up.jpg,0.25,0.25,0.25,0.25
EUVP_Unpaired,nm_2248up.jpg,0.25,0.25,0.25,0.25
EUVP_Unpaired,nm_2249up.jpg,0.25,0.25,0.25,0.25
EUVP_Unpaired,nm_224up.jpg,0.25,0.25,0.25,0.25
EUVP_Unpaired,nm_2250up.jpg,0.25,0.25,0.25,0.25
EUVP_Unpaired,nm_2251up.jpg,0.25,0.25,0.25,0.25
EUVP_Unpaired,nm_2252up.jpg,0.25,0.25,0.25,0.25
EUVP_Unpaired,nm_2253up.jpg,0.25,0.25,0.25,0.25
EUVP_Unpaired,nm_2254up.jpg,0.25,0.25,0.25,0.25
EUVP_Unpaired,nm_2255up.jpg,0.25,0.25,0.25,0.25
EUVP_Unpaired,nm_2256up.jpg,0.25,0.25,0.25,0.25
EUVP_Unpaired,nm_2257up.jpg,0.25,0.25,0.25,0.25
EUVP_Unpaired,nm_2258up.jpg,0.25,0.25,0.25,0.25
EUVP_Unpaired,nm_2259up.jpg,0.25,0.25,0.25,0.25
EUVP_Unpaired,nm_225up.jpg,0.25,0.25,0.25,0.25
EUVP_Unpaired,nm_2260up.jpg,0.25,0.25,0.25,0.25
EUVP_Unpaired,nm_2261up.jpg,0.25,0.25,0.25,0.25
EUVP_Unpaired,nm_2262up.jpg,0.25,0.25,0.25,0.25
EUVP_Unpaired,nm_2263up.jpg,0.25,0.25,0.25,0.25
EUVP_Unpaired,nm_2264up.jpg,0.25,0.25,0.25,0.25
EUVP_Unpaired,nm_2265up.jpg,0.25,0.25,0.25,0.25
EUVP_Unpaired,nm_2266up.jpg,0.25,0.25,0.25,0.25
EUVP_Unpaired,nm_2267up.jpg,0.25,0.25,0.25,0.25
EUVP_Unpaired,nm_2268up.jpg,0.25,0.25,0.25,0.25
EUVP_Unpaired,nm_2269up.jpg,0.25,0.25,0.25,0.25
EUVP_Unpaired,nm_226up.jpg,0.25,0.25,0.25,0.25
EUVP_Unpaired,nm_2270up.jpg,0.25,0.25,0.25,0.25
EUVP_Unpaired,nm_2271up.jpg,0.25,0.25,0.25,0.25
EUVP_Unpaired,nm_2272up.jpg,0.25,0.25,0.25,0.25
EUVP_Unpaired,nm_2273up.jpg,0.25,0.25,0.25,0.25
EUVP_Unpaired,nm_2274up.jpg,0.25,0.25,0.25,0.25
EUVP_Unpaired,nm_2275up.jpg,0.25,0.25,0.25,0.25
EUVP_Unpaired,nm_2276up.jpg,0.25,0.25,0.25,0.25
EUVP_Unpaired,nm_2277up.jpg,0.25,0.25,0.25,0.25
EUVP_Unpaired,nm_2278up.jpg,0.25,0.25,0.25,0.25
EUVP_Unpaired,nm_2279up.jpg,0.25,0.25,0.25,0.25
EUVP_Unpaired,nm_227up.jpg,0.25,0.25,0.25,0.25
EUVP_Unpaired,nm_2280up.jpg,0.25,0.25,0.25,0.25
EUVP_Unpaired,nm_2281up.jpg,0.25,0.25,0.25,0.25
EUVP_Unpaired,nm_2282up.jpg,0.25,0.25,0.25,0.25
EUVP_Unpaired,nm_2283up.jpg,0.25,0.25,0.25,0.25
EUVP_Unpaired,nm_2284up.jpg,0.25,0.25,0.25,0.25
EUVP_Unpaired,nm_2285up.jpg,0.25,0.25,0.25,0.25
EUVP_Unpaired,nm_2286up.jpg,0.25,0.25,0.25,0.25
EUVP_Unpaired,nm_2287up.jpg,0.25,0.25,0.25,0.25
EUVP_Unpaired,nm_2288up.jpg,0.25,0.25,0.25,0.25
EUVP_Unpaired,nm_2289up.jpg,0.25,0.25,0.25,0.25
EUVP_Unpaired,nm_228up.jpg,0.25,0.25,0.25,0.25
EUVP_Unpaired,nm_2290up.jpg,0.25,0.25,0.25,0.25
EUVP_Unpaired,nm_2291up.jpg,0.25,0.25,0.25,0.25
EUVP_Unpaired,nm_2292up.jpg,0.25,0.25,0.25,0.25
EUVP_Unpaired,nm_2293up.jpg,0.25,0.25,0.25,0.25
EUVP_Unpaired,nm_2294up.jpg,0.25,0.25,0.25,0.25
EUVP_Unpaired,nm_2295up.jpg,0.25,0.25,0.25,0.25
EUVP_Unpaired,nm_2296up.jpg,0.25,0.25,0.25,0.25
EUVP_Unpaired,nm_2297up.jpg,0.25,0.25,0.25,0.25
EUVP_Unpaired,nm_2298up.jpg,0.25,0.25,0.25,0.25
EUVP_Unpaired,nm_2299up.jpg,0.25,0.25,0.25,0.25
EUVP_Unpaired,nm_229up.jpg,0.25,0.25,0.25,0.25
EUVP_Unpaired,nm_22up.jpg,0.25,0.25,0.25,0.25
EUVP_Unpaired,nm_2300up.jpg,0.25,0.25,0.25,0.25
EUVP_Unpaired,nm_2301up.jpg,0.25,0.25,0.25,0.25
EUVP_Unpaired,nm_2302up.jpg,0.25,0.25,0.25,0.25
EUVP_Unpaired,nm_2303up.jpg,0.25,0.25,0.25,0.25
EUVP_Unpaired,nm_2304up.jpg,0.25,0.25,0.25,0.25
EUVP_Unpaired,nm_2305up.jpg,0.25,0.25,0.25,0.25
EUVP_Unpaired,nm_2306up.jpg,0.25,0.25,0.25,0.25
EUVP_Unpaired,nm_2307up.jpg,0.25,0.25,0.25,0.25
EUVP_Unpaired,nm_2308up.jpg,0.25,0.25,0.25,0.25
EUVP_Unpaired,nm_2309up.jpg,0.25,0.25,0.25,0.25
EUVP_Unpaired,nm_230up.jpg,0.25,0.25,0.25,0.25
EUVP_Unpaired,nm_2310up.jpg,0.25,0.25,0.25,0.25
EUVP_Unpaired,nm_2311up.jpg,0.25,0.25,0.25,0.25
EUVP_Unpaired,nm_2312up.jpg,0.25,0.25,0.25,0.25
EUVP_Unpaired,nm_2313up.jpg,0.25,0.25,0.25,0.25
EUVP_Unpaired,nm_2314up.jpg,0.25,0.25,0.25,0.25
EUVP_Unpaired,nm_2315up.jpg,0.25,0.25,0.25,0.25
EUVP_Unpaired,nm_2316up.jpg,0.25,0.25,0.25,0.25
EUVP_Unpaired,nm_2317up.jpg,0.25,0.25,0.25,0.25
EUVP_Unpaired,nm_2318up.jpg,0.25,0.25,0.25,0.25
EUVP_Unpaired,nm_2319up.jpg,0.25,0.25,0.25,0.25
EUVP_Unpaired,nm_231up.jpg,0.25,0.25,0.25,0.25
EUVP_Unpaired,nm_2320up.jpg,0.25,0.25,0.25,0.25
EUVP_Unpaired,nm_2321up.jpg,0.25,0.25,0.25,0.25
EUVP_Unpaired,nm_2322up.jpg,0.25,0.25,0.25,0.25
EUVP_Unpaired,nm_2323up.jpg,0.25,0.25,0.25,0.25
EUVP_Unpaired,nm_2324up.jpg,0.25,0.25,0.25,0.25
EUVP_Unpaired,nm_2325up.jpg,0.25,0.25,0.25,0.25
EUVP_Unpaired,nm_2326up.jpg,0.25,0.25,0.25,0.25
EUVP_Unpaired,nm_2327up.jpg,0.25,0.25,0.25,0.25
EUVP_Unpaired,nm_2328up.jpg,0.25,0.25,0.25,0.25
EUVP_Unpaired,nm_2329up.jpg,0.25,0.25,0.25,0.25
EUVP_Unpaired,nm_232up.jpg,0.25,0.25,0.25,0.25
EUVP_Unpaired,nm_2330up.jpg,0.25,0.25,0.25,0.25
EUVP_Unpaired,nm_2331up.jpg,0.25,0.25,0.25,0.25
EUVP_Unpaired,nm_2332up.jpg,0.25,0.25,0.25,0.25
EUVP_Unpaired,nm_2333up.jpg,0.25,0.25,0.25,0.25
EUVP_Unpaired,nm_2334up.jpg,0.25,0.25,0.25,0.25
EUVP_Unpaired,nm_2335up.jpg,0.25,0.25,0.25,0.25
EUVP_Unpaired,nm_2336up.jpg,0.25,0.25,0.25,0.25
EUVP_Unpaired,nm_2337up.jpg,0.25,0.25,0.25,0.25
EUVP_Unpaired,nm_2338up.jpg,0.25,0.25,0.25,0.25
EUVP_Unpaired,nm_2339up.jpg,0.25,0.25,0.25,0.25
EUVP_Unpaired,nm_233up.jpg,0.25,0.25,0.25,0.25
EUVP_Unpaired,nm_2340up(1).jpg,0.25,0.25,0.25,0.25
EUVP_Unpaired,nm_2340up.jpg,0.25,0.25,0.25,0.25
EUVP_Unpaired,nm_2341up.jpg,0.25,0.25,0.25,0.25
EUVP_Unpaired,nm_2342up.jpg,0.25,0.25,0.25,0.25
EUVP_Unpaired,nm_2343up.jpg,0.25,0.25,0.25,0.25
EUVP_Unpaired,nm_2344up.jpg,0.25,0.25,0.25,0.25
EUVP_Unpaired,nm_2345up.jpg,0.25,0.25,0.25,0.25
EUVP_Unpaired,nm_2346up.jpg,0.25,0.25,0.25,0.25
EUVP_Unpaired,nm_2347up.jpg,0.25,0.25,0.25,0.25
EUVP_Unpaired,nm_2348up.jpg,0.25,0.25,0.25,0.25
EUVP_Unpaired,nm_2349up.jpg,0.25,0.25,0.25,0.25
EUVP_Unpaired,nm_234up.jpg,0.25,0.25,0.25,0.25
EUVP_Unpaired,nm_2350up.jpg,0.25,0.25,0.25,0.25
EUVP_Unpaired,nm_2351up.jpg,0.25,0.25,0.25,0.25
EUVP_Unpaired,nm_2352up.jpg,0.25,0.25,0.25,0.25
EUVP_Unpaired,nm_2353up.jpg,0.25,0.25,0.25,0.25
EUVP_Unpaired,nm_2354up.jpg,0.25,0.25,0.25,0.25
EUVP_Unpaired,nm_2355up.jpg,0.25,0.25,0.25,0.25
EUVP_Unpaired,nm_2356up.jpg,0.25,0.25,0.25,0.25
EUVP_Unpaired,nm_2357up.jpg,0.25,0.25,0.25,0.25
EUVP_Unpaired,nm_2358up.jpg,0.25,0.25,0.25,0.25
EUVP_Unpaired,nm_2359up.jpg,0.25,0.25,0.25,0.25
EUVP_Unpaired,nm_235up.jpg,0.25,0.25,0.25,0.25
EUVP_Unpaired,nm_2360up.jpg,0.25,0.25,0.25,0.25
EUVP_Unpaired,nm_2361up.jpg,0.25,0.25,0.25,0.25
EUVP_Unpaired,nm_2362up.jpg,0.25,0.25,0.25,0.25
EUVP_Unpaired,nm_2363up.jpg,0.25,0.25,0.25,0.25
EUVP_Unpaired,nm_2364up.jpg,0.25,0.25,0.25,0.25
EUVP_Unpaired,nm_2365up.jpg,0.25,0.25,0.25,0.25
EUVP_Unpaired,nm_2366up.jpg,0.25,0.25,0.25,0.25
EUVP_Unpaired,nm_2367up.jpg,0.25,0.25,0.25,0.25
EUVP_Unpaired,nm_2368up.jpg,0.25,0.25,0.25,0.25
EUVP_Unpaired,nm_2369up.jpg,0.25,0.25,0.25,0.25
EUVP_Unpaired,nm_236up.jpg,0.25,0.25,0.25,0.25
EUVP_Unpaired,nm_2370up.jpg,0.25,0.25,0.25,0.25
EUVP_Unpaired,nm_2371up.jpg,0.25,0.25,0.25,0.25
EUVP_Unpaired,nm_2372up.jpg,0.25,0.25,0.25,0.25
EUVP_Unpaired,nm_2373up.jpg,0.25,0.25,0.25,0.25
EUVP_Unpaired,nm_2374up.jpg,0.25,0.25,0.25,0.25
EUVP_Unpaired,nm_2375up.jpg,0.25,0.25,0.25,0.25
EUVP_Unpaired,nm_2376up.jpg,0.25,0.25,0.25,0.25
EUVP_Unpaired,nm_2377up.jpg,0.25,0.25,0.25,0.25
EUVP_Unpaired,nm_2378up.jpg,0.25,0.25,0.25,0.25
EUVP_Unpaired,nm_2379up.jpg,0.25,0.25,0.25,0.25
EUVP_Unpaired,nm_237up.jpg,0.25,0.25,0.25,0.25
EUVP_Unpaired,nm_2380up.jpg,0.25,0.25,0.25,0.25
EUVP_Unpaired,nm_2381up.jpg,0.25,0.25,0.25,0.25
EUVP_Unpaired,nm_2382up.jpg,0.25,0.25,0.25,0.25
EUVP_Unpaired,nm_2383up.jpg,0.25,0.25,0.25,0.25
EUVP_Unpaired,nm_2384up.jpg,0.25,0.25,0.25,0.25
EUVP_Unpaired,nm_2385up.jpg,0.25,0.25,0.25,0.25
EUVP_Unpaired,nm_2386up.jpg,0.25,0.25,0.25,0.25
EUVP_Unpaired,nm_2387up.jpg,0.25,0.25,0.25,0.25
EUVP_Unpaired,nm_2388up.jpg,0.25,0.25,0.25,0.25
EUVP_Unpaired,nm_2389up.jpg,0.25,0.25,0.25,0.25
EUVP_Unpaired,nm_238up.jpg,0.25,0.25,0.25,0.25
EUVP_Unpaired,nm_2390up.jpg,0.25,0.25,0.25,0.25
EUVP_Unpaired,nm_2391up.jpg,0.25,0.25,0.25,0.25
EUVP_Unpaired,nm_2392up.jpg,0.25,0.25,0.25,0.25
EUVP_Unpaired,nm_2393up.jpg,0.25,0.25,0.25,0.25
EUVP_Unpaired,nm_2394up.jpg,0.25,0.25,0.25,0.25
EUVP_Unpaired,nm_2395up.jpg,0.25,0.25,0.25,0.25
EUVP_Unpaired,nm_2396up.jpg,0.25,0.25,0.25,0.25
EUVP_Unpaired,nm_2397up.jpg,0.25,0.25,0.25,0.25
EUVP_Unpaired,nm_2398up.jpg,0.25,0.25,0.25,0.25
EUVP_Unpaired,nm_2399up.jpg,0.25,0.25,0.25,0.25
EUVP_Unpaired,nm_239up.jpg,0.25,0.25,0.25,0.25
EUVP_Unpaired,nm_23up.jpg,0.25,0.25,0.25,0.25
EUVP_Unpaired,nm_2400up.jpg,0.25,0.25,0.25,0.25
EUVP_Unpaired,nm_2401up.jpg,0.25,0.25,0.25,0.25
EUVP_Unpaired,nm_2402up.jpg,0.25,0.25,0.25,0.25
EUVP_Unpaired,nm_2403up.jpg,0.25,0.25,0.25,0.25
EUVP_Unpaired,nm_2404up.jpg,0.25,0.25,0.25,0.25
EUVP_Unpaired,nm_2405up.jpg,0.25,0.25,0.25,0.25
EUVP_Unpaired,nm_2406up.jpg,0.25,0.25,0.25,0.25
EUVP_Unpaired,nm_2407up.jpg,0.25,0.25,0.25,0.25
EUVP_Unpaired,nm_2408up.jpg,0.25,0.25,0.25,0.25
EUVP_Unpaired,nm_2409up.jpg,0.25,0.25,0.25,0.25
EUVP_Unpaired,nm_240up.jpg,0.25,0.25,0.25,0.25
EUVP_Unpaired,nm_2410up.jpg,0.25,0.25,0.25,0.25
EUVP_Unpaired,nm_2411up.jpg,0.25,0.25,0.25,0.25
EUVP_Unpaired,nm_2412up.jpg,0.25,0.25,0.25,0.25
EUVP_Unpaired,nm_2413up.jpg,0.25,0.25,0.25,0.25
EUVP_Unpaired,nm_2414up.jpg,0.25,0.25,0.25,0.25
EUVP_Unpaired,nm_2415up.jpg,0.25,0.25,0.25,0.25
EUVP_Unpaired,nm_2416up.jpg,0.25,0.25,0.25,0.25
EUVP_Unpaired,nm_2417up.jpg,0.25,0.25,0.25,0.25
EUVP_Unpaired,nm_2418up.jpg,0.25,0.25,0.25,0.25
EUVP_Unpaired,nm_2419up.jpg,0.25,0.25,0.25,0.25
EUVP_Unpaired,nm_241up.jpg,0.25,0.25,0.25,0.25
EUVP_Unpaired,nm_2420up.jpg,0.25,0.25,0.25,0.25
EUVP_Unpaired,nm_2421up.jpg,0.25,0.25,0.25,0.25
EUVP_Unpaired,nm_2422up.jpg,0.25,0.25,0.25,0.25
EUVP_Unpaired,nm_2423up.jpg,0.25,0.25,0.25,0.25
EUVP_Unpaired,nm_2424up.jpg,0.25,0.25,0.25,0.25
EUVP_Unpaired,nm_2425up.jpg,0.25,0.25,0.25,0.25
EUVP_Unpaired,nm_2426up.jpg,0.25,0.25,0.25,0.25
EUVP_Unpaired,nm_2427up.jpg,0.25,0.25,0.25,0.25
EUVP_Unpaired,nm_2428up.jpg,0.25,0.25,0.25,0.25
EUVP_Unpaired,nm_2429up.jpg,0.25,0.25,0.25,0.25
EUVP_Unpaired,nm_242up.jpg,0.25,0.25,0.25,0.25
EUVP_Unpaired,nm_2430up.jpg,0.25,0.25,0.25,0.25
EUVP_Unpaired,nm_2431up.jpg,0.25,0.25,0.25,0.25
EUVP_Unpaired,nm_2432up.jpg,0.25,0.25,0.25,0.25
EUVP_Unpaired,nm_2433up.jpg,0.25,0.25,0.25,0.25
EUVP_Unpaired,nm_2434up.jpg,0.25,0.25,0.25,0.25
EUVP_Unpaired,nm_2435up.jpg,0.25,0.25,0.25,0.25
EUVP_Unpaired,nm_2436up.jpg,0.25,0.25,0.25,0.25
EUVP_Unpaired,nm_2437up.jpg,0.25,0.25,0.25,0.25
EUVP_Unpaired,nm_2438up.jpg,0.25,0.25,0.25,0.25
EUVP_Unpaired,nm_2439up.jpg,0.25,0.25,0.25,0.25
EUVP_Unpaired,nm_243up.jpg,0.25,0.25,0.25,0.25
EUVP_Unpaired,nm_2440up.jpg,0.25,0.25,0.25,0.25
EUVP_Unpaired,nm_2441up.jpg,0.25,0.25,0.25,0.25
EUVP_Unpaired,nm_2442up.jpg,0.25,0.25,0.25,0.25
EUVP_Unpaired,nm_2443up.jpg,0.25,0.25,0.25,0.25
EUVP_Unpaired,nm_2444up.jpg,0.25,0.25,0.25,0.25
EUVP_Unpaired,nm_2445up.jpg,0.25,0.25,0.25,0.25
EUVP_Unpaired,nm_2446up.jpg,0.25,0.25,0.25,0.25
EUVP_Unpaired,nm_2447up.jpg,0.25,0.25,0.25,0.25
EUVP_Unpaired,nm_2448up.jpg,0.25,0.25,0.25,0.25
EUVP_Unpaired,nm_2449up.jpg,0.25,0.25,0.25,0.25
EUVP_Unpaired,nm_244up.jpg,0.25,0.25,0.25,0.25
EUVP_Unpaired,nm_2450up.jpg,0.25,0.25,0.25,0.25
EUVP_Unpaired,nm_2451up.jpg,0.25,0.25,0.25,0.25
EUVP_Unpaired,nm_2452up.jpg,0.25,0.25,0.25,0.25
EUVP_Unpaired,nm_2453up.jpg,0.25,0.25,0.25,0.25
EUVP_Unpaired,nm_2454up.jpg,0.25,0.25,0.25,0.25
EUVP_Unpaired,nm_2455up.jpg,0.25,0.25,0.25,0.25
EUVP_Unpaired,nm_2456up.jpg,0.25,0.25,0.25,0.25
EUVP_Unpaired,nm_2457up.jpg,0.25,0.25,0.25,0.25
EUVP_Unpaired,nm_2458up.jpg,0.25,0.25,0.25,0.25
EUVP_Unpaired,nm_2459up.jpg,0.25,0.25,0.25,0.25
EUVP_Unpaired,nm_245up.jpg,0.25,0.25,0.25,0.25
EUVP_Unpaired,nm_2460up.jpg,0.25,0.25,0.25,0.25
EUVP_Unpaired,nm_2461up.jpg,0.25,0.25,0.25,0.25
EUVP_Unpaired,nm_2462up.jpg,0.25,0.25,0.25,0.25
EUVP_Unpaired,nm_2463up.jpg,0.25,0.25,0.25,0.25
EUVP_Unpaired,nm_2464up.jpg,0.25,0.25,0.25,0.25
EUVP_Unpaired,nm_2465up.jpg,0.25,0.25,0.25,0.25
EUVP_Unpaired,nm_2466up.jpg,0.25,0.25,0.25,0.25
EUVP_Unpaired,nm_2467up.jpg,0.25,0.25,0.25,0.25
EUVP_Unpaired,nm_2468up.jpg,0.25,0.25,0.25,0.25
EUVP_Unpaired,nm_2469up.jpg,0.25,0.25,0.25,0.25
EUVP_Unpaired,nm_246up.jpg,0.25,0.25,0.25,0.25
EUVP_Unpaired,nm_2470up.jpg,0.25,0.25,0.25,0.25
EUVP_Unpaired,nm_2471up.jpg,0.25,0.25,0.25,0.25
EUVP_Unpaired,nm_2472up.jpg,0.25,0.25,0.25,0.25
EUVP_Unpaired,nm_2473up.jpg,0.25,0.25,0.25,0.25
EUVP_Unpaired,nm_2474up.jpg,0.25,0.25,0.25,0.25
EUVP_Unpaired,nm_2475up.jpg,0.25,0.25,0.25,0.25
EUVP_Unpaired,nm_2476up.jpg,0.25,0.25,0.25,0.25
EUVP_Unpaired,nm_2477up.jpg,0.25,0.25,0.25,0.25
EUVP_Unpaired,nm_2478up.jpg,0.25,0.25,0.25,0.25
EUVP_Unpaired,nm_2479up.jpg,0.25,0.25,0.25,0.25
EUVP_Unpaired,nm_247up.jpg,0.25,0.25,0.25,0.25
EUVP_Unpaired,nm_2480up.jpg,0.25,0.25,0.25,0.25
EUVP_Unpaired,nm_2481up.jpg,0.25,0.25,0.25,0.25
EUVP_Unpaired,nm_2482up.jpg,0.25,0.25,0.25,0.25
EUVP_Unpaired,nm_2483up.jpg,0.25,0.25,0.25,0.25
EUVP_Unpaired,nm_2484up.jpg,0.25,0.25,0.25,0.25
EUVP_Unpaired,nm_2485up.jpg,0.25,0.25,0.25,0.25
EUVP_Unpaired,nm_2486up.jpg,0.25,0.25,0.25,0.25
EUVP_Unpaired,nm_2487up.jpg,0.25,0.25,0.25,0.25
EUVP_Unpaired,nm_2488up.jpg,0.25,0.25,0.25,0.25
EUVP_Unpaired,nm_2489up.jpg,0.25,0.25,0.25,0.25
EUVP_Unpaired,nm_248up.jpg,0.25,0.25,0.25,0.25
EUVP_Unpaired,nm_2490up.jpg,0.25,0.25,0.25,0.25
EUVP_Unpaired,nm_2491up.jpg,0.25,0.25,0.25,0.25
EUVP_Unpaired,nm_2492up.jpg,0.25,0.25,0.25,0.25
EUVP_Unpaired,nm_2493up.jpg,0.25,0.25,0.25,0.25
EUVP_Unpaired,nm_2494up.jpg,0.25,0.25,0.25,0.25
EUVP_Unpaired,nm_2495up.jpg,0.25,0.25,0.25,0.25
EUVP_Unpaired,nm_2496up.jpg,0.25,0.25,0.25,0.25
EUVP_Unpaired,nm_2497up.jpg,0.25,0.25,0.25,0.25
EUVP_Unpaired,nm_2498up.jpg,0.25,0.25,0.25,0.25
EUVP_Unpaired,nm_2499up.jpg,0.25,0.25,0.25,0.25
EUVP_Unpaired,nm_249up.jpg,0.25,0.25,0.25,0.25
EUVP_Unpaired,nm_24up.jpg,0.25,0.25,0.25,0.25
EUVP_Unpaired,nm_2500up.jpg,0.25,0.25,0.25,0.25
EUVP_Unpaired,nm_2501up.jpg,0.25,0.25,0.25,0.25
EUVP_Unpaired,nm_2502up.jpg,0.25,0.25,0.25,0.25
EUVP_Unpaired,nm_2503up.jpg,0.25,0.25,0.25,0.25
EUVP_Unpaired,nm_2504up.jpg,0.25,0.25,0.25,0.25
EUVP_Unpaired,nm_2505up.jpg,0.25,0.25,0.25,0.25
EUVP_Unpaired,nm_2506up.jpg,0.25,0.25,0.25,0.25
EUVP_Unpaired,nm_2507up.jpg,0.25,0.25,0.25,0.25
EUVP_Unpaired,nm_2508up.jpg,0.25,0.25,0.25,0.25
EUVP_Unpaired,nm_2509up.jpg,0.25,0.25,0.25,0.25
EUVP_Unpaired,nm_250up.jpg,0.25,0.25,0.25,0.25
EUVP_Unpaired,nm_2510up.jpg,0.25,0.25,0.25,0.25
EUVP_Unpaired,nm_2511up.jpg,0.25,0.25,0.25,0.25
EUVP_Unpaired,nm_2512up.jpg,0.25,0.25,0.25,0.25
EUVP_Unpaired,nm_2513up.jpg,0.25,0.25,0.25,0.25
EUVP_Unpaired,nm_2514up.jpg,0.25,0.25,0.25,0.25
EUVP_Unpaired,nm_2515up.jpg,0.25,0.25,0.25,0.25
EUVP_Unpaired,nm_2516up.jpg,0.25,0.25,0.25,0.25
EUVP_Unpaired,nm_2517up.jpg,0.25,0.25,0.25,0.25
EUVP_Unpaired,nm_2518up.jpg,0.25,0.25,0.25,0.25
EUVP_Unpaired,nm_2519up.jpg,0.25,0.25,0.25,0.25
EUVP_Unpaired,nm_251up.jpg,0.25,0.25,0.25,0.25
EUVP_Unpaired,nm_2520up.jpg,0.25,0.25,0.25,0.25
EUVP_Unpaired,nm_2521up.jpg,0.25,0.25,0.25,0.25
EUVP_Unpaired,nm_2522up.jpg,0.25,0.25,0.25,0.25
EUVP_Unpaired,nm_2523up.jpg,0.25,0.25,0.25,0.25
EUVP_Unpaired,nm_2524up.jpg,0.25,0.25,0.25,0.25
EUVP_Unpaired,nm_2525up.jpg,0.25,0.25,0.25,0.25
EUVP_Unpaired,nm_2526up.jpg,0.25,0.25,0.25,0.25
EUVP_Unpaired,nm_2527up.jpg,0.25,0.25,0.25,0.25
EUVP_Unpaired,nm_2528up.jpg,0.25,0.25,0.25,0.25
EUVP_Unpaired,nm_2529up.jpg,0.25,0.25,0.25,0.25
EUVP_Unpaired,nm_252up.jpg,0.25,0.25,0.25,0.25
EUVP_Unpaired,nm_2530up.jpg,0.25,0.25,0.25,0.25
EUVP_Unpaired,nm_2531up.jpg,0.25,0.25,0.25,0.25
EUVP_Unpaired,nm_2532up.jpg,0.25,0.25,0.25,0.25
EUVP_Unpaired,nm_2533up.jpg,0.25,0.25,0.25,0.25
EUVP_Unpaired,nm_2534up.jpg,0.25,0.25,0.25,0.25
EUVP_Unpaired,nm_2535up.jpg,0.25,0.25,0.25,0.25
EUVP_Unpaired,nm_2536up.jpg,0.25,0.25,0.25,0.25
EUVP_Unpaired,nm_2537up.jpg,0.25,0.25,0.25,0.25
EUVP_Unpaired,nm_2538up.jpg,0.25,0.25,0.25,0.25
EUVP_Unpaired,nm_2539up.jpg,0.25,0.25,0.25,0.25
EUVP_Unpaired,nm_253up.jpg,0.25,0.25,0.25,0.25
EUVP_Unpaired,nm_2540up.jpg,0.25,0.25,0.25,0.25
EUVP_Unpaired,nm_2541up.jpg,0.25,0.25,0.25,0.25
EUVP_Unpaired,nm_2542up.jpg,0.25,0.25,0.25,0.25
EUVP_Unpaired,nm_2543up.jpg,0.25,0.25,0.25,0.25
EUVP_Unpaired,nm_2544up.jpg,0.25,0.25,0.25,0.25
EUVP_Unpaired,nm_2545up.jpg,0.25,0.25,0.25,0.25
EUVP_Unpaired,nm_2546up.jpg,0.25,0.25,0.25,0.25
EUVP_Unpaired,nm_2547up.jpg,0.25,0.25,0.25,0.25
EUVP_Unpaired,nm_2548up.jpg,0.25,0.25,0.25,0.25
EUVP_Unpaired,nm_2549up.jpg,0.25,0.25,0.25,0.25
EUVP_Unpaired,nm_254up.jpg,0.25,0.25,0.25,0.25
EUVP_Unpaired,nm_2550up.jpg,0.25,0.25,0.25,0.25
EUVP_Unpaired,nm_2551up.jpg,0.25,0.25,0.25,0.25
EUVP_Unpaired,nm_2552up.jpg,0.25,0.25,0.25,0.25
EUVP_Unpaired,nm_2553up.jpg,0.25,0.25,0.25,0.25
EUVP_Unpaired,nm_2554up.jpg,0.25,0.25,0.25,0.25
EUVP_Unpaired,nm_2555up.jpg,0.25,0.25,0.25,0.25
EUVP_Unpaired,nm_2556up.jpg,0.25,0.25,0.25,0.25
EUVP_Unpaired,nm_2557up.jpg,0.25,0.25,0.25,0.25
EUVP_Unpaired,nm_2558up.jpg,0.25,0.25,0.25,0.25
EUVP_Unpaired,nm_2559up.jpg,0.25,0.25,0.25,0.25
EUVP_Unpaired,nm_255up.jpg,0.25,0.25,0.25,0.25
EUVP_Unpaired,nm_2560up.jpg,0.25,0.25,0.25,0.25
EUVP_Unpaired,nm_2561up.jpg,0.25,0.25,0.25,0.25
EUVP_Unpaired,nm_2562up.jpg,0.25,0.25,0.25,0.25
EUVP_Unpaired,nm_2563up.jpg,0.25,0.25,0.25,0.25
EUVP_Unpaired,nm_2564up.jpg,0.25,0.25,0.25,0.25
EUVP_Unpaired,nm_2565up.jpg,0.25,0.25,0.25,0.25
EUVP_Unpaired,nm_2566up.jpg,0.25,0.25,0.25,0.25
EUVP_Unpaired,nm_2567up.jpg,0.25,0.25,0.25,0.25
EUVP_Unpaired,nm_2568up.jpg,0.25,0.25,0.25,0.25
EUVP_Unpaired,nm_2569up.jpg,0.25,0.25,0.25,0.25
EUVP_Unpaired,nm_256up.jpg,0.25,0.25,0.25,0.25
EUVP_Unpaired,nm_2570up.jpg,0.25,0.25,0.25,0.25
EUVP_Unpaired,nm_2571up.jpg,0.25,0.25,0.25,0.25
EUVP_Unpaired,nm_2572up.jpg,0.25,0.25,0.25,0.25
EUVP_Unpaired,nm_2573up.jpg,0.25,0.25,0.25,0.25
EUVP_Unpaired,nm_2574up.jpg,0.25,0.25,0.25,0.25
EUVP_Unpaired,nm_2575up.jpg,0.25,0.25,0.25,0.25
EUVP_Unpaired,nm_2576up.jpg,0.25,0.25,0.25,0.25
EUVP_Unpaired,nm_2577up.jpg,0.25,0.25,0.25,0.25
EUVP_Unpaired,nm_2578up.jpg,0.25,0.25,0.25,0.25
EUVP_Unpaired,nm_2579up.jpg,0.25,0.25,0.25,0.25
EUVP_Unpaired,nm_257up.jpg,0.25,0.25,0.25,0.25
EUVP_Unpaired,nm_2580up.jpg,0.25,0.25,0.25,0.25
EUVP_Unpaired,nm_2581up.jpg,0.25,0.25,0.25,0.25
EUVP_Unpaired,nm_2582up.jpg,0.25,0.25,0.25,0.25
EUVP_Unpaired,nm_2583up.jpg,0.25,0.25,0.25,0.25
EUVP_Unpaired,nm_2584up.jpg,0.25,0.25,0.25,0.25
EUVP_Unpaired,nm_2585up.jpg,0.25,0.25,0.25,0.25
EUVP_Unpaired,nm_2586up.jpg,0.25,0.25,0.25,0.25
EUVP_Unpaired,nm_2587up.jpg,0.25,0.25,0.25,0.25
EUVP_Unpaired,nm_2588up.jpg,0.25,0.25,0.25,0.25
EUVP_Unpaired,nm_2589up.jpg,0.25,0.25,0.25,0.25
EUVP_Unpaired,nm_258up.jpg,0.25,0.25,0.25,0.25
EUVP_Unpaired,nm_2590up.jpg,0.25,0.25,0.25,0.25
EUVP_Unpaired,nm_2591up.jpg,0.25,0.25,0.25,0.25
EUVP_Unpaired,nm_2592up.jpg,0.25,0.25,0.25,0.25
EUVP_Unpaired,nm_2593up.jpg,0.25,0.25,0.25,0.25
EUVP_Unpaired,nm_2594up.jpg,0.25,0.25,0.25,0.25
EUVP_Unpaired,nm_2595up.jpg,0.25,0.25,0.25,0.25
EUVP_Unpaired,nm_2596up.jpg,0.25,0.25,0.25,0.25
EUVP_Unpaired,nm_2597up.jpg,0.25,0.25,0.25,0.25
EUVP_Unpaired,nm_2598up.jpg,0.25,0.25,0.25,0.25
EUVP_Unpaired,nm_2599up.jpg,0.25,0.25,0.25,0.25
EUVP_Unpaired,nm_259up.jpg,0.25,0.25,0.25,0.25
EUVP_Unpaired,nm_25up.jpg,0.25,0.25,0.25,0.25
EUVP_Unpaired,nm_2600up.jpg,0.25,0.25,0.25,0.25
EUVP_Unpaired,nm_2601up.jpg,0.25,0.25,0.25,0.25
EUVP_Unpaired,nm_2602up.jpg,0.25,0.25,0.25,0.25
EUVP_Unpaired,nm_2603up.jpg,0.25,0.25,0.25,0.25
EUVP_Unpaired,nm_2604up.jpg,0.25,0.25,0.25,0.25
EUVP_Unpaired,nm_2605up.jpg,0.25,0.25,0.25,0.25
EUVP_Unpaired,nm_2606up.jpg,0.25,0.25,0.25,0.25
EUVP_Unpaired,nm_2607up.jpg,0.25,0.25,0.25,0.25
EUVP_Unpaired,nm_2608up.jpg,0.25,0.25,0.25,0.25
EUVP_Unpaired,nm_2609up.jpg,0.25,0.25,0.25,0.25
EUVP_Unpaired,nm_260up.jpg,0.25,0.25,0.25,0.25
EUVP_Unpaired,nm_2610up.jpg,0.25,0.25,0.25,0.25
EUVP_Unpaired,nm_2611up.jpg,0.25,0.25,0.25,0.25
EUVP_Unpaired,nm_2612up.jpg,0.25,0.25,0.25,0.25
EUVP_Unpaired,nm_2613up.jpg,0.25,0.25,0.25,0.25
EUVP_Unpaired,nm_2614up.jpg,0.25,0.25,0.25,0.25
EUVP_Unpaired,nm_2615up.jpg,0.25,0.25,0.25,0.25
EUVP_Unpaired,nm_2616up.jpg,0.25,0.25,0.25,0.25
EUVP_Unpaired,nm_2617up.jpg,0.25,0.25,0.25,0.25
EUVP_Unpaired,nm_2618up.jpg,0.25,0.25,0.25,0.25
EUVP_Unpaired,nm_2619up.jpg,0.25,0.25,0.25,0.25
EUVP_Unpaired,nm_261up.jpg,0.25,0.25,0.25,0.25
EUVP_Unpaired,nm_2620up.jpg,0.25,0.25,0.25,0.25
EUVP_Unpaired,nm_2621up.jpg,0.25,0.25,0.25,0.25
EUVP_Unpaired,nm_2622up.jpg,0.25,0.25,0.25,0.25
EUVP_Unpaired,nm_2623up.jpg,0.25,0.25,0.25,0.25
EUVP_Unpaired,nm_2624up.jpg,0.25,0.25,0.25,0.25
EUVP_Unpaired,nm_2625up.jpg,0.25,0.25,0.25,0.25
EUVP_Unpaired,nm_2626up.jpg,0.25,0.25,0.25,0.25
EUVP_Unpaired,nm_2627up.jpg,0.25,0.25,0.25,0.25
EUVP_Unpaired,nm_2628up.jpg,0.25,0.25,0.25,0.25
EUVP_Unpaired,nm_2629up.jpg,0.25,0.25,0.25,0.25
EUVP_Unpaired,nm_262up.jpg,0.25,0.25,0.25,0.25
EUVP_Unpaired,nm_2630up.jpg,0.25,0.25,0.25,0.25
EUVP_Unpaired,nm_2631up.jpg,0.25,0.25,0.25,0.25
EUVP_Unpaired,nm_2632up.jpg,0.25,0.25,0.25,0.25
EUVP_Unpaired,nm_2633up.jpg,0.25,0.25,0.25,0.25
EUVP_Unpaired,nm_2634up.jpg,0.25,0.25,0.25,0.25
EUVP_Unpaired,nm_2635up.jpg,0.25,0.25,0.25,0.25
EUVP_Unpaired,nm_2636up.jpg,0.25,0.25,0.25,0.25
EUVP_Unpaired,nm_2637up.jpg,0.25,0.25,0.25,0.25
EUVP_Unpaired,nm_2638up.jpg,0.25,0.25,0.25,0.25
EUVP_Unpaired,nm_2639up.jpg,0.25,0.25,0.25,0.25
EUVP_Unpaired,nm_263up.jpg,0.25,0.25,0.25,0.25
EUVP_Unpaired,nm_2640up.jpg,0.25,0.25,0.25,0.25
EUVP_Unpaired,nm_2641up.jpg,0.25,0.25,0.25,0.25
EUVP_Unpaired,nm_2642up.jpg,0.25,0.25,0.25,0.25
EUVP_Unpaired,nm_2643up.jpg,0.25,0.25,0.25,0.25
EUVP_Unpaired,nm_2644up.jpg,0.25,0.25,0.25,0.25
EUVP_Unpaired,nm_2645up.jpg,0.25,0.25,0.25,0.25
EUVP_Unpaired,nm_2646up.jpg,0.25,0.25,0.25,0.25
EUVP_Unpaired,nm_2647up.jpg,0.25,0.25,0.25,0.25
EUVP_Unpaired,nm_2648up.jpg,0.25,0.25,0.25,0.25
EUVP_Unpaired,nm_2649up.jpg,0.25,0.25,0.25,0.25
EUVP_Unpaired,nm_264up.jpg,0.25,0.25,0.25,0.25
EUVP_Unpaired,nm_2650up.jpg,0.25,0.25,0.25,0.25
EUVP_Unpaired,nm_2651up.jpg,0.25,0.25,0.25,0.25
EUVP_Unpaired,nm_2652up.jpg,0.25,0.25,0.25,0.25
EUVP_Unpaired,nm_2653up.jpg,0.25,0.25,0.25,0.25
EUVP_Unpaired,nm_2654up.jpg,0.25,0.25,0.25,0.25
EUVP_Unpaired,nm_2655up.jpg,0.25,0.25,0.25,0.25
EUVP_Unpaired,nm_2656up.jpg,0.25,0.25,0.25,0.25
EUVP_Unpaired,nm_2657up.jpg,0.25,0.25,0.25,0.25
EUVP_Unpaired,nm_2658up.jpg,0.25,0.25,0.25,0.25
EUVP_Unpaired,nm_2659up.jpg,0.25,0.25,0.25,0.25
EUVP_Unpaired,nm_265up.jpg,0.25,0.25,0.25,0.25
EUVP_Unpaired,nm_2660up.jpg,0.25,0.25,0.25,0.25
EUVP_Unpaired,nm_2661up.jpg,0.25,0.25,0.25,0.25
EUVP_Unpaired,nm_2662up.jpg,0.25,0.25,0.25,0.25
EUVP_Unpaired,nm_2663up.jpg,0.25,0.25,0.25,0.25
EUVP_Unpaired,nm_2664up.jpg,0.25,0.25,0.25,0.25
EUVP_Unpaired,nm_2665up.jpg,0.25,0.25,0.25,0.25
EUVP_Unpaired,nm_2666up.jpg,0.25,0.25,0.25,0.25
EUVP_Unpaired,nm_2667up.jpg,0.25,0.25,0.25,0.25
EUVP_Unpaired,nm_2668up.jpg,0.25,0.25,0.25,0.25
EUVP_Unpaired,nm_2669up.jpg,0.25,0.25,0.25,0.25
EUVP_Unpaired,nm_266up.jpg,0.25,0.25,0.25,0.25
EUVP_Unpaired,nm_2670up.jpg,0.25,0.25,0.25,0.25
EUVP_Unpaired,nm_2671up.jpg,0.25,0.25,0.25,0.25
EUVP_Unpaired,nm_2672up.jpg,0.25,0.25,0.25,0.25
EUVP_Unpaired,nm_2673up.jpg,0.25,0.25,0.25,0.25
EUVP_Unpaired,nm_2674up.jpg,0.25,0.25,0.25,0.25
EUVP_Unpaired,nm_2675up.jpg,0.25,0.25,0.25,0.25
EUVP_Unpaired,nm_2676up.jpg,0.25,0.25,0.25,0.25
EUVP_Unpaired,nm_2677up.jpg,0.25,0.25,0.25,0.25
EUVP_Unpaired,nm_2678up.jpg,0.25,0.25,0.25,0.25
EUVP_Unpaired,nm_2679up.jpg,0.25,0.25,0.25,0.25
EUVP_Unpaired,nm_267up.jpg,0.25,0.25,0.25,0.25
EUVP_Unpaired,nm_2680up.jpg,0.25,0.25,0.25,0.25
EUVP_Unpaired,nm_2681up.jpg,0.25,0.25,0.25,0.25
EUVP_Unpaired,nm_2682up.jpg,0.25,0.25,0.25,0.25
EUVP_Unpaired,nm_2683up.jpg,0.25,0.25,0.25,0.25
EUVP_Unpaired,nm_2684up.jpg,0.25,0.25,0.25,0.25
EUVP_Unpaired,nm_2685up.jpg,0.25,0.25,0.25,0.25
EUVP_Unpaired,nm_2686up.jpg,0.25,0.25,0.25,0.25
EUVP_Unpaired,nm_2687up.jpg,0.25,0.25,0.25,0.25
EUVP_Unpaired,nm_2688up.jpg,0.25,0.25,0.25,0.25
EUVP_Unpaired,nm_2689up.jpg,0.25,0.25,0.25,0.25
EUVP_Unpaired,nm_268up.jpg,0.25,0.25,0.25,0.25
EUVP_Unpaired,nm_2690up.jpg,0.25,0.25,0.25,0.25
EUVP_Unpaired,nm_2691up.jpg,0.25,0.25,0.25,0.25
EUVP_Unpaired,nm_2692up.jpg,0.25,0.25,0.25,0.25
EUVP_Unpaired,nm_2693up.jpg,0.25,0.25,0.25,0.25
EUVP_Unpaired,nm_2694up.jpg,0.25,0.25,0.25,0.25
EUVP_Unpaired,nm_2695up.jpg,0.25,0.25,0.25,0.25
EUVP_Unpaired,nm_2696up.jpg,0.25,0.25,0.25,0.25
EUVP_Unpaired,nm_2697up.jpg,0.25,0.25,0.25,0.25
EUVP_Unpaired,nm_2698up.jpg,0.25,0.25,0.25,0.25
EUVP_Unpaired,nm_2699up.jpg,0.25,0.25,0.25,0.25
EUVP_Unpaired,nm_269up.jpg,0.25,0.25,0.25,0.25
EUVP_Unpaired,nm_26up.jpg,0.25,0.25,0.25,0.25
EUVP_Unpaired,nm_2700up.jpg,0.25,0.25,0.25,0.25
EUVP_Unpaired,nm_2701up.jpg,0.25,0.25,0.25,0.25
EUVP_Unpaired,nm_2702up.jpg,0.25,0.25,0.25,0.25
EUVP_Unpaired,nm_2703up.jpg,0.25,0.25,0.25,0.25
EUVP_Unpaired,nm_2704up.jpg,0.25,0.25,0.25,0.25
EUVP_Unpaired,nm_2705up.jpg,0.25,0.25,0.25,0.25
EUVP_Unpaired,nm_2706up.jpg,0.25,0.25,0.25,0.25
EUVP_Unpaired,nm_2707up.jpg,0.25,0.25,0.25,0.25
EUVP_Unpaired,nm_2708up.jpg,0.25,0.25,0.25,0.25
EUVP_Unpaired,nm_2709up.jpg,0.25,0.25,0.25,0.25
EUVP_Unpaired,nm_270up.jpg,0.25,0.25,0.25,0.25
EUVP_Unpaired,nm_2710up.jpg,0.25,0.25,0.25,0.25
EUVP_Unpaired,nm_2711up.jpg,0.25,0.25,0.25,0.25
EUVP_Unpaired,nm_2712up.jpg,0.25,0.25,0.25,0.25
EUVP_Unpaired,nm_2713up.jpg,0.25,0.25,0.25,0.25
EUVP_Unpaired,nm_2714up.jpg,0.25,0.25,0.25,0.25
EUVP_Unpaired,nm_2715up.jpg,0.25,0.25,0.25,0.25
EUVP_Unpaired,nm_2716up.jpg,0.25,0.25,0.25,0.25
EUVP_Unpaired,nm_2717up.jpg,0.25,0.25,0.25,0.25
EUVP_Unpaired,nm_2718up.jpg,0.25,0.25,0.25,0.25
EUVP_Unpaired,nm_2719up.jpg,0.25,0.25,0.25,0.25
EUVP_Unpaired,nm_271up.jpg,0.25,0.25,0.25,0.25
EUVP_Unpaired,nm_2720up.jpg,0.25,0.25,0.25,0.25
EUVP_Unpaired,nm_2721up.jpg,0.25,0.25,0.25,0.25
EUVP_Unpaired,nm_2722up.jpg,0.25,0.25,0.25,0.25
EUVP_Unpaired,nm_2723up.jpg,0.25,0.25,0.25,0.25
EUVP_Unpaired,nm_2724up.jpg,0.25,0.25,0.25,0.25
EUVP_Unpaired,nm_2725up.jpg,0.25,0.25,0.25,0.25
EUVP_Unpaired,nm_2726up.jpg,0.25,0.25,0.25,0.25
EUVP_Unpaired,nm_2727up.jpg,0.25,0.25,0.25,0.25
EUVP_Unpaired,nm_2728up.jpg,0.25,0.25,0.25,0.25
EUVP_Unpaired,nm_2729up.jpg,0.25,0.25,0.25,0.25
EUVP_Unpaired,nm_272up.jpg,0.25,0.25,0.25,0.25
EUVP_Unpaired,nm_2730up.jpg,0.25,0.25,0.25,0.25
EUVP_Unpaired,nm_2731up.jpg,0.25,0.25,0.25,0.25
EUVP_Unpaired,nm_2732up.jpg,0.25,0.25,0.25,0.25
EUVP_Unpaired,nm_2733up.jpg,0.25,0.25,0.25,0.25
EUVP_Unpaired,nm_2734up.jpg,0.25,0.25,0.25,0.25
EUVP_Unpaired,nm_2735up.jpg,0.25,0.25,0.25,0.25
EUVP_Unpaired,nm_2736up.jpg,0.25,0.25,0.25,0.25
EUVP_Unpaired,nm_2737up.jpg,0.25,0.25,0.25,0.25
EUVP_Unpaired,nm_2738up.jpg,0.25,0.25,0.25,0.25
EUVP_Unpaired,nm_2739up.jpg,0.25,0.25,0.25,0.25
EUVP_Unpaired,nm_273up.jpg,0.25,0.25,0.25,0.25
EUVP_Unpaired,nm_2740up.jpg,0.25,0.25,0.25,0.25
EUVP_Unpaired,nm_2741up.jpg,0.25,0.25,0.25,0.25
EUVP_Unpaired,nm_2742up.jpg,0.25,0.25,0.25,0.25
EUVP_Unpaired,nm_2743up.jpg,0.25,0.25,0.25,0.25
EUVP_Unpaired,nm_2744up.jpg,0.25,0.25,0.25,0.25
EUVP_Unpaired,nm_2745up.jpg,0.25,0.25,0.25,0.25
EUVP_Unpaired,nm_2746up.jpg,0.25,0.25,0.25,0.25
EUVP_Unpaired,nm_2747up.jpg,0.25,0.25,0.25,0.25
EUVP_Unpaired,nm_2748up.jpg,0.25,0.25,0.25,0.25
EUVP_Unpaired,nm_2749up.jpg,0.25,0.25,0.25,0.25
EUVP_Unpaired,nm_274up.jpg,0.25,0.25,0.25,0.25
EUVP_Unpaired,nm_2750up.jpg,0.25,0.25,0.25,0.25
EUVP_Unpaired,nm_2751up.jpg,0.25,0.25,0.25,0.25
EUVP_Unpaired,nm_2752up.jpg,0.25,0.25,0.25,0.25
EUVP_Unpaired,nm_2753up.jpg,0.25,0.25,0.25,0.25
EUVP_Unpaired,nm_2754up.jpg,0.25,0.25,0.25,0.25
EUVP_Unpaired,nm_2755up.jpg,0.25,0.25,0.25,0.25
EUVP_Unpaired,nm_2756up.jpg,0.25,0.25,0.25,0.25
EUVP_Unpaired,nm_2757up.jpg,0.25,0.25,0.25,0.25
EUVP_Unpaired,nm_2758up.jpg,0.25,0.25,0.25,0.25
EUVP_Unpaired,nm_2759up.jpg,0.25,0.25,0.25,0.25
EUVP_Unpaired,nm_275up.jpg,0.25,0.25,0.25,0.25
EUVP_Unpaired,nm_2760up.jpg,0.25,0.25,0.25,0.25
EUVP_Unpaired,nm_2761up.jpg,0.25,0.25,0.25,0.25
EUVP_Unpaired,nm_2762up.jpg,0.25,0.25,0.25,0.25
EUVP_Unpaired,nm_2763up.jpg,0.25,0.25,0.25,0.25
EUVP_Unpaired,nm_2764up.jpg,0.25,0.25,0.25,0.25
EUVP_Unpaired,nm_2765up.jpg,0.25,0.25,0.25,0.25
EUVP_Unpaired,nm_2766up.jpg,0.25,0.25,0.25,0.25
EUVP_Unpaired,nm_2767up.jpg,0.25,0.25,0.25,0.25
EUVP_Unpaired,nm_2768up.jpg,0.25,0.25,0.25,0.25
EUVP_Unpaired,nm_2769up.jpg,0.25,0.25,0.25,0.25
EUVP_Unpaired,nm_276up.jpg,0.25,0.25,0.25,0.25
EUVP_Unpaired,nm_2770up.jpg,0.25,0.25,0.25,0.25
EUVP_Unpaired,nm_2771up.jpg,0.25,0.25,0.25,0.25
EUVP_Unpaired,nm_2772up.jpg,0.25,0.25,0.25,0.25
EUVP_Unpaired,nm_2773up.jpg,0.25,0.25,0.25,0.25
EUVP_Unpaired,nm_2774up.jpg,0.25,0.25,0.25,0.25
EUVP_Unpaired,nm_2775up.jpg,0.25,0.25,0.25,0.25
EUVP_Unpaired,nm_2776up.jpg,0.25,0.25,0.25,0.25
EUVP_Unpaired,nm_2777up.jpg,0.25,0.25,0.25,0.25
EUVP_Unpaired,nm_2778up.jpg,0.25,0.25,0.25,0.25
EUVP_Unpaired,nm_2779up.jpg,0.25,0.25,0.25,0.25
EUVP_Unpaired,nm_277up.jpg,0.25,0.25,0.25,0.25
EUVP_Unpaired,nm_2780up.jpg,0.25,0.25,0.25,0.25
EUVP_Unpaired,nm_2781up.jpg,0.25,0.25,0.25,0.25
EUVP_Unpaired,nm_2782up.jpg,0.25,0.25,0.25,0.25
EUVP_Unpaired,nm_2783up.jpg,0.25,0.25,0.25,0.25
EUVP_Unpaired,nm_2784up.jpg,0.25,0.25,0.25,0.25
EUVP_Unpaired,nm_2785up.jpg,0.25,0.25,0.25,0.25
EUVP_Unpaired,nm_2786up.jpg,0.25,0.25,0.25,0.25
EUVP_Unpaired,nm_2787up.jpg,0.25,0.25,0.25,0.25
EUVP_Unpaired,nm_2788up.jpg,0.25,0.25,0.25,0.25
EUVP_Unpaired,nm_2789up.jpg,0.25,0.25,0.25,0.25
EUVP_Unpaired,nm_278up.jpg,0.25,0.25,0.25,0.25
EUVP_Unpaired,nm_2790up.jpg,0.25,0.25,0.25,0.25
EUVP_Unpaired,nm_2791up.jpg,0.25,0.25,0.25,0.25
EUVP_Unpaired,nm_2792up.jpg,0.25,0.25,0.25,0.25
EUVP_Unpaired,nm_2793up.jpg,0.25,0.25,0.25,0.25
EUVP_Unpaired,nm_2794up.jpg,0.25,0.25,0.25,0.25
EUVP_Unpaired,nm_2795up.jpg,0.25,0.25,0.25,0.25
EUVP_Unpaired,nm_2796up.jpg,0.25,0.25,0.25,0.25
EUVP_Unpaired,nm_2797up.jpg,0.25,0.25,0.25,0.25
EUVP_Unpaired,nm_2798up.jpg,0.25,0.25,0.25,0.25
EUVP_Unpaired,nm_2799up.jpg,0.25,0.25,0.25,0.25
EUVP_Unpaired,nm_279up.jpg,0.25,0.25,0.25,0.25
EUVP_Unpaired,nm_27up.jpg,0.25,0.25,0.25,0.25
EUVP_Unpaired,nm_2800up.jpg,0.25,0.25,0.25,0.25
EUVP_Unpaired,nm_2801up.jpg,0.25,0.25,0.25,0.25
EUVP_Unpaired,nm_2802up.jpg,0.25,0.25,0.25,0.25
EUVP_Unpaired,nm_2803up.jpg,0.25,0.25,0.25,0.25
EUVP_Unpaired,nm_2804up.jpg,0.25,0.25,0.25,0.25
EUVP_Unpaired,nm_2805up.jpg,0.25,0.25,0.25,0.25
EUVP_Unpaired,nm_2806up.jpg,0.25,0.25,0.25,0.25
EUVP_Unpaired,nm_2807up.jpg,0.25,0.25,0.25,0.25
EUVP_Unpaired,nm_2808up.jpg,0.25,0.25,0.25,0.25
EUVP_Unpaired,nm_2809up.jpg,0.25,0.25,0.25,0.25
EUVP_Unpaired,nm_280up.jpg,0.25,0.25,0.25,0.25
EUVP_Unpaired,nm_2810up.jpg,0.25,0.25,0.25,0.25
EUVP_Unpaired,nm_2811up.jpg,0.25,0.25,0.25,0.25
EUVP_Unpaired,nm_2812up.jpg,0.25,0.25,0.25,0.25
EUVP_Unpaired,nm_2813up.jpg,0.25,0.25,0.25,0.25
EUVP_Unpaired,nm_2814up.jpg,0.25,0.25,0.25,0.25
EUVP_Unpaired,nm_2815up.jpg,0.25,0.25,0.25,0.25
EUVP_Unpaired,nm_2816up.jpg,0.25,0.25,0.25,0.25
EUVP_Unpaired,nm_2817up.jpg,0.25,0.25,0.25,0.25
EUVP_Unpaired,nm_2818up.jpg,0.25,0.25,0.25,0.25
EUVP_Unpaired,nm_2819up.jpg,0.25,0.25,0.25,0.25
EUVP_Unpaired,nm_281up.jpg,0.25,0.25,0.25,0.25
EUVP_Unpaired,nm_2820up.jpg,0.25,0.25,0.25,0.25
EUVP_Unpaired,nm_2821up.jpg,0.25,0.25,0.25,0.25
EUVP_Unpaired,nm_2822up.jpg,0.25,0.25,0.25,0.25
EUVP_Unpaired,nm_2823up.jpg,0.25,0.25,0.25,0.25
EUVP_Unpaired,nm_2824up.jpg,0.25,0.25,0.25,0.25
EUVP_Unpaired,nm_2825up.jpg,0.25,0.25,0.25,0.25
EUVP_Unpaired,nm_2826up.jpg,0.25,0.25,0.25,0.25
EUVP_Unpaired,nm_2827up.jpg,0.25,0.25,0.25,0.25
EUVP_Unpaired,nm_2828up.jpg,0.25,0.25,0.25,0.25
EUVP_Unpaired,nm_2829up.jpg,0.25,0.25,0.25,0.25
EUVP_Unpaired,nm_282up.jpg,0.25,0.25,0.25,0.25
EUVP_Unpaired,nm_2830up.jpg,0.25,0.25,0.25,0.25
EUVP_Unpaired,nm_2831up.jpg,0.25,0.25,0.25,0.25
EUVP_Unpaired,nm_2832up.jpg,0.25,0.25,0.25,0.25
EUVP_Unpaired,nm_2833up.jpg,0.25,0.25,0.25,0.25
EUVP_Unpaired,nm_2834up.jpg,0.25,0.25,0.25,0.25
EUVP_Unpaired,nm_2835up.jpg,0.25,0.25,0.25,0.25
EUVP_Unpaired,nm_2836up.jpg,0.25,0.25,0.25,0.25
EUVP_Unpaired,nm_2837up.jpg,0.25,0.25,0.25,0.25
EUVP_Unpaired,nm_2838up.jpg,0.25,0.25,0.25,0.25
EUVP_Unpaired,nm_2839up.jpg,0.25,0.25,0.25,0.25
EUVP_Unpaired,nm_283up.jpg,0.25,0.25,0.25,0.25
EUVP_Unpaired,nm_2840up.jpg,0.25,0.25,0.25,0.25
EUVP_Unpaired,nm_2841up.jpg,0.25,0.25,0.25,0.25
EUVP_Unpaired,nm_2842up.jpg,0.25,0.25,0.25,0.25
EUVP_Unpaired,nm_2843up.jpg,0.25,0.25,0.25,0.25
EUVP_Unpaired,nm_2844up.jpg,0.25,0.25,0.25,0.25
EUVP_Unpaired,nm_2845up.jpg,0.25,0.25,0.25,0.25
EUVP_Unpaired,nm_2846up.jpg,0.25,0.25,0.25,0.25
EUVP_Unpaired,nm_2847up.jpg,0.25,0.25,0.25,0.25
EUVP_Unpaired,nm_2848up.jpg,0.25,0.25,0.25,0.25
EUVP_Unpaired,nm_2849up.jpg,0.25,0.25,0.25,0.25
EUVP_Unpaired,nm_284up.jpg,0.25,0.25,0.25,0.25
EUVP_Unpaired,nm_2850up.jpg,0.25,0.25,0.25,0.25
EUVP_Unpaired,nm_2851up.jpg,0.25,0.25,0.25,0.25
EUVP_Unpaired,nm_2852up.jpg,0.25,0.25,0.25,0.25
EUVP_Unpaired,nm_2853up.jpg,0.25,0.25,0.25,0.25
EUVP_Unpaired,nm_2854up.jpg,0.25,0.25,0.25,0.25
EUVP_Unpaired,nm_2855up.jpg,0.25,0.25,0.25,0.25
EUVP_Unpaired,nm_2856up.jpg,0.25,0.25,0.25,0.25
EUVP_Unpaired,nm_2857up.jpg,0.25,0.25,0.25,0.25
EUVP_Unpaired,nm_2858up.jpg,0.25,0.25,0.25,0.25
EUVP_Unpaired,nm_2859up.jpg,0.25,0.25,0.25,0.25
EUVP_Unpaired,nm_285up.jpg,0.25,0.25,0.25,0.25
EUVP_Unpaired,nm_2860up.jpg,0.25,0.25,0.25,0.25
EUVP_Unpaired,nm_2861up.jpg,0.25,0.25,0.25,0.25
EUVP_Unpaired,nm_2862up.jpg,0.25,0.25,0.25,0.25
EUVP_Unpaired,nm_2863up.jpg,0.25,0.25,0.25,0.25
EUVP_Unpaired,nm_2864up.jpg,0.25,0.25,0.25,0.25
EUVP_Unpaired,nm_2865up.jpg,0.25,0.25,0.25,0.25
EUVP_Unpaired,nm_2866up.jpg,0.25,0.25,0.25,0.25
EUVP_Unpaired,nm_2867up.jpg,0.25,0.25,0.25,0.25
EUVP_Unpaired,nm_2868up.jpg,0.25,0.25,0.25,0.25
EUVP_Unpaired,nm_2869up.jpg,0.25,0.25,0.25,0.25
EUVP_Unpaired,nm_286up.jpg,0.25,0.25,0.25,0.25
EUVP_Unpaired,nm_2870up.jpg,0.25,0.25,0.25,0.25
EUVP_Unpaired,nm_2871up.jpg,0.25,0.25,0.25,0.25
EUVP_Unpaired,nm_2872up.jpg,0.25,0.25,0.25,0.25
EUVP_Unpaired,nm_2873up.jpg,0.25,0.25,0.25,0.25
EUVP_Unpaired,nm_2874up.jpg,0.25,0.25,0.25,0.25
EUVP_Unpaired,nm_2875up.jpg,0.25,0.25,0.25,0.25
EUVP_Unpaired,nm_2876up.jpg,0.25,0.25,0.25,0.25
EUVP_Unpaired,nm_2877up.jpg,0.25,0.25,0.25,0.25
EUVP_Unpaired,nm_2878up.jpg,0.25,0.25,0.25,0.25
EUVP_Unpaired,nm_2879up.jpg,0.25,0.25,0.25,0.25
EUVP_Unpaired,nm_287up.jpg,0.25,0.25,0.25,0.25
EUVP_Unpaired,nm_2880up.jpg,0.25,0.25,0.25,0.25
EUVP_Unpaired,nm_2881up.jpg,0.25,0.25,0.25,0.25
EUVP_Unpaired,nm_2882up.jpg,0.25,0.25,0.25,0.25
EUVP_Unpaired,nm_2883up.jpg,0.25,0.25,0.25,0.25
EUVP_Unpaired,nm_2884up.jpg,0.25,0.25,0.25,0.25
EUVP_Unpaired,nm_2885up.jpg,0.25,0.25,0.25,0.25
EUVP_Unpaired,nm_2886up.jpg,0.25,0.25,0.25,0.25
EUVP_Unpaired,nm_2887up.jpg,0.25,0.25,0.25,0.25
EUVP_Unpaired,nm_2888up.jpg,0.25,0.25,0.25,0.25
EUVP_Unpaired,nm_2889up.jpg,0.25,0.25,0.25,0.25
EUVP_Unpaired,nm_288up.jpg,0.25,0.25,0.25,0.25
EUVP_Unpaired,nm_2890up.jpg,0.25,0.25,0.25,0.25
EUVP_Unpaired,nm_2891up.jpg,0.25,0.25,0.25,0.25
EUVP_Unpaired,nm_2892up.jpg,0.25,0.25,0.25,0.25
EUVP_Unpaired,nm_2893up.jpg,0.25,0.25,0.25,0.25
EUVP_Unpaired,nm_2894up.jpg,0.25,0.25,0.25,0.25
EUVP_Unpaired,nm_2895up.jpg,0.25,0.25,0.25,0.25
EUVP_Unpaired,nm_2896up.jpg,0.25,0.25,0.25,0.25
EUVP_Unpaired,nm_2897up.jpg,0.25,0.25,0.25,0.25
EUVP_Unpaired,nm_2898up.jpg,0.25,0.25,0.25,0.25
EUVP_Unpaired,nm_2899up.jpg,0.25,0.25,0.25,0.25
EUVP_Unpaired,nm_289up.jpg,0.25,0.25,0.25,0.25
EUVP_Unpaired,nm_28up.jpg,0.25,0.25,0.25,0.25
EUVP_Unpaired,nm_2900up.jpg,0.25,0.25,0.25,0.25
EUVP_Unpaired,nm_2901up.jpg,0.25,0.25,0.25,0.25
EUVP_Unpaired,nm_2902up.jpg,0.25,0.25,0.25,0.25
EUVP_Unpaired,nm_2903up.jpg,0.25,0.25,0.25,0.25
EUVP_Unpaired,nm_2904up.jpg,0.25,0.25,0.25,0.25
EUVP_Unpaired,nm_2905up.jpg,0.25,0.25,0.25,0.25
EUVP_Unpaired,nm_2906up.jpg,0.25,0.25,0.25,0.25
EUVP_Unpaired,nm_2907up.jpg,0.25,0.25,0.25,0.25
EUVP_Unpaired,nm_2908up.jpg,0.25,0.25,0.25,0.25
EUVP_Unpaired,nm_2909up.jpg,0.25,0.25,0.25,0.25
EUVP_Unpaired,nm_290up.jpg,0.25,0.25,0.25,0.25
EUVP_Unpaired,nm_2910up.jpg,0.25,0.25,0.25,0.25
EUVP_Unpaired,nm_2911up.jpg,0.25,0.25,0.25,0.25
EUVP_Unpaired,nm_2912up.jpg,0.25,0.25,0.25,0.25
EUVP_Unpaired,nm_2913up.jpg,0.25,0.25,0.25,0.25
EUVP_Unpaired,nm_2914up.jpg,0.25,0.25,0.25,0.25
EUVP_Unpaired,nm_2915up.jpg,0.25,0.25,0.25,0.25
EUVP_Unpaired,nm_2916up.jpg,0.25,0.25,0.25,0.25
EUVP_Unpaired,nm_2917up.jpg,0.25,0.25,0.25,0.25
EUVP_Unpaired,nm_2918up.jpg,0.25,0.25,0.25,0.25
EUVP_Unpaired,nm_2919up.jpg,0.25,0.25,0.25,0.25
EUVP_Unpaired,nm_291up.jpg,0.25,0.25,0.25,0.25
EUVP_Unpaired,nm_2920up.jpg,0.25,0.25,0.25,0.25
EUVP_Unpaired,nm_2921up.jpg,0.25,0.25,0.25,0.25
EUVP_Unpaired,nm_2922up.jpg,0.25,0.25,0.25,0.25
EUVP_Unpaired,nm_2923up.jpg,0.25,0.25,0.25,0.25
EUVP_Unpaired,nm_2924up.jpg,0.25,0.25,0.25,0.25
EUVP_Unpaired,nm_2925up.jpg,0.25,0.25,0.25,0.25
EUVP_Unpaired,nm_2926up.jpg,0.25,0.25,0.25,0.25
EUVP_Unpaired,nm_2927up.jpg,0.25,0.25,0.25,0.25
EUVP_Unpaired,nm_2928up.jpg,0.25,0.25,0.25,0.25
EUVP_Unpaired,nm_2929up.jpg,0.25,0.25,0.25,0.25
EUVP_Unpaired,nm_292up.jpg,0.25,0.25,0.25,0.25
EUVP_Unpaired,nm_2930up.jpg,0.25,0.25,0.25,0.25
EUVP_Unpaired,nm_2931up.jpg,0.25,0.25,0.25,0.25
EUVP_Unpaired,nm_2932up.jpg,0.25,0.25,0.25,0.25
EUVP_Unpaired,nm_2933up.jpg,0.25,0.25,0.25,0.25
EUVP_Unpaired,nm_2934up.jpg,0.25,0.25,0.25,0.25
EUVP_Unpaired,nm_2935up.jpg,0.25,0.25,0.25,0.25
EUVP_Unpaired,nm_2936up.jpg,0.25,0.25,0.25,0.25
EUVP_Unpaired,nm_2937up.jpg,0.25,0.25,0.25,0.25
EUVP_Unpaired,nm_2938up.jpg,0.25,0.25,0.25,0.25
EUVP_Unpaired,nm_2939up.jpg,0.25,0.25,0.25,0.25
EUVP_Unpaired,nm_293up.jpg,0.25,0.25,0.25,0.25
EUVP_Unpaired,nm_2940up.jpg,0.25,0.25,0.25,0.25
EUVP_Unpaired,nm_2941up.jpg,0.25,0.25,0.25,0.25
EUVP_Unpaired,nm_2942up.jpg,0.25,0.25,0.25,0.25
EUVP_Unpaired,nm_2943up.jpg,0.25,0.25,0.25,0.25
EUVP_Unpaired,nm_2944up.jpg,0.25,0.25,0.25,0.25
EUVP_Unpaired,nm_2945up.jpg,0.25,0.25,0.25,0.25
EUVP_Unpaired,nm_2946up.jpg,0.25,0.25,0.25,0.25
EUVP_Unpaired,nm_2947up.jpg,0.25,0.25,0.25,0.25
EUVP_Unpaired,nm_2948up.jpg,0.25,0.25,0.25,0.25
EUVP_Unpaired,nm_2949up.jpg,0.25,0.25,0.25,0.25
EUVP_Unpaired,nm_294up.jpg,0.25,0.25,0.25,0.25
EUVP_Unpaired,nm_2950up.jpg,0.25,0.25,0.25,0.25
EUVP_Unpaired,nm_2951up.jpg,0.25,0.25,0.25,0.25
EUVP_Unpaired,nm_2952up.jpg,0.25,0.25,0.25,0.25
EUVP_Unpaired,nm_2953up.jpg,0.25,0.25,0.25,0.25
EUVP_Unpaired,nm_2954up.jpg,0.25,0.25,0.25,0.25
EUVP_Unpaired,nm_2955up.jpg,0.25,0.25,0.25,0.25
EUVP_Unpaired,nm_2956up.jpg,0.25,0.25,0.25,0.25
EUVP_Unpaired,nm_2957up.jpg,0.25,0.25,0.25,0.25
EUVP_Unpaired,nm_2958up.jpg,0.25,0.25,0.25,0.25
EUVP_Unpaired,nm_2959up.jpg,0.25,0.25,0.25,0.25
EUVP_Unpaired,nm_295up.jpg,0.25,0.25,0.25,0.25
EUVP_Unpaired,nm_2960up.jpg,0.25,0.25,0.25,0.25
EUVP_Unpaired,nm_2961up.jpg,0.25,0.25,0.25,0.25
EUVP_Unpaired,nm_2962up.jpg,0.25,0.25,0.25,0.25
EUVP_Unpaired,nm_2963up.jpg,0.25,0.25,0.25,0.25
EUVP_Unpaired,nm_2964up.jpg,0.25,0.25,0.25,0.25
EUVP_Unpaired,nm_2965up.jpg,0.25,0.25,0.25,0.25
EUVP_Unpaired,nm_2966up.jpg,0.25,0.25,0.25,0.25
EUVP_Unpaired,nm_2967up.jpg,0.25,0.25,0.25,0.25
EUVP_Unpaired,nm_2968up.jpg,0.25,0.25,0.25,0.25
EUVP_Unpaired,nm_2969up.jpg,0.25,0.25,0.25,0.25
EUVP_Unpaired,nm_296up.jpg,0.25,0.25,0.25,0.25
EUVP_Unpaired,nm_2970up.jpg,0.25,0.25,0.25,0.25
EUVP_Unpaired,nm_2971up.jpg,0.25,0.25,0.25,0.25
EUVP_Unpaired,nm_2972up.jpg,0.25,0.25,0.25,0.25
EUVP_Unpaired,nm_2973up.jpg,0.25,0.25,0.25,0.25
EUVP_Unpaired,nm_2974up.jpg,0.25,0.25,0.25,0.25
EUVP_Unpaired,nm_2975up.jpg,0.25,0.25,0.25,0.25
EUVP_Unpaired,nm_2976up.jpg,0.25,0.25,0.25,0.25
EUVP_Unpaired,nm_2977up.jpg,0.25,0.25,0.25,0.25
EUVP_Unpaired,nm_2978up.jpg,0.25,0.25,0.25,0.25
EUVP_Unpaired,nm_2979up.jpg,0.25,0.25,0.25,0.25
EUVP_Unpaired,nm_297up.jpg,0.25,0.25,0.25,0.25
EUVP_Unpaired,nm_2980up.jpg,0.25,0.25,0.25,0.25
EUVP_Unpaired,nm_2981up.jpg,0.25,0.25,0.25,0.25
EUVP_Unpaired,nm_2982up.jpg,0.25,0.25,0.25,0.25
EUVP_Unpaired,nm_2983up.jpg,0.25,0.25,0.25,0.25
EUVP_Unpaired,nm_2984up.jpg,0.25,0.25,0.25,0.25
EUVP_Unpaired,nm_2985up.jpg,0.25,0.25,0.25,0.25
EUVP_Unpaired,nm_2986up.jpg,0.25,0.25,0.25,0.25
EUVP_Unpaired,nm_2987up.jpg,0.25,0.25,0.25,0.25
EUVP_Unpaired,nm_2988up.jpg,0.25,0.25,0.25,0.25
EUVP_Unpaired,nm_2989up.jpg,0.25,0.25,0.25,0.25
EUVP_Unpaired,nm_298up.jpg,0.25,0.25,0.25,0.25
EUVP_Unpaired,nm_2990up.jpg,0.25,0.25,0.25,0.25
EUVP_Unpaired,nm_2991up.jpg,0.25,0.25,0.25,0.25
EUVP_Unpaired,nm_2992up.jpg,0.25,0.25,0.25,0.25
EUVP_Unpaired,nm_2993up.jpg,0.25,0.25,0.25,0.25
EUVP_Unpaired,nm_2994up.jpg,0.25,0.25,0.25,0.25
EUVP_Unpaired,nm_2995up.jpg,0.25,0.25,0.25,0.25
EUVP_Unpaired,nm_2996up.jpg,0.25,0.25,0.25,0.25
EUVP_Unpaired,nm_2997up.jpg,0.25,0.25,0.25,0.25
EUVP_Unpaired,nm_2998up.jpg,0.25,0.25,0.25,0.25
EUVP_Unpaired,nm_2999up.jpg,0.25,0.25,0.25,0.25
EUVP_Unpaired,nm_299up.jpg,0.25,0.25,0.25,0.25
EUVP_Unpaired,nm_29up.jpg,0.25,0.25,0.25,0.25
EUVP_Unpaired,nm_2up.jpg,0.25,0.25,0.25,0.25
EUVP_Unpaired,nm_3000up.jpg,0.25,0.25,0.25,0.25
EUVP_Unpaired,nm_3001up.jpg,0.25,0.25,0.25,0.25
EUVP_Unpaired,nm_3002up.jpg,0.25,0.25,0.25,0.25
EUVP_Unpaired,nm_3003up.jpg,0.25,0.25,0.25,0.25
EUVP_Unpaired,nm_3004up.jpg,0.25,0.25,0.25,0.25
EUVP_Unpaired,nm_3005up.jpg,0.25,0.25,0.25,0.25
EUVP_Unpaired,nm_3006up.jpg,0.25,0.25,0.25,0.25
EUVP_Unpaired,nm_3007up.jpg,0.25,0.25,0.25,0.25
EUVP_Unpaired,nm_3008up.jpg,0.25,0.25,0.25,0.25
EUVP_Unpaired,nm_3009up.jpg,0.25,0.25,0.25,0.25
EUVP_Unpaired,nm_300up.jpg,0.25,0.25,0.25,0.25
EUVP_Unpaired,nm_3010up.jpg,0.25,0.25,0.25,0.25
EUVP_Unpaired,nm_3011up.jpg,0.25,0.25,0.25,0.25
EUVP_Unpaired,nm_3012up.jpg,0.25,0.25,0.25,0.25
EUVP_Unpaired,nm_3013up.jpg,0.25,0.25,0.25,0.25
EUVP_Unpaired,nm_3014up.jpg,0.25,0.25,0.25,0.25
EUVP_Unpaired,nm_3015up.jpg,0.25,0.25,0.25,0.25
EUVP_Unpaired,nm_3016up.jpg,0.25,0.25,0.25,0.25
EUVP_Unpaired,nm_3017up.jpg,0.25,0.25,0.25,0.25
EUVP_Unpaired,nm_3018up.jpg,0.25,0.25,0.25,0.25
EUVP_Unpaired,nm_3019up.jpg,0.25,0.25,0.25,0.25
EUVP_Unpaired,nm_301up.jpg,0.25,0.25,0.25,0.25
EUVP_Unpaired,nm_3020up.jpg,0.25,0.25,0.25,0.25
EUVP_Unpaired,nm_3021up.jpg,0.25,0.25,0.25,0.25
EUVP_Unpaired,nm_3022up.jpg,0.25,0.25,0.25,0.25
EUVP_Unpaired,nm_3023up.jpg,0.25,0.25,0.25,0.25
EUVP_Unpaired,nm_3024up.jpg,0.25,0.25,0.25,0.25
EUVP_Unpaired,nm_3025up.jpg,0.25,0.25,0.25,0.25
EUVP_Unpaired,nm_3026up.jpg,0.25,0.25,0.25,0.25
EUVP_Unpaired,nm_3027up.jpg,0.25,0.25,0.25,0.25
EUVP_Unpaired,nm_3028up.jpg,0.25,0.25,0.25,0.25
EUVP_Unpaired,nm_3029up.jpg,0.25,0.25,0.25,0.25
EUVP_Unpaired,nm_302up.jpg,0.25,0.25,0.25,0.25
EUVP_Unpaired,nm_3030up.jpg,0.25,0.25,0.25,0.25
EUVP_Unpaired,nm_3031up.jpg,0.25,0.25,0.25,0.25
EUVP_Unpaired,nm_3032up.jpg,0.25,0.25,0.25,0.25
EUVP_Unpaired,nm_3033up.jpg,0.25,0.25,0.25,0.25
EUVP_Unpaired,nm_3034up.jpg,0.25,0.25,0.25,0.25
EUVP_Unpaired,nm_3035up.jpg,0.25,0.25,0.25,0.25
EUVP_Unpaired,nm_3036up.jpg,0.25,0.25,0.25,0.25
EUVP_Unpaired,nm_3037up.jpg,0.25,0.25,0.25,0.25
EUVP_Unpaired,nm_3038up.jpg,0.25,0.25,0.25,0.25
EUVP_Unpaired,nm_3039up.jpg,0.25,0.25,0.25,0.25
EUVP_Unpaired,nm_303up.jpg,0.25,0.25,0.25,0.25
EUVP_Unpaired,nm_3040up.jpg,0.25,0.25,0.25,0.25
EUVP_Unpaired,nm_3041up.jpg,0.25,0.25,0.25,0.25
EUVP_Unpaired,nm_3042up.jpg,0.25,0.25,0.25,0.25
EUVP_Unpaired,nm_3043up.jpg,0.25,0.25,0.25,0.25
EUVP_Unpaired,nm_3044up.jpg,0.25,0.25,0.25,0.25
EUVP_Unpaired,nm_3045up.jpg,0.25,0.25,0.25,0.25
EUVP_Unpaired,nm_3046up.jpg,0.25,0.25,0.25,0.25
EUVP_Unpaired,nm_3047up.jpg,0.25,0.25,0.25,0.25
EUVP_Unpaired,nm_3048up.jpg,0.25,0.25,0.25,0.25
EUVP_Unpaired,nm_3049up.jpg,0.25,0.25,0.25,0.25
EUVP_Unpaired,nm_304up.jpg,0.25,0.25,0.25,0.25
EUVP_Unpaired,nm_3050up.jpg,0.25,0.25,0.25,0.25
EUVP_Unpaired,nm_3051up.jpg,0.25,0.25,0.25,0.25
EUVP_Unpaired,nm_3052up.jpg,0.25,0.25,0.25,0.25
EUVP_Unpaired,nm_3053up.jpg,0.25,0.25,0.25,0.25
EUVP_Unpaired,nm_3054up.jpg,0.25,0.25,0.25,0.25
EUVP_Unpaired,nm_3055up.jpg,0.25,0.25,0.25,0.25
EUVP_Unpaired,nm_3056up.jpg,0.25,0.25,0.25,0.25
EUVP_Unpaired,nm_3057up.jpg,0.25,0.25,0.25,0.25
EUVP_Unpaired,nm_3058up.jpg,0.25,0.25,0.25,0.25
EUVP_Unpaired,nm_3059up.jpg,0.25,0.25,0.25,0.25
EUVP_Unpaired,nm_305up.jpg,0.25,0.25,0.25,0.25
EUVP_Unpaired,nm_3060up.jpg,0.25,0.25,0.25,0.25
EUVP_Unpaired,nm_3061up.jpg,0.25,0.25,0.25,0.25
EUVP_Unpaired,nm_3062up.jpg,0.25,0.25,0.25,0.25
EUVP_Unpaired,nm_3063up.jpg,0.25,0.25,0.25,0.25
EUVP_Unpaired,nm_3064up.jpg,0.25,0.25,0.25,0.25
EUVP_Unpaired,nm_3065up.jpg,0.25,0.25,0.25,0.25
EUVP_Unpaired,nm_3066up.jpg,0.25,0.25,0.25,0.25
EUVP_Unpaired,nm_3067up.jpg,0.25,0.25,0.25,0.25
EUVP_Unpaired,nm_3068up.jpg,0.25,0.25,0.25,0.25
EUVP_Unpaired,nm_3069up.jpg,0.25,0.25,0.25,0.25
EUVP_Unpaired,nm_306up.jpg,0.25,0.25,0.25,0.25
EUVP_Unpaired,nm_3070up.jpg,0.25,0.25,0.25,0.25
EUVP_Unpaired,nm_3071up.jpg,0.25,0.25,0.25,0.25
EUVP_Unpaired,nm_3072up.jpg,0.25,0.25,0.25,0.25
EUVP_Unpaired,nm_3073up.jpg,0.25,0.25,0.25,0.25
EUVP_Unpaired,nm_3074up.jpg,0.25,0.25,0.25,0.25
EUVP_Unpaired,nm_3075up.jpg,0.25,0.25,0.25,0.25
EUVP_Unpaired,nm_3076up.jpg,0.25,0.25,0.25,0.25
EUVP_Unpaired,nm_3077up.jpg,0.25,0.25,0.25,0.25
EUVP_Unpaired,nm_3078up.jpg,0.25,0.25,0.25,0.25
EUVP_Unpaired,nm_3079up.jpg,0.25,0.25,0.25,0.25
EUVP_Unpaired,nm_307up.jpg,0.25,0.25,0.25,0.25
EUVP_Unpaired,nm_3080up.jpg,0.25,0.25,0.25,0.25
EUVP_Unpaired,nm_3081up.jpg,0.25,0.25,0.25,0.25
EUVP_Unpaired,nm_3082up.jpg,0.25,0.25,0.25,0.25
EUVP_Unpaired,nm_3083up.jpg,0.25,0.25,0.25,0.25
EUVP_Unpaired,nm_3084up.jpg,0.25,0.25,0.25,0.25
EUVP_Unpaired,nm_3085up.jpg,0.25,0.25,0.25,0.25
EUVP_Unpaired,nm_3086up.jpg,0.25,0.25,0.25,0.25
EUVP_Unpaired,nm_3087up.jpg,0.25,0.25,0.25,0.25
EUVP_Unpaired,nm_3088up.jpg,0.25,0.25,0.25,0.25
EUVP_Unpaired,nm_3089up.jpg,0.25,0.25,0.25,0.25
EUVP_Unpaired,nm_308up.jpg,0.25,0.25,0.25,0.25
EUVP_Unpaired,nm_3090up.jpg,0.25,0.25,0.25,0.25
EUVP_Unpaired,nm_3091up.jpg,0.25,0.25,0.25,0.25
EUVP_Unpaired,nm_3092up.jpg,0.25,0.25,0.25,0.25
EUVP_Unpaired,nm_3093up.jpg,0.25,0.25,0.25,0.25
EUVP_Unpaired,nm_3094up.jpg,0.25,0.25,0.25,0.25
EUVP_Unpaired,nm_3095up.jpg,0.25,0.25,0.25,0.25
EUVP_Unpaired,nm_3096up.jpg,0.25,0.25,0.25,0.25
EUVP_Unpaired,nm_3097up.jpg,0.25,0.25,0.25,0.25
EUVP_Unpaired,nm_3098up.jpg,0.25,0.25,0.25,0.25
EUVP_Unpaired,nm_3099up.jpg,0.25,0.25,0.25,0.25
EUVP_Unpaired,nm_309up.jpg,0.25,0.25,0.25,0.25
EUVP_Unpaired,nm_30up.jpg,0.25,0.25,0.25,0.25
EUVP_Unpaired,nm_3100up.jpg,0.25,0.25,0.25,0.25
EUVP_Unpaired,nm_3101up.jpg,0.25,0.25,0.25,0.25
EUVP_Unpaired,nm_3102up.jpg,0.25,0.25,0.25,0.25
EUVP_Unpaired,nm_3103up.jpg,0.25,0.25,0.25,0.25
EUVP_Unpaired,nm_3104up.jpg,0.25,0.25,0.25,0.25
EUVP_Unpaired,nm_3105up.jpg,0.25,0.25,0.25,0.25
EUVP_Unpaired,nm_3106up.jpg,0.25,0.25,0.25,0.25
EUVP_Unpaired,nm_3107up.jpg,0.25,0.25,0.25,0.25
EUVP_Unpaired,nm_3108up.jpg,0.25,0.25,0.25,0.25
EUVP_Unpaired,nm_3109up.jpg,0.25,0.25,0.25,0.25
EUVP_Unpaired,nm_310up.jpg,0.25,0.25,0.25,0.25
EUVP_Unpaired,nm_3110up.jpg,0.25,0.25,0.25,0.25
EUVP_Unpaired,nm_3111up.jpg,0.25,0.25,0.25,0.25
EUVP_Unpaired,nm_3112up.jpg,0.25,0.25,0.25,0.25
EUVP_Unpaired,nm_3113up.jpg,0.25,0.25,0.25,0.25
EUVP_Unpaired,nm_3114up.jpg,0.25,0.25,0.25,0.25
EUVP_Unpaired,nm_3115up.jpg,0.25,0.25,0.25,0.25
EUVP_Unpaired,nm_3116up.jpg,0.25,0.25,0.25,0.25
EUVP_Unpaired,nm_3117up.jpg,0.25,0.25,0.25,0.25
EUVP_Unpaired,nm_3118up.jpg,0.25,0.25,0.25,0.25
EUVP_Unpaired,nm_3119up.jpg,0.25,0.25,0.25,0.25
EUVP_Unpaired,nm_311up.jpg,0.25,0.25,0.25,0.25
EUVP_Unpaired,nm_3120up.jpg,0.25,0.25,0.25,0.25
EUVP_Unpaired,nm_3121up.jpg,0.25,0.25,0.25,0.25
EUVP_Unpaired,nm_3122up.jpg,0.25,0.25,0.25,0.25
EUVP_Unpaired,nm_3123up.jpg,0.25,0.25,0.25,0.25
EUVP_Unpaired,nm_3124up.jpg,0.25,0.25,0.25,0.25
EUVP_Unpaired,nm_3125up.jpg,0.25,0.25,0.25,0.25
EUVP_Unpaired,nm_3126up.jpg,0.25,0.25,0.25,0.25
EUVP_Unpaired,nm_3127up.jpg,0.25,0.25,0.25,0.25
EUVP_Unpaired,nm_3128up.jpg,0.25,0.25,0.25,0.25
EUVP_Unpaired,nm_3129up.jpg,0.25,0.25,0.25,0.25
EUVP_Unpaired,nm_312up.jpg,0.25,0.25,0.25,0.25
EUVP_Unpaired,nm_3130up.jpg,0.25,0.25,0.25,0.25
EUVP_Unpaired,nm_3131up.jpg,0.25,0.25,0.25,0.25
EUVP_Unpaired,nm_3132up.jpg,0.25,0.25,0.25,0.25
EUVP_Unpaired,nm_3133up.jpg,0.25,0.25,0.25,0.25
EUVP_Unpaired,nm_3134up.jpg,0.25,0.25,0.25,0.25
EUVP_Unpaired,nm_3135up.jpg,0.25,0.25,0.25,0.25
EUVP_Unpaired,nm_3136up.jpg,0.25,0.25,0.25,0.25
EUVP_Unpaired,nm_3137up.jpg,0.25,0.25,0.25,0.25
EUVP_Unpaired,nm_3138up.jpg,0.25,0.25,0.25,0.25
EUVP_Unpaired,nm_3139up.jpg,0.25,0.25,0.25,0.25
EUVP_Unpaired,nm_313up.jpg,0.25,0.25,0.25,0.25
EUVP_Unpaired,nm_3140up.jpg,0.25,0.25,0.25,0.25
EUVP_Unpaired,nm_3141up.jpg,0.25,0.25,0.25,0.25
EUVP_Unpaired,nm_3142up.jpg,0.25,0.25,0.25,0.25
EUVP_Unpaired,nm_3143up.jpg,0.25,0.25,0.25,0.25
EUVP_Unpaired,nm_3144up.jpg,0.25,0.25,0.25,0.25
EUVP_Unpaired,nm_3145up.jpg,0.25,0.25,0.25,0.25
EUVP_Unpaired,nm_3146up.jpg,0.25,0.25,0.25,0.25
EUVP_Unpaired,nm_3147up.jpg,0.25,0.25,0.25,0.25
EUVP_Unpaired,nm_3148up.jpg,0.25,0.25,0.25,0.25
EUVP_Unpaired,nm_3149up.jpg,0.25,0.25,0.25,0.25
EUVP_Unpaired,nm_314up.jpg,0.25,0.25,0.25,0.25
EUVP_Unpaired,nm_3150up(1).jpg,0.25,0.25,0.25,0.25
EUVP_Unpaired,nm_3150up.jpg,0.25,0.25,0.25,0.25
EUVP_Unpaired,nm_3151up.jpg,0.25,0.25,0.25,0.25
EUVP_Unpaired,nm_3152up.jpg,0.25,0.25,0.25,0.25
EUVP_Unpaired,nm_3153up.jpg,0.25,0.25,0.25,0.25
EUVP_Unpaired,nm_3154up.jpg,0.25,0.25,0.25,0.25
EUVP_Unpaired,nm_3155up.jpg,0.25,0.25,0.25,0.25
EUVP_Unpaired,nm_3156up.jpg,0.25,0.25,0.25,0.25
EUVP_Unpaired,nm_3157up.jpg,0.25,0.25,0.25,0.25
EUVP_Unpaired,nm_3158up.jpg,0.25,0.25,0.25,0.25
EUVP_Unpaired,nm_3159up.jpg,0.25,0.25,0.25,0.25
EUVP_Unpaired,nm_315up.jpg,0.25,0.25,0.25,0.25
EUVP_Unpaired,nm_3160up.jpg,0.25,0.25,0.25,0.25
EUVP_Unpaired,nm_3161up.jpg,0.25,0.25,0.25,0.25
EUVP_Unpaired,nm_3162up.jpg,0.25,0.25,0.25,0.25
EUVP_Unpaired,nm_3163up.jpg,0.25,0.25,0.25,0.25
EUVP_Unpaired,nm_3164up.jpg,0.25,0.25,0.25,0.25
EUVP_Unpaired,nm_3165up.jpg,0.25,0.25,0.25,0.25
EUVP_Unpaired,nm_3166up.jpg,0.25,0.25,0.25,0.25
EUVP_Unpaired,nm_3167up.jpg,0.25,0.25,0.25,0.25
EUVP_Unpaired,nm_3168up.jpg,0.25,0.25,0.25,0.25
EUVP_Unpaired,nm_3169up.jpg,0.25,0.25,0.25,0.25
EUVP_Unpaired,nm_316up.jpg,0.25,0.25,0.25,0.25
EUVP_Unpaired,nm_3170up.jpg,0.25,0.25,0.25,0.25
EUVP_Unpaired,nm_3171up.jpg,0.25,0.25,0.25,0.25
EUVP_Unpaired,nm_3172up.jpg,0.25,0.25,0.25,0.25
EUVP_Unpaired,nm_3173up.jpg,0.25,0.25,0.25,0.25
EUVP_Unpaired,nm_3174up.jpg,0.25,0.25,0.25,0.25
EUVP_Unpaired,nm_3175up.jpg,0.25,0.25,0.25,0.25
EUVP_Unpaired,nm_3176up.jpg,0.25,0.25,0.25,0.25
EUVP_Unpaired,nm_3177up.jpg,0.25,0.25,0.25,0.25
EUVP_Unpaired,nm_3178up.jpg,0.25,0.25,0.25,0.25
EUVP_Unpaired,nm_3179up.jpg,0.25,0.25,0.25,0.25
EUVP_Unpaired,nm_317up.jpg,0.25,0.25,0.25,0.25
EUVP_Unpaired,nm_3180up.jpg,0.25,0.25,0.25,0.25
EUVP_Unpaired,nm_3181up.jpg,0.25,0.25,0.25,0.25
EUVP_Unpaired,nm_3182up.jpg,0.25,0.25,0.25,0.25
EUVP_Unpaired,nm_3183up.jpg,0.25,0.25,0.25,0.25
EUVP_Unpaired,nm_3184up.jpg,0.25,0.25,0.25,0.25
EUVP_Unpaired,nm_3185up.jpg,0.25,0.25,0.25,0.25
EUVP_Unpaired,nm_3186up.jpg,0.25,0.25,0.25,0.25
EUVP_Unpaired,nm_3187up.jpg,0.25,0.25,0.25,0.25
EUVP_Unpaired,nm_3188up.jpg,0.25,0.25,0.25,0.25
EUVP_Unpaired,nm_3189up.jpg,0.25,0.25,0.25,0.25
EUVP_Unpaired,nm_318up.jpg,0.25,0.25,0.25,0.25
EUVP_Unpaired,nm_3190up.jpg,0.25,0.25,0.25,0.25
EUVP_Unpaired,nm_3191up.jpg,0.25,0.25,0.25,0.25
EUVP_Unpaired,nm_3192up.jpg,0.25,0.25,0.25,0.25
EUVP_Unpaired,nm_3193up.jpg,0.25,0.25,0.25,0.25
EUVP_Unpaired,nm_3194up.jpg,0.25,0.25,0.25,0.25
EUVP_Unpaired,nm_319up.jpg,0.25,0.25,0.25,0.25
EUVP_Unpaired,nm_31up.jpg,0.25,0.25,0.25,0.25
EUVP_Unpaired,nm_320up.jpg,0.25,0.25,0.25,0.25
EUVP_Unpaired,nm_321up.jpg,0.25,0.25,0.25,0.25
EUVP_Unpaired,nm_322up.jpg,0.25,0.25,0.25,0.25
EUVP_Unpaired,nm_323up.jpg,0.25,0.25,0.25,0.25
EUVP_Unpaired,nm_324up.jpg,0.25,0.25,0.25,0.25
EUVP_Unpaired,nm_325up.jpg,0.25,0.25,0.25,0.25
EUVP_Unpaired,nm_326up.jpg,0.25,0.25,0.25,0.25
EUVP_Unpaired,nm_327up.jpg,0.25,0.25,0.25,0.25
EUVP_Unpaired,nm_328up.jpg,0.25,0.25,0.25,0.25
EUVP_Unpaired,nm_329up.jpg,0.25,0.25,0.25,0.25
EUVP_Unpaired,nm_32up.jpg,0.25,0.25,0.25,0.25
EUVP_Unpaired,nm_330up.jpg,0.25,0.25,0.25,0.25
EUVP_Unpaired,nm_331up.jpg,0.25,0.25,0.25,0.25
EUVP_Unpaired,nm_332up.jpg,0.25,0.25,0.25,0.25
EUVP_Unpaired,nm_333up.jpg,0.25,0.25,0.25,0.25
EUVP_Unpaired,nm_334up.jpg,0.25,0.25,0.25,0.25
EUVP_Unpaired,nm_335up.jpg,0.25,0.25,0.25,0.25
EUVP_Unpaired,nm_336up.jpg,0.25,0.25,0.25,0.25
EUVP_Unpaired,nm_337up.jpg,0.25,0.25,0.25,0.25
EUVP_Unpaired,nm_338up.jpg,0.25,0.25,0.25,0.25
EUVP_Unpaired,nm_339up.jpg,0.25,0.25,0.25,0.25
EUVP_Unpaired,nm_33up.jpg,0.25,0.25,0.25,0.25
EUVP_Unpaired,nm_340up.jpg,0.25,0.25,0.25,0.25
EUVP_Unpaired,nm_341up.jpg,0.25,0.25,0.25,0.25
EUVP_Unpaired,nm_342up.jpg,0.25,0.25,0.25,0.25
EUVP_Unpaired,nm_343up.jpg,0.25,0.25,0.25,0.25
EUVP_Unpaired,nm_344up.jpg,0.25,0.25,0.25,0.25
EUVP_Unpaired,nm_345up.jpg,0.25,0.25,0.25,0.25
EUVP_Unpaired,nm_346up.jpg,0.25,0.25,0.25,0.25
EUVP_Unpaired,nm_347up.jpg,0.25,0.25,0.25,0.25
EUVP_Unpaired,nm_348up.jpg,0.25,0.25,0.25,0.25
EUVP_Unpaired,nm_349up.jpg,0.25,0.25,0.25,0.25
EUVP_Unpaired,nm_34up.jpg,0.25,0.25,0.25,0.25
EUVP_Unpaired,nm_350up.jpg,0.25,0.25,0.25,0.25
EUVP_Unpaired,nm_351up.jpg,0.25,0.25,0.25,0.25
EUVP_Unpaired,nm_352up.jpg,0.25,0.25,0.25,0.25
EUVP_Unpaired,nm_353up.jpg,0.25,0.25,0.25,0.25
EUVP_Unpaired,nm_354up.jpg,0.25,0.25,0.25,0.25
EUVP_Unpaired,nm_355up.jpg,0.25,0.25,0.25,0.25
EUVP_Unpaired,nm_356up.jpg,0.25,0.25,0.25,0.25
EUVP_Unpaired,nm_357up.jpg,0.25,0.25,0.25,0.25
EUVP_Unpaired,nm_358up.jpg,0.25,0.25,0.25,0.25
EUVP_Unpaired,nm_359up.jpg,0.25,0.25,0.25,0.25
EUVP_Unpaired,nm_35up.jpg,0.25,0.25,0.25,0.25
EUVP_Unpaired,nm_360up.jpg,0.25,0.25,0.25,0.25
EUVP_Unpaired,nm_361up.jpg,0.25,0.25,0.25,0.25
EUVP_Unpaired,nm_362up.jpg,0.25,0.25,0.25,0.25
EUVP_Unpaired,nm_363up.jpg,0.25,0.25,0.25,0.25
EUVP_Unpaired,nm_364up.jpg,0.25,0.25,0.25,0.25
EUVP_Unpaired,nm_365up.jpg,0.25,0.25,0.25,0.25
EUVP_Unpaired,nm_366up.jpg,0.25,0.25,0.25,0.25
EUVP_Unpaired,nm_367up.jpg,0.25,0.25,0.25,0.25
EUVP_Unpaired,nm_368up.jpg,0.25,0.25,0.25,0.25
EUVP_Unpaired,nm_369up.jpg,0.25,0.25,0.25,0.25
EUVP_Unpaired,nm_36up.jpg,0.25,0.25,0.25,0.25
EUVP_Unpaired,nm_370up.jpg,0.25,0.25,0.25,0.25
EUVP_Unpaired,nm_371up.jpg,0.25,0.25,0.25,0.25
EUVP_Unpaired,nm_372up.jpg,0.25,0.25,0.25,0.25
EUVP_Unpaired,nm_373up.jpg,0.25,0.25,0.25,0.25
EUVP_Unpaired,nm_374up.jpg,0.25,0.25,0.25,0.25
EUVP_Unpaired,nm_375up.jpg,0.25,0.25,0.25,0.25
EUVP_Unpaired,nm_376up.jpg,0.25,0.25,0.25,0.25
EUVP_Unpaired,nm_377up.jpg,0.25,0.25,0.25,0.25
EUVP_Unpaired,nm_378up.jpg,0.25,0.25,0.25,0.25
EUVP_Unpaired,nm_379up.jpg,0.25,0.25,0.25,0.25
EUVP_Unpaired,nm_37up.jpg,0.25,0.25,0.25,0.25
EUVP_Unpaired,nm_380up.jpg,0.25,0.25,0.25,0.25
EUVP_Unpaired,nm_381up.jpg,0.25,0.25,0.25,0.25
EUVP_Unpaired,nm_382up.jpg,0.25,0.25,0.25,0.25
EUVP_Unpaired,nm_383up.jpg,0.25,0.25,0.25,0.25
EUVP_Unpaired,nm_384up.jpg,0.25,0.25,0.25,0.25
EUVP_Unpaired,nm_385up.jpg,0.25,0.25,0.25,0.25
EUVP_Unpaired,nm_386up.jpg,0.25,0.25,0.25,0.25
EUVP_Unpaired,nm_387up.jpg,0.25,0.25,0.25,0.25
EUVP_Unpaired,nm_388up.jpg,0.25,0.25,0.25,0.25
EUVP_Unpaired,nm_389up.jpg,0.25,0.25,0.25,0.25
EUVP_Unpaired,nm_38up.jpg,0.25,0.25,0.25,0.25
EUVP_Unpaired,nm_390up.jpg,0.25,0.25,0.25,0.25
EUVP_Unpaired,nm_391up.jpg,0.25,0.25,0.25,0.25
EUVP_Unpaired,nm_392up.jpg,0.25,0.25,0.25,0.25
EUVP_Unpaired,nm_393up.jpg,0.25,0.25,0.25,0.25
EUVP_Unpaired,nm_394up.jpg,0.25,0.25,0.25,0.25
EUVP_Unpaired,nm_395up.jpg,0.25,0.25,0.25,0.25
EUVP_Unpaired,nm_396up.jpg,0.25,0.25,0.25,0.25
EUVP_Unpaired,nm_397up.jpg,0.25,0.25,0.25,0.25
EUVP_Unpaired,nm_398up.jpg,0.25,0.25,0.25,0.25
EUVP_Unpaired,nm_399up.jpg,0.25,0.25,0.25,0.25
EUVP_Unpaired,nm_39up.jpg,0.25,0.25,0.25,0.25
EUVP_Unpaired,nm_3up.jpg,0.25,0.25,0.25,0.25
EUVP_Unpaired,nm_400up.jpg,0.25,0.25,0.25,0.25
EUVP_Unpaired,nm_401up.jpg,0.25,0.25,0.25,0.25
EUVP_Unpaired,nm_402up.jpg,0.25,0.25,0.25,0.25
EUVP_Unpaired,nm_403up.jpg,0.25,0.25,0.25,0.25
EUVP_Unpaired,nm_404up.jpg,0.25,0.25,0.25,0.25
EUVP_Unpaired,nm_405up.jpg,0.25,0.25,0.25,0.25
EUVP_Unpaired,nm_406up.jpg,0.25,0.25,0.25,0.25
EUVP_Unpaired,nm_407up.jpg,0.25,0.25,0.25,0.25
EUVP_Unpaired,nm_408up.jpg,0.25,0.25,0.25,0.25
EUVP_Unpaired,nm_409up.jpg,0.25,0.25,0.25,0.25
EUVP_Unpaired,nm_40up.jpg,0.25,0.25,0.25,0.25
EUVP_Unpaired,nm_410up.jpg,0.25,0.25,0.25,0.25
EUVP_Unpaired,nm_411up.jpg,0.25,0.25,0.25,0.25
EUVP_Unpaired,nm_412up.jpg,0.25,0.25,0.25,0.25
EUVP_Unpaired,nm_413up.jpg,0.25,0.25,0.25,0.25
EUVP_Unpaired,nm_414up.jpg,0.25,0.25,0.25,0.25
EUVP_Unpaired,nm_415up.jpg,0.25,0.25,0.25,0.25
EUVP_Unpaired,nm_416up.jpg,0.25,0.25,0.25,0.25
EUVP_Unpaired,nm_417up.jpg,0.25,0.25,0.25,0.25
EUVP_Unpaired,nm_418up.jpg,0.25,0.25,0.25,0.25
EUVP_Unpaired,nm_419up.jpg,0.25,0.25,0.25,0.25
EUVP_Unpaired,nm_41up.jpg,0.25,0.25,0.25,0.25
EUVP_Unpaired,nm_420up.jpg,0.25,0.25,0.25,0.25
EUVP_Unpaired,nm_421up.jpg,0.25,0.25,0.25,0.25
EUVP_Unpaired,nm_422up.jpg,0.25,0.25,0.25,0.25
EUVP_Unpaired,nm_423up.jpg,0.25,0.25,0.25,0.25
EUVP_Unpaired,nm_424up.jpg,0.25,0.25,0.25,0.25
EUVP_Unpaired,nm_425up.jpg,0.25,0.25,0.25,0.25
EUVP_Unpaired,nm_426up.jpg,0.25,0.25,0.25,0.25
EUVP_Unpaired,nm_427up.jpg,0.25,0.25,0.25,0.25
EUVP_Unpaired,nm_428up.jpg,0.25,0.25,0.25,0.25
EUVP_Unpaired,nm_429up.jpg,0.25,0.25,0.25,0.25
EUVP_Unpaired,nm_42up.jpg,0.25,0.25,0.25,0.25
EUVP_Unpaired,nm_430up.jpg,0.25,0.25,0.25,0.25
EUVP_Unpaired,nm_431up.jpg,0.25,0.25,0.25,0.25
EUVP_Unpaired,nm_432up.jpg,0.25,0.25,0.25,0.25
EUVP_Unpaired,nm_433up.jpg,0.25,0.25,0.25,0.25
EUVP_Unpaired,nm_434up.jpg,0.25,0.25,0.25,0.25
EUVP_Unpaired,nm_435up.jpg,0.25,0.25,0.25,0.25
EUVP_Unpaired,nm_436up.jpg,0.25,0.25,0.25,0.25
EUVP_Unpaired,nm_437up.jpg,0.25,0.25,0.25,0.25
EUVP_Unpaired,nm_438up.jpg,0.25,0.25,0.25,0.25
EUVP_Unpaired,nm_439up.jpg,0.25,0.25,0.25,0.25
EUVP_Unpaired,nm_43up.jpg,0.25,0.25,0.25,0.25
EUVP_Unpaired,nm_440up.jpg,0.25,0.25,0.25,0.25
EUVP_Unpaired,nm_441up.jpg,0.25,0.25,0.25,0.25
EUVP_Unpaired,nm_442up.jpg,0.25,0.25,0.25,0.25
EUVP_Unpaired,nm_443up.jpg,0.25,0.25,0.25,0.25
EUVP_Unpaired,nm_444up.jpg,0.25,0.25,0.25,0.25
EUVP_Unpaired,nm_445up.jpg,0.25,0.25,0.25,0.25
EUVP_Unpaired,nm_446up.jpg,0.25,0.25,0.25,0.25
EUVP_Unpaired,nm_447up.jpg,0.25,0.25,0.25,0.25
EUVP_Unpaired,nm_448up.jpg,0.25,0.25,0.25,0.25
EUVP_Unpaired,nm_449up.jpg,0.25,0.25,0.25,0.25
EUVP_Unpaired,nm_44up.jpg,0.25,0.25,0.25,0.25
EUVP_Unpaired,nm_450up.jpg,0.25,0.25,0.25,0.25
EUVP_Unpaired,nm_451up.jpg,0.25,0.25,0.25,0.25
EUVP_Unpaired,nm_452up.jpg,0.25,0.25,0.25,0.25
EUVP_Unpaired,nm_453up.jpg,0.25,0.25,0.25,0.25
EUVP_Unpaired,nm_454up.jpg,0.25,0.25,0.25,0.25
EUVP_Unpaired,nm_455up.jpg,0.25,0.25,0.25,0.25
EUVP_Unpaired,nm_456up.jpg,0.25,0.25,0.25,0.25
EUVP_Unpaired,nm_457up.jpg,0.25,0.25,0.25,0.25
EUVP_Unpaired,nm_458up.jpg,0.25,0.25,0.25,0.25
EUVP_Unpaired,nm_459up.jpg,0.25,0.25,0.25,0.25
EUVP_Unpaired,nm_45up.jpg,0.25,0.25,0.25,0.25
EUVP_Unpaired,nm_460up.jpg,0.25,0.25,0.25,0.25
EUVP_Unpaired,nm_461up.jpg,0.25,0.25,0.25,0.25
EUVP_Unpaired,nm_462up.jpg,0.25,0.25,0.25,0.25
EUVP_Unpaired,nm_463up.jpg,0.25,0.25,0.25,0.25
EUVP_Unpaired,nm_464up.jpg,0.25,0.25,0.25,0.25
EUVP_Unpaired,nm_465up.jpg,0.25,0.25,0.25,0.25
EUVP_Unpaired,nm_466up.jpg,0.25,0.25,0.25,0.25
EUVP_Unpaired,nm_467up.jpg,0.25,0.25,0.25,0.25
EUVP_Unpaired,nm_468up.jpg,0.25,0.25,0.25,0.25
EUVP_Unpaired,nm_469up.jpg,0.25,0.25,0.25,0.25
EUVP_Unpaired,nm_46up.jpg,0.25,0.25,0.25,0.25
EUVP_Unpaired,nm_470up.jpg,0.25,0.25,0.25,0.25
EUVP_Unpaired,nm_471up.jpg,0.25,0.25,0.25,0.25
EUVP_Unpaired,nm_472up.jpg,0.25,0.25,0.25,0.25
EUVP_Unpaired,nm_473up.jpg,0.25,0.25,0.25,0.25
EUVP_Unpaired,nm_474up.jpg,0.25,0.25,0.25,0.25
EUVP_Unpaired,nm_475up.jpg,0.25,0.25,0.25,0.25
EUVP_Unpaired,nm_476up.jpg,0.25,0.25,0.25,0.25
EUVP_Unpaired,nm_477up.jpg,0.25,0.25,0.25,0.25
EUVP_Unpaired,nm_478up.jpg,0.25,0.25,0.25,0.25
EUVP_Unpaired,nm_479up.jpg,0.25,0.25,0.25,0.25
EUVP_Unpaired,nm_47up.jpg,0.25,0.25,0.25,0.25
EUVP_Unpaired,nm_480up.jpg,0.25,0.25,0.25,0.25
EUVP_Unpaired,nm_481up.jpg,0.25,0.25,0.25,0.25
EUVP_Unpaired,nm_482up.jpg,0.25,0.25,0.25,0.25
EUVP_Unpaired,nm_483up.jpg,0.25,0.25,0.25,0.25
EUVP_Unpaired,nm_484up.jpg,0.25,0.25,0.25,0.25
EUVP_Unpaired,nm_485up.jpg,0.25,0.25,0.25,0.25
EUVP_Unpaired,nm_486up.jpg,0.25,0.25,0.25,0.25
EUVP_Unpaired,nm_487up.jpg,0.25,0.25,0.25,0.25
EUVP_Unpaired,nm_488up.jpg,0.25,0.25,0.25,0.25
EUVP_Unpaired,nm_489up.jpg,0.25,0.25,0.25,0.25
EUVP_Unpaired,nm_48up.jpg,0.25,0.25,0.25,0.25
EUVP_Unpaired,nm_490up.jpg,0.25,0.25,0.25,0.25
EUVP_Unpaired,nm_491up.jpg,0.25,0.25,0.25,0.25
EUVP_Unpaired,nm_492up.jpg,0.25,0.25,0.25,0.25
EUVP_Unpaired,nm_493up.jpg,0.25,0.25,0.25,0.25
EUVP_Unpaired,nm_494up.jpg,0.25,0.25,0.25,0.25
EUVP_Unpaired,nm_495up.jpg,0.25,0.25,0.25,0.25
EUVP_Unpaired,nm_496up.jpg,0.25,0.25,0.25,0.25
EUVP_Unpaired,nm_497up.jpg,0.25,0.25,0.25,0.25
EUVP_Unpaired,nm_498up.jpg,0.25,0.25,0.25,0.25
EUVP_Unpaired,nm_499up.jpg,0.25,0.25,0.25,0.25
EUVP_Unpaired,nm_49up.jpg,0.25,0.25,0.25,0.25
EUVP_Unpaired,nm_4up.jpg,0.25,0.25,0.25,0.25
EUVP_Unpaired,nm_500up.jpg,0.25,0.25,0.25,0.25
EUVP_Unpaired,nm_501up.jpg,0.25,0.25,0.25,0.25
EUVP_Unpaired,nm_502up.jpg,0.25,0.25,0.25,0.25
EUVP_Unpaired,nm_503up.jpg,0.25,0.25,0.25,0.25
EUVP_Unpaired,nm_504up.jpg,0.25,0.25,0.25,0.25
EUVP_Unpaired,nm_505up.jpg,0.25,0.25,0.25,0.25
EUVP_Unpaired,nm_506up.jpg,0.25,0.25,0.25,0.25
EUVP_Unpaired,nm_507up.jpg,0.25,0.25,0.25,0.25
EUVP_Unpaired,nm_508up.jpg,0.25,0.25,0.25,0.25
EUVP_Unpaired,nm_509up.jpg,0.25,0.25,0.25,0.25
EUVP_Unpaired,nm_50up.jpg,0.25,0.25,0.25,0.25
EUVP_Unpaired,nm_510up.jpg,0.25,0.25,0.25,0.25
EUVP_Unpaired,nm_511up.jpg,0.25,0.25,0.25,0.25
EUVP_Unpaired,nm_512up.jpg,0.25,0.25,0.25,0.25
EUVP_Unpaired,nm_513up.jpg,0.25,0.25,0.25,0.25
EUVP_Unpaired,nm_514up.jpg,0.25,0.25,0.25,0.25
EUVP_Unpaired,nm_515up.jpg,0.25,0.25,0.25,0.25
EUVP_Unpaired,nm_516up.jpg,0.25,0.25,0.25,0.25
EUVP_Unpaired,nm_517up.jpg,0.25,0.25,0.25,0.25
EUVP_Unpaired,nm_518up.jpg,0.25,0.25,0.25,0.25
EUVP_Unpaired,nm_519up.jpg,0.25,0.25,0.25,0.25
EUVP_Unpaired,nm_51up.jpg,0.25,0.25,0.25,0.25
EUVP_Unpaired,nm_520up.jpg,0.25,0.25,0.25,0.25
EUVP_Unpaired,nm_521up.jpg,0.25,0.25,0.25,0.25
EUVP_Unpaired,nm_522up.jpg,0.25,0.25,0.25,0.25
EUVP_Unpaired,nm_523up.jpg,0.25,0.25,0.25,0.25
EUVP_Unpaired,nm_524up.jpg,0.25,0.25,0.25,0.25
EUVP_Unpaired,nm_525up.jpg,0.25,0.25,0.25,0.25
EUVP_Unpaired,nm_526up.jpg,0.25,0.25,0.25,0.25
EUVP_Unpaired,nm_527up.jpg,0.25,0.25,0.25,0.25
EUVP_Unpaired,nm_528up.jpg,0.25,0.25,0.25,0.25
EUVP_Unpaired,nm_529up.jpg,0.25,0.25,0.25,0.25
EUVP_Unpaired,nm_52up.jpg,0.25,0.25,0.25,0.25
EUVP_Unpaired,nm_530up.jpg,0.25,0.25,0.25,0.25
EUVP_Unpaired,nm_531up.jpg,0.25,0.25,0.25,0.25
EUVP_Unpaired,nm_532up.jpg,0.25,0.25,0.25,0.25
EUVP_Unpaired,nm_533up.jpg,0.25,0.25,0.25,0.25
EUVP_Unpaired,nm_534up.jpg,0.25,0.25,0.25,0.25
EUVP_Unpaired,nm_535up.jpg,0.25,0.25,0.25,0.25
EUVP_Unpaired,nm_536up.jpg,0.25,0.25,0.25,0.25
EUVP_Unpaired,nm_537up.jpg,0.25,0.25,0.25,0.25
EUVP_Unpaired,nm_538up.jpg,0.25,0.25,0.25,0.25
EUVP_Unpaired,nm_539up.jpg,0.25,0.25,0.25,0.25
EUVP_Unpaired,nm_53up.jpg,0.25,0.25,0.25,0.25
EUVP_Unpaired,nm_540up.jpg,0.25,0.25,0.25,0.25
EUVP_Unpaired,nm_541up.jpg,0.25,0.25,0.25,0.25
EUVP_Unpaired,nm_542up.jpg,0.25,0.25,0.25,0.25
EUVP_Unpaired,nm_543up.jpg,0.25,0.25,0.25,0.25
EUVP_Unpaired,nm_544up.jpg,0.25,0.25,0.25,0.25
EUVP_Unpaired,nm_545up.jpg,0.25,0.25,0.25,0.25
EUVP_Unpaired,nm_546up.jpg,0.25,0.25,0.25,0.25
EUVP_Unpaired,nm_547up.jpg,0.25,0.25,0.25,0.25
EUVP_Unpaired,nm_548up.jpg,0.25,0.25,0.25,0.25
EUVP_Unpaired,nm_549up.jpg,0.25,0.25,0.25,0.25
EUVP_Unpaired,nm_54up.jpg,0.25,0.25,0.25,0.25
EUVP_Unpaired,nm_550up.jpg,0.25,0.25,0.25,0.25
EUVP_Unpaired,nm_551up.jpg,0.25,0.25,0.25,0.25
EUVP_Unpaired,nm_552up.jpg,0.25,0.25,0.25,0.25
EUVP_Unpaired,nm_553up.jpg,0.25,0.25,0.25,0.25
EUVP_Unpaired,nm_554up.jpg,0.25,0.25,0.25,0.25
EUVP_Unpaired,nm_555up.jpg,0.25,0.25,0.25,0.25
EUVP_Unpaired,nm_556up.jpg,0.25,0.25,0.25,0.25
EUVP_Unpaired,nm_557up.jpg,0.25,0.25,0.25,0.25
EUVP_Unpaired,nm_558up.jpg,0.25,0.25,0.25,0.25
EUVP_Unpaired,nm_559up.jpg,0.25,0.25,0.25,0.25
EUVP_Unpaired,nm_55up.jpg,0.25,0.25,0.25,0.25
EUVP_Unpaired,nm_560up.jpg,0.25,0.25,0.25,0.25
EUVP_Unpaired,nm_561up.jpg,0.25,0.25,0.25,0.25
EUVP_Unpaired,nm_562up.jpg,0.25,0.25,0.25,0.25
EUVP_Unpaired,nm_563up.jpg,0.25,0.25,0.25,0.25
EUVP_Unpaired,nm_564up.jpg,0.25,0.25,0.25,0.25
EUVP_Unpaired,nm_565up.jpg,0.25,0.25,0.25,0.25
EUVP_Unpaired,nm_566up.jpg,0.25,0.25,0.25,0.25
EUVP_Unpaired,nm_567up.jpg,0.25,0.25,0.25,0.25
EUVP_Unpaired,nm_568up.jpg,0.25,0.25,0.25,0.25
EUVP_Unpaired,nm_569up.jpg,0.25,0.25,0.25,0.25
EUVP_Unpaired,nm_56up.jpg,0.25,0.25,0.25,0.25
EUVP_Unpaired,nm_570up.jpg,0.25,0.25,0.25,0.25
EUVP_Unpaired,nm_571up.jpg,0.25,0.25,0.25,0.25
EUVP_Unpaired,nm_572up.jpg,0.25,0.25,0.25,0.25
EUVP_Unpaired,nm_573up.jpg,0.25,0.25,0.25,0.25
EUVP_Unpaired,nm_574up.jpg,0.25,0.25,0.25,0.25
EUVP_Unpaired,nm_575up.jpg,0.25,0.25,0.25,0.25
EUVP_Unpaired,nm_576up.jpg,0.25,0.25,0.25,0.25
EUVP_Unpaired,nm_577up.jpg,0.25,0.25,0.25,0.25
EUVP_Unpaired,nm_578up.jpg,0.25,0.25,0.25,0.25
EUVP_Unpaired,nm_579up.jpg,0.25,0.25,0.25,0.25
EUVP_Unpaired,nm_57up.jpg,0.25,0.25,0.25,0.25
EUVP_Unpaired,nm_580up.jpg,0.25,0.25,0.25,0.25
EUVP_Unpaired,nm_581up.jpg,0.25,0.25,0.25,0.25
EUVP_Unpaired,nm_582up.jpg,0.25,0.25,0.25,0.25
EUVP_Unpaired,nm_583up.jpg,0.25,0.25,0.25,0.25
EUVP_Unpaired,nm_584up.jpg,0.25,0.25,0.25,0.25
EUVP_Unpaired,nm_585up.jpg,0.25,0.25,0.25,0.25
EUVP_Unpaired,nm_586up.jpg,0.25,0.25,0.25,0.25
EUVP_Unpaired,nm_587up.jpg,0.25,0.25,0.25,0.25
EUVP_Unpaired,nm_588up.jpg,0.25,0.25,0.25,0.25
EUVP_Unpaired,nm_589up.jpg,0.25,0.25,0.25,0.25
EUVP_Unpaired,nm_58up.jpg,0.25,0.25,0.25,0.25
EUVP_Unpaired,nm_590up.jpg,0.25,0.25,0.25,0.25
EUVP_Unpaired,nm_591up.jpg,0.25,0.25,0.25,0.25
EUVP_Unpaired,nm_592up.jpg,0.25,0.25,0.25,0.25
EUVP_Unpaired,nm_593up.jpg,0.25,0.25,0.25,0.25
EUVP_Unpaired,nm_594up.jpg,0.25,0.25,0.25,0.25
EUVP_Unpaired,nm_595up.jpg,0.25,0.25,0.25,0.25
EUVP_Unpaired,nm_596up.jpg,0.25,0.25,0.25,0.25
EUVP_Unpaired,nm_597up.jpg,0.25,0.25,0.25,0.25
EUVP_Unpaired,nm_598up.jpg,0.25,0.25,0.25,0.25
EUVP_Unpaired,nm_599up.jpg,0.25,0.25,0.25,0.25
EUVP_Unpaired,nm_59up.jpg,0.25,0.25,0.25,0.25
EUVP_Unpaired,nm_5up.jpg,0.25,0.25,0.25,0.25
EUVP_Unpaired,nm_600up.jpg,0.25,0.25,0.25,0.25
EUVP_Unpaired,nm_601up.jpg,0.25,0.25,0.25,0.25
EUVP_Unpaired,nm_602up.jpg,0.25,0.25,0.25,0.25
EUVP_Unpaired,nm_603up.jpg,0.25,0.25,0.25,0.25
EUVP_Unpaired,nm_604up.jpg,0.25,0.25,0.25,0.25
EUVP_Unpaired,nm_605up.jpg,0.25,0.25,0.25,0.25
EUVP_Unpaired,nm_606up.jpg,0.25,0.25,0.25,0.25
EUVP_Unpaired,nm_607up.jpg,0.25,0.25,0.25,0.25
EUVP_Unpaired,nm_608up.jpg,0.25,0.25,0.25,0.25
EUVP_Unpaired,nm_609up.jpg,0.25,0.25,0.25,0.25
EUVP_Unpaired,nm_60up.jpg,0.25,0.25,0.25,0.25
EUVP_Unpaired,nm_610up.jpg,0.25,0.25,0.25,0.25
EUVP_Unpaired,nm_611up.jpg,0.25,0.25,0.25,0.25
EUVP_Unpaired,nm_612up.jpg,0.25,0.25,0.25,0.25
EUVP_Unpaired,nm_613up.jpg,0.25,0.25,0.25,0.25
EUVP_Unpaired,nm_614up.jpg,0.25,0.25,0.25,0.25
EUVP_Unpaired,nm_615up.jpg,0.25,0.25,0.25,0.25
EUVP_Unpaired,nm_616up.jpg,0.25,0.25,0.25,0.25
EUVP_Unpaired,nm_617up.jpg,0.25,0.25,0.25,0.25
EUVP_Unpaired,nm_618up.jpg,0.25,0.25,0.25,0.25
EUVP_Unpaired,nm_619up.jpg,0.25,0.25,0.25,0.25
EUVP_Unpaired,nm_61up.jpg,0.25,0.25,0.25,0.25
EUVP_Unpaired,nm_620up.jpg,0.25,0.25,0.25,0.25
EUVP_Unpaired,nm_621up.jpg,0.25,0.25,0.25,0.25
EUVP_Unpaired,nm_622up.jpg,0.25,0.25,0.25,0.25
EUVP_Unpaired,nm_623up.jpg,0.25,0.25,0.25,0.25
EUVP_Unpaired,nm_624up.jpg,0.25,0.25,0.25,0.25
EUVP_Unpaired,nm_625up.jpg,0.25,0.25,0.25,0.25
EUVP_Unpaired,nm_626up.jpg,0.25,0.25,0.25,0.25
EUVP_Unpaired,nm_627up.jpg,0.25,0.25,0.25,0.25
EUVP_Unpaired,nm_628up.jpg,0.25,0.25,0.25,0.25
EUVP_Unpaired,nm_629up.jpg,0.25,0.25,0.25,0.25
EUVP_Unpaired,nm_62up.jpg,0.25,0.25,0.25,0.25
EUVP_Unpaired,nm_630up.jpg,0.25,0.25,0.25,0.25
EUVP_Unpaired,nm_631up.jpg,0.25,0.25,0.25,0.25
EUVP_Unpaired,nm_632up.jpg,0.25,0.25,0.25,0.25
EUVP_Unpaired,nm_633up.jpg,0.25,0.25,0.25,0.25
EUVP_Unpaired,nm_634up.jpg,0.25,0.25,0.25,0.25
EUVP_Unpaired,nm_635up.jpg,0.25,0.25,0.25,0.25
EUVP_Unpaired,nm_636up.jpg,0.25,0.25,0.25,0.25
EUVP_Unpaired,nm_637up.jpg,0.25,0.25,0.25,0.25
EUVP_Unpaired,nm_638up.jpg,0.25,0.25,0.25,0.25
EUVP_Unpaired,nm_639up.jpg,0.25,0.25,0.25,0.25
EUVP_Unpaired,nm_63up.jpg,0.25,0.25,0.25,0.25
EUVP_Unpaired,nm_640up.jpg,0.25,0.25,0.25,0.25
EUVP_Unpaired,nm_641up.jpg,0.25,0.25,0.25,0.25
EUVP_Unpaired,nm_642up.jpg,0.25,0.25,0.25,0.25
EUVP_Unpaired,nm_643up.jpg,0.25,0.25,0.25,0.25
EUVP_Unpaired,nm_644up.jpg,0.25,0.25,0.25,0.25
EUVP_Unpaired,nm_645up.jpg,0.25,0.25,0.25,0.25
EUVP_Unpaired,nm_646up.jpg,0.25,0.25,0.25,0.25
EUVP_Unpaired,nm_647up.jpg,0.25,0.25,0.25,0.25
EUVP_Unpaired,nm_648up.jpg,0.25,0.25,0.25,0.25
EUVP_Unpaired,nm_649up.jpg,0.25,0.25,0.25,0.25
EUVP_Unpaired,nm_64up.jpg,0.25,0.25,0.25,0.25
EUVP_Unpaired,nm_650up.jpg,0.25,0.25,0.25,0.25
EUVP_Unpaired,nm_651up.jpg,0.25,0.25,0.25,0.25
EUVP_Unpaired,nm_652up.jpg,0.25,0.25,0.25,0.25
EUVP_Unpaired,nm_653up.jpg,0.25,0.25,0.25,0.25
EUVP_Unpaired,nm_654up.jpg,0.25,0.25,0.25,0.25
EUVP_Unpaired,nm_655up.jpg,0.25,0.25,0.25,0.25
EUVP_Unpaired,nm_656up.jpg,0.25,0.25,0.25,0.25
EUVP_Unpaired,nm_657up.jpg,0.25,0.25,0.25,0.25
EUVP_Unpaired,nm_658up.jpg,0.25,0.25,0.25,0.25
EUVP_Unpaired,nm_659up.jpg,0.25,0.25,0.25,0.25
EUVP_Unpaired,nm_65up.jpg,0.25,0.25,0.25,0.25
EUVP_Unpaired,nm_660up.jpg,0.25,0.25,0.25,0.25
EUVP_Unpaired,nm_661up.jpg,0.25,0.25,0.25,0.25
EUVP_Unpaired,nm_662up.jpg,0.25,0.25,0.25,0.25
EUVP_Unpaired,nm_663up.jpg,0.25,0.25,0.25,0.25
EUVP_Unpaired,nm_664up.jpg,0.25,0.25,0.25,0.25
EUVP_Unpaired,nm_665up.jpg,0.25,0.25,0.25,0.25
EUVP_Unpaired,nm_666up.jpg,0.25,0.25,0.25,0.25
EUVP_Unpaired,nm_667up.jpg,0.25,0.25,0.25,0.25
EUVP_Unpaired,nm_668up.jpg,0.25,0.25,0.25,0.25
EUVP_Unpaired,nm_669up.jpg,0.25,0.25,0.25,0.25
EUVP_Unpaired,nm_66up.jpg,0.25,0.25,0.25,0.25
EUVP_Unpaired,nm_670up.jpg,0.25,0.25,0.25,0.25
EUVP_Unpaired,nm_671up.jpg,0.25,0.25,0.25,0.25
EUVP_Unpaired,nm_672up.jpg,0.25,0.25,0.25,0.25
EUVP_Unpaired,nm_673up(1).jpg,0.25,0.25,0.25,0.25
EUVP_Unpaired,nm_673up.jpg,0.25,0.25,0.25,0.25
EUVP_Unpaired,nm_674up.jpg,0.25,0.25,0.25,0.25
EUVP_Unpaired,nm_675up.jpg,0.25,0.25,0.25,0.25
EUVP_Unpaired,nm_676up.jpg,0.25,0.25,0.25,0.25
EUVP_Unpaired,nm_677up.jpg,0.25,0.25,0.25,0.25
EUVP_Unpaired,nm_678up.jpg,0.25,0.25,0.25,0.25
EUVP_Unpaired,nm_679up.jpg,0.25,0.25,0.25,0.25
EUVP_Unpaired,nm_67up.jpg,0.25,0.25,0.25,0.25
EUVP_Unpaired,nm_680up.jpg,0.25,0.25,0.25,0.25
EUVP_Unpaired,nm_681up.jpg,0.25,0.25,0.25,0.25
EUVP_Unpaired,nm_682up.jpg,0.25,0.25,0.25,0.25
EUVP_Unpaired,nm_683up.jpg,0.25,0.25,0.25,0.25
EUVP_Unpaired,nm_684up.jpg,0.25,0.25,0.25,0.25
EUVP_Unpaired,nm_685up.jpg,0.25,0.25,0.25,0.25
EUVP_Unpaired,nm_686up.jpg,0.25,0.25,0.25,0.25
EUVP_Unpaired,nm_687up.jpg,0.25,0.25,0.25,0.25
EUVP_Unpaired,nm_688up.jpg,0.25,0.25,0.25,0.25
EUVP_Unpaired,nm_689up.jpg,0.25,0.25,0.25,0.25
EUVP_Unpaired,nm_68up.jpg,0.25,0.25,0.25,0.25
EUVP_Unpaired,nm_690up.jpg,0.25,0.25,0.25,0.25
EUVP_Unpaired,nm_691up.jpg,0.25,0.25,0.25,0.25
EUVP_Unpaired,nm_692up.jpg,0.25,0.25,0.25,0.25
EUVP_Unpaired,nm_693up.jpg,0.25,0.25,0.25,0.25
EUVP_Unpaired,nm_694up.jpg,0.25,0.25,0.25,0.25
EUVP_Unpaired,nm_695up.jpg,0.25,0.25,0.25,0.25
EUVP_Unpaired,nm_696up.jpg,0.25,0.25,0.25,0.25
EUVP_Unpaired,nm_697up.jpg,0.25,0.25,0.25,0.25
EUVP_Unpaired,nm_698up.jpg,0.25,0.25,0.25,0.25
EUVP_Unpaired,nm_699up.jpg,0.25,0.25,0.25,0.25
EUVP_Unpaired,nm_69up.jpg,0.25,0.25,0.25,0.25
EUVP_Unpaired,nm_6up.jpg,0.25,0.25,0.25,0.25
EUVP_Unpaired,nm_700up.jpg,0.25,0.25,0.25,0.25
EUVP_Unpaired,nm_701up.jpg,0.25,0.25,0.25,0.25
EUVP_Unpaired,nm_702up.jpg,0.25,0.25,0.25,0.25
EUVP_Unpaired,nm_703up.jpg,0.25,0.25,0.25,0.25
EUVP_Unpaired,nm_704up.jpg,0.25,0.25,0.25,0.25
EUVP_Unpaired,nm_705up.jpg,0.25,0.25,0.25,0.25
EUVP_Unpaired,nm_706up.jpg,0.25,0.25,0.25,0.25
EUVP_Unpaired,nm_707up.jpg,0.25,0.25,0.25,0.25
EUVP_Unpaired,nm_708up.jpg,0.25,0.25,0.25,0.25
EUVP_Unpaired,nm_709up.jpg,0.25,0.25,0.25,0.25
EUVP_Unpaired,nm_70up.jpg,0.25,0.25,0.25,0.25
EUVP_Unpaired,nm_710up.jpg,0.25,0.25,0.25,0.25
EUVP_Unpaired,nm_711up.jpg,0.25,0.25,0.25,0.25
EUVP_Unpaired,nm_712up.jpg,0.25,0.25,0.25,0.25
EUVP_Unpaired,nm_713up.jpg,0.25,0.25,0.25,0.25
EUVP_Unpaired,nm_714up.jpg,0.25,0.25,0.25,0.25
EUVP_Unpaired,nm_715up.jpg,0.25,0.25,0.25,0.25
EUVP_Unpaired,nm_716up.jpg,0.25,0.25,0.25,0.25
EUVP_Unpaired,nm_717up.jpg,0.25,0.25,0.25,0.25
EUVP_Unpaired,nm_718up.jpg,0.25,0.25,0.25,0.25
EUVP_Unpaired,nm_719up.jpg,0.25,0.25,0.25,0.25
EUVP_Unpaired,nm_71up.jpg,0.25,0.25,0.25,0.25
EUVP_Unpaired,nm_720up.jpg,0.25,0.25,0.25,0.25
EUVP_Unpaired,nm_721up.jpg,0.25,0.25,0.25,0.25
EUVP_Unpaired,nm_722up.jpg,0.25,0.25,0.25,0.25
EUVP_Unpaired,nm_723up.jpg,0.25,0.25,0.25,0.25
EUVP_Unpaired,nm_724up.jpg,0.25,0.25,0.25,0.25
EUVP_Unpaired,nm_725up.jpg,0.25,0.25,0.25,0.25
EUVP_Unpaired,nm_726up.jpg,0.25,0.25,0.25,0.25
EUVP_Unpaired,nm_727up.jpg,0.25,0.25,0.25,0.25
EUVP_Unpaired,nm_728up.jpg,0.25,0.25,0.25,0.25
EUVP_Unpaired,nm_729up.jpg,0.25,0.25,0.25,0.25
EUVP_Unpaired,nm_72up.jpg,0.25,0.25,0.25,0.25
EUVP_Unpaired,nm_730up.jpg,0.25,0.25,0.25,0.25
EUVP_Unpaired,nm_731up.jpg,0.25,0.25,0.25,0.25
EUVP_Unpaired,nm_732up.jpg,0.25,0.25,0.25,0.25
EUVP_Unpaired,nm_733up.jpg,0.25,0.25,0.25,0.25
EUVP_Unpaired,nm_734up.jpg,0.25,0.25,0.25,0.25
EUVP_Unpaired,nm_735up.jpg,0.25,0.25,0.25,0.25
EUVP_Unpaired,nm_736up.jpg,0.25,0.25,0.25,0.25
EUVP_Unpaired,nm_737up.jpg,0.25,0.25,0.25,0.25
EUVP_Unpaired,nm_738up.jpg,0.25,0.25,0.25,0.25
EUVP_Unpaired,nm_739up.jpg,0.25,0.25,0.25,0.25
EUVP_Unpaired,nm_73up.jpg,0.25,0.25,0.25,0.25
EUVP_Unpaired,nm_740up.jpg,0.25,0.25,0.25,0.25
EUVP_Unpaired,nm_741up.jpg,0.25,0.25,0.25,0.25
EUVP_Unpaired,nm_742up.jpg,0.25,0.25,0.25,0.25
EUVP_Unpaired,nm_743up.jpg,0.25,0.25,0.25,0.25
EUVP_Unpaired,nm_744up.jpg,0.25,0.25,0.25,0.25
EUVP_Unpaired,nm_745up.jpg,0.25,0.25,0.25,0.25
EUVP_Unpaired,nm_746up.jpg,0.25,0.25,0.25,0.25
EUVP_Unpaired,nm_747up.jpg,0.25,0.25,0.25,0.25
EUVP_Unpaired,nm_748up.jpg,0.25,0.25,0.25,0.25
EUVP_Unpaired,nm_749up.jpg,0.25,0.25,0.25,0.25
EUVP_Unpaired,nm_74up.jpg,0.25,0.25,0.25,0.25
EUVP_Unpaired,nm_750up.jpg,0.25,0.25,0.25,0.25
EUVP_Unpaired,nm_751up.jpg,0.25,0.25,0.25,0.25
EUVP_Unpaired,nm_752up.jpg,0.25,0.25,0.25,0.25
EUVP_Unpaired,nm_753up.jpg,0.25,0.25,0.25,0.25
EUVP_Unpaired,nm_754up.jpg,0.25,0.25,0.25,0.25
EUVP_Unpaired,nm_755up.jpg,0.25,0.25,0.25,0.25
EUVP_Unpaired,nm_756up.jpg,0.25,0.25,0.25,0.25
EUVP_Unpaired,nm_757up(1).jpg,0.25,0.25,0.25,0.25
EUVP_Unpaired,nm_757up.jpg,0.25,0.25,0.25,0.25
EUVP_Unpaired,nm_758up.jpg,0.25,0.25,0.25,0.25
EUVP_Unpaired,nm_759up.jpg,0.25,0.25,0.25,0.25
EUVP_Unpaired,nm_75up.jpg,0.25,0.25,0.25,0.25
EUVP_Unpaired,nm_760up.jpg,0.25,0.25,0.25,0.25
EUVP_Unpaired,nm_761up.jpg,0.25,0.25,0.25,0.25
EUVP_Unpaired,nm_762up.jpg,0.25,0.25,0.25,0.25
EUVP_Unpaired,nm_763up.jpg,0.25,0.25,0.25,0.25
EUVP_Unpaired,nm_764up.jpg,0.25,0.25,0.25,0.25
EUVP_Unpaired,nm_765up.jpg,0.25,0.25,0.25,0.25
EUVP_Unpaired,nm_766up.jpg,0.25,0.25,0.25,0.25
EUVP_Unpaired,nm_767up.jpg,0.25,0.25,0.25,0.25
EUVP_Unpaired,nm_768up.jpg,0.25,0.25,0.25,0.25
EUVP_Unpaired,nm_769up.jpg,0.25,0.25,0.25,0.25
EUVP_Unpaired,nm_76up.jpg,0.25,0.25,0.25,0.25
EUVP_Unpaired,nm_770up.jpg,0.25,0.25,0.25,0.25
EUVP_Unpaired,nm_771up.jpg,0.25,0.25,0.25,0.25
EUVP_Unpaired,nm_772up.jpg,0.25,0.25,0.25,0.25
EUVP_Unpaired,nm_773up.jpg,0.25,0.25,0.25,0.25
EUVP_Unpaired,nm_774up.jpg,0.25,0.25,0.25,0.25
EUVP_Unpaired,nm_775up.jpg,0.25,0.25,0.25,0.25
EUVP_Unpaired,nm_776up.jpg,0.25,0.25,0.25,0.25
EUVP_Unpaired,nm_777up.jpg,0.25,0.25,0.25,0.25
EUVP_Unpaired,nm_778up.jpg,0.25,0.25,0.25,0.25
EUVP_Unpaired,nm_779up.jpg,0.25,0.25,0.25,0.25
EUVP_Unpaired,nm_77up.jpg,0.25,0.25,0.25,0.25
EUVP_Unpaired,nm_780up.jpg,0.25,0.25,0.25,0.25
EUVP_Unpaired,nm_781up.jpg,0.25,0.25,0.25,0.25
EUVP_Unpaired,nm_782up.jpg,0.25,0.25,0.25,0.25
EUVP_Unpaired,nm_783up.jpg,0.25,0.25,0.25,0.25
EUVP_Unpaired,nm_784up.jpg,0.25,0.25,0.25,0.25
EUVP_Unpaired,nm_785up.jpg,0.25,0.25,0.25,0.25
EUVP_Unpaired,nm_786up.jpg,0.25,0.25,0.25,0.25
EUVP_Unpaired,nm_787up.jpg,0.25,0.25,0.25,0.25
EUVP_Unpaired,nm_788up.jpg,0.25,0.25,0.25,0.25
EUVP_Unpaired,nm_789up.jpg,0.25,0.25,0.25,0.25
EUVP_Unpaired,nm_78up.jpg,0.25,0.25,0.25,0.25
EUVP_Unpaired,nm_790up.jpg,0.25,0.25,0.25,0.25
EUVP_Unpaired,nm_791up.jpg,0.25,0.25,0.25,0.25
EUVP_Unpaired,nm_792up.jpg,0.25,0.25,0.25,0.25
EUVP_Unpaired,nm_793up.jpg,0.25,0.25,0.25,0.25
EUVP_Unpaired,nm_794up.jpg,0.25,0.25,0.25,0.25
EUVP_Unpaired,nm_795up.jpg,0.25,0.25,0.25,0.25
EUVP_Unpaired,nm_796up.jpg,0.25,0.25,0.25,0.25
EUVP_Unpaired,nm_797up.jpg,0.25,0.25,0.25,0.25
EUVP_Unpaired,nm_798up.jpg,0.25,0.25,0.25,0.25
EUVP_Unpaired,nm_799up.jpg,0.25,0.25,0.25,0.25
EUVP_Unpaired,nm_79up.jpg,0.25,0.25,0.25,0.25
EUVP_Unpaired,nm_7up.jpg,0.25,0.25,0.25,0.25
EUVP_Unpaired,nm_800up.jpg,0.25,0.25,0.25,0.25
EUVP_Unpaired,nm_801up.jpg,0.25,0.25,0.25,0.25
EUVP_Unpaired,nm_802up.jpg,0.25,0.25,0.25,0.25
EUVP_Unpaired,nm_803up.jpg,0.25,0.25,0.25,0.25
EUVP_Unpaired,nm_804up.jpg,0.25,0.25,0.25,0.25
EUVP_Unpaired,nm_805up.jpg,0.25,0.25,0.25,0.25
EUVP_Unpaired,nm_806up.jpg,0.25,0.25,0.25,0.25
EUVP_Unpaired,nm_807up.jpg,0.25,0.25,0.25,0.25
EUVP_Unpaired,nm_808up.jpg,0.25,0.25,0.25,0.25
EUVP_Unpaired,nm_809up.jpg,0.25,0.25,0.25,0.25
EUVP_Unpaired,nm_80up.jpg,0.25,0.25,0.25,0.25
EUVP_Unpaired,nm_810up.jpg,0.25,0.25,0.25,0.25
EUVP_Unpaired,nm_811up.jpg,0.25,0.25,0.25,0.25
EUVP_Unpaired,nm_812up.jpg,0.25,0.25,0.25,0.25
EUVP_Unpaired,nm_813up.jpg,0.25,0.25,0.25,0.25
EUVP_Unpaired,nm_814up.jpg,0.25,0.25,0.25,0.25
EUVP_Unpaired,nm_815up.jpg,0.25,0.25,0.25,0.25
EUVP_Unpaired,nm_816up.jpg,0.25,0.25,0.25,0.25
EUVP_Unpaired,nm_817up.jpg,0.25,0.25,0.25,0.25
EUVP_Unpaired,nm_818up.jpg,0.25,0.25,0.25,0.25
EUVP_Unpaired,nm_819up.jpg,0.25,0.25,0.25,0.25
EUVP_Unpaired,nm_81up.jpg,0.25,0.25,0.25,0.25
EUVP_Unpaired,nm_820up.jpg,0.25,0.25,0.25,0.25
EUVP_Unpaired,nm_821up.jpg,0.25,0.25,0.25,0.25
EUVP_Unpaired,nm_822up.jpg,0.25,0.25,0.25,0.25
EUVP_Unpaired,nm_823up.jpg,0.25,0.25,0.25,0.25
EUVP_Unpaired,nm_824up.jpg,0.25,0.25,0.25,0.25
EUVP_Unpaired,nm_825up.jpg,0.25,0.25,0.25,0.25
EUVP_Unpaired,nm_826up.jpg,0.25,0.25,0.25,0.25
EUVP_Unpaired,nm_827up.jpg,0.25,0.25,0.25,0.25
EUVP_Unpaired,nm_828up.jpg,0.25,0.25,0.25,0.25
EUVP_Unpaired,nm_829up.jpg,0.25,0.25,0.25,0.25
EUVP_Unpaired,nm_82up.jpg,0.25,0.25,0.25,0.25
EUVP_Unpaired,nm_830up.jpg,0.25,0.25,0.25,0.25
EUVP_Unpaired,nm_831up.jpg,0.25,0.25,0.25,0.25
EUVP_Unpaired,nm_832up.jpg,0.25,0.25,0.25,0.25
EUVP_Unpaired,nm_833up.jpg,0.25,0.25,0.25,0.25
EUVP_Unpaired,nm_834up.jpg,0.25,0.25,0.25,0.25
EUVP_Unpaired,nm_835up.jpg,0.25,0.25,0.25,0.25
EUVP_Unpaired,nm_836up.jpg,0.25,0.25,0.25,0.25
EUVP_Unpaired,nm_837up.jpg,0.25,0.25,0.25,0.25
EUVP_Unpaired,nm_838up.jpg,0.25,0.25,0.25,0.25
EUVP_Unpaired,nm_839up.jpg,0.25,0.25,0.25,0.25
EUVP_Unpaired,nm_83up.jpg,0.25,0.25,0.25,0.25
EUVP_Unpaired,nm_840up.jpg,0.25,0.25,0.25,0.25
EUVP_Unpaired,nm_841up.jpg,0.25,0.25,0.25,0.25
EUVP_Unpaired,nm_842up.jpg,0.25,0.25,0.25,0.25
EUVP_Unpaired,nm_843up.jpg,0.25,0.25,0.25,0.25
EUVP_Unpaired,nm_844up.jpg,0.25,0.25,0.25,0.25
EUVP_Unpaired,nm_845up.jpg,0.25,0.25,0.25,0.25
EUVP_Unpaired,nm_846up.jpg,0.25,0.25,0.25,0.25
EUVP_Unpaired,nm_847up.jpg,0.25,0.25,0.25,0.25
EUVP_Unpaired,nm_848up.jpg,0.25,0.25,0.25,0.25
EUVP_Unpaired,nm_849up.jpg,0.25,0.25,0.25,0.25
EUVP_Unpaired,nm_84up.jpg,0.25,0.25,0.25,0.25
EUVP_Unpaired,nm_850up.jpg,0.25,0.25,0.25,0.25
EUVP_Unpaired,nm_851up.jpg,0.25,0.25,0.25,0.25
EUVP_Unpaired,nm_852up.jpg,0.25,0.25,0.25,0.25
EUVP_Unpaired,nm_853up.jpg,0.25,0.25,0.25,0.25
EUVP_Unpaired,nm_854up(1).jpg,0.25,0.25,0.25,0.25
EUVP_Unpaired,nm_854up.jpg,0.25,0.25,0.25,0.25
EUVP_Unpaired,nm_855up.jpg,0.25,0.25,0.25,0.25
EUVP_Unpaired,nm_856up.jpg,0.25,0.25,0.25,0.25
EUVP_Unpaired,nm_857up.jpg,0.25,0.25,0.25,0.25
EUVP_Unpaired,nm_858up.jpg,0.25,0.25,0.25,0.25
EUVP_Unpaired,nm_859up.jpg,0.25,0.25,0.25,0.25
EUVP_Unpaired,nm_85up.jpg,0.25,0.25,0.25,0.25
EUVP_Unpaired,nm_860up.jpg,0.25,0.25,0.25,0.25
EUVP_Unpaired,nm_861up.jpg,0.25,0.25,0.25,0.25
EUVP_Unpaired,nm_862up.jpg,0.25,0.25,0.25,0.25
EUVP_Unpaired,nm_863up.jpg,0.25,0.25,0.25,0.25
EUVP_Unpaired,nm_864up.jpg,0.25,0.25,0.25,0.25
EUVP_Unpaired,nm_865up.jpg,0.25,0.25,0.25,0.25
EUVP_Unpaired,nm_866up.jpg,0.25,0.25,0.25,0.25
EUVP_Unpaired,nm_867up.jpg,0.25,0.25,0.25,0.25
EUVP_Unpaired,nm_868up.jpg,0.25,0.25,0.25,0.25
EUVP_Unpaired,nm_869up.jpg,0.25,0.25,0.25,0.25
EUVP_Unpaired,nm_86up.jpg,0.25,0.25,0.25,0.25
EUVP_Unpaired,nm_870up.jpg,0.25,0.25,0.25,0.25
EUVP_Unpaired,nm_871up.jpg,0.25,0.25,0.25,0.25
EUVP_Unpaired,nm_872up.jpg,0.25,0.25,0.25,0.25
EUVP_Unpaired,nm_873up.jpg,0.25,0.25,0.25,0.25
EUVP_Unpaired,nm_874up.jpg,0.25,0.25,0.25,0.25
EUVP_Unpaired,nm_875up.jpg,0.25,0.25,0.25,0.25
EUVP_Unpaired,nm_876up.jpg,0.25,0.25,0.25,0.25
EUVP_Unpaired,nm_877up.jpg,0.25,0.25,0.25,0.25
EUVP_Unpaired,nm_878up.jpg,0.25,0.25,0.25,0.25
EUVP_Unpaired,nm_879up.jpg,0.25,0.25,0.25,0.25
EUVP_Unpaired,nm_87up.jpg,0.25,0.25,0.25,0.25
EUVP_Unpaired,nm_880up.jpg,0.25,0.25,0.25,0.25
EUVP_Unpaired,nm_881up.jpg,0.25,0.25,0.25,0.25
EUVP_Unpaired,nm_882up.jpg,0.25,0.25,0.25,0.25
EUVP_Unpaired,nm_883up.jpg,0.25,0.25,0.25,0.25
EUVP_Unpaired,nm_884up.jpg,0.25,0.25,0.25,0.25
EUVP_Unpaired,nm_885up.jpg,0.25,0.25,0.25,0.25
EUVP_Unpaired,nm_886up.jpg,0.25,0.25,0.25,0.25
EUVP_Unpaired,nm_887up.jpg,0.25,0.25,0.25,0.25
EUVP_Unpaired,nm_888up.jpg,0.25,0.25,0.25,0.25
EUVP_Unpaired,nm_889up.jpg,0.25,0.25,0.25,0.25
EUVP_Unpaired,nm_88up.jpg,0.25,0.25,0.25,0.25
EUVP_Unpaired,nm_890up.jpg,0.25,0.25,0.25,0.25
EUVP_Unpaired,nm_891up.jpg,0.25,0.25,0.25,0.25
EUVP_Unpaired,nm_892up.jpg,0.25,0.25,0.25,0.25
EUVP_Unpaired,nm_893up.jpg,0.25,0.25,0.25,0.25
EUVP_Unpaired,nm_894up.jpg,0.25,0.25,0.25,0.25
EUVP_Unpaired,nm_895up.jpg,0.25,0.25,0.25,0.25
EUVP_Unpaired,nm_896up.jpg,0.25,0.25,0.25,0.25
EUVP_Unpaired,nm_897up.jpg,0.25,0.25,0.25,0.25
EUVP_Unpaired,nm_898up.jpg,0.25,0.25,0.25,0.25
EUVP_Unpaired,nm_899up.jpg,0.25,0.25,0.25,0.25
EUVP_Unpaired,nm_89up.jpg,0.25,0.25,0.25,0.25
EUVP_Unpaired,nm_8up.jpg,0.25,0.25,0.25,0.25
EUVP_Unpaired,nm_900up.jpg,0.25,0.25,0.25,0.25
EUVP_Unpaired,nm_901up.jpg,0.25,0.25,0.25,0.25
EUVP_Unpaired,nm_902up.jpg,0.25,0.25,0.25,0.25
EUVP_Unpaired,nm_903up.jpg,0.25,0.25,0.25,0.25
EUVP_Unpaired,nm_904up.jpg,0.25,0.25,0.25,0.25
EUVP_Unpaired,nm_905up.jpg,0.25,0.25,0.25,0.25
EUVP_Unpaired,nm_906up.jpg,0.25,0.25,0.25,0.25
EUVP_Unpaired,nm_907up.jpg,0.25,0.25,0.25,0.25
EUVP_Unpaired,nm_908up.jpg,0.25,0.25,0.25,0.25
EUVP_Unpaired,nm_909up.jpg,0.25,0.25,0.25,0.25
EUVP_Unpaired,nm_90up.jpg,0.25,0.25,0.25,0.25
EUVP_Unpaired,nm_910up.jpg,0.25,0.25,0.25,0.25
EUVP_Unpaired,nm_911up.jpg,0.25,0.25,0.25,0.25
EUVP_Unpaired,nm_912up.jpg,0.25,0.25,0.25,0.25
EUVP_Unpaired,nm_913up.jpg,0.25,0.25,0.25,0.25
EUVP_Unpaired,nm_914up.jpg,0.25,0.25,0.25,0.25
EUVP_Unpaired,nm_915up.jpg,0.25,0.25,0.25,0.25
EUVP_Unpaired,nm_916up.jpg,0.25,0.25,0.25,0.25
EUVP_Unpaired,nm_917up.jpg,0.25,0.25,0.25,0.25
EUVP_Unpaired,nm_918up.jpg,0.25,0.25,0.25,0.25
EUVP_Unpaired,nm_919up.jpg,0.25,0.25,0.25,0.25
EUVP_Unpaired,nm_91up.jpg,0.25,0.25,0.25,0.25
EUVP_Unpaired,nm_920up.jpg,0.25,0.25,0.25,0.25
EUVP_Unpaired,nm_921up.jpg,0.25,0.25,0.25,0.25
EUVP_Unpaired,nm_922up.jpg,0.25,0.25,0.25,0.25
EUVP_Unpaired,nm_923up.jpg,0.25,0.25,0.25,0.25
EUVP_Unpaired,nm_924up.jpg,0.25,0.25,0.25,0.25
EUVP_Unpaired,nm_925up.jpg,0.25,0.25,0.25,0.25
EUVP_Unpaired,nm_926up.jpg,0.25,0.25,0.25,0.25
EUVP_Unpaired,nm_927up.jpg,0.25,0.25,0.25,0.25
EUVP_Unpaired,nm_928up.jpg,0.25,0.25,0.25,0.25
EUVP_Unpaired,nm_929up.jpg,0.25,0.25,0.25,0.25
EUVP_Unpaired,nm_92up.jpg,0.25,0.25,0.25,0.25
EUVP_Unpaired,nm_930up.jpg,0.25,0.25,0.25,0.25
EUVP_Unpaired,nm_931up.jpg,0.25,0.25,0.25,0.25
EUVP_Unpaired,nm_932up.jpg,0.25,0.25,0.25,0.25
EUVP_Unpaired,nm_933up.jpg,0.25,0.25,0.25,0.25
EUVP_Unpaired,nm_934up.jpg,0.25,0.25,0.25,0.25
EUVP_Unpaired,nm_935up.jpg,0.25,0.25,0.25,0.25
EUVP_Unpaired,nm_936up.jpg,0.25,0.25,0.25,0.25
EUVP_Unpaired,nm_937up.jpg,0.25,0.25,0.25,0.25
EUVP_Unpaired,nm_938up.jpg,0.25,0.25,0.25,0.25
EUVP_Unpaired,nm_939up.jpg,0.25,0.25,0.25,0.25
EUVP_Unpaired,nm_93up.jpg,0.25,0.25,0.25,0.25
EUVP_Unpaired,nm_940up.jpg,0.25,0.25,0.25,0.25
EUVP_Unpaired,nm_941up.jpg,0.25,0.25,0.25,0.25
EUVP_Unpaired,nm_942up.jpg,0.25,0.25,0.25,0.25
EUVP_Unpaired,nm_943up.jpg,0.25,0.25,0.25,0.25
EUVP_Unpaired,nm_944up.jpg,0.25,0.25,0.25,0.25
EUVP_Unpaired,nm_945up.jpg,0.25,0.25,0.25,0.25
EUVP_Unpaired,nm_946up.jpg,0.25,0.25,0.25,0.25
EUVP_Unpaired,nm_947up.jpg,0.25,0.25,0.25,0.25
EUVP_Unpaired,nm_948up.jpg,0.25,0.25,0.25,0.25
EUVP_Unpaired,nm_949up.jpg,0.25,0.25,0.25,0.25
EUVP_Unpaired,nm_94up.jpg,0.25,0.25,0.25,0.25
EUVP_Unpaired,nm_950up.jpg,0.25,0.25,0.25,0.25
EUVP_Unpaired,nm_951up.jpg,0.25,0.25,0.25,0.25
EUVP_Unpaired,nm_952up.jpg,0.25,0.25,0.25,0.25
EUVP_Unpaired,nm_953up.jpg,0.25,0.25,0.25,0.25
EUVP_Unpaired,nm_954up.jpg,0.25,0.25,0.25,0.25
EUVP_Unpaired,nm_955up.jpg,0.25,0.25,0.25,0.25
EUVP_Unpaired,nm_956up.jpg,0.25,0.25,0.25,0.25
EUVP_Unpaired,nm_957up.jpg,0.25,0.25,0.25,0.25
EUVP_Unpaired,nm_958up.jpg,0.25,0.25,0.25,0.25
EUVP_Unpaired,nm_959up.jpg,0.25,0.25,0.25,0.25
EUVP_Unpaired,nm_95up.jpg,0.25,0.25,0.25,0.25
EUVP_Unpaired,nm_960up.jpg,0.25,0.25,0.25,0.25
EUVP_Unpaired,nm_961up.jpg,0.25,0.25,0.25,0.25
EUVP_Unpaired,nm_962up.jpg,0.25,0.25,0.25,0.25
EUVP_Unpaired,nm_963up.jpg,0.25,0.25,0.25,0.25
EUVP_Unpaired,nm_964up.jpg,0.25,0.25,0.25,0.25
EUVP_Unpaired,nm_965up.jpg,0.25,0.25,0.25,0.25
EUVP_Unpaired,nm_966up.jpg,0.25,0.25,0.25,0.25
EUVP_Unpaired,nm_967up.jpg,0.25,0.25,0.25,0.25
EUVP_Unpaired,nm_968up.jpg,0.25,0.25,0.25,0.25
EUVP_Unpaired,nm_969up.jpg,0.25,0.25,0.25,0.25
EUVP_Unpaired,nm_96up.jpg,0.25,0.25,0.25,0.25
EUVP_Unpaired,nm_970up.jpg,0.25,0.25,0.25,0.25
EUVP_Unpaired,nm_971up.jpg,0.25,0.25,0.25,0.25
EUVP_Unpaired,nm_972up.jpg,0.25,0.25,0.25,0.25
EUVP_Unpaired,nm_973up.jpg,0.25,0.25,0.25,0.25
EUVP_Unpaired,nm_974up.jpg,0.25,0.25,0.25,0.25
EUVP_Unpaired,nm_975up.jpg,0.25,0.25,0.25,0.25
EUVP_Unpaired,nm_976up.jpg,0.25,0.25,0.25,0.25
EUVP_Unpaired,nm_977up.jpg,0.25,0.25,0.25,0.25
EUVP_Unpaired,nm_978up.jpg,0.25,0.25,0.25,0.25
EUVP_Unpaired,nm_979up(1).jpg,0.25,0.25,0.25,0.25
EUVP_Unpaired,nm_979up.jpg,0.25,0.25,0.25,0.25
EUVP_Unpaired,nm_97up.jpg,0.25,0.25,0.25,0.25
EUVP_Unpaired,nm_980up.jpg,0.25,0.25,0.25,0.25
EUVP_Unpaired,nm_981up.jpg,0.25,0.25,0.25,0.25
EUVP_Unpaired,nm_982up.jpg,0.25,0.25,0.25,0.25
EUVP_Unpaired,nm_983up.jpg,0.25,0.25,0.25,0.25
EUVP_Unpaired,nm_984up.jpg,0.25,0.25,0.25,0.25
EUVP_Unpaired,nm_985up.jpg,0.25,0.25,0.25,0.25
EUVP_Unpaired,nm_986up.jpg,0.25,0.25,0.25,0.25
EUVP_Unpaired,nm_987up.jpg,0.25,0.25,0.25,0.25
EUVP_Unpaired,nm_988up(1).jpg,0.25,0.25,0.25,0.25
EUVP_Unpaired,nm_988up.jpg,0.25,0.25,0.25,0.25
EUVP_Unpaired,nm_989up.jpg,0.25,0.25,0.25,0.25
EUVP_Unpaired,nm_98up.jpg,0.25,0.25,0.25,0.25
EUVP_Unpaired,nm_990up.jpg,0.25,0.25,0.25,0.25
EUVP_Unpaired,nm_991up.jpg,0.25,0.25,0.25,0.25
EUVP_Unpaired,nm_992up.jpg,0.25,0.25,0.25,0.25
EUVP_Unpaired,nm_993up.jpg,0.25,0.25,0.25,0.25
EUVP_Unpaired,nm_994up.jpg,0.25,0.25,0.25,0.25
EUVP_Unpaired,nm_995up.jpg,0.25,0.25,0.25,0.25
EUVP_Unpaired,nm_996up.jpg,0.25,0.25,0.25,0.25
EUVP_Unpaired,nm_997up.jpg,0.25,0.25,0.25,0.25
EUVP_Unpaired,nm_998up.jpg,0.25,0.25,0.25,0.25
EUVP_Unpaired,nm_999up.jpg,0.25,0.25,0.25,0.25
EUVP_Unpaired,nm_99up.jpg,0.25,0.25,0.25,0.25
EUVP_Unpaired,nm_9up.jpg,0.25,0.25,0.25,0.25
EUVP_test_samples,test_p0_.jpg,0.25,0.25,0.25,0.25
EUVP_test_samples,test_p100_.jpg,0.25,0.25,0.25,0.25
EUVP_test_samples,test_p101_.jpg,0.25,0.25,0.25,0.25
EUVP_test_samples,test_p102_.jpg,0.25,0.25,0.25,0.25
EUVP_test_samples,test_p104_.jpg,0.25,0.25,0.25,0.25
EUVP_test_samples,test_p105_.jpg,0.25,0.25,0.25,0.25
EUVP_test_samples,test_p106_.jpg,0.25,0.25,0.25,0.25
EUVP_test_samples,test_p107_.jpg,0.25,0.25,0.25,0.25
EUVP_test_samples,test_p109_.jpg,0.25,0.25,0.25,0.25
EUVP_test_samples,test_p110_.jpg,0.25,0.25,0.25,0.25
EUVP_test_samples,test_p112_.jpg,0.25,0.25,0.25,0.25
EUVP_test_samples,test_p113_.jpg,0.25,0.25,0.25,0.25
EUVP_test_samples,test_p114_.jpg,0.25,0.25,0.25,0.25
EUVP_test_samples,test_p115_.jpg,0.25,0.25,0.25,0.25
EUVP_test_samples,test_p116_.jpg,0.25,0.25,0.25,0.25
EUVP_test_samples,test_p117_.jpg,0.25,0.25,0.25,0.25
EUVP_test_samples,test_p118_.jpg,0.25,0.25,0.25,0.25
EUVP_test_samples,test_p119_.jpg,0.25,0.25,0.25,0.25
EUVP_test_samples,test_p11_.jpg,0.25,0.25,0.25,0.25
EUVP_test_samples,test_p120_.jpg,0.25,0.25,0.25,0.25
EUVP_test_samples,test_p121_.jpg,0.25,0.25,0.25,0.25
EUVP_test_samples,test_p122_.jpg,0.25,0.25,0.25,0.25
EUVP_test_samples,test_p123_.jpg,0.25,0.25,0.25,0.25
EUVP_test_samples,test_p125_.jpg,0.25,0.25,0.25,0.25
EUVP_test_samples,test_p126_.jpg,0.25,0.25,0.25,0.25
EUVP_test_samples,test_p127_.jpg,0.25,0.25,0.25,0.25
EUVP_test_samples,test_p128_.jpg,0.25,0.25,0.25,0.25
EUVP_test_samples,test_p129_.jpg,0.25,0.25,0.25,0.25
EUVP_test_samples,test_p12_.jpg,0.25,0.25,0.25,0.25
EUVP_test_samples,test_p130_.jpg,0.25,0.25,0.25,0.25
EUVP_test_samples,test_p131_.jpg,0.25,0.25,0.25,0.25
EUVP_test_samples,test_p132_.jpg,0.25,0.25,0.25,0.25
EUVP_test_samples,test_p133_.jpg,0.25,0.25,0.25,0.25
EUVP_test_samples,test_p134_.jpg,0.25,0.25,0.25,0.25
EUVP_test_samples,test_p135_.jpg,0.25,0.25,0.25,0.25
EUVP_test_samples,test_p136_.jpg,0.25,0.25,0.25,0.25
EUVP_test_samples,test_p137_.jpg,0.25,0.25,0.25,0.25
EUVP_test_samples,test_p138_.jpg,0.25,0.25,0.25,0.25
EUVP_test_samples,test_p139_.jpg,0.25,0.25,0.25,0.25
EUVP_test_samples,test_p13_.jpg,0.25,0.25,0.25,0.25
EUVP_test_samples,test_p141_.jpg,0.25,0.25,0.25,0.25
EUVP_test_samples,test_p142_.jpg,0.25,0.25,0.25,0.25
EUVP_test_samples,test_p143_.jpg,0.25,0.25,0.25,0.25
EUVP_test_samples,test_p144_.jpg,0.25,0.25,0.25,0.25
EUVP_test_samples,test_p145_.jpg,0.25,0.25,0.25,0.25
EUVP_test_samples,test_p146_.jpg,0.25,0.25,0.25,0.25
EUVP_test_samples,test_p147_.jpg,0.25,0.25,0.25,0.25
EUVP_test_samples,test_p148_.jpg,0.25,0.25,0.25,0.25
EUVP_test_samples,test_p149_.jpg,0.25,0.25,0.25,0.25
EUVP_test_samples,test_p14_.jpg,0.25,0.25,0.25,0.25
EUVP_test_samples,test_p150_.jpg,0.25,0.25,0.25,0.25
EUVP_test_samples,test_p153_.jpg,0.25,0.25,0.25,0.25
EUVP_test_samples,test_p154_.jpg,0.25,0.25,0.25,0.25
EUVP_test_samples,test_p156_.jpg,0.25,0.25,0.25,0.25
EUVP_test_samples,test_p157_.jpg,0.25,0.25,0.25,0.25
EUVP_test_samples,test_p158_.jpg,0.25,0.25,0.25,0.25
EUVP_test_samples,test_p159_.jpg,0.25,0.25,0.25,0.25
EUVP_test_samples,test_p15_.jpg,0.25,0.25,0.25,0.25
EUVP_test_samples,test_p161_.jpg,0.25,0.25,0.25,0.25
EUVP_test_samples,test_p162_.jpg,0.25,0.25,0.25,0.25
EUVP_test_samples,test_p164_.jpg,0.25,0.25,0.25,0.25
EUVP_test_samples,test_p165_.jpg,0.25,0.25,0.25,0.25
EUVP_test_samples,test_p166_.jpg,0.25,0.25,0.25,0.25
EUVP_test_samples,test_p167_.jpg,0.25,0.25,0.25,0.25
EUVP_test_samples,test_p168_.jpg,0.25,0.25,0.25,0.25
EUVP_test_samples,test_p169_.jpg,0.25,0.25,0.25,0.25
EUVP_test_samples,test_p16_.jpg,0.25,0.25,0.25,0.25
EUVP_test_samples,test_p171_.jpg,0.25,0.25,0.25,0.25
EUVP_test_samples,test_p172_.jpg,0.25,0.25,0.25,0.25
EUVP_test_samples,test_p173_.jpg,0.25,0.25,0.25,0.25
EUVP_test_samples,test_p174_.jpg,0.25,0.25,0.25,0.25
EUVP_test_samples,test_p175_.jpg,0.25,0.25,0.25,0.25
EUVP_test_samples,test_p176_.jpg,0.25,0.25,0.25,0.25
EUVP_test_samples,test_p178_.jpg,0.25,0.25,0.25,0.25
EUVP_test_samples,test_p179_.jpg,0.25,0.25,0.25,0.25
EUVP_test_samples,test_p17_.jpg,0.25,0.25,0.25,0.25
EUVP_test_samples,test_p180_.jpg,0.25,0.25,0.25,0.25
EUVP_test_samples,test_p181_.jpg,0.25,0.25,0.25,0.25
EUVP_test_samples,test_p182_.jpg,0.25,0.25,0.25,0.25
EUVP_test_samples,test_p183_.jpg,0.25,0.25,0.25,0.25
EUVP_test_samples,test_p184_.jpg,0.25,0.25,0.25,0.25
EUVP_test_samples,test_p185_.jpg,0.25,0.25,0.25,0.25
EUVP_test_samples,test_p186_.jpg,0.25,0.25,0.25,0.25
EUVP_test_samples,test_p187_.jpg,0.25,0.25,0.25,0.25
EUVP_test_samples,test_p188_.jpg,0.25,0.25,0.25,0.25
EUVP_test_samples,test_p189_.jpg,0.25,0.25,0.25,0.25
EUVP_test_samples,test_p190_.jpg,0.25,0.25,0.25,0.25
EUVP_test_samples,test_p191_.jpg,0.25,0.25,0.25,0.25
EUVP_test_samples,test_p192_.jpg,0.25,0.25,0.25,0.25
EUVP_test_samples,test_p193_.jpg,0.25,0.25,0.25,0.25
EUVP_test_samples,test_p194_.jpg,0.25,0.25,0.25,0.25
EUVP_test_samples,test_p195_.jpg,0.25,0.25,0.25,0.25
EUVP_test_samples,test_p196_.jpg,0.25,0.25,0.25,0.25
EUVP_test_samples,test_p197_.jpg,0.25,0.25,0.25,0.25
EUVP_test_samples,test_p198_.jpg,0.25,0.25,0.25,0.25
EUVP_test_samples,test_p199_.jpg,0.25,0.25,0.25,0.25
EUVP_test_samples,test_p200_.jpg,0.25,0.25,0.25,0.25
EUVP_test_samples,test_p203_.jpg,0.25,0.25,0.25,0.25
EUVP_test_samples,test_p205_.jpg,0.25,0.25,0.25,0.25
EUVP_test_samples,test_p206_.jpg,0.25,0.25,0.25,0.25
EUVP_test_samples,test_p208_.jpg,0.25,0.25,0.25,0.25
EUVP_test_samples,test_p209_.jpg,0.25,0.25,0.25,0.25
EUVP_test_samples,test_p20_.jpg,0.25,0.25,0.25,0.25
EUVP_test_samples,test_p211_.jpg,0.25,0.25,0.25,0.25
EUVP_test_samples,test_p212_.jpg,0.25,0.25,0.25,0.25
EUVP_test_samples,test_p213_.jpg,0.25,0.25,0.25,0.25
EUVP_test_samples,test_p214_.jpg,0.25,0.25,0.25,0.25
EUVP_test_samples,test_p215_.jpg,0.25,0.25,0.25,0.25
EUVP_test_samples,test_p216_.jpg,0.25,0.25,0.25,0.25
EUVP_test_samples,test_p218_.jpg,0.25,0.25,0.25,0.25
EUVP_test_samples,test_p219_.jpg,0.25,0.25,0.25,0.25
EUVP_test_samples,test_p21_.jpg,0.25,0.25,0.25,0.25
EUVP_test_samples,test_p221_.jpg,0.25,0.25,0.25,0.25
EUVP_test_samples,test_p222_.jpg,0.25,0.25,0.25,0.25
EUVP_test_samples,test_p223_.jpg,0.25,0.25,0.25,0.25
EUVP_test_samples,test_p224_.jpg,0.25,0.25,0.25,0.25
EUVP_test_samples,test_p225_.jpg,0.25,0.25,0.25,0.25
EUVP_test_samples,test_p226_.jpg,0.25,0.25,0.25,0.25
EUVP_test_samples,test_p227_.jpg,0.25,0.25,0.25,0.25
EUVP_test_samples,test_p228_.jpg,0.25,0.25,0.25,0.25
EUVP_test_samples,test_p229_.jpg,0.25,0.25,0.25,0.25
EUVP_test_samples,test_p22_.jpg,0.25,0.25,0.25,0.25
EUVP_test_samples,test_p230_.jpg,0.25,0.25,0.25,0.25
EUVP_test_samples,test_p232_.jpg,0.25,0.25,0.25,0.25
EUVP_test_samples,test_p233_.jpg,0.25,0.25,0.25,0.25
EUVP_test_samples,test_p234_.jpg,0.25,0.25,0.25,0.25
EUVP_test_samples,test_p235_.jpg,0.25,0.25,0.25,0.25
EUVP_test_samples,test_p236_.jpg,0.25,0.25,0.25,0.25
EUVP_test_samples,test_p238_.jpg,0.25,0.25,0.25,0.25
EUVP_test_samples,test_p239_.jpg,0.25,0.25,0.25,0.25
EUVP_test_samples,test_p23_.jpg,0.25,0.25,0.25,0.25
EUVP_test_samples,test_p240_.jpg,0.25,0.25,0.25,0.25
EUVP_test_samples,test_p241_.jpg,0.25,0.25,0.25,0.25
EUVP_test_samples,test_p242_.jpg,0.25,0.25,0.25,0.25
EUVP_test_samples,test_p243_.jpg,0.25,0.25,0.25,0.25
EUVP_test_samples,test_p244_.jpg,0.25,0.25,0.25,0.25
EUVP_test_samples,test_p245_.jpg,0.25,0.25,0.25,0.25
EUVP_test_samples,test_p246_.jpg,0.25,0.25,0.25,0.25
EUVP_test_samples,test_p247_.jpg,0.25,0.25,0.25,0.25
EUVP_test_samples,test_p248_.jpg,0.25,0.25,0.25,0.25
EUVP_test_samples,test_p249_.jpg,0.25,0.25,0.25,0.25
EUVP_test_samples,test_p24_.jpg,0.25,0.25,0.25,0.25
EUVP_test_samples,test_p250_.jpg,0.25,0.25,0.25,0.25
EUVP_test_samples,test_p251_.jpg,0.25,0.25,0.25,0.25
EUVP_test_samples,test_p253_.jpg,0.25,0.25,0.25,0.25
EUVP_test_samples,test_p254_.jpg,0.25,0.25,0.25,0.25
EUVP_test_samples,test_p255_.jpg,0.25,0.25,0.25,0.25
EUVP_test_samples,test_p256_.jpg,0.25,0.25,0.25,0.25
EUVP_test_samples,test_p258_.jpg,0.25,0.25,0.25,0.25
EUVP_test_samples,test_p25_.jpg,0.25,0.25,0.25,0.25
EUVP_test_samples,test_p260_.jpg,0.25,0.25,0.25,0.25
EUVP_test_samples,test_p261_.jpg,0.25,0.25,0.25,0.25
EUVP_test_samples,test_p262_.jpg,0.25,0.25,0.25,0.25
EUVP_test_samples,test_p263_.jpg,0.25,0.25,0.25,0.25
EUVP_test_samples,test_p265_.jpg,0.25,0.25,0.25,0.25
EUVP_test_samples,test_p266_.jpg,0.25,0.25,0.25,0.25
EUVP_test_samples,test_p267_.jpg,0.25,0.25,0.25,0.25
EUVP_test_samples,test_p269_.jpg,0.25,0.25,0.25,0.25
EUVP_test_samples,test_p26_.jpg,0.25,0.25,0.25,0.25
EUVP_test_samples,test_p270_.jpg,0.25,0.25,0.25,0.25
EUVP_test_samples,test_p271_.jpg,0.25,0.25,0.25,0.25
EUVP_test_samples,test_p273_.jpg,0.25,0.25,0.25,0.25
EUVP_test_samples,test_p274_.jpg,0.25,0.25,0.25,0.25
EUVP_test_samples,test_p276_.jpg,0.25,0.25,0.25,0.25
EUVP_test_samples,test_p277_.jpg,0.25,0.25,0.25,0.25
EUVP_test_samples,test_p278_.jpg,0.25,0.25,0.25,0.25
EUVP_test_samples,test_p279_.jpg,0.25,0.25,0.25,0.25
EUVP_test_samples,test_p27_.jpg,0.25,0.25,0.25,0.25
EUVP_test_samples,test_p280_.jpg,0.25,0.25,0.25,0.25
EUVP_test_samples,test_p281_.jpg,0.25,0.25,0.25,0.25
EUVP_test_samples,test_p282_.jpg,0.25,0.25,0.25,0.25
EUVP_test_samples,test_p284_.jpg,0.25,0.25,0.25,0.25
EUVP_test_samples,test_p286_.jpg,0.25,0.25,0.25,0.25
EUVP_test_samples,test_p288_.jpg,0.25,0.25,0.25,0.25
EUVP_test_samples,test_p289_.jpg,0.25,0.25,0.25,0.25
EUVP_test_samples,test_p28_.jpg,0.25,0.25,0.25,0.25
EUVP_test_samples,test_p290_.jpg,0.25,0.25,0.25,0.25
EUVP_test_samples,test_p291_.jpg,0.25,0.25,0.25,0.25
EUVP_test_samples,test_p292_.jpg,0.25,0.25,0.25,0.25
EUVP_test_samples,test_p294_.jpg,0.25,0.25,0.25,0.25
EUVP_test_samples,test_p295_.jpg,0.25,0.25,0.25,0.25
EUVP_test_samples,test_p297_.jpg,0.25,0.25,0.25,0.25
EUVP_test_samples,test_p298_.jpg,0.25,0.25,0.25,0.25
EUVP_test_samples,test_p299_.jpg,0.25,0.25,0.25,0.25
EUVP_test_samples,test_p29_.jpg,0.25,0.25,0.25,0.25
EUVP_test_samples,test_p2_.jpg,0.25,0.25,0.25,0.25
EUVP_test_samples,test_p301_.jpg,0.25,0.25,0.25,0.25
EUVP_test_samples,test_p302_.jpg,0.25,0.25,0.25,0.25
EUVP_test_samples,test_p305_.jpg,0.25,0.25,0.25,0.25
EUVP_test_samples,test_p306_.jpg,0.25,0.25,0.25,0.25
EUVP_test_samples,test_p307_.jpg,0.25,0.25,0.25,0.25
EUVP_test_samples,test_p308_.jpg,0.25,0.25,0.25,0.25
EUVP_test_samples,test_p309_.jpg,0.25,0.25,0.25,0.25
EUVP_test_samples,test_p30_.jpg,0.25,0.25,0.25,0.25
EUVP_test_samples,test_p310_.jpg,0.25,0.25,0.25,0.25
EUVP_test_samples,test_p314_.jpg,0.25,0.25,0.25,0.25
EUVP_test_samples,test_p315_.jpg,0.25,0.25,0.25,0.25
EUVP_test_samples,test_p316_.jpg,0.25,0.25,0.25,0.25
EUVP_test_samples,test_p317_.jpg,0.25,0.25,0.25,0.25
EUVP_test_samples,test_p318_.jpg,0.25,0.25,0.25,0.25
EUVP_test_samples,test_p319_.jpg,0.25,0.25,0.25,0.25
EUVP_test_samples,test_p31_.jpg,0.25,0.25,0.25,0.25
EUVP_test_samples,test_p320_.jpg,0.25,0.25,0.25,0.25
EUVP_test_samples,test_p321_.jpg,0.25,0.25,0.25,0.25
EUVP_test_samples,test_p322_.jpg,0.25,0.25,0.25,0.25
EUVP_test_samples,test_p324_.jpg,0.25,0.25,0.25,0.25
EUVP_test_samples,test_p325_.jpg,0.25,0.25,0.25,0.25
EUVP_test_samples,test_p326_.jpg,0.25,0.25,0.25,0.25
EUVP_test_samples,test_p327_.jpg,0.25,0.25,0.25,0.25
EUVP_test_samples,test_p328_.jpg,0.25,0.25,0.25,0.25
EUVP_test_samples,test_p329_.jpg,0.25,0.25,0.25,0.25
EUVP_test_samples,test_p32_.jpg,0.25,0.25,0.25,0.25
EUVP_test_samples,test_p330_.jpg,0.25,0.25,0.25,0.25
EUVP_test_samples,test_p331_.jpg,0.25,0.25,0.25,0.25
EUVP_test_samples,test_p332_.jpg,0.25,0.25,0.25,0.25
EUVP_test_samples,test_p333_.jpg,0.25,0.25,0.25,0.25
EUVP_test_samples,test_p334_.jpg,0.25,0.25,0.25,0.25
EUVP_test_samples,test_p335_.jpg,0.25,0.25,0.25,0.25
EUVP_test_samples,test_p336_.jpg,0.25,0.25,0.25,0.25
EUVP_test_samples,test_p337_.jpg,0.25,0.25,0.25,0.25
EUVP_test_samples,test_p338_.jpg,0.25,0.25,0.25,0.25
EUVP_test_samples,test_p339_.jpg,0.25,0.25,0.25,0.25
EUVP_test_samples,test_p340_.jpg,0.25,0.25,0.25,0.25
EUVP_test_samples,test_p342_.jpg,0.25,0.25,0.25,0.25
EUVP_test_samples,test_p344_.jpg,0.25,0.25,0.25,0.25
EUVP_test_samples,test_p345_.jpg,0.25,0.25,0.25,0.25
EUVP_test_samples,test_p346_.jpg,0.25,0.25,0.25,0.25
EUVP_test_samples,test_p347_.jpg,0.25,0.25,0.25,0.25
EUVP_test_samples,test_p348_.jpg,0.25,0.25,0.25,0.25
EUVP_test_samples,test_p349_.jpg,0.25,0.25,0.25,0.25
EUVP_test_samples,test_p34_.jpg,0.25,0.25,0.25,0.25
EUVP_test_samples,test_p350_.jpg,0.25,0.25,0.25,0.25
EUVP_test_samples,test_p351_.jpg,0.25,0.25,0.25,0.25
EUVP_test_samples,test_p352_.jpg,0.25,0.25,0.25,0.25
EUVP_test_samples,test_p353_.jpg,0.25,0.25,0.25,0.25
EUVP_test_samples,test_p354_.jpg,0.25,0.25,0.25,0.25
EUVP_test_samples,test_p357_.jpg,0.25,0.25,0.25,0.25
EUVP_test_samples,test_p358_.jpg,0.25,0.25,0.25,0.25
EUVP_test_samples,test_p359_.jpg,0.25,0.25,0.25,0.25
EUVP_test_samples,test_p35_.jpg,0.25,0.25,0.25,0.25
EUVP_test_samples,test_p361_.jpg,0.25,0.25,0.25,0.25
EUVP_test_samples,test_p362_.jpg,0.25,0.25,0.25,0.25
EUVP_test_samples,test_p364_.jpg,0.25,0.25,0.25,0.25
EUVP_test_samples,test_p365_.jpg,0.25,0.25,0.25,0.25
EUVP_test_samples,test_p366_.jpg,0.25,0.25,0.25,0.25
EUVP_test_samples,test_p368_.jpg,0.25,0.25,0.25,0.25
EUVP_test_samples,test_p369_.jpg,0.25,0.25,0.25,0.25
EUVP_test_samples,test_p36_.jpg,0.25,0.25,0.25,0.25
EUVP_test_samples,test_p370_.jpg,0.25,0.25,0.25,0.25
EUVP_test_samples,test_p371_.jpg,0.25,0.25,0.25,0.25
EUVP_test_samples,test_p372_.jpg,0.25,0.25,0.25,0.25
EUVP_test_samples,test_p373_.jpg,0.25,0.25,0.25,0.25
EUVP_test_samples,test_p374_.jpg,0.25,0.25,0.25,0.25
EUVP_test_samples,test_p376_.jpg,0.25,0.25,0.25,0.25
EUVP_test_samples,test_p377_.jpg,0.25,0.25,0.25,0.25
EUVP_test_samples,test_p378_.jpg,0.25,0.25,0.25,0.25
EUVP_test_samples,test_p37_.jpg,0.25,0.25,0.25,0.25
EUVP_test_samples,test_p381_.jpg,0.25,0.25,0.25,0.25
EUVP_test_samples,test_p382_.jpg,0.25,0.25,0.25,0.25
EUVP_test_samples,test_p383_.jpg,0.25,0.25,0.25,0.25
EUVP_test_samples,test_p384_.jpg,0.25,0.25,0.25,0.25
EUVP_test_samples,test_p385_.jpg,0.25,0.25,0.25,0.25
EUVP_test_samples,test_p386_.jpg,0.25,0.25,0.25,0.25
EUVP_test_samples,test_p387_.jpg,0.25,0.25,0.25,0.25
EUVP_test_samples,test_p388_.jpg,0.25,0.25,0.25,0.25
EUVP_test_samples,test_p389_.jpg,0.25,0.25,0.25,0.25
EUVP_test_samples,test_p38_.jpg,0.25,0.25,0.25,0.25
EUVP_test_samples,test_p390_.jpg,0.25,0.25,0.25,0.25
EUVP_test_samples,test_p393_.jpg,0.25,0.25,0.25,0.25
EUVP_test_samples,test_p394_.jpg,0.25,0.25,0.25,0.25
EUVP_test_samples,test_p395_.jpg,0.25,0.25,0.25,0.25
EUVP_test_samples,test_p396_.jpg,0.25,0.25,0.25,0.25
EUVP_test_samples,test_p397_.jpg,0.25,0.25,0.25,0.25
EUVP_test_samples,test_p398_.jpg,0.25,0.25,0.25,0.25
EUVP_test_samples,test_p399_.jpg,0.25,0.25,0.25,0.25
EUVP_test_samples,test_p39_.jpg,0.25,0.25,0.25,0.25
EUVP_test_samples,test_p3_.jpg,0.25,0.25,0.25,0.25
EUVP_test_samples,test_p400_.jpg,0.25,0.25,0.25,0.25
EUVP_test_samples,test_p401_.jpg,0.25,0.25,0.25,0.25
EUVP_test_samples,test_p402_.jpg,0.25,0.25,0.25,0.25
EUVP_test_samples,test_p403_.jpg,0.25,0.25,0.25,0.25
EUVP_test_samples,test_p404_.jpg,0.25,0.25,0.25,0.25
EUVP_test_samples,test_p405_.jpg,0.25,0.25,0.25,0.25
EUVP_test_samples,test_p406_.jpg,0.25,0.25,0.25,0.25
EUVP_test_samples,test_p408_.jpg,0.25,0.25,0.25,0.25
EUVP_test_samples,test_p409_.jpg,0.25,0.25,0.25,0.25
EUVP_test_samples,test_p40_.jpg,0.25,0.25,0.25,0.25
EUVP_test_samples,test_p410_.jpg,0.25,0.25,0.25,0.25
EUVP_test_samples,test_p411_.jpg,0.25,0.25,0.25,0.25
EUVP_test_samples,test_p412_.jpg,0.25,0.25,0.25,0.25
EUVP_test_samples,test_p414_.jpg,0.25,0.25,0.25,0.25
EUVP_test_samples,test_p415_.jpg,0.25,0.25,0.25,0.25
EUVP_test_samples,test_p416_.jpg,0.25,0.25,0.25,0.25
EUVP_test_samples,test_p417_.jpg,0.25,0.25,0.25,0.25
EUVP_test_samples,test_p418_.jpg,0.25,0.25,0.25,0.25
EUVP_test_samples,test_p419_.jpg,0.25,0.25,0.25,0.25
EUVP_test_samples,test_p41_.jpg,0.25,0.25,0.25,0.25
EUVP_test_samples,test_p420_.jpg,0.25,0.25,0.25,0.25
EUVP_test_samples,test_p421_.jpg,0.25,0.25,0.25,0.25
EUVP_test_samples,test_p422_.jpg,0.25,0.25,0.25,0.25
EUVP_test_samples,test_p424_.jpg,0.25,0.25,0.25,0.25
EUVP_test_samples,test_p425_.jpg,0.25,0.25,0.25,0.25
EUVP_test_samples,test_p426_.jpg,0.25,0.25,0.25,0.25
EUVP_test_samples,test_p427_.jpg,0.25,0.25,0.25,0.25
EUVP_test_samples,test_p428_.jpg,0.25,0.25,0.25,0.25
EUVP_test_samples,test_p429_.jpg,0.25,0.25,0.25,0.25
EUVP_test_samples,test_p42_.jpg,0.25,0.25,0.25,0.25
EUVP_test_samples,test_p430_.jpg,0.25,0.25,0.25,0.25
EUVP_test_samples,test_p431_.jpg,0.25,0.25,0.25,0.25
EUVP_test_samples,test_p434_.jpg,0.25,0.25,0.25,0.25
EUVP_test_samples,test_p435_.jpg,0.25,0.25,0.25,0.25
EUVP_test_samples,test_p436_.jpg,0.25,0.25,0.25,0.25
EUVP_test_samples,test_p437_.jpg,0.25,0.25,0.25,0.25
EUVP_test_samples,test_p438_.jpg,0.25,0.25,0.25,0.25
EUVP_test_samples,test_p439_.jpg,0.25,0.25,0.25,0.25
EUVP_test_samples,test_p43_.jpg,0.25,0.25,0.25,0.25
EUVP_test_samples,test_p440_.jpg,0.25,0.25,0.25,0.25
EUVP_test_samples,test_p441_.jpg,0.25,0.25,0.25,0.25
EUVP_test_samples,test_p443_.jpg,0.25,0.25,0.25,0.25
EUVP_test_samples,test_p444_.jpg,0.25,0.25,0.25,0.25
EUVP_test_samples,test_p447_.jpg,0.25,0.25,0.25,0.25
EUVP_test_samples,test_p448_.jpg,0.25,0.25,0.25,0.25
EUVP_test_samples,test_p450_.jpg,0.25,0.25,0.25,0.25
EUVP_test_samples,test_p451_.jpg,0.25,0.25,0.25,0.25
EUVP_test_samples,test_p453_.jpg,0.25,0.25,0.25,0.25
EUVP_test_samples,test_p454_.jpg,0.25,0.25,0.25,0.25
EUVP_test_samples,test_p455_.jpg,0.25,0.25,0.25,0.25
EUVP_test_samples,test_p456_.jpg,0.25,0.25,0.25,0.25
EUVP_test_samples,test_p457_.jpg,0.25,0.25,0.25,0.25
EUVP_test_samples,test_p458_.jpg,0.25,0.25,0.25,0.25
EUVP_test_samples,test_p459_.jpg,0.25,0.25,0.25,0.25
EUVP_test_samples,test_p45_.jpg,0.25,0.25,0.25,0.25
EUVP_test_samples,test_p460_.jpg,0.25,0.25,0.25,0.25
EUVP_test_samples,test_p461_.jpg,0.25,0.25,0.25,0.25
EUVP_test_samples,test_p462_.jpg,0.25,0.25,0.25,0.25
EUVP_test_samples,test_p463_.jpg,0.25,0.25,0.25,0.25
EUVP_test_samples,test_p464_.jpg,0.25,0.25,0.25,0.25
EUVP_test_samples,test_p465_.jpg,0.25,0.25,0.25,0.25
EUVP_test_samples,test_p466_.jpg,0.25,0.25,0.25,0.25
EUVP_test_samples,test_p467_.jpg,0.25,0.25,0.25,0.25
EUVP_test_samples,test_p468_.jpg,0.25,0.25,0.25,0.25
EUVP_test_samples,test_p469_.jpg,0.25,0.25,0.25,0.25
EUVP_test_samples,test_p470_.jpg,0.25,0.25,0.25,0.25
EUVP_test_samples,test_p471_.jpg,0.25,0.25,0.25,0.25
EUVP_test_samples,test_p472_.jpg,0.25,0.25,0.25,0.25
EUVP_test_samples,test_p473_.jpg,0.25,0.25,0.25,0.25
EUVP_test_samples,test_p474_.jpg,0.25,0.25,0.25,0.25
EUVP_test_samples,test_p475_.jpg,0.25,0.25,0.25,0.25
EUVP_test_samples,test_p476_.jpg,0.25,0.25,0.25,0.25
EUVP_test_samples,test_p477_.jpg,0.25,0.25,0.25,0.25
EUVP_test_samples,test_p478_.jpg,0.25,0.25,0.25,0.25
EUVP_test_samples,test_p479_.jpg,0.25,0.25,0.25,0.25
EUVP_test_samples,test_p47_.jpg,0.25,0.25,0.25,0.25
EUVP_test_samples,test_p481_.jpg,0.25,0.25,0.25,0.25
EUVP_test_samples,test_p482_.jpg,0.25,0.25,0.25,0.25
EUVP_test_samples,test_p483_.jpg,0.25,0.25,0.25,0.25
EUVP_test_samples,test_p485_.jpg,0.25,0.25,0.25,0.25
EUVP_test_samples,test_p486_.jpg,0.25,0.25,0.25,0.25
EUVP_test_samples,test_p487_.jpg,0.25,0.25,0.25,0.25
EUVP_test_samples,test_p488_.jpg,0.25,0.25,0.25,0.25
EUVP_test_samples,test_p489_.jpg,0.25,0.25,0.25,0.25
EUVP_test_samples,test_p48_.jpg,0.25,0.25,0.25,0.25
EUVP_test_samples,test_p490_.jpg,0.25,0.25,0.25,0.25
EUVP_test_samples,test_p492_.jpg,0.25,0.25,0.25,0.25
EUVP_test_samples,test_p493_.jpg,0.25,0.25,0.25,0.25
EUVP_test_samples,test_p494_.jpg,0.25,0.25,0.25,0.25
EUVP_test_samples,test_p495_.jpg,0.25,0.25,0.25,0.25
EUVP_test_samples,test_p496_.jpg,0.25,0.25,0.25,0.25
EUVP_test_samples,test_p497_.jpg,0.25,0.25,0.25,0.25
EUVP_test_samples,test_p498_.jpg,0.25,0.25,0.25,0.25
EUVP_test_samples,test_p499_.jpg,0.25,0.25,0.25,0.25
EUVP_test_samples,test_p49_.jpg,0.25,0.25,0.25,0.25
EUVP_test_samples,test_p500_.jpg,0.25,0.25,0.25,0.25
EUVP_test_samples,test_p501_.jpg,0.25,0.25,0.25,0.25
EUVP_test_samples,test_p502_.jpg,0.25,0.25,0.25,0.25
EUVP_test_samples,test_p503_.jpg,0.25,0.25,0.25,0.25
EUVP_test_samples,test_p504_.jpg,0.25,0.25,0.25,0.25
EUVP_test_samples,test_p505_.jpg,0.25,0.25,0.25,0.25
EUVP_test_samples,test_p506_.jpg,0.25,0.25,0.25,0.25
EUVP_test_samples,test_p508_.jpg,0.25,0.25,0.25,0.25
EUVP_test_samples,test_p509_.jpg,0.25,0.25,0.25,0.25
EUVP_test_samples,test_p50_.jpg,0.25,0.25,0.25,0.25
EUVP_test_samples,test_p510_.jpg,0.25,0.25,0.25,0.25
EUVP_test_samples,test_p511_.jpg,0.25,0.25,0.25,0.25
EUVP_test_samples,test_p512_.jpg,0.25,0.25,0.25,0.25
EUVP_test_samples,test_p513_.jpg,0.25,0.25,0.25,0.25
EUVP_test_samples,test_p514_.jpg,0.25,0.25,0.25,0.25
EUVP_test_samples,test_p515_.jpg,0.25,0.25,0.25,0.25
EUVP_test_samples,test_p516_.jpg,0.25,0.25,0.25,0.25
EUVP_test_samples,test_p517_.jpg,0.25,0.25,0.25,0.25
EUVP_test_samples,test_p518_.jpg,0.25,0.25,0.25,0.25
EUVP_test_samples,test_p519_.jpg,0.25,0.25,0.25,0.25
EUVP_test_samples,test_p51_.jpg,0.25,0.25,0.25,0.25
EUVP_test_samples,test_p520_.jpg,0.25,0.25,0.25,0.25
EUVP_test_samples,test_p521_.jpg,0.25,0.25,0.25,0.25
EUVP_test_samples,test_p522_.jpg,0.25,0.25,0.25,0.25
EUVP_test_samples,test_p523_.jpg,0.25,0.25,0.25,0.25
EUVP_test_samples,test_p524_.jpg,0.25,0.25,0.25,0.25
EUVP_test_samples,test_p525_.jpg,0.25,0.25,0.25,0.25
EUVP_test_samples,test_p526_.jpg,0.25,0.25,0.25,0.25
EUVP_test_samples,test_p527_.jpg,0.25,0.25,0.25,0.25
EUVP_test_samples,test_p528_.jpg,0.25,0.25,0.25,0.25
EUVP_test_samples,test_p529_.jpg,0.25,0.25,0.25,0.25
EUVP_test_samples,test_p52_.jpg,0.25,0.25,0.25,0.25
EUVP_test_samples,test_p530_.jpg,0.25,0.25,0.25,0.25
EUVP_test_samples,test_p531_.jpg,0.25,0.25,0.25,0.25
EUVP_test_samples,test_p532_.jpg,0.25,0.25,0.25,0.25
EUVP_test_samples,test_p533_.jpg,0.25,0.25,0.25,0.25
EUVP_test_samples,test_p534_.jpg,0.25,0.25,0.25,0.25
EUVP_test_samples,test_p535_.jpg,0.25,0.25,0.25,0.25
EUVP_test_samples,test_p536_.jpg,0.25,0.25,0.25,0.25
EUVP_test_samples,test_p537_.jpg,0.25,0.25,0.25,0.25
EUVP_test_samples,test_p538_.jpg,0.25,0.25,0.25,0.25
EUVP_test_samples,test_p539_.jpg,0.25,0.25,0.25,0.25
EUVP_test_samples,test_p53_.jpg,0.25,0.25,0.25,0.25
EUVP_test_samples,test_p540_.jpg,0.25,0.25,0.25,0.25
EUVP_test_samples,test_p541_.jpg,0.25,0.25,0.25,0.25
EUVP_test_samples,test_p542_.jpg,0.25,0.25,0.25,0.25
EUVP_test_samples,test_p543_.jpg,0.25,0.25,0.25,0.25
EUVP_test_samples,test_p544_.jpg,0.25,0.25,0.25,0.25
EUVP_test_samples,test_p545_.jpg,0.25,0.25,0.25,0.25
EUVP_test_samples,test_p546_.jpg,0.25,0.25,0.25,0.25
EUVP_test_samples,test_p547_.jpg,0.25,0.25,0.25,0.25
EUVP_test_samples,test_p549_.jpg,0.25,0.25,0.25,0.25
EUVP_test_samples,test_p54_.jpg,0.25,0.25,0.25,0.25
EUVP_test_samples,test_p551_.jpg,0.25,0.25,0.25,0.25
EUVP_test_samples,test_p552_.jpg,0.25,0.25,0.25,0.25
EUVP_test_samples,test_p553_.jpg,0.25,0.25,0.25,0.25
EUVP_test_samples,test_p554_.jpg,0.25,0.25,0.25,0.25
EUVP_test_samples,test_p556_.jpg,0.25,0.25,0.25,0.25
EUVP_test_samples,test_p557_.jpg,0.25,0.25,0.25,0.25
EUVP_test_samples,test_p558_.jpg,0.25,0.25,0.25,0.25
EUVP_test_samples,test_p559_.jpg,0.25,0.25,0.25,0.25
EUVP_test_samples,test_p560_.jpg,0.25,0.25,0.25,0.25
EUVP_test_samples,test_p562_.jpg,0.25,0.25,0.25,0.25
EUVP_test_samples,test_p564_.jpg,0.25,0.25,0.25,0.25
EUVP_test_samples,test_p566_.jpg,0.25,0.25,0.25,0.25
EUVP_test_samples,test_p569_.jpg,0.25,0.25,0.25,0.25
EUVP_test_samples,test_p56_.jpg,0.25,0.25,0.25,0.25
EUVP_test_samples,test_p570_.jpg,0.25,0.25,0.25,0.25
EUVP_test_samples,test_p574_.jpg,0.25,0.25,0.25,0.25
EUVP_test_samples,test_p575_.jpg,0.25,0.25,0.25,0.25
EUVP_test_samples,test_p576_.jpg,0.25,0.25,0.25,0.25
EUVP_test_samples,test_p577_.jpg,0.25,0.25,0.25,0.25
EUVP_test_samples,test_p578_.jpg,0.25,0.25,0.25,0.25
EUVP_test_samples,test_p579_.jpg,0.25,0.25,0.25,0.25
EUVP_test_samples,test_p580_.jpg,0.25,0.25,0.25,0.25
EUVP_test_samples,test_p581_.jpg,0.25,0.25,0.25,0.25
EUVP_test_samples,test_p583_.jpg,0.25,0.25,0.25,0.25
EUVP_test_samples,test_p584_.jpg,0.25,0.25,0.25,0.25
EUVP_test_samples,test_p586_.jpg,0.25,0.25,0.25,0.25
EUVP_test_samples,test_p587_.jpg,0.25,0.25,0.25,0.25
EUVP_test_samples,test_p588_.jpg,0.25,0.25,0.25,0.25
EUVP_test_samples,test_p589_.jpg,0.25,0.25,0.25,0.25
EUVP_test_samples,test_p58_.jpg,0.25,0.25,0.25,0.25
EUVP_test_samples,test_p590_.jpg,0.25,0.25,0.25,0.25
EUVP_test_samples,test_p592_.jpg,0.25,0.25,0.25,0.25
EUVP_test_samples,test_p595_.jpg,0.25,0.25,0.25,0.25
EUVP_test_samples,test_p596_.jpg,0.25,0.25,0.25,0.25
EUVP_test_samples,test_p597_.jpg,0.25,0.25,0.25,0.25
EUVP_test_samples,test_p598_.jpg,0.25,0.25,0.25,0.25
EUVP_test_samples,test_p599_.jpg,0.25,0.25,0.25,0.25
EUVP_test_samples,test_p59_.jpg,0.25,0.25,0.25,0.25
EUVP_test_samples,test_p5_.jpg,0.25,0.25,0.25,0.25
EUVP_test_samples,test_p600_.jpg,0.25,0.25,0.25,0.25
EUVP_test_samples,test_p603_.jpg,0.25,0.25,0.25,0.25
EUVP_test_samples,test_p604_.jpg,0.25,0.25,0.25,0.25
EUVP_test_samples,test_p605_.jpg,0.25,0.25,0.25,0.25
EUVP_test_samples,test_p607_.jpg,0.25,0.25,0.25,0.25
EUVP_test_samples,test_p608_.jpg,0.25,0.25,0.25,0.25
EUVP_test_samples,test_p609_.jpg,0.25,0.25,0.25,0.25
EUVP_test_samples,test_p60_.jpg,0.25,0.25,0.25,0.25
EUVP_test_samples,test_p610_.jpg,0.25,0.25,0.25,0.25
EUVP_test_samples,test_p611_.jpg,0.25,0.25,0.25,0.25
EUVP_test_samples,test_p612_.jpg,0.25,0.25,0.25,0.25
EUVP_test_samples,test_p613_.jpg,0.25,0.25,0.25,0.25
EUVP_test_samples,test_p61_.jpg,0.25,0.25,0.25,0.25
EUVP_test_samples,test_p62_.jpg,0.25,0.25,0.25,0.25
EUVP_test_samples,test_p63_.jpg,0.25,0.25,0.25,0.25
EUVP_test_samples,test_p64_.jpg,0.25,0.25,0.25,0.25
EUVP_test_samples,test_p65_.jpg,0.25,0.25,0.25,0.25
EUVP_test_samples,test_p66_.jpg,0.25,0.25,0.25,0.25
EUVP_test_samples,test_p67_.jpg,0.25,0.25,0.25,0.25
EUVP_test_samples,test_p68_.jpg,0.25,0.25,0.25,0.25
EUVP_test_samples,test_p69_.jpg,0.25,0.25,0.25,0.25
EUVP_test_samples,test_p6_.jpg,0.25,0.25,0.25,0.25
EUVP_test_samples,test_p70_.jpg,0.25,0.25,0.25,0.25
EUVP_test_samples,test_p71_.jpg,0.25,0.25,0.25,0.25
EUVP_test_samples,test_p72_.jpg,0.25,0.25,0.25,0.25
EUVP_test_samples,test_p73_.jpg,0.25,0.25,0.25,0.25
EUVP_test_samples,test_p76_.jpg,0.25,0.25,0.25,0.25
EUVP_test_samples,test_p77_.jpg,0.25,0.25,0.25,0.25
EUVP_test_samples,test_p78_.jpg,0.25,0.25,0.25,0.25
EUVP_test_samples,test_p79_.jpg,0.25,0.25,0.25,0.25
EUVP_test_samples,test_p7_.jpg,0.25,0.25,0.25,0.25
EUVP_test_samples,test_p80_.jpg,0.25,0.25,0.25,0.25
EUVP_test_samples,test_p81_.jpg,0.25,0.25,0.25,0.25
EUVP_test_samples,test_p82_.jpg,0.25,0.25,0.25,0.25
EUVP_test_samples,test_p83_.jpg,0.25,0.25,0.25,0.25
EUVP_test_samples,test_p84_.jpg,0.25,0.25,0.25,0.25
EUVP_test_samples,test_p85_.jpg,0.25,0.25,0.25,0.25
EUVP_test_samples,test_p86_.jpg,0.25,0.25,0.25,0.25
EUVP_test_samples,test_p87_.jpg,0.25,0.25,0.25,0.25
EUVP_test_samples,test_p88_.jpg,0.25,0.25,0.25,0.25
EUVP_test_samples,test_p89_.jpg,0.25,0.25,0.25,0.25
EUVP_test_samples,test_p8_.jpg,0.25,0.25,0.25,0.25
EUVP_test_samples,test_p90_.jpg,0.25,0.25,0.25,0.25
EUVP_test_samples,test_p91_.jpg,0.25,0.25,0.25,0.25
EUVP_test_samples,test_p92_.jpg,0.25,0.25,0.25,0.25
EUVP_test_samples,test_p93_.jpg,0.25,0.25,0.25,0.25
EUVP_test_samples,test_p94_.jpg,0.25,0.25,0.25,0.25
EUVP_test_samples,test_p97_.jpg,0.25,0.25,0.25,0.25
EUVP_test_samples,test_p98_.jpg,0.25,0.25,0.25,0.25
EUVP_test_samples,test_p99_.jpg,0.25,0.25,0.25,0.25
EUVP_test_samples,test_p9_.jpg,0.25,0.25,0.25,0.25
EUVP_eval_data,test_p0_.jpg,0.25,0.25,0.25,0.25
EUVP_eval_data,test_p100_.jpg,0.25,0.25,0.25,0.25
EUVP_eval_data,test_p101_.jpg,0.25,0.25,0.25,0.25
EUVP_eval_data,test_p102_.jpg,0.25,0.25,0.25,0.25
EUVP_eval_data,test_p104_.jpg,0.25,0.25,0.25,0.25
EUVP_eval_data,test_p105_.jpg,0.25,0.25,0.25,0.25
EUVP_eval_data,test_p106_.jpg,0.25,0.25,0.25,0.25
EUVP_eval_data,test_p107_.jpg,0.25,0.25,0.25,0.25
EUVP_eval_data,test_p109_.jpg,0.25,0.25,0.25,0.25
EUVP_eval_data,test_p110_.jpg,0.25,0.25,0.25,0.25
EUVP_eval_data,test_p112_.jpg,0.25,0.25,0.25,0.25
EUVP_eval_data,test_p113_.jpg,0.25,0.25,0.25,0.25
EUVP_eval_data,test_p114_.jpg,0.25,0.25,0.25,0.25
EUVP_eval_data,test_p115_.jpg,0.25,0.25,0.25,0.25
EUVP_eval_data,test_p116_.jpg,0.25,0.25,0.25,0.25
EUVP_eval_data,test_p117_.jpg,0.25,0.25,0.25,0.25
EUVP_eval_data,test_p118_.jpg,0.25,0.25,0.25,0.25
EUVP_eval_data,test_p119_.jpg,0.25,0.25,0.25,0.25
EUVP_eval_data,test_p11_.jpg,0.25,0.25,0.25,0.25
EUVP_eval_data,test_p120_.jpg,0.25,0.25,0.25,0.25
EUVP_eval_data,test_p121_.jpg,0.25,0.25,0.25,0.25
EUVP_eval_data,test_p122_.jpg,0.25,0.25,0.25,0.25
EUVP_eval_data,test_p123_.jpg,0.25,0.25,0.25,0.25
EUVP_eval_data,test_p125_.jpg,0.25,0.25,0.25,0.25
EUVP_eval_data,test_p126_.jpg,0.25,0.25,0.25,0.25
EUVP_eval_data,test_p127_.jpg,0.25,0.25,0.25,0.25
EUVP_eval_data,test_p128_.jpg,0.25,0.25,0.25,0.25
EUVP_eval_data,test_p129_.jpg,0.25,0.25,0.25,0.25
EUVP_eval_data,test_p12_.jpg,0.25,0.25,0.25,0.25
EUVP_eval_data,test_p130_.jpg,0.25,0.25,0.25,0.25
EUVP_eval_data,test_p131_.jpg,0.25,0.25,0.25,0.25
EUVP_eval_data,test_p132_.jpg,0.25,0.25,0.25,0.25
EUVP_eval_data,test_p133_.jpg,0.25,0.25,0.25,0.25
EUVP_eval_data,test_p134_.jpg,0.25,0.25,0.25,0.25
EUVP_eval_data,test_p135_.jpg,0.25,0.25,0.25,0.25
EUVP_eval_data,test_p136_.jpg,0.25,0.25,0.25,0.25
EUVP_eval_data,test_p137_.jpg,0.25,0.25,0.25,0.25
EUVP_eval_data,test_p138_.jpg,0.25,0.25,0.25,0.25
EUVP_eval_data,test_p139_.jpg,0.25,0.25,0.25,0.25
EUVP_eval_data,test_p13_.jpg,0.25,0.25,0.25,0.25
EUVP_eval_data,test_p141_.jpg,0.25,0.25,0.25,0.25
EUVP_eval_data,test_p142_.jpg,0.25,0.25,0.25,0.25
EUVP_eval_data,test_p143_.jpg,0.25,0.25,0.25,0.25
EUVP_eval_data,test_p144_.jpg,0.25,0.25,0.25,0.25
EUVP_eval_data,test_p145_.jpg,0.25,0.25,0.25,0.25
EUVP_eval_data,test_p146_.jpg,0.25,0.25,0.25,0.25
EUVP_eval_data,test_p147_.jpg,0.25,0.25,0.25,0.25
EUVP_eval_data,test_p148_.jpg,0.25,0.25,0.25,0.25
EUVP_eval_data,test_p149_.jpg,0.25,0.25,0.25,0.25
EUVP_eval_data,test_p14_.jpg,0.25,0.25,0.25,0.25
EUVP_eval_data,test_p150_.jpg,0.25,0.25,0.25,0.25
EUVP_eval_data,test_p153_.jpg,0.25,0.25,0.25,0.25
EUVP_eval_data,test_p154_.jpg,0.25,0.25,0.25,0.25
EUVP_eval_data,test_p156_.jpg,0.25,0.25,0.25,0.25
EUVP_eval_data,test_p157_.jpg,0.25,0.25,0.25,0.25
EUVP_eval_data,test_p158_.jpg,0.25,0.25,0.25,0.25
EUVP_eval_data,test_p159_.jpg,0.25,0.25,0.25,0.25
EUVP_eval_data,test_p15_.jpg,0.25,0.25,0.25,0.25
EUVP_eval_data,test_p161_.jpg,0.25,0.25,0.25,0.25
EUVP_eval_data,test_p162_.jpg,0.25,0.25,0.25,0.25
EUVP_eval_data,test_p164_.jpg,0.25,0.25,0.25,0.25
EUVP_eval_data,test_p165_.jpg,0.25,0.25,0.25,0.25
EUVP_eval_data,test_p166_.jpg,0.25,0.25,0.25,0.25
EUVP_eval_data,test_p167_.jpg,0.25,0.25,0.25,0.25
EUVP_eval_data,test_p168_.jpg,0.25,0.25,0.25,0.25
EUVP_eval_data,test_p169_.jpg,0.25,0.25,0.25,0.25
EUVP_eval_data,test_p16_.jpg,0.25,0.25,0.25,0.25
EUVP_eval_data,test_p171_.jpg,0.25,0.25,0.25,0.25
EUVP_eval_data,test_p172_.jpg,0.25,0.25,0.25,0.25
EUVP_eval_data,test_p173_.jpg,0.25,0.25,0.25,0.25
EUVP_eval_data,test_p174_.jpg,0.25,0.25,0.25,0.25
EUVP_eval_data,test_p175_.jpg,0.25,0.25,0.25,0.25
EUVP_eval_data,test_p176_.jpg,0.25,0.25,0.25,0.25
EUVP_eval_data,test_p178_.jpg,0.25,0.25,0.25,0.25
EUVP_eval_data,test_p179_.jpg,0.25,0.25,0.25,0.25
EUVP_eval_data,test_p17_.jpg,0.25,0.25,0.25,0.25
EUVP_eval_data,test_p180_.jpg,0.25,0.25,0.25,0.25
EUVP_eval_data,test_p181_.jpg,0.25,0.25,0.25,0.25
EUVP_eval_data,test_p182_.jpg,0.25,0.25,0.25,0.25
EUVP_eval_data,test_p183_.jpg,0.25,0.25,0.25,0.25
EUVP_eval_data,test_p184_.jpg,0.25,0.25,0.25,0.25
EUVP_eval_data,test_p185_.jpg,0.25,0.25,0.25,0.25
EUVP_eval_data,test_p186_.jpg,0.25,0.25,0.25,0.25
EUVP_eval_data,test_p187_.jpg,0.25,0.25,0.25,0.25
EUVP_eval_data,test_p188_.jpg,0.25,0.25,0.25,0.25
EUVP_eval_data,test_p189_.jpg,0.25,0.25,0.25,0.25
EUVP_eval_data,test_p190_.jpg,0.25,0.25,0.25,0.25
EUVP_eval_data,test_p191_.jpg,0.25,0.25,0.25,0.25
EUVP_eval_data,test_p192_.jpg,0.25,0.25,0.25,0.25
EUVP_eval_data,test_p193_.jpg,0.25,0.25,0.25,0.25
EUVP_eval_data,test_p194_.jpg,0.25,0.25,0.25,0.25
EUVP_eval_data,test_p195_.jpg,0.25,0.25,0.25,0.25
EUVP_eval_data,test_p196_.jpg,0.25,0.25,0.25,0.25
EUVP_eval_data,test_p197_.jpg,0.25,0.25,0.25,0.25
EUVP_eval_data,test_p198_.jpg,0.25,0.25,0.25,0.25
EUVP_eval_data,test_p199_.jpg,0.25,0.25,0.25,0.25
EUVP_eval_data,test_p200_.jpg,0.25,0.25,0.25,0.25
EUVP_eval_data,test_p203_.jpg,0.25,0.25,0.25,0.25
EUVP_eval_data,test_p205_.jpg,0.25,0.25,0.25,0.25
EUVP_eval_data,test_p206_.jpg,0.25,0.25,0.25,0.25
EUVP_eval_data,test_p208_.jpg,0.25,0.25,0.25,0.25
EUVP_eval_data,test_p209_.jpg,0.25,0.25,0.25,0.25
EUVP_eval_data,test_p20_.jpg,0.25,0.25,0.25,0.25
EUVP_eval_data,test_p211_.jpg,0.25,0.25,0.25,0.25
EUVP_eval_data,test_p212_.jpg,0.25,0.25,0.25,0.25
EUVP_eval_data,test_p213_.jpg,0.25,0.25,0.25,0.25
EUVP_eval_data,test_p214_.jpg,0.25,0.25,0.25,0.25
EUVP_eval_data,test_p215_.jpg,0.25,0.25,0.25,0.25
EUVP_eval_data,test_p216_.jpg,0.25,0.25,0.25,0.25
EUVP_eval_data,test_p218_.jpg,0.25,0.25,0.25,0.25
EUVP_eval_data,test_p219_.jpg,0.25,0.25,0.25,0.25
EUVP_eval_data,test_p21_.jpg,0.25,0.25,0.25,0.25
EUVP_eval_data,test_p221_.jpg,0.25,0.25,0.25,0.25
EUVP_eval_data,test_p222_.jpg,0.25,0.25,0.25,0.25
EUVP_eval_data,test_p223_.jpg,0.25,0.25,0.25,0.25
EUVP_eval_data,test_p224_.jpg,0.25,0.25,0.25,0.25
EUVP_eval_data,test_p225_.jpg,0.25,0.25,0.25,0.25
EUVP_eval_data,test_p226_.jpg,0.25,0.25,0.25,0.25
EUVP_eval_data,test_p227_.jpg,0.25,0.25,0.25,0.25
EUVP_eval_data,test_p228_.jpg,0.25,0.25,0.25,0.25
EUVP_eval_data,test_p229_.jpg,0.25,0.25,0.25,0.25
EUVP_eval_data,test_p22_.jpg,0.25,0.25,0.25,0.25
EUVP_eval_data,test_p230_.jpg,0.25,0.25,0.25,0.25
EUVP_eval_data,test_p232_.jpg,0.25,0.25,0.25,0.25
EUVP_eval_data,test_p233_.jpg,0.25,0.25,0.25,0.25
EUVP_eval_data,test_p234_.jpg,0.25,0.25,0.25,0.25
EUVP_eval_data,test_p235_.jpg,0.25,0.25,0.25,0.25
EUVP_eval_data,test_p236_.jpg,0.25,0.25,0.25,0.25
EUVP_eval_data,test_p238_.jpg,0.25,0.25,0.25,0.25
EUVP_eval_data,test_p239_.jpg,0.25,0.25,0.25,0.25
EUVP_eval_data,test_p23_.jpg,0.25,0.25,0.25,0.25
EUVP_eval_data,test_p240_.jpg,0.25,0.25,0.25,0.25
EUVP_eval_data,test_p241_.jpg,0.25,0.25,0.25,0.25
EUVP_eval_data,test_p242_.jpg,0.25,0.25,0.25,0.25
EUVP_eval_data,test_p243_.jpg,0.25,0.25,0.25,0.25
EUVP_eval_data,test_p244_.jpg,0.25,0.25,0.25,0.25
EUVP_eval_data,test_p245_.jpg,0.25,0.25,0.25,0.25
EUVP_eval_data,test_p246_.jpg,0.25,0.25,0.25,0.25
EUVP_eval_data,test_p247_.jpg,0.25,0.25,0.25,0.25
EUVP_eval_data,test_p248_.jpg,0.25,0.25,0.25,0.25
EUVP_eval_data,test_p249_.jpg,0.25,0.25,0.25,0.25
EUVP_eval_data,test_p24_.jpg,0.25,0.25,0.25,0.25
EUVP_eval_data,test_p250_.jpg,0.25,0.25,0.25,0.25
EUVP_eval_data,test_p251_.jpg,0.25,0.25,0.25,0.25
EUVP_eval_data,test_p253_.jpg,0.25,0.25,0.25,0.25
EUVP_eval_data,test_p254_.jpg,0.25,0.25,0.25,0.25
EUVP_eval_data,test_p255_.jpg,0.25,0.25,0.25,0.25
EUVP_eval_data,test_p256_.jpg,0.25,0.25,0.25,0.25
EUVP_eval_data,test_p258_.jpg,0.25,0.25,0.25,0.25
EUVP_eval_data,test_p25_.jpg,0.25,0.25,0.25,0.25
EUVP_eval_data,test_p260_.jpg,0.25,0.25,0.25,0.25
EUVP_eval_data,test_p261_.jpg,0.25,0.25,0.25,0.25
EUVP_eval_data,test_p262_.jpg,0.25,0.25,0.25,0.25
EUVP_eval_data,test_p263_.jpg,0.25,0.25,0.25,0.25
EUVP_eval_data,test_p265_.jpg,0.25,0.25,0.25,0.25
EUVP_eval_data,test_p266_.jpg,0.25,0.25,0.25,0.25
EUVP_eval_data,test_p267_.jpg,0.25,0.25,0.25,0.25
EUVP_eval_data,test_p269_.jpg,0.25,0.25,0.25,0.25
EUVP_eval_data,test_p26_.jpg,0.25,0.25,0.25,0.25
EUVP_eval_data,test_p270_.jpg,0.25,0.25,0.25,0.25
EUVP_eval_data,test_p271_.jpg,0.25,0.25,0.25,0.25
EUVP_eval_data,test_p273_.jpg,0.25,0.25,0.25,0.25
EUVP_eval_data,test_p274_.jpg,0.25,0.25,0.25,0.25
EUVP_eval_data,test_p276_.jpg,0.25,0.25,0.25,0.25
EUVP_eval_data,test_p277_.jpg,0.25,0.25,0.25,0.25
EUVP_eval_data,test_p278_.jpg,0.25,0.25,0.25,0.25
EUVP_eval_data,test_p279_.jpg,0.25,0.25,0.25,0.25
EUVP_eval_data,test_p27_.jpg,0.25,0.25,0.25,0.25
EUVP_eval_data,test_p280_.jpg,0.25,0.25,0.25,0.25
EUVP_eval_data,test_p281_.jpg,0.25,0.25,0.25,0.25
EUVP_eval_data,test_p282_.jpg,0.25,0.25,0.25,0.25
EUVP_eval_data,test_p284_.jpg,0.25,0.25,0.25,0.25
EUVP_eval_data,test_p286_.jpg,0.25,0.25,0.25,0.25
EUVP_eval_data,test_p288_.jpg,0.25,0.25,0.25,0.25
EUVP_eval_data,test_p289_.jpg,0.25,0.25,0.25,0.25
EUVP_eval_data,test_p28_.jpg,0.25,0.25,0.25,0.25
EUVP_eval_data,test_p290_.jpg,0.25,0.25,0.25,0.25
EUVP_eval_data,test_p291_.jpg,0.25,0.25,0.25,0.25
EUVP_eval_data,test_p292_.jpg,0.25,0.25,0.25,0.25
EUVP_eval_data,test_p294_.jpg,0.25,0.25,0.25,0.25
EUVP_eval_data,test_p295_.jpg,0.25,0.25,0.25,0.25
EUVP_eval_data,test_p297_.jpg,0.25,0.25,0.25,0.25
EUVP_eval_data,test_p298_.jpg,0.25,0.25,0.25,0.25
EUVP_eval_data,test_p299_.jpg,0.25,0.25,0.25,0.25
EUVP_eval_data,test_p29_.jpg,0.25,0.25,0.25,0.25
EUVP_eval_data,test_p2_.jpg,0.25,0.25,0.25,0.25
EUVP_eval_data,test_p301_.jpg,0.25,0.25,0.25,0.25
EUVP_eval_data,test_p302_.jpg,0.25,0.25,0.25,0.25
EUVP_eval_data,test_p305_.jpg,0.25,0.25,0.25,0.25
EUVP_eval_data,test_p306_.jpg,0.25,0.25,0.25,0.25
EUVP_eval_data,test_p307_.jpg,0.25,0.25,0.25,0.25
EUVP_eval_data,test_p308_.jpg,0.25,0.25,0.25,0.25
EUVP_eval_data,test_p309_.jpg,0.25,0.25,0.25,0.25
EUVP_eval_data,test_p30_.jpg,0.25,0.25,0.25,0.25
EUVP_eval_data,test_p310_.jpg,0.25,0.25,0.25,0.25
EUVP_eval_data,test_p314_.jpg,0.25,0.25,0.25,0.25
EUVP_eval_data,test_p315_.jpg,0.25,0.25,0.25,0.25
EUVP_eval_data,test_p316_.jpg,0.25,0.25,0.25,0.25
EUVP_eval_data,test_p317_.jpg,0.25,0.25,0.25,0.25
EUVP_eval_data,test_p318_.jpg,0.25,0.25,0.25,0.25
EUVP_eval_data,test_p319_.jpg,0.25,0.25,0.25,0.25
EUVP_eval_data,test_p31_.jpg,0.25,0.25,0.25,0.25
EUVP_eval_data,test_p320_.jpg,0.25,0.25,0.25,0.25
EUVP_eval_data,test_p321_.jpg,0.25,0.25,0.25,0.25
EUVP_eval_data,test_p322_.jpg,0.25,0.25,0.25,0.25
EUVP_eval_data,test_p324_.jpg,0.25,0.25,0.25,0.25
EUVP_eval_data,test_p325_.jpg,0.25,0.25,0.25,0.25
EUVP_eval_data,test_p326_.jpg,0.25,0.25,0.25,0.25
EUVP_eval_data,test_p327_.jpg,0.25,0.25,0.25,0.25
EUVP_eval_data,test_p328_.jpg,0.25,0.25,0.25,0.25
EUVP_eval_data,test_p329_.jpg,0.25,0.25,0.25,0.25
EUVP_eval_data,test_p32_.jpg,0.25,0.25,0.25,0.25
EUVP_eval_data,test_p330_.jpg,0.25,0.25,0.25,0.25
EUVP_eval_data,test_p331_.jpg,0.25,0.25,0.25,0.25
EUVP_eval_data,test_p332_.jpg,0.25,0.25,0.25,0.25
EUVP_eval_data,test_p333_.jpg,0.25,0.25,0.25,0.25
EUVP_eval_data,test_p334_.jpg,0.25,0.25,0.25,0.25
EUVP_eval_data,test_p335_.jpg,0.25,0.25,0.25,0.25
EUVP_eval_data,test_p336_.jpg,0.25,0.25,0.25,0.25
EUVP_eval_data,test_p337_.jpg,0.25,0.25,0.25,0.25
EUVP_eval_data,test_p338_.jpg,0.25,0.25,0.25,0.25
EUVP_eval_data,test_p339_.jpg,0.25,0.25,0.25,0.25
EUVP_eval_data,test_p340_.jpg,0.25,0.25,0.25,0.25
EUVP_eval_data,test_p342_.jpg,0.25,0.25,0.25,0.25
EUVP_eval_data,test_p344_.jpg,0.25,0.25,0.25,0.25
EUVP_eval_data,test_p345_.jpg,0.25,0.25,0.25,0.25
EUVP_eval_data,test_p346_.jpg,0.25,0.25,0.25,0.25
EUVP_eval_data,test_p347_.jpg,0.25,0.25,0.25,0.25
EUVP_eval_data,test_p348_.jpg,0.25,0.25,0.25,0.25
EUVP_eval_data,test_p349_.jpg,0.25,0.25,0.25,0.25
EUVP_eval_data,test_p34_.jpg,0.25,0.25,0.25,0.25
EUVP_eval_data,test_p350_.jpg,0.25,0.25,0.25,0.25
EUVP_eval_data,test_p351_.jpg,0.25,0.25,0.25,0.25
EUVP_eval_data,test_p352_.jpg,0.25,0.25,0.25,0.25
EUVP_eval_data,test_p353_.jpg,0.25,0.25,0.25,0.25
EUVP_eval_data,test_p354_.jpg,0.25,0.25,0.25,0.25
EUVP_eval_data,test_p357_.jpg,0.25,0.25,0.25,0.25
EUVP_eval_data,test_p358_.jpg,0.25,0.25,0.25,0.25
EUVP_eval_data,test_p359_.jpg,0.25,0.25,0.25,0.25
EUVP_eval_data,test_p35_.jpg,0.25,0.25,0.25,0.25
EUVP_eval_data,test_p361_.jpg,0.25,0.25,0.25,0.25
EUVP_eval_data,test_p362_.jpg,0.25,0.25,0.25,0.25
EUVP_eval_data,test_p364_.jpg,0.25,0.25,0.25,0.25
EUVP_eval_data,test_p365_.jpg,0.25,0.25,0.25,0.25
EUVP_eval_data,test_p366_.jpg,0.25,0.25,0.25,0.25
EUVP_eval_data,test_p368_.jpg,0.25,0.25,0.25,0.25
EUVP_eval_data,test_p369_.jpg,0.25,0.25,0.25,0.25
EUVP_eval_data,test_p36_.jpg,0.25,0.25,0.25,0.25
EUVP_eval_data,test_p370_.jpg,0.25,0.25,0.25,0.25
EUVP_eval_data,test_p371_.jpg,0.25,0.25,0.25,0.25
EUVP_eval_data,test_p372_.jpg,0.25,0.25,0.25,0.25
EUVP_eval_data,test_p373_.jpg,0.25,0.25,0.25,0.25
EUVP_eval_data,test_p374_.jpg,0.25,0.25,0.25,0.25
EUVP_eval_data,test_p376_.jpg,0.25,0.25,0.25,0.25
EUVP_eval_data,test_p377_.jpg,0.25,0.25,0.25,0.25
EUVP_eval_data,test_p378_.jpg,0.25,0.25,0.25,0.25
EUVP_eval_data,test_p37_.jpg,0.25,0.25,0.25,0.25
EUVP_eval_data,test_p381_.jpg,0.25,0.25,0.25,0.25
EUVP_eval_data,test_p382_.jpg,0.25,0.25,0.25,0.25
EUVP_eval_data,test_p383_.jpg,0.25,0.25,0.25,0.25
EUVP_eval_data,test_p384_.jpg,0.25,0.25,0.25,0.25
EUVP_eval_data,test_p385_.jpg,0.25,0.25,0.25,0.25
EUVP_eval_data,test_p386_.jpg,0.25,0.25,0.25,0.25
EUVP_eval_data,test_p387_.jpg,0.25,0.25,0.25,0.25
EUVP_eval_data,test_p388_.jpg,0.25,0.25,0.25,0.25
EUVP_eval_data,test_p389_.jpg,0.25,0.25,0.25,0.25
EUVP_eval_data,test_p38_.jpg,0.25,0.25,0.25,0.25
EUVP_eval_data,test_p390_.jpg,0.25,0.25,0.25,0.25
EUVP_eval_data,test_p393_.jpg,0.25,0.25,0.25,0.25
EUVP_eval_data,test_p394_.jpg,0.25,0.25,0.25,0.25
EUVP_eval_data,test_p395_.jpg,0.25,0.25,0.25,0.25
EUVP_eval_data,test_p396_.jpg,0.25,0.25,0.25,0.25
EUVP_eval_data,test_p397_.jpg,0.25,0.25,0.25,0.25
EUVP_eval_data,test_p398_.jpg,0.25,0.25,0.25,0.25
EUVP_eval_data,test_p399_.jpg,0.25,0.25,0.25,0.25
EUVP_eval_data,test_p39_.jpg,0.25,0.25,0.25,0.25
EUVP_eval_data,test_p3_.jpg,0.25,0.25,0.25,0.25
EUVP_eval_data,test_p400_.jpg,0.25,0.25,0.25,0.25
EUVP_eval_data,test_p401_.jpg,0.25,0.25,0.25,0.25
EUVP_eval_data,test_p402_.jpg,0.25,0.25,0.25,0.25
EUVP_eval_data,test_p403_.jpg,0.25,0.25,0.25,0.25
EUVP_eval_data,test_p404_.jpg,0.25,0.25,0.25,0.25
EUVP_eval_data,test_p405_.jpg,0.25,0.25,0.25,0.25
EUVP_eval_data,test_p406_.jpg,0.25,0.25,0.25,0.25
EUVP_eval_data,test_p408_.jpg,0.25,0.25,0.25,0.25
EUVP_eval_data,test_p409_.jpg,0.25,0.25,0.25,0.25
EUVP_eval_data,test_p40_.jpg,0.25,0.25,0.25,0.25
EUVP_eval_data,test_p410_.jpg,0.25,0.25,0.25,0.25
EUVP_eval_data,test_p411_.jpg,0.25,0.25,0.25,0.25
EUVP_eval_data,test_p412_.jpg,0.25,0.25,0.25,0.25
EUVP_eval_data,test_p414_.jpg,0.25,0.25,0.25,0.25
EUVP_eval_data,test_p415_.jpg,0.25,0.25,0.25,0.25
EUVP_eval_data,test_p416_.jpg,0.25,0.25,0.25,0.25
EUVP_eval_data,test_p417_.jpg,0.25,0.25,0.25,0.25
EUVP_eval_data,test_p418_.jpg,0.25,0.25,0.25,0.25
EUVP_eval_data,test_p419_.jpg,0.25,0.25,0.25,0.25
EUVP_eval_data,test_p41_.jpg,0.25,0.25,0.25,0.25
EUVP_eval_data,test_p420_.jpg,0.25,0.25,0.25,0.25
EUVP_eval_data,test_p421_.jpg,0.25,0.25,0.25,0.25
EUVP_eval_data,test_p422_.jpg,0.25,0.25,0.25,0.25
EUVP_eval_data,test_p424_.jpg,0.25,0.25,0.25,0.25
EUVP_eval_data,test_p425_.jpg,0.25,0.25,0.25,0.25
EUVP_eval_data,test_p426_.jpg,0.25,0.25,0.25,0.25
EUVP_eval_data,test_p427_.jpg,0.25,0.25,0.25,0.25
EUVP_eval_data,test_p428_.jpg,0.25,0.25,0.25,0.25
EUVP_eval_data,test_p429_.jpg,0.25,0.25,0.25,0.25
EUVP_eval_data,test_p42_.jpg,0.25,0.25,0.25,0.25
EUVP_eval_data,test_p430_.jpg,0.25,0.25,0.25,0.25
EUVP_eval_data,test_p431_.jpg,0.25,0.25,0.25,0.25
EUVP_eval_data,test_p434_.jpg,0.25,0.25,0.25,0.25
EUVP_eval_data,test_p435_.jpg,0.25,0.25,0.25,0.25
EUVP_eval_data,test_p436_.jpg,0.25,0.25,0.25,0.25
EUVP_eval_data,test_p437_.jpg,0.25,0.25,0.25,0.25
EUVP_eval_data,test_p438_.jpg,0.25,0.25,0.25,0.25
EUVP_eval_data,test_p439_.jpg,0.25,0.25,0.25,0.25
EUVP_eval_data,test_p43_.jpg,0.25,0.25,0.25,0.25
EUVP_eval_data,test_p440_.jpg,0.25,0.25,0.25,0.25
EUVP_eval_data,test_p441_.jpg,0.25,0.25,0.25,0.25
EUVP_eval_data,test_p443_.jpg,0.25,0.25,0.25,0.25
EUVP_eval_data,test_p444_.jpg,0.25,0.25,0.25,0.25
EUVP_eval_data,test_p447_.jpg,0.25,0.25,0.25,0.25
EUVP_eval_data,test_p448_.jpg,0.25,0.25,0.25,0.25
EUVP_eval_data,test_p450_.jpg,0.25,0.25,0.25,0.25
EUVP_eval_data,test_p451_.jpg,0.25,0.25,0.25,0.25
EUVP_eval_data,test_p453_.jpg,0.25,0.25,0.25,0.25
EUVP_eval_data,test_p454_.jpg,0.25,0.25,0.25,0.25
EUVP_eval_data,test_p455_.jpg,0.25,0.25,0.25,0.25
EUVP_eval_data,test_p456_.jpg,0.25,0.25,0.25,0.25
EUVP_eval_data,test_p457_.jpg,0.25,0.25,0.25,0.25
EUVP_eval_data,test_p458_.jpg,0.25,0.25,0.25,0.25
EUVP_eval_data,test_p459_.jpg,0.25,0.25,0.25,0.25
EUVP_eval_data,test_p45_.jpg,0.25,0.25,0.25,0.25
EUVP_eval_data,test_p460_.jpg,0.25,0.25,0.25,0.25
EUVP_eval_data,test_p461_.jpg,0.25,0.25,0.25,0.25
EUVP_eval_data,test_p462_.jpg,0.25,0.25,0.25,0.25
EUVP_eval_data,test_p463_.jpg,0.25,0.25,0.25,0.25
EUVP_eval_data,test_p464_.jpg,0.25,0.25,0.25,0.25
EUVP_eval_data,test_p465_.jpg,0.25,0.25,0.25,0.25
EUVP_eval_data,test_p466_.jpg,0.25,0.25,0.25,0.25
EUVP_eval_data,test_p467_.jpg,0.25,0.25,0.25,0.25
EUVP_eval_data,test_p468_.jpg,0.25,0.25,0.25,0.25
EUVP_eval_data,test_p469_.jpg,0.25,0.25,0.25,0.25
EUVP_eval_data,test_p470_.jpg,0.25,0.25,0.25,0.25
EUVP_eval_data,test_p471_.jpg,0.25,0.25,0.25,0.25
EUVP_eval_data,test_p472_.jpg,0.25,0.25,0.25,0.25
EUVP_eval_data,test_p473_.jpg,0.25,0.25,0.25,0.25
EUVP_eval_data,test_p474_.jpg,0.25,0.25,0.25,0.25
EUVP_eval_data,test_p475_.jpg,0.25,0.25,0.25,0.25
EUVP_eval_data,test_p476_.jpg,0.25,0.25,0.25,0.25
EUVP_eval_data,test_p477_.jpg,0.25,0.25,0.25,0.25
EUVP_eval_data,test_p478_.jpg,0.25,0.25,0.25,0.25
EUVP_eval_data,test_p479_.jpg,0.25,0.25,0.25,0.25
EUVP_eval_data,test_p47_.jpg,0.25,0.25,0.25,0.25
EUVP_eval_data,test_p481_.jpg,0.25,0.25,0.25,0.25
EUVP_eval_data,test_p482_.jpg,0.25,0.25,0.25,0.25
EUVP_eval_data,test_p483_.jpg,0.25,0.25,0.25,0.25
EUVP_eval_data,test_p485_.jpg,0.25,0.25,0.25,0.25
EUVP_eval_data,test_p486_.jpg,0.25,0.25,0.25,0.25
EUVP_eval_data,test_p487_.jpg,0.25,0.25,0.25,0.25
EUVP_eval_data,test_p488_.jpg,0.25,0.25,0.25,0.25
EUVP_eval_data,test_p489_.jpg,0.25,0.25,0.25,0.25
EUVP_eval_data,test_p48_.jpg,0.25,0.25,0.25,0.25
EUVP_eval_data,test_p490_.jpg,0.25,0.25,0.25,0.25
EUVP_eval_data,test_p492_.jpg,0.25,0.25,0.25,0.25
EUVP_eval_data,test_p493_.jpg,0.25,0.25,0.25,0.25
EUVP_eval_data,test_p494_.jpg,0.25,0.25,0.25,0.25
EUVP_eval_data,test_p495_.jpg,0.25,0.25,0.25,0.25
EUVP_eval_data,test_p496_.jpg,0.25,0.25,0.25,0.25
EUVP_eval_data,test_p497_.jpg,0.25,0.25,0.25,0.25
EUVP_eval_data,test_p498_.jpg,0.25,0.25,0.25,0.25
EUVP_eval_data,test_p499_.jpg,0.25,0.25,0.25,0.25
EUVP_eval_data,test_p49_.jpg,0.25,0.25,0.25,0.25
EUVP_eval_data,test_p500_.jpg,0.25,0.25,0.25,0.25
EUVP_eval_data,test_p501_.jpg,0.25,0.25,0.25,0.25
EUVP_eval_data,test_p502_.jpg,0.25,0.25,0.25,0.25
EUVP_eval_data,test_p503_.jpg,0.25,0.25,0.25,0.25
EUVP_eval_data,test_p504_.jpg,0.25,0.25,0.25,0.25
EUVP_eval_data,test_p505_.jpg,0.25,0.25,0.25,0.25
EUVP_eval_data,test_p506_.jpg,0.25,0.25,0.25,0.25
EUVP_eval_data,test_p508_.jpg,0.25,0.25,0.25,0.25
EUVP_eval_data,test_p509_.jpg,0.25,0.25,0.25,0.25
EUVP_eval_data,test_p50_.jpg,0.25,0.25,0.25,0.25
EUVP_eval_data,test_p510_.jpg,0.25,0.25,0.25,0.25
EUVP_eval_data,test_p511_.jpg,0.25,0.25,0.25,0.25
EUVP_eval_data,test_p512_.jpg,0.25,0.25,0.25,0.25
EUVP_eval_data,test_p513_.jpg,0.25,0.25,0.25,0.25
EUVP_eval_data,test_p514_.jpg,0.25,0.25,0.25,0.25
EUVP_eval_data,test_p515_.jpg,0.25,0.25,0.25,0.25
EUVP_eval_data,test_p516_.jpg,0.25,0.25,0.25,0.25
EUVP_eval_data,test_p517_.jpg,0.25,0.25,0.25,0.25
EUVP_eval_data,test_p518_.jpg,0.25,0.25,0.25,0.25
EUVP_eval_data,test_p519_.jpg,0.25,0.25,0.25,0.25
EUVP_eval_data,test_p51_.jpg,0.25,0.25,0.25,0.25
EUVP_eval_data,test_p520_.jpg,0.25,0.25,0.25,0.25
EUVP_eval_data,test_p521_.jpg,0.25,0.25,0.25,0.25
EUVP_eval_data,test_p522_.jpg,0.25,0.25,0.25,0.25
EUVP_eval_data,test_p523_.jpg,0.25,0.25,0.25,0.25
EUVP_eval_data,test_p524_.jpg,0.25,0.25,0.25,0.25
EUVP_eval_data,test_p525_.jpg,0.25,0.25,0.25,0.25
EUVP_eval_data,test_p526_.jpg,0.25,0.25,0.25,0.25
EUVP_eval_data,test_p527_.jpg,0.25,0.25,0.25,0.25
EUVP_eval_data,test_p528_.jpg,0.25,0.25,0.25,0.25
EUVP_eval_data,test_p529_.jpg,0.25,0.25,0.25,0.25
EUVP_eval_data,test_p52_.jpg,0.25,0.25,0.25,0.25
EUVP_eval_data,test_p530_.jpg,0.25,0.25,0.25,0.25
EUVP_eval_data,test_p531_.jpg,0.25,0.25,0.25,0.25
EUVP_eval_data,test_p532_.jpg,0.25,0.25,0.25,0.25
EUVP_eval_data,test_p533_.jpg,0.25,0.25,0.25,0.25
EUVP_eval_data,test_p534_.jpg,0.25,0.25,0.25,0.25
EUVP_eval_data,test_p535_.jpg,0.25,0.25,0.25,0.25
EUVP_eval_data,test_p536_.jpg,0.25,0.25,0.25,0.25
EUVP_eval_data,test_p537_.jpg,0.25,0.25,0.25,0.25
EUVP_eval_data,test_p538_.jpg,0.25,0.25,0.25,0.25
EUVP_eval_data,test_p539_.jpg,0.25,0.25,0.25,0.25
EUVP_eval_data,test_p53_.jpg,0.25,0.25,0.25,0.25
EUVP_eval_data,test_p540_.jpg,0.25,0.25,0.25,0.25
EUVP_eval_data,test_p541_.jpg,0.25,0.25,0.25,0.25
EUVP_eval_data,test_p542_.jpg,0.25,0.25,0.25,0.25
EUVP_eval_data,test_p543_.jpg,0.25,0.25,0.25,0.25
EUVP_eval_data,test_p544_.jpg,0.25,0.25,0.25,0.25
EUVP_eval_data,test_p545_.jpg,0.25,0.25,0.25,0.25
EUVP_eval_data,test_p546_.jpg,0.25,0.25,0.25,0.25
EUVP_eval_data,test_p547_.jpg,0.25,0.25,0.25,0.25
EUVP_eval_data,test_p549_.jpg,0.25,0.25,0.25,0.25
EUVP_eval_data,test_p54_.jpg,0.25,0.25,0.25,0.25
EUVP_eval_data,test_p551_.jpg,0.25,0.25,0.25,0.25
EUVP_eval_data,test_p552_.jpg,0.25,0.25,0.25,0.25
EUVP_eval_data,test_p553_.jpg,0.25,0.25,0.25,0.25
EUVP_eval_data,test_p554_.jpg,0.25,0.25,0.25,0.25
EUVP_eval_data,test_p556_.jpg,0.25,0.25,0.25,0.25
EUVP_eval_data,test_p557_.jpg,0.25,0.25,0.25,0.25
EUVP_eval_data,test_p558_.jpg,0.25,0.25,0.25,0.25
EUVP_eval_data,test_p559_.jpg,0.25,0.25,0.25,0.25
EUVP_eval_data,test_p560_.jpg,0.25,0.25,0.25,0.25
EUVP_eval_data,test_p562_.jpg,0.25,0.25,0.25,0.25
EUVP_eval_data,test_p564_.jpg,0.25,0.25,0.25,0.25
EUVP_eval_data,test_p566_.jpg,0.25,0.25,0.25,0.25
EUVP_eval_data,test_p569_.jpg,0.25,0.25,0.25,0.25
EUVP_eval_data,test_p56_.jpg,0.25,0.25,0.25,0.25
EUVP_eval_data,test_p570_.jpg,0.25,0.25,0.25,0.25
EUVP_eval_data,test_p574_.jpg,0.25,0.25,0.25,0.25
EUVP_eval_data,test_p575_.jpg,0.25,0.25,0.25,0.25
EUVP_eval_data,test_p576_.jpg,0.25,0.25,0.25,0.25
EUVP_eval_data,test_p577_.jpg,0.25,0.25,0.25,0.25
EUVP_eval_data,test_p578_.jpg,0.25,0.25,0.25,0.25
EUVP_eval_data,test_p579_.jpg,0.25,0.25,0.25,0.25
EUVP_eval_data,test_p580_.jpg,0.25,0.25,0.25,0.25
EUVP_eval_data,test_p581_.jpg,0.25,0.25,0.25,0.25
EUVP_eval_data,test_p583_.jpg,0.25,0.25,0.25,0.25
EUVP_eval_data,test_p584_.jpg,0.25,0.25,0.25,0.25
EUVP_eval_data,test_p586_.jpg,0.25,0.25,0.25,0.25
EUVP_eval_data,test_p587_.jpg,0.25,0.25,0.25,0.25
EUVP_eval_data,test_p588_.jpg,0.25,0.25,0.25,0.25
EUVP_eval_data,test_p589_.jpg,0.25,0.25,0.25,0.25
EUVP_eval_data,test_p58_.jpg,0.25,0.25,0.25,0.25
EUVP_eval_data,test_p590_.jpg,0.25,0.25,0.25,0.25
EUVP_eval_data,test_p592_.jpg,0.25,0.25,0.25,0.25
EUVP_eval_data,test_p595_.jpg,0.25,0.25,0.25,0.25
EUVP_eval_data,test_p596_.jpg,0.25,0.25,0.25,0.25
EUVP_eval_data,test_p597_.jpg,0.25,0.25,0.25,0.25
EUVP_eval_data,test_p598_.jpg,0.25,0.25,0.25,0.25
EUVP_eval_data,test_p599_.jpg,0.25,0.25,0.25,0.25
EUVP_eval_data,test_p59_.jpg,0.25,0.25,0.25,0.25
EUVP_eval_data,test_p5_.jpg,0.25,0.25,0.25,0.25
EUVP_eval_data,test_p600_.jpg,0.25,0.25,0.25,0.25
EUVP_eval_data,test_p603_.jpg,0.25,0.25,0.25,0.25
EUVP_eval_data,test_p604_.jpg,0.25,0.25,0.25,0.25
EUVP_eval_data,test_p605_.jpg,0.25,0.25,0.25,0.25
EUVP_eval_data,test_p607_.jpg,0.25,0.25,0.25,0.25
EUVP_eval_data,test_p608_.jpg,0.25,0.25,0.25,0.25
EUVP_eval_data,test_p609_.jpg,0.25,0.25,0.25,0.25
EUVP_eval_data,test_p60_.jpg,0.25,0.25,0.25,0.25
EUVP_eval_data,test_p610_.jpg,0.25,0.25,0.25,0.25
EUVP_eval_data,test_p611_.jpg,0.25,0.25,0.25,0.25
EUVP_eval_data,test_p612_.jpg,0.25,0.25,0.25,0.25
EUVP_eval_data,test_p613_.jpg,0.25,0.25,0.25,0.25
EUVP_eval_data,test_p61_.jpg,0.25,0.25,0.25,0.25
EUVP_eval_data,test_p62_.jpg,0.25,0.25,0.25,0.25
EUVP_eval_data,test_p63_.jpg,0.25,0.25,0.25,0.25
EUVP_eval_data,test_p64_.jpg,0.25,0.25,0.25,0.25
EUVP_eval_data,test_p65_.jpg,0.25,0.25,0.25,0.25
EUVP_eval_data,test_p66_.jpg,0.25,0.25,0.25,0.25
EUVP_eval_data,test_p67_.jpg,0.25,0.25,0.25,0.25
EUVP_eval_data,test_p68_.jpg,0.25,0.25,0.25,0.25
EUVP_eval_data,test_p69_.jpg,0.25,0.25,0.25,0.25
EUVP_eval_data,test_p6_.jpg,0.25,0.25,0.25,0.25
EUVP_eval_data,test_p70_.jpg,0.25,0.25,0.25,0.25
EUVP_eval_data,test_p71_.jpg,0.25,0.25,0.25,0.25
EUVP_eval_data,test_p72_.jpg,0.25,0.25,0.25,0.25
EUVP_eval_data,test_p73_.jpg,0.25,0.25,0.25,0.25
EUVP_eval_data,test_p76_.jpg,0.25,0.25,0.25,0.25
EUVP_eval_data,test_p77_.jpg,0.25,0.25,0.25,0.25
EUVP_eval_data,test_p78_.jpg,0.25,0.25,0.25,0.25
EUVP_eval_data,test_p79_.jpg,0.25,0.25,0.25,0.25
EUVP_eval_data,test_p7_.jpg,0.25,0.25,0.25,0.25
EUVP_eval_data,test_p80_.jpg,0.25,0.25,0.25,0.25
EUVP_eval_data,test_p81_.jpg,0.25,0.25,0.25,0.25
EUVP_eval_data,test_p82_.jpg,0.25,0.25,0.25,0.25
EUVP_eval_data,test_p83_.jpg,0.25,0.25,0.25,0.25
EUVP_eval_data,test_p84_.jpg,0.25,0.25,0.25,0.25
EUVP_eval_data,test_p85_.jpg,0.25,0.25,0.25,0.25
EUVP_eval_data,test_p86_.jpg,0.25,0.25,0.25,0.25
EUVP_eval_data,test_p87_.jpg,0.25,0.25,0.25,0.25
EUVP_eval_data,test_p88_.jpg,0.25,0.25,0.25,0.25
EUVP_eval_data,test_p89_.jpg,0.25,0.25,0.25,0.25
EUVP_eval_data,test_p8_.jpg,0.25,0.25,0.25,0.25
EUVP_eval_data,test_p90_.jpg,0.25,0.25,0.25,0.25
EUVP_eval_data,test_p91_.jpg,0.25,0.25,0.25,0.25
EUVP_eval_data,test_p92_.jpg,0.25,0.25,0.25,0.25
EUVP_eval_data,test_p93_.jpg,0.25,0.25,0.25,0.25
EUVP_eval_data,test_p94_.jpg,0.25,0.25,0.25,0.25
EUVP_eval_data,test_p97_.jpg,0.25,0.25,0.25,0.25
EUVP_eval_data,test_p98_.jpg,0.25,0.25,0.25,0.25
EUVP_eval_data,test_p99_.jpg,0.25,0.25,0.25,0.25
EUVP_eval_data,test_p9_.jpg,0.25,0.25,0.25,0.25
EUVP_eval_data,test_p0_.jpg,0.25,0.25,0.25,0.25
EUVP_eval_data,test_p100_.jpg,0.25,0.25,0.25,0.25
EUVP_eval_data,test_p101_.jpg,0.25,0.25,0.25,0.25
EUVP_eval_data,test_p102_.jpg,0.25,0.25,0.25,0.25
EUVP_eval_data,test_p104_.jpg,0.25,0.25,0.25,0.25
EUVP_eval_data,test_p105_.jpg,0.25,0.25,0.25,0.25
EUVP_eval_data,test_p106_.jpg,0.25,0.25,0.25,0.25
EUVP_eval_data,test_p107_.jpg,0.25,0.25,0.25,0.25
EUVP_eval_data,test_p109_.jpg,0.25,0.25,0.25,0.25
EUVP_eval_data,test_p110_.jpg,0.25,0.25,0.25,0.25
EUVP_eval_data,test_p112_.jpg,0.25,0.25,0.25,0.25
EUVP_eval_data,test_p113_.jpg,0.25,0.25,0.25,0.25
EUVP_eval_data,test_p114_.jpg,0.25,0.25,0.25,0.25
EUVP_eval_data,test_p115_.jpg,0.25,0.25,0.25,0.25
EUVP_eval_data,test_p116_.jpg,0.25,0.25,0.25,0.25
EUVP_eval_data,test_p117_.jpg,0.25,0.25,0.25,0.25
EUVP_eval_data,test_p118_.jpg,0.25,0.25,0.25,0.25
EUVP_eval_data,test_p119_.jpg,0.25,0.25,0.25,0.25
EUVP_eval_data,test_p11_.jpg,0.25,0.25,0.25,0.25
EUVP_eval_data,test_p120_.jpg,0.25,0.25,0.25,0.25
EUVP_eval_data,test_p121_.jpg,0.25,0.25,0.25,0.25
EUVP_eval_data,test_p122_.jpg,0.25,0.25,0.25,0.25
EUVP_eval_data,test_p123_.jpg,0.25,0.25,0.25,0.25
EUVP_eval_data,test_p125_.jpg,0.25,0.25,0.25,0.25
EUVP_eval_data,test_p126_.jpg,0.25,0.25,0.25,0.25
EUVP_eval_data,test_p127_.jpg,0.25,0.25,0.25,0.25
EUVP_eval_data,test_p128_.jpg,0.25,0.25,0.25,0.25
EUVP_eval_data,test_p129_.jpg,0.25,0.25,0.25,0.25
EUVP_eval_data,test_p12_.jpg,0.25,0.25,0.25,0.25
EUVP_eval_data,test_p130_.jpg,0.25,0.25,0.25,0.25
EUVP_eval_data,test_p131_.jpg,0.25,0.25,0.25,0.25
EUVP_eval_data,test_p132_.jpg,0.25,0.25,0.25,0.25
EUVP_eval_data,test_p133_.jpg,0.25,0.25,0.25,0.25
EUVP_eval_data,test_p134_.jpg,0.25,0.25,0.25,0.25
EUVP_eval_data,test_p135_.jpg,0.25,0.25,0.25,0.25
EUVP_eval_data,test_p136_.jpg,0.25,0.25,0.25,0.25
EUVP_eval_data,test_p137_.jpg,0.25,0.25,0.25,0.25
EUVP_eval_data,test_p138_.jpg,0.25,0.25,0.25,0.25
EUVP_eval_data,test_p139_.jpg,0.25,0.25,0.25,0.25
EUVP_eval_data,test_p13_.jpg,0.25,0.25,0.25,0.25
EUVP_eval_data,test_p141_.jpg,0.25,0.25,0.25,0.25
EUVP_eval_data,test_p142_.jpg,0.25,0.25,0.25,0.25
EUVP_eval_data,test_p143_.jpg,0.25,0.25,0.25,0.25
EUVP_eval_data,test_p144_.jpg,0.25,0.25,0.25,0.25
EUVP_eval_data,test_p145_.jpg,0.25,0.25,0.25,0.25
EUVP_eval_data,test_p146_.jpg,0.25,0.25,0.25,0.25
EUVP_eval_data,test_p147_.jpg,0.25,0.25,0.25,0.25
EUVP_eval_data,test_p148_.jpg,0.25,0.25,0.25,0.25
EUVP_eval_data,test_p149_.jpg,0.25,0.25,0.25,0.25
EUVP_eval_data,test_p14_.jpg,0.25,0.25,0.25,0.25
EUVP_eval_data,test_p150_.jpg,0.25,0.25,0.25,0.25
EUVP_eval_data,test_p153_.jpg,0.25,0.25,0.25,0.25
EUVP_eval_data,test_p154_.jpg,0.25,0.25,0.25,0.25
EUVP_eval_data,test_p156_.jpg,0.25,0.25,0.25,0.25
EUVP_eval_data,test_p157_.jpg,0.25,0.25,0.25,0.25
EUVP_eval_data,test_p158_.jpg,0.25,0.25,0.25,0.25
EUVP_eval_data,test_p159_.jpg,0.25,0.25,0.25,0.25
EUVP_eval_data,test_p15_.jpg,0.25,0.25,0.25,0.25
EUVP_eval_data,test_p161_.jpg,0.25,0.25,0.25,0.25
EUVP_eval_data,test_p162_.jpg,0.25,0.25,0.25,0.25
EUVP_eval_data,test_p164_.jpg,0.25,0.25,0.25,0.25
EUVP_eval_data,test_p165_.jpg,0.25,0.25,0.25,0.25
EUVP_eval_data,test_p166_.jpg,0.25,0.25,0.25,0.25
EUVP_eval_data,test_p167_.jpg,0.25,0.25,0.25,0.25
EUVP_eval_data,test_p168_.jpg,0.25,0.25,0.25,0.25
EUVP_eval_data,test_p169_.jpg,0.25,0.25,0.25,0.25
EUVP_eval_data,test_p16_.jpg,0.25,0.25,0.25,0.25
EUVP_eval_data,test_p171_.jpg,0.25,0.25,0.25,0.25
EUVP_eval_data,test_p172_.jpg,0.25,0.25,0.25,0.25
EUVP_eval_data,test_p173_.jpg,0.25,0.25,0.25,0.25
EUVP_eval_data,test_p174_.jpg,0.25,0.25,0.25,0.25
EUVP_eval_data,test_p175_.jpg,0.25,0.25,0.25,0.25
EUVP_eval_data,test_p176_.jpg,0.25,0.25,0.25,0.25
EUVP_eval_data,test_p178_.jpg,0.25,0.25,0.25,0.25
EUVP_eval_data,test_p179_.jpg,0.25,0.25,0.25,0.25
EUVP_eval_data,test_p17_.jpg,0.25,0.25,0.25,0.25
EUVP_eval_data,test_p180_.jpg,0.25,0.25,0.25,0.25
EUVP_eval_data,test_p181_.jpg,0.25,0.25,0.25,0.25
EUVP_eval_data,test_p182_.jpg,0.25,0.25,0.25,0.25
EUVP_eval_data,test_p183_.jpg,0.25,0.25,0.25,0.25
EUVP_eval_data,test_p184_.jpg,0.25,0.25,0.25,0.25
EUVP_eval_data,test_p185_.jpg,0.25,0.25,0.25,0.25
EUVP_eval_data,test_p186_.jpg,0.25,0.25,0.25,0.25
EUVP_eval_data,test_p187_.jpg,0.25,0.25,0.25,0.25
EUVP_eval_data,test_p188_.jpg,0.25,0.25,0.25,0.25
EUVP_eval_data,test_p189_.jpg,0.25,0.25,0.25,0.25
EUVP_eval_data,test_p190_.jpg,0.25,0.25,0.25,0.25
EUVP_eval_data,test_p191_.jpg,0.25,0.25,0.25,0.25
EUVP_eval_data,test_p192_.jpg,0.25,0.25,0.25,0.25
EUVP_eval_data,test_p193_.jpg,0.25,0.25,0.25,0.25
EUVP_eval_data,test_p194_.jpg,0.25,0.25,0.25,0.25
EUVP_eval_data,test_p195_.jpg,0.25,0.25,0.25,0.25
EUVP_eval_data,test_p196_.jpg,0.25,0.25,0.25,0.25
EUVP_eval_data,test_p197_.jpg,0.25,0.25,0.25,0.25
EUVP_eval_data,test_p198_.jpg,0.25,0.25,0.25,0.25
EUVP_eval_data,test_p199_.jpg,0.25,0.25,0.25,0.25
EUVP_eval_data,test_p200_.jpg,0.25,0.25,0.25,0.25
EUVP_eval_data,test_p203_.jpg,0.25,0.25,0.25,0.25
EUVP_eval_data,test_p205_.jpg,0.25,0.25,0.25,0.25
EUVP_eval_data,test_p206_.jpg,0.25,0.25,0.25,0.25
EUVP_eval_data,test_p208_.jpg,0.25,0.25,0.25,0.25
EUVP_eval_data,test_p209_.jpg,0.25,0.25,0.25,0.25
EUVP_eval_data,test_p20_.jpg,0.25,0.25,0.25,0.25
EUVP_eval_data,test_p211_.jpg,0.25,0.25,0.25,0.25
EUVP_eval_data,test_p212_.jpg,0.25,0.25,0.25,0.25
EUVP_eval_data,test_p213_.jpg,0.25,0.25,0.25,0.25
EUVP_eval_data,test_p214_.jpg,0.25,0.25,0.25,0.25
EUVP_eval_data,test_p215_.jpg,0.25,0.25,0.25,0.25
EUVP_eval_data,test_p216_.jpg,0.25,0.25,0.25,0.25
EUVP_eval_data,test_p218_.jpg,0.25,0.25,0.25,0.25
EUVP_eval_data,test_p219_.jpg,0.25,0.25,0.25,0.25
EUVP_eval_data,test_p21_.jpg,0.25,0.25,0.25,0.25
EUVP_eval_data,test_p221_.jpg,0.25,0.25,0.25,0.25
EUVP_eval_data,test_p222_.jpg,0.25,0.25,0.25,0.25
EUVP_eval_data,test_p223_.jpg,0.25,0.25,0.25,0.25
EUVP_eval_data,test_p224_.jpg,0.25,0.25,0.25,0.25
EUVP_eval_data,test_p225_.jpg,0.25,0.25,0.25,0.25
EUVP_eval_data,test_p226_.jpg,0.25,0.25,0.25,0.25
EUVP_eval_data,test_p227_.jpg,0.25,0.25,0.25,0.25
EUVP_eval_data,test_p228_.jpg,0.25,0.25,0.25,0.25
EUVP_eval_data,test_p229_.jpg,0.25,0.25,0.25,0.25
EUVP_eval_data,test_p22_.jpg,0.25,0.25,0.25,0.25
EUVP_eval_data,test_p230_.jpg,0.25,0.25,0.25,0.25
EUVP_eval_data,test_p232_.jpg,0.25,0.25,0.25,0.25
EUVP_eval_data,test_p233_.jpg,0.25,0.25,0.25,0.25
EUVP_eval_data,test_p234_.jpg,0.25,0.25,0.25,0.25
EUVP_eval_data,test_p235_.jpg,0.25,0.25,0.25,0.25
EUVP_eval_data,test_p236_.jpg,0.25,0.25,0.25,0.25
EUVP_eval_data,test_p238_.jpg,0.25,0.25,0.25,0.25
EUVP_eval_data,test_p239_.jpg,0.25,0.25,0.25,0.25
EUVP_eval_data,test_p23_.jpg,0.25,0.25,0.25,0.25
EUVP_eval_data,test_p240_.jpg,0.25,0.25,0.25,0.25
EUVP_eval_data,test_p241_.jpg,0.25,0.25,0.25,0.25
EUVP_eval_data,test_p242_.jpg,0.25,0.25,0.25,0.25
EUVP_eval_data,test_p243_.jpg,0.25,0.25,0.25,0.25
EUVP_eval_data,test_p244_.jpg,0.25,0.25,0.25,0.25
EUVP_eval_data,test_p245_.jpg,0.25,0.25,0.25,0.25
EUVP_eval_data,test_p246_.jpg,0.25,0.25,0.25,0.25
EUVP_eval_data,test_p247_.jpg,0.25,0.25,0.25,0.25
EUVP_eval_data,test_p248_.jpg,0.25,0.25,0.25,0.25
EUVP_eval_data,test_p249_.jpg,0.25,0.25,0.25,0.25
EUVP_eval_data,test_p24_.jpg,0.25,0.25,0.25,0.25
EUVP_eval_data,test_p250_.jpg,0.25,0.25,0.25,0.25
EUVP_eval_data,test_p251_.jpg,0.25,0.25,0.25,0.25
EUVP_eval_data,test_p253_.jpg,0.25,0.25,0.25,0.25
EUVP_eval_data,test_p254_.jpg,0.25,0.25,0.25,0.25
EUVP_eval_data,test_p255_.jpg,0.25,0.25,0.25,0.25
EUVP_eval_data,test_p256_.jpg,0.25,0.25,0.25,0.25
EUVP_eval_data,test_p258_.jpg,0.25,0.25,0.25,0.25
EUVP_eval_data,test_p25_.jpg,0.25,0.25,0.25,0.25
EUVP_eval_data,test_p260_.jpg,0.25,0.25,0.25,0.25
EUVP_eval_data,test_p261_.jpg,0.25,0.25,0.25,0.25
EUVP_eval_data,test_p262_.jpg,0.25,0.25,0.25,0.25
EUVP_eval_data,test_p263_.jpg,0.25,0.25,0.25,0.25
EUVP_eval_data,test_p265_.jpg,0.25,0.25,0.25,0.25
EUVP_eval_data,test_p266_.jpg,0.25,0.25,0.25,0.25
EUVP_eval_data,test_p267_.jpg,0.25,0.25,0.25,0.25
EUVP_eval_data,test_p269_.jpg,0.25,0.25,0.25,0.25
EUVP_eval_data,test_p26_.jpg,0.25,0.25,0.25,0.25
EUVP_eval_data,test_p270_.jpg,0.25,0.25,0.25,0.25
EUVP_eval_data,test_p271_.jpg,0.25,0.25,0.25,0.25
EUVP_eval_data,test_p273_.jpg,0.25,0.25,0.25,0.25
EUVP_eval_data,test_p274_.jpg,0.25,0.25,0.25,0.25
EUVP_eval_data,test_p276_.jpg,0.25,0.25,0.25,0.25
EUVP_eval_data,test_p277_.jpg,0.25,0.25,0.25,0.25
EUVP_eval_data,test_p278_.jpg,0.25,0.25,0.25,0.25
EUVP_eval_data,test_p279_.jpg,0.25,0.25,0.25,0.25
EUVP_eval_data,test_p27_.jpg,0.25,0.25,0.25,0.25
EUVP_eval_data,test_p280_.jpg,0.25,0.25,0.25,0.25
EUVP_eval_data,test_p281_.jpg,0.25,0.25,0.25,0.25
EUVP_eval_data,test_p282_.jpg,0.25,0.25,0.25,0.25
EUVP_eval_data,test_p284_.jpg,0.25,0.25,0.25,0.25
EUVP_eval_data,test_p286_.jpg,0.25,0.25,0.25,0.25
EUVP_eval_data,test_p288_.jpg,0.25,0.25,0.25,0.25
EUVP_eval_data,test_p289_.jpg,0.25,0.25,0.25,0.25
EUVP_eval_data,test_p28_.jpg,0.25,0.25,0.25,0.25
EUVP_eval_data,test_p290_.jpg,0.25,0.25,0.25,0.25
EUVP_eval_data,test_p291_.jpg,0.25,0.25,0.25,0.25
EUVP_eval_data,test_p292_.jpg,0.25,0.25,0.25,0.25
EUVP_eval_data,test_p294_.jpg,0.25,0.25,0.25,0.25
EUVP_eval_data,test_p295_.jpg,0.25,0.25,0.25,0.25
EUVP_eval_data,test_p297_.jpg,0.25,0.25,0.25,0.25
EUVP_eval_data,test_p298_.jpg,0.25,0.25,0.25,0.25
EUVP_eval_data,test_p299_.jpg,0.25,0.25,0.25,0.25
EUVP_eval_data,test_p29_.jpg,0.25,0.25,0.25,0.25
EUVP_eval_data,test_p2_.jpg,0.25,0.25,0.25,0.25
EUVP_eval_data,test_p301_.jpg,0.25,0.25,0.25,0.25
EUVP_eval_data,test_p302_.jpg,0.25,0.25,0.25,0.25
EUVP_eval_data,test_p305_.jpg,0.25,0.25,0.25,0.25
EUVP_eval_data,test_p306_.jpg,0.25,0.25,0.25,0.25
EUVP_eval_data,test_p307_.jpg,0.25,0.25,0.25,0.25
EUVP_eval_data,test_p308_.jpg,0.25,0.25,0.25,0.25
EUVP_eval_data,test_p309_.jpg,0.25,0.25,0.25,0.25
EUVP_eval_data,test_p30_.jpg,0.25,0.25,0.25,0.25
EUVP_eval_data,test_p310_.jpg,0.25,0.25,0.25,0.25
EUVP_eval_data,test_p314_.jpg,0.25,0.25,0.25,0.25
EUVP_eval_data,test_p315_.jpg,0.25,0.25,0.25,0.25
EUVP_eval_data,test_p316_.jpg,0.25,0.25,0.25,0.25
EUVP_eval_data,test_p317_.jpg,0.25,0.25,0.25,0.25
EUVP_eval_data,test_p318_.jpg,0.25,0.25,0.25,0.25
EUVP_eval_data,test_p319_.jpg,0.25,0.25,0.25,0.25
EUVP_eval_data,test_p31_.jpg,0.25,0.25,0.25,0.25
EUVP_eval_data,test_p320_.jpg,0.25,0.25,0.25,0.25
EUVP_eval_data,test_p321_.jpg,0.25,0.25,0.25,0.25
EUVP_eval_data,test_p322_.jpg,0.25,0.25,0.25,0.25
EUVP_eval_data,test_p324_.jpg,0.25,0.25,0.25,0.25
EUVP_eval_data,test_p325_.jpg,0.25,0.25,0.25,0.25
EUVP_eval_data,test_p326_.jpg,0.25,0.25,0.25,0.25
EUVP_eval_data,test_p327_.jpg,0.25,0.25,0.25,0.25
EUVP_eval_data,test_p328_.jpg,0.25,0.25,0.25,0.25
EUVP_eval_data,test_p329_.jpg,0.25,0.25,0.25,0.25
EUVP_eval_data,test_p32_.jpg,0.25,0.25,0.25,0.25
EUVP_eval_data,test_p330_.jpg,0.25,0.25,0.25,0.25
EUVP_eval_data,test_p331_.jpg,0.25,0.25,0.25,0.25
EUVP_eval_data,test_p332_.jpg,0.25,0.25,0.25,0.25
EUVP_eval_data,test_p333_.jpg,0.25,0.25,0.25,0.25
EUVP_eval_data,test_p334_.jpg,0.25,0.25,0.25,0.25
EUVP_eval_data,test_p335_.jpg,0.25,0.25,0.25,0.25
EUVP_eval_data,test_p336_.jpg,0.25,0.25,0.25,0.25
EUVP_eval_data,test_p337_.jpg,0.25,0.25,0.25,0.25
EUVP_eval_data,test_p338_.jpg,0.25,0.25,0.25,0.25
EUVP_eval_data,test_p339_.jpg,0.25,0.25,0.25,0.25
EUVP_eval_data,test_p340_.jpg,0.25,0.25,0.25,0.25
EUVP_eval_data,test_p342_.jpg,0.25,0.25,0.25,0.25
EUVP_eval_data,test_p344_.jpg,0.25,0.25,0.25,0.25
EUVP_eval_data,test_p345_.jpg,0.25,0.25,0.25,0.25
EUVP_eval_data,test_p346_.jpg,0.25,0.25,0.25,0.25
EUVP_eval_data,test_p347_.jpg,0.25,0.25,0.25,0.25
EUVP_eval_data,test_p348_.jpg,0.25,0.25,0.25,0.25
EUVP_eval_data,test_p349_.jpg,0.25,0.25,0.25,0.25
EUVP_eval_data,test_p34_.jpg,0.25,0.25,0.25,0.25
EUVP_eval_data,test_p350_.jpg,0.25,0.25,0.25,0.25
EUVP_eval_data,test_p351_.jpg,0.25,0.25,0.25,0.25
EUVP_eval_data,test_p352_.jpg,0.25,0.25,0.25,0.25
EUVP_eval_data,test_p353_.jpg,0.25,0.25,0.25,0.25
EUVP_eval_data,test_p354_.jpg,0.25,0.25,0.25,0.25
EUVP_eval_data,test_p357_.jpg,0.25,0.25,0.25,0.25
EUVP_eval_data,test_p358_.jpg,0.25,0.25,0.25,0.25
EUVP_eval_data,test_p359_.jpg,0.25,0.25,0.25,0.25
EUVP_eval_data,test_p35_.jpg,0.25,0.25,0.25,0.25
EUVP_eval_data,test_p361_.jpg,0.25,0.25,0.25,0.25
EUVP_eval_data,test_p362_.jpg,0.25,0.25,0.25,0.25
EUVP_eval_data,test_p364_.jpg,0.25,0.25,0.25,0.25
EUVP_eval_data,test_p365_.jpg,0.25,0.25,0.25,0.25
EUVP_eval_data,test_p366_.jpg,0.25,0.25,0.25,0.25
EUVP_eval_data,test_p368_.jpg,0.25,0.25,0.25,0.25
EUVP_eval_data,test_p369_.jpg,0.25,0.25,0.25,0.25
EUVP_eval_data,test_p36_.jpg,0.25,0.25,0.25,0.25
EUVP_eval_data,test_p370_.jpg,0.25,0.25,0.25,0.25
EUVP_eval_data,test_p371_.jpg,0.25,0.25,0.25,0.25
EUVP_eval_data,test_p372_.jpg,0.25,0.25,0.25,0.25
EUVP_eval_data,test_p373_.jpg,0.25,0.25,0.25,0.25
EUVP_eval_data,test_p374_.jpg,0.25,0.25,0.25,0.25
EUVP_eval_data,test_p376_.jpg,0.25,0.25,0.25,0.25
EUVP_eval_data,test_p377_.jpg,0.25,0.25,0.25,0.25
EUVP_eval_data,test_p378_.jpg,0.25,0.25,0.25,0.25
EUVP_eval_data,test_p37_.jpg,0.25,0.25,0.25,0.25
EUVP_eval_data,test_p381_.jpg,0.25,0.25,0.25,0.25
EUVP_eval_data,test_p382_.jpg,0.25,0.25,0.25,0.25
EUVP_eval_data,test_p383_.jpg,0.25,0.25,0.25,0.25
EUVP_eval_data,test_p384_.jpg,0.25,0.25,0.25,0.25
EUVP_eval_data,test_p385_.jpg,0.25,0.25,0.25,0.25
EUVP_eval_data,test_p386_.jpg,0.25,0.25,0.25,0.25
EUVP_eval_data,test_p387_.jpg,0.25,0.25,0.25,0.25
EUVP_eval_data,test_p388_.jpg,0.25,0.25,0.25,0.25
EUVP_eval_data,test_p389_.jpg,0.25,0.25,0.25,0.25
EUVP_eval_data,test_p38_.jpg,0.25,0.25,0.25,0.25
EUVP_eval_data,test_p390_.jpg,0.25,0.25,0.25,0.25
EUVP_eval_data,test_p393_.jpg,0.25,0.25,0.25,0.25
EUVP_eval_data,test_p394_.jpg,0.25,0.25,0.25,0.25
EUVP_eval_data,test_p395_.jpg,0.25,0.25,0.25,0.25
EUVP_eval_data,test_p396_.jpg,0.25,0.25,0.25,0.25
EUVP_eval_data,test_p397_.jpg,0.25,0.25,0.25,0.25
EUVP_eval_data,test_p398_.jpg,0.25,0.25,0.25,0.25
EUVP_eval_data,test_p399_.jpg,0.25,0.25,0.25,0.25
EUVP_eval_data,test_p39_.jpg,0.25,0.25,0.25,0.25
EUVP_eval_data,test_p3_.jpg,0.25,0.25,0.25,0.25
EUVP_eval_data,test_p400_.jpg,0.25,0.25,0.25,0.25
EUVP_eval_data,test_p401_.jpg,0.25,0.25,0.25,0.25
EUVP_eval_data,test_p402_.jpg,0.25,0.25,0.25,0.25
EUVP_eval_data,test_p403_.jpg,0.25,0.25,0.25,0.25
EUVP_eval_data,test_p404_.jpg,0.25,0.25,0.25,0.25
EUVP_eval_data,test_p405_.jpg,0.25,0.25,0.25,0.25
EUVP_eval_data,test_p406_.jpg,0.25,0.25,0.25,0.25
EUVP_eval_data,test_p408_.jpg,0.25,0.25,0.25,0.25
EUVP_eval_data,test_p409_.jpg,0.25,0.25,0.25,0.25
EUVP_eval_data,test_p40_.jpg,0.25,0.25,0.25,0.25
EUVP_eval_data,test_p410_.jpg,0.25,0.25,0.25,0.25
EUVP_eval_data,test_p411_.jpg,0.25,0.25,0.25,0.25
EUVP_eval_data,test_p412_.jpg,0.25,0.25,0.25,0.25
EUVP_eval_data,test_p414_.jpg,0.25,0.25,0.25,0.25
EUVP_eval_data,test_p415_.jpg,0.25,0.25,0.25,0.25
EUVP_eval_data,test_p416_.jpg,0.25,0.25,0.25,0.25
EUVP_eval_data,test_p417_.jpg,0.25,0.25,0.25,0.25
EUVP_eval_data,test_p418_.jpg,0.25,0.25,0.25,0.25
EUVP_eval_data,test_p419_.jpg,0.25,0.25,0.25,0.25
EUVP_eval_data,test_p41_.jpg,0.25,0.25,0.25,0.25
EUVP_eval_data,test_p420_.jpg,0.25,0.25,0.25,0.25
EUVP_eval_data,test_p421_.jpg,0.25,0.25,0.25,0.25
EUVP_eval_data,test_p422_.jpg,0.25,0.25,0.25,0.25
EUVP_eval_data,test_p424_.jpg,0.25,0.25,0.25,0.25
EUVP_eval_data,test_p425_.jpg,0.25,0.25,0.25,0.25
EUVP_eval_data,test_p426_.jpg,0.25,0.25,0.25,0.25
EUVP_eval_data,test_p427_.jpg,0.25,0.25,0.25,0.25
EUVP_eval_data,test_p428_.jpg,0.25,0.25,0.25,0.25
EUVP_eval_data,test_p429_.jpg,0.25,0.25,0.25,0.25
EUVP_eval_data,test_p42_.jpg,0.25,0.25,0.25,0.25
EUVP_eval_data,test_p430_.jpg,0.25,0.25,0.25,0.25
EUVP_eval_data,test_p431_.jpg,0.25,0.25,0.25,0.25
EUVP_eval_data,test_p434_.jpg,0.25,0.25,0.25,0.25
EUVP_eval_data,test_p435_.jpg,0.25,0.25,0.25,0.25
EUVP_eval_data,test_p436_.jpg,0.25,0.25,0.25,0.25
EUVP_eval_data,test_p437_.jpg,0.25,0.25,0.25,0.25
EUVP_eval_data,test_p438_.jpg,0.25,0.25,0.25,0.25
EUVP_eval_data,test_p439_.jpg,0.25,0.25,0.25,0.25
EUVP_eval_data,test_p43_.jpg,0.25,0.25,0.25,0.25
EUVP_eval_data,test_p440_.jpg,0.25,0.25,0.25,0.25
EUVP_eval_data,test_p441_.jpg,0.25,0.25,0.25,0.25
EUVP_eval_data,test_p443_.jpg,0.25,0.25,0.25,0.25
EUVP_eval_data,test_p444_.jpg,0.25,0.25,0.25,0.25
EUVP_eval_data,test_p447_.jpg,0.25,0.25,0.25,0.25
EUVP_eval_data,test_p448_.jpg,0.25,0.25,0.25,0.25
EUVP_eval_data,test_p450_.jpg,0.25,0.25,0.25,0.25
EUVP_eval_data,test_p451_.jpg,0.25,0.25,0.25,0.25
EUVP_eval_data,test_p453_.jpg,0.25,0.25,0.25,0.25
EUVP_eval_data,test_p454_.jpg,0.25,0.25,0.25,0.25
EUVP_eval_data,test_p455_.jpg,0.25,0.25,0.25,0.25
EUVP_eval_data,test_p456_.jpg,0.25,0.25,0.25,0.25
EUVP_eval_data,test_p457_.jpg,0.25,0.25,0.25,0.25
EUVP_eval_data,test_p458_.jpg,0.25,0.25,0.25,0.25
EUVP_eval_data,test_p459_.jpg,0.25,0.25,0.25,0.25
EUVP_eval_data,test_p45_.jpg,0.25,0.25,0.25,0.25
EUVP_eval_data,test_p460_.jpg,0.25,0.25,0.25,0.25
EUVP_eval_data,test_p461_.jpg,0.25,0.25,0.25,0.25
EUVP_eval_data,test_p462_.jpg,0.25,0.25,0.25,0.25
EUVP_eval_data,test_p463_.jpg,0.25,0.25,0.25,0.25
EUVP_eval_data,test_p464_.jpg,0.25,0.25,0.25,0.25
EUVP_eval_data,test_p465_.jpg,0.25,0.25,0.25,0.25
EUVP_eval_data,test_p466_.jpg,0.25,0.25,0.25,0.25
EUVP_eval_data,test_p467_.jpg,0.25,0.25,0.25,0.25
EUVP_eval_data,test_p468_.jpg,0.25,0.25,0.25,0.25
EUVP_eval_data,test_p469_.jpg,0.25,0.25,0.25,0.25
EUVP_eval_data,test_p470_.jpg,0.25,0.25,0.25,0.25
EUVP_eval_data,test_p471_.jpg,0.25,0.25,0.25,0.25
EUVP_eval_data,test_p472_.jpg,0.25,0.25,0.25,0.25
EUVP_eval_data,test_p473_.jpg,0.25,0.25,0.25,0.25
EUVP_eval_data,test_p474_.jpg,0.25,0.25,0.25,0.25
EUVP_eval_data,test_p475_.jpg,0.25,0.25,0.25,0.25
EUVP_eval_data,test_p476_.jpg,0.25,0.25,0.25,0.25
EUVP_eval_data,test_p477_.jpg,0.25,0.25,0.25,0.25
EUVP_eval_data,test_p478_.jpg,0.25,0.25,0.25,0.25
EUVP_eval_data,test_p479_.jpg,0.25,0.25,0.25,0.25
EUVP_eval_data,test_p47_.jpg,0.25,0.25,0.25,0.25
EUVP_eval_data,test_p481_.jpg,0.25,0.25,0.25,0.25
EUVP_eval_data,test_p482_.jpg,0.25,0.25,0.25,0.25
EUVP_eval_data,test_p483_.jpg,0.25,0.25,0.25,0.25
EUVP_eval_data,test_p485_.jpg,0.25,0.25,0.25,0.25
EUVP_eval_data,test_p486_.jpg,0.25,0.25,0.25,0.25
EUVP_eval_data,test_p487_.jpg,0.25,0.25,0.25,0.25
EUVP_eval_data,test_p488_.jpg,0.25,0.25,0.25,0.25
EUVP_eval_data,test_p489_.jpg,0.25,0.25,0.25,0.25
EUVP_eval_data,test_p48_.jpg,0.25,0.25,0.25,0.25
EUVP_eval_data,test_p490_.jpg,0.25,0.25,0.25,0.25
EUVP_eval_data,test_p492_.jpg,0.25,0.25,0.25,0.25
EUVP_eval_data,test_p493_.jpg,0.25,0.25,0.25,0.25
EUVP_eval_data,test_p494_.jpg,0.25,0.25,0.25,0.25
EUVP_eval_data,test_p495_.jpg,0.25,0.25,0.25,0.25
EUVP_eval_data,test_p496_.jpg,0.25,0.25,0.25,0.25
EUVP_eval_data,test_p497_.jpg,0.25,0.25,0.25,0.25
EUVP_eval_data,test_p498_.jpg,0.25,0.25,0.25,0.25
EUVP_eval_data,test_p499_.jpg,0.25,0.25,0.25,0.25
EUVP_eval_data,test_p49_.jpg,0.25,0.25,0.25,0.25
EUVP_eval_data,test_p500_.jpg,0.25,0.25,0.25,0.25
EUVP_eval_data,test_p501_.jpg,0.25,0.25,0.25,0.25
EUVP_eval_data,test_p502_.jpg,0.25,0.25,0.25,0.25
EUVP_eval_data,test_p503_.jpg,0.25,0.25,0.25,0.25
EUVP_eval_data,test_p504_.jpg,0.25,0.25,0.25,0.25
EUVP_eval_data,test_p505_.jpg,0.25,0.25,0.25,0.25
EUVP_eval_data,test_p506_.jpg,0.25,0.25,0.25,0.25
EUVP_eval_data,test_p508_.jpg,0.25,0.25,0.25,0.25
EUVP_eval_data,test_p509_.jpg,0.25,0.25,0.25,0.25
EUVP_eval_data,test_p50_.jpg,0.25,0.25,0.25,0.25
EUVP_eval_data,test_p510_.jpg,0.25,0.25,0.25,0.25
EUVP_eval_data,test_p511_.jpg,0.25,0.25,0.25,0.25
EUVP_eval_data,test_p512_.jpg,0.25,0.25,0.25,0.25
EUVP_eval_data,test_p513_.jpg,0.25,0.25,0.25,0.25
EUVP_eval_data,test_p514_.jpg,0.25,0.25,0.25,0.25
EUVP_eval_data,test_p515_.jpg,0.25,0.25,0.25,0.25
EUVP_eval_data,test_p516_.jpg,0.25,0.25,0.25,0.25
EUVP_eval_data,test_p517_.jpg,0.25,0.25,0.25,0.25
EUVP_eval_data,test_p518_.jpg,0.25,0.25,0.25,0.25
EUVP_eval_data,test_p519_.jpg,0.25,0.25,0.25,0.25
EUVP_eval_data,test_p51_.jpg,0.25,0.25,0.25,0.25
EUVP_eval_data,test_p520_.jpg,0.25,0.25,0.25,0.25
EUVP_eval_data,test_p521_.jpg,0.25,0.25,0.25,0.25
EUVP_eval_data,test_p522_.jpg,0.25,0.25,0.25,0.25
EUVP_eval_data,test_p523_.jpg,0.25,0.25,0.25,0.25
EUVP_eval_data,test_p524_.jpg,0.25,0.25,0.25,0.25
EUVP_eval_data,test_p525_.jpg,0.25,0.25,0.25,0.25
EUVP_eval_data,test_p526_.jpg,0.25,0.25,0.25,0.25
EUVP_eval_data,test_p527_.jpg,0.25,0.25,0.25,0.25
EUVP_eval_data,test_p528_.jpg,0.25,0.25,0.25,0.25
EUVP_eval_data,test_p529_.jpg,0.25,0.25,0.25,0.25
EUVP_eval_data,test_p52_.jpg,0.25,0.25,0.25,0.25
EUVP_eval_data,test_p530_.jpg,0.25,0.25,0.25,0.25
EUVP_eval_data,test_p531_.jpg,0.25,0.25,0.25,0.25
EUVP_eval_data,test_p532_.jpg,0.25,0.25,0.25,0.25
EUVP_eval_data,test_p533_.jpg,0.25,0.25,0.25,0.25
EUVP_eval_data,test_p534_.jpg,0.25,0.25,0.25,0.25
EUVP_eval_data,test_p535_.jpg,0.25,0.25,0.25,0.25
EUVP_eval_data,test_p536_.jpg,0.25,0.25,0.25,0.25
EUVP_eval_data,test_p537_.jpg,0.25,0.25,0.25,0.25
EUVP_eval_data,test_p538_.jpg,0.25,0.25,0.25,0.25
EUVP_eval_data,test_p539_.jpg,0.25,0.25,0.25,0.25
EUVP_eval_data,test_p53_.jpg,0.25,0.25,0.25,0.25
EUVP_eval_data,test_p540_.jpg,0.25,0.25,0.25,0.25
EUVP_eval_data,test_p541_.jpg,0.25,0.25,0.25,0.25
EUVP_eval_data,test_p542_.jpg,0.25,0.25,0.25,0.25
EUVP_eval_data,test_p543_.jpg,0.25,0.25,0.25,0.25
EUVP_eval_data,test_p544_.jpg,0.25,0.25,0.25,0.25
EUVP_eval_data,test_p545_.jpg,0.25,0.25,0.25,0.25
EUVP_eval_data,test_p546_.jpg,0.25,0.25,0.25,0.25
EUVP_eval_data,test_p547_.jpg,0.25,0.25,0.25,0.25
EUVP_eval_data,test_p549_.jpg,0.25,0.25,0.25,0.25
EUVP_eval_data,test_p54_.jpg,0.25,0.25,0.25,0.25
EUVP_eval_data,test_p551_.jpg,0.25,0.25,0.25,0.25
EUVP_eval_data,test_p552_.jpg,0.25,0.25,0.25,0.25
EUVP_eval_data,test_p553_.jpg,0.25,0.25,0.25,0.25
EUVP_eval_data,test_p554_.jpg,0.25,0.25,0.25,0.25
EUVP_eval_data,test_p556_.jpg,0.25,0.25,0.25,0.25
EUVP_eval_data,test_p557_.jpg,0.25,0.25,0.25,0.25
EUVP_eval_data,test_p558_.jpg,0.25,0.25,0.25,0.25
EUVP_eval_data,test_p559_.jpg,0.25,0.25,0.25,0.25
EUVP_eval_data,test_p560_.jpg,0.25,0.25,0.25,0.25
EUVP_eval_data,test_p562_.jpg,0.25,0.25,0.25,0.25
EUVP_eval_data,test_p564_.jpg,0.25,0.25,0.25,0.25
EUVP_eval_data,test_p566_.jpg,0.25,0.25,0.25,0.25
EUVP_eval_data,test_p569_.jpg,0.25,0.25,0.25,0.25
EUVP_eval_data,test_p56_.jpg,0.25,0.25,0.25,0.25
EUVP_eval_data,test_p570_.jpg,0.25,0.25,0.25,0.25
EUVP_eval_data,test_p574_.jpg,0.25,0.25,0.25,0.25
EUVP_eval_data,test_p575_.jpg,0.25,0.25,0.25,0.25
EUVP_eval_data,test_p576_.jpg,0.25,0.25,0.25,0.25
EUVP_eval_data,test_p577_.jpg,0.25,0.25,0.25,0.25
EUVP_eval_data,test_p578_.jpg,0.25,0.25,0.25,0.25
EUVP_eval_data,test_p579_.jpg,0.25,0.25,0.25,0.25
EUVP_eval_data,test_p580_.jpg,0.25,0.25,0.25,0.25
EUVP_eval_data,test_p581_.jpg,0.25,0.25,0.25,0.25
EUVP_eval_data,test_p583_.jpg,0.25,0.25,0.25,0.25
EUVP_eval_data,test_p584_.jpg,0.25,0.25,0.25,0.25
EUVP_eval_data,test_p586_.jpg,0.25,0.25,0.25,0.25
EUVP_eval_data,test_p587_.jpg,0.25,0.25,0.25,0.25
EUVP_eval_data,test_p588_.jpg,0.25,0.25,0.25,0.25
EUVP_eval_data,test_p589_.jpg,0.25,0.25,0.25,0.25
EUVP_eval_data,test_p58_.jpg,0.25,0.25,0.25,0.25
EUVP_eval_data,test_p590_.jpg,0.25,0.25,0.25,0.25
EUVP_eval_data,test_p592_.jpg,0.25,0.25,0.25,0.25
EUVP_eval_data,test_p595_.jpg,0.25,0.25,0.25,0.25
EUVP_eval_data,test_p596_.jpg,0.25,0.25,0.25,0.25
EUVP_eval_data,test_p597_.jpg,0.25,0.25,0.25,0.25
EUVP_eval_data,test_p598_.jpg,0.25,0.25,0.25,0.25
EUVP_eval_data,test_p599_.jpg,0.25,0.25,0.25,0.25
EUVP_eval_data,test_p59_.jpg,0.25,0.25,0.25,0.25
EUVP_eval_data,test_p5_.jpg,0.25,0.25,0.25,0.25
EUVP_eval_data,test_p600_.jpg,0.25,0.25,0.25,0.25
EUVP_eval_data,test_p603_.jpg,0.25,0.25,0.25,0.25
EUVP_eval_data,test_p604_.jpg,0.25,0.25,0.25,0.25
EUVP_eval_data,test_p605_.jpg,0.25,0.25,0.25,0.25
EUVP_eval_data,test_p607_.jpg,0.25,0.25,0.25,0.25
EUVP_eval_data,test_p608_.jpg,0.25,0.25,0.25,0.25
EUVP_eval_data,test_p609_.jpg,0.25,0.25,0.25,0.25
EUVP_eval_data,test_p60_.jpg,0.25,0.25,0.25,0.25
EUVP_eval_data,test_p610_.jpg,0.25,0.25,0.25,0.25
EUVP_eval_data,test_p611_.jpg,0.25,0.25,0.25,0.25
EUVP_eval_data,test_p612_.jpg,0.25,0.25,0.25,0.25
EUVP_eval_data,test_p613_.jpg,0.25,0.25,0.25,0.25
EUVP_eval_data,test_p61_.jpg,0.25,0.25,0.25,0.25
EUVP_eval_data,test_p62_.jpg,0.25,0.25,0.25,0.25
EUVP_eval_data,test_p63_.jpg,0.25,0.25,0.25,0.25
EUVP_eval_data,test_p64_.jpg,0.25,0.25,0.25,0.25
EUVP_eval_data,test_p65_.jpg,0.25,0.25,0.25,0.25
EUVP_eval_data,test_p66_.jpg,0.25,0.25,0.25,0.25
EUVP_eval_data,test_p67_.jpg,0.25,0.25,0.25,0.25
EUVP_eval_data,test_p68_.jpg,0.25,0.25,0.25,0.25
EUVP_eval_data,test_p69_.jpg,0.25,0.25,0.25,0.25
EUVP_eval_data,test_p6_.jpg,0.25,0.25,0.25,0.25
EUVP_eval_data,test_p70_.jpg,0.25,0.25,0.25,0.25
EUVP_eval_data,test_p71_.jpg,0.25,0.25,0.25,0.25
EUVP_eval_data,test_p72_.jpg,0.25,0.25,0.25,0.25
EUVP_eval_data,test_p73_.jpg,0.25,0.25,0.25,0.25
EUVP_eval_data,test_p76_.jpg,0.25,0.25,0.25,0.25
EUVP_eval_data,test_p77_.jpg,0.25,0.25,0.25,0.25
EUVP_eval_data,test_p78_.jpg,0.25,0.25,0.25,0.25
EUVP_eval_data,test_p79_.jpg,0.25,0.25,0.25,0.25
EUVP_eval_data,test_p7_.jpg,0.25,0.25,0.25,0.25
EUVP_eval_data,test_p80_.jpg,0.25,0.25,0.25,0.25
EUVP_eval_data,test_p81_.jpg,0.25,0.25,0.25,0.25
EUVP_eval_data,test_p82_.jpg,0.25,0.25,0.25,0.25
EUVP_eval_data,test_p83_.jpg,0.25,0.25,0.25,0.25
EUVP_eval_data,test_p84_.jpg,0.25,0.25,0.25,0.25
EUVP_eval_data,test_p85_.jpg,0.25,0.25,0.25,0.25
EUVP_eval_data,test_p86_.jpg,0.25,0.25,0.25,0.25
EUVP_eval_data,test_p87_.jpg,0.25,0.25,0.25,0.25
EUVP_eval_data,test_p88_.jpg,0.25,0.25,0.25,0.25
EUVP_eval_data,test_p89_.jpg,0.25,0.25,0.25,0.25
EUVP_eval_data,test_p8_.jpg,0.25,0.25,0.25,0.25
EUVP_eval_data,test_p90_.jpg,0.25,0.25,0.25,0.25
EUVP_eval_data,test_p91_.jpg,0.25,0.25,0.25,0.25
EUVP_eval_data,test_p92_.jpg,0.25,0.25,0.25,0.25
EUVP_eval_data,test_p93_.jpg,0.25,0.25,0.25,0.25
EUVP_eval_data,test_p94_.jpg,0.25,0.25,0.25,0.25
EUVP_eval_data,test_p97_.jpg,0.25,0.25,0.25,0.25
EUVP_eval_data,test_p98_.jpg,0.25,0.25,0.25,0.25
EUVP_eval_data,test_p99_.jpg,0.25,0.25,0.25,0.25
EUVP_eval_data,test_p9_.jpg,0.25,0.25,0.25,0.25
